client_id,round,true_label,pred_label,value
1,1,0,0,0.33014354066985646
1,1,1,0,0.023923444976076555
1,1,2,0,0.06698564593301436
1,1,3,0,0.028708133971291867
1,1,4,0,0.03349282296650718
1,1,5,0,0.014354066985645933
1,1,6,0,0.004784688995215311
1,1,7,0,0.019138755980861243
1,1,8,0,0.2631578947368421
1,1,9,0,0.07177033492822966
1,1,0,1,0.0
1,1,1,1,0.0
1,1,2,1,0.0
1,1,3,1,0.0
1,1,4,1,0.0
1,1,5,1,0.0
1,1,6,1,0.0
1,1,7,1,0.0
1,1,8,1,0.0
1,1,9,1,0.0
1,1,0,2,0.24401913875598086
1,1,1,2,0.44976076555023925
1,1,2,2,0.8708133971291866
1,1,3,2,0.6794258373205742
1,1,4,2,0.9856459330143541
1,1,5,2,0.6698564593301436
1,1,6,2,1.0
1,1,7,2,0.5789473684210527
1,1,8,2,0.23444976076555024
1,1,9,2,0.2679425837320574
1,1,0,3,0.37320574162679426
1,1,1,3,0.2535885167464115
1,1,2,3,0.23444976076555024
1,1,3,3,0.3157894736842105
1,1,4,3,0.09569377990430622
1,1,5,3,0.2679425837320574
1,1,6,3,0.11483253588516747
1,1,7,3,0.13875598086124402
1,1,8,3,0.14354066985645933
1,1,9,3,0.19617224880382775
1,1,0,4,0.08133971291866028
1,1,1,4,0.13875598086124402
1,1,2,4,0.0861244019138756
1,1,3,4,0.11483253588516747
1,1,4,4,0.10047846889952153
1,1,5,4,0.10047846889952153
1,1,6,4,0.12440191387559808
1,1,7,4,0.2631578947368421
1,1,8,4,0.0430622009569378
1,1,9,4,0.19138755980861244
1,1,0,5,0.0
1,1,1,5,0.004784688995215311
1,1,2,5,0.0
1,1,3,5,0.014354066985645933
1,1,4,5,0.0
1,1,5,5,0.023923444976076555
1,1,6,5,0.004784688995215311
1,1,7,5,0.0
1,1,8,5,0.009569377990430622
1,1,9,5,0.0
1,1,0,6,0.0
1,1,1,6,0.0
1,1,2,6,0.0
1,1,3,6,0.0
1,1,4,6,0.0
1,1,5,6,0.0
1,1,6,6,0.0
1,1,7,6,0.0
1,1,8,6,0.0
1,1,9,6,0.0
1,1,0,7,0.019138755980861243
1,1,1,7,0.03349282296650718
1,1,2,7,0.009569377990430622
1,1,3,7,0.023923444976076555
1,1,4,7,0.014354066985645933
1,1,5,7,0.004784688995215311
1,1,6,7,0.004784688995215311
1,1,7,7,0.14832535885167464
1,1,8,7,0.004784688995215311
1,1,9,7,0.18660287081339713
1,1,0,8,0.19138755980861244
1,1,1,8,0.31100478468899523
1,1,2,8,0.03349282296650718
1,1,3,8,0.05741626794258373
1,1,4,8,0.06220095693779904
1,1,5,8,0.09090909090909091
1,1,6,8,0.009569377990430622
1,1,7,8,0.10526315789473684
1,1,8,8,0.569377990430622
1,1,9,8,0.3397129186602871
1,1,0,9,0.0
1,1,1,9,0.0
1,1,2,9,0.0
1,1,3,9,0.0
1,1,4,9,0.0
1,1,5,9,0.0
1,1,6,9,0.0
1,1,7,9,0.0
1,1,8,9,0.0
1,1,9,9,0.0
1,10,0,0,0.7368421052631579
1,10,1,0,0.008097165991902834
1,10,2,0,0.016194331983805668
1,10,3,0,0.0
1,10,4,0,0.004048582995951417
1,10,5,0,0.0
1,10,6,0,0.0
1,10,7,0,0.004048582995951417
1,10,8,0,0.048582995951417005
1,10,9,0,0.008097165991902834
1,10,0,1,0.0
1,10,1,1,0.8663967611336032
1,10,2,1,0.0
1,10,3,1,0.0
1,10,4,1,0.0
1,10,5,1,0.0
1,10,6,1,0.0
1,10,7,1,0.0
1,10,8,1,0.0
1,10,9,1,0.004048582995951417
1,10,0,2,0.08097165991902834
1,10,1,2,0.0
1,10,2,2,0.6720647773279352
1,10,3,2,0.004048582995951417
1,10,4,2,0.016194331983805668
1,10,5,2,0.0
1,10,6,2,0.016194331983805668
1,10,7,2,0.004048582995951417
1,10,8,2,0.008097165991902834
1,10,9,2,0.0
1,10,0,3,0.09716599190283401
1,10,1,3,0.004048582995951417
1,10,2,3,0.06882591093117409
1,10,3,3,0.7246963562753036
1,10,4,3,0.03643724696356275
1,10,5,3,0.2145748987854251
1,10,6,3,0.02834008097165992
1,10,7,3,0.032388663967611336
1,10,8,3,0.032388663967611336
1,10,9,3,0.020242914979757085
1,10,0,4,0.05668016194331984
1,10,1,4,0.012145748987854251
1,10,2,4,0.1862348178137652
1,10,3,4,0.08097165991902834
1,10,4,4,0.9959514170040485
1,10,5,4,0.05263157894736842
1,10,6,4,0.07692307692307693
1,10,7,4,0.08097165991902834
1,10,8,4,0.02834008097165992
1,10,9,4,0.012145748987854251
1,10,0,5,0.016194331983805668
1,10,1,5,0.008097165991902834
1,10,2,5,0.06882591093117409
1,10,3,5,0.1700404858299595
1,10,4,5,0.016194331983805668
1,10,5,5,0.680161943319838
1,10,6,5,0.020242914979757085
1,10,7,5,0.048582995951417005
1,10,8,5,0.008097165991902834
1,10,9,5,0.004048582995951417
1,10,0,6,0.004048582995951417
1,10,1,6,0.04048582995951417
1,10,2,6,0.06072874493927125
1,10,3,6,0.06072874493927125
1,10,4,6,0.0
1,10,5,6,0.016194331983805668
1,10,6,6,0.9271255060728745
1,10,7,6,0.004048582995951417
1,10,8,6,0.008097165991902834
1,10,9,6,0.008097165991902834
1,10,0,7,0.008097165991902834
1,10,1,7,0.004048582995951417
1,10,2,7,0.02834008097165992
1,10,3,7,0.0
1,10,4,7,0.024291497975708502
1,10,5,7,0.02834008097165992
1,10,6,7,0.0
1,10,7,7,0.8825910931174089
1,10,8,7,0.0
1,10,9,7,0.0
1,10,0,8,0.016194331983805668
1,10,1,8,0.008097165991902834
1,10,2,8,0.0
1,10,3,8,0.0
1,10,4,8,0.0
1,10,5,8,0.0
1,10,6,8,0.0
1,10,7,8,0.0
1,10,8,8,0.9230769230769231
1,10,9,8,0.004048582995951417
1,10,0,9,0.032388663967611336
1,10,1,9,0.07692307692307693
1,10,2,9,0.0
1,10,3,9,0.004048582995951417
1,10,4,9,0.0
1,10,5,9,0.0
1,10,6,9,0.0
1,10,7,9,0.004048582995951417
1,10,8,9,0.016194331983805668
1,10,9,9,1.0
1,11,0,0,0.9354838709677419
1,11,1,0,0.008064516129032258
1,11,2,0,0.028225806451612902
1,11,3,0,0.008064516129032258
1,11,4,0,0.012096774193548387
1,11,5,0,0.008064516129032258
1,11,6,0,0.0
1,11,7,0,0.004032258064516129
1,11,8,0,0.028225806451612902
1,11,9,0,0.008064516129032258
1,11,0,1,0.004032258064516129
1,11,1,1,0.9596774193548387
1,11,2,1,0.0
1,11,3,1,0.0
1,11,4,1,0.0
1,11,5,1,0.0
1,11,6,1,0.0
1,11,7,1,0.0
1,11,8,1,0.008064516129032258
1,11,9,1,0.024193548387096774
1,11,0,2,0.036290322580645164
1,11,1,2,0.0
1,11,2,2,0.8911290322580645
1,11,3,2,0.020161290322580645
1,11,4,2,0.04032258064516129
1,11,5,2,0.012096774193548387
1,11,6,2,0.016129032258064516
1,11,7,2,0.020161290322580645
1,11,8,2,0.012096774193548387
1,11,9,2,0.004032258064516129
1,11,0,3,0.008064516129032258
1,11,1,3,0.0
1,11,2,3,0.020161290322580645
1,11,3,3,0.7983870967741935
1,11,4,3,0.04032258064516129
1,11,5,3,0.21774193548387097
1,11,6,3,0.020161290322580645
1,11,7,3,0.03225806451612903
1,11,8,3,0.012096774193548387
1,11,9,3,0.028225806451612902
1,11,0,4,0.008064516129032258
1,11,1,4,0.0
1,11,2,4,0.08064516129032258
1,11,3,4,0.04838709677419355
1,11,4,4,0.9637096774193549
1,11,5,4,0.024193548387096774
1,11,6,4,0.012096774193548387
1,11,7,4,0.028225806451612902
1,11,8,4,0.008064516129032258
1,11,9,4,0.0
1,11,0,5,0.0
1,11,1,5,0.0
1,11,2,5,0.004032258064516129
1,11,3,5,0.12096774193548387
1,11,4,5,0.004032258064516129
1,11,5,5,0.6814516129032258
1,11,6,5,0.016129032258064516
1,11,7,5,0.024193548387096774
1,11,8,5,0.0
1,11,9,5,0.012096774193548387
1,11,0,6,0.008064516129032258
1,11,1,6,0.03225806451612903
1,11,2,6,0.06048387096774194
1,11,3,6,0.04435483870967742
1,11,4,6,0.012096774193548387
1,11,5,6,0.020161290322580645
1,11,6,6,1.0
1,11,7,6,0.012096774193548387
1,11,8,6,0.008064516129032258
1,11,9,6,0.028225806451612902
1,11,0,7,0.008064516129032258
1,11,1,7,0.0
1,11,2,7,0.0
1,11,3,7,0.0
1,11,4,7,0.016129032258064516
1,11,5,7,0.024193548387096774
1,11,6,7,0.0
1,11,7,7,0.9314516129032258
1,11,8,7,0.0
1,11,9,7,0.004032258064516129
1,11,0,8,0.03225806451612903
1,11,1,8,0.012096774193548387
1,11,2,8,0.012096774193548387
1,11,3,8,0.0
1,11,4,8,0.0
1,11,5,8,0.0
1,11,6,8,0.0
1,11,7,8,0.0
1,11,8,8,0.9919354838709677
1,11,9,8,0.0
1,11,0,9,0.004032258064516129
1,11,1,9,0.012096774193548387
1,11,2,9,0.0
1,11,3,9,0.0
1,11,4,9,0.0
1,11,5,9,0.0
1,11,6,9,0.0
1,11,7,9,0.004032258064516129
1,11,8,9,0.0
1,11,9,9,0.9475806451612904
1,12,0,0,0.9397590361445783
1,12,1,0,0.004016064257028112
1,12,2,0,0.04417670682730924
1,12,3,0,0.008032128514056224
1,12,4,0,0.040160642570281124
1,12,5,0,0.0
1,12,6,0,0.004016064257028112
1,12,7,0,0.008032128514056224
1,12,8,0,0.01606425702811245
1,12,9,0,0.008032128514056224
1,12,0,1,0.01606425702811245
1,12,1,1,1.0
1,12,2,1,0.0
1,12,3,1,0.004016064257028112
1,12,4,1,0.004016064257028112
1,12,5,1,0.0
1,12,6,1,0.004016064257028112
1,12,7,1,0.0
1,12,8,1,0.020080321285140562
1,12,9,1,0.03614457831325301
1,12,0,2,0.012048192771084338
1,12,1,2,0.0
1,12,2,2,0.8955823293172691
1,12,3,2,0.01606425702811245
1,12,4,2,0.04417670682730924
1,12,5,2,0.01606425702811245
1,12,6,2,0.0321285140562249
1,12,7,2,0.020080321285140562
1,12,8,2,0.008032128514056224
1,12,9,2,0.0
1,12,0,3,0.004016064257028112
1,12,1,3,0.0
1,12,2,3,0.03614457831325301
1,12,3,3,0.7269076305220884
1,12,4,3,0.05220883534136546
1,12,5,3,0.11244979919678715
1,12,6,3,0.01606425702811245
1,12,7,3,0.028112449799196786
1,12,8,3,0.008032128514056224
1,12,9,3,0.008032128514056224
1,12,0,4,0.004016064257028112
1,12,1,4,0.0
1,12,2,4,0.040160642570281124
1,12,3,4,0.0321285140562249
1,12,4,4,0.8795180722891566
1,12,5,4,0.008032128514056224
1,12,6,4,0.020080321285140562
1,12,7,4,0.01606425702811245
1,12,8,4,0.0
1,12,9,4,0.0
1,12,0,5,0.008032128514056224
1,12,1,5,0.0
1,12,2,5,0.028112449799196786
1,12,3,5,0.17670682730923695
1,12,4,5,0.024096385542168676
1,12,5,5,0.8152610441767069
1,12,6,5,0.012048192771084338
1,12,7,5,0.020080321285140562
1,12,8,5,0.0
1,12,9,5,0.004016064257028112
1,12,0,6,0.004016064257028112
1,12,1,6,0.004016064257028112
1,12,2,6,0.03614457831325301
1,12,3,6,0.05622489959839357
1,12,4,6,0.008032128514056224
1,12,5,6,0.012048192771084338
1,12,6,6,0.9678714859437751
1,12,7,6,0.004016064257028112
1,12,8,6,0.0
1,12,9,6,0.0
1,12,0,7,0.008032128514056224
1,12,1,7,0.0
1,12,2,7,0.008032128514056224
1,12,3,7,0.008032128514056224
1,12,4,7,0.0321285140562249
1,12,5,7,0.01606425702811245
1,12,6,7,0.0
1,12,7,7,0.9518072289156626
1,12,8,7,0.0
1,12,9,7,0.0
1,12,0,8,0.0321285140562249
1,12,1,8,0.004016064257028112
1,12,2,8,0.004016064257028112
1,12,3,8,0.0
1,12,4,8,0.0
1,12,5,8,0.004016064257028112
1,12,6,8,0.0
1,12,7,8,0.0
1,12,8,8,1.0
1,12,9,8,0.004016064257028112
1,12,0,9,0.012048192771084338
1,12,1,9,0.008032128514056224
1,12,2,9,0.0
1,12,3,9,0.008032128514056224
1,12,4,9,0.0
1,12,5,9,0.0
1,12,6,9,0.004016064257028112
1,12,7,9,0.004016064257028112
1,12,8,9,0.012048192771084338
1,12,9,9,0.9919678714859438
1,13,0,0,0.8576923076923076
1,13,1,0,0.0038461538461538464
1,13,2,0,0.03076923076923077
1,13,3,0,0.0038461538461538464
1,13,4,0,0.03461538461538462
1,13,5,0,0.0
1,13,6,0,0.0
1,13,7,0,0.007692307692307693
1,13,8,0,0.0038461538461538464
1,13,9,0,0.0
1,13,0,1,0.0038461538461538464
1,13,1,1,0.9384615384615385
1,13,2,1,0.0
1,13,3,1,0.011538461538461539
1,13,4,1,0.0
1,13,5,1,0.0
1,13,6,1,0.0
1,13,7,1,0.007692307692307693
1,13,8,1,0.023076923076923078
1,13,9,1,0.007692307692307693
1,13,0,2,0.03076923076923077
1,13,1,2,0.0
1,13,2,2,0.8923076923076924
1,13,3,2,0.046153846153846156
1,13,4,2,0.05
1,13,5,2,0.023076923076923078
1,13,6,2,0.015384615384615385
1,13,7,2,0.015384615384615385
1,13,8,2,0.0
1,13,9,2,0.0
1,13,0,3,0.0038461538461538464
1,13,1,3,0.0
1,13,2,3,0.026923076923076925
1,13,3,3,0.7846153846153846
1,13,4,3,0.046153846153846156
1,13,5,3,0.18461538461538463
1,13,6,3,0.007692307692307693
1,13,7,3,0.03076923076923077
1,13,8,3,0.0
1,13,9,3,0.0
1,13,0,4,0.011538461538461539
1,13,1,4,0.0
1,13,2,4,0.019230769230769232
1,13,3,4,0.011538461538461539
1,13,4,4,0.8346153846153846
1,13,5,4,0.019230769230769232
1,13,6,4,0.011538461538461539
1,13,7,4,0.015384615384615385
1,13,8,4,0.0
1,13,9,4,0.0
1,13,0,5,0.0038461538461538464
1,13,1,5,0.0
1,13,2,5,0.007692307692307693
1,13,3,5,0.06538461538461539
1,13,4,5,0.007692307692307693
1,13,5,5,0.676923076923077
1,13,6,5,0.015384615384615385
1,13,7,5,0.007692307692307693
1,13,8,5,0.0
1,13,9,5,0.0
1,13,0,6,0.0038461538461538464
1,13,1,6,0.015384615384615385
1,13,2,6,0.057692307692307696
1,13,3,6,0.057692307692307696
1,13,4,6,0.05
1,13,5,6,0.023076923076923078
1,13,6,6,0.9538461538461539
1,13,7,6,0.011538461538461539
1,13,8,6,0.011538461538461539
1,13,9,6,0.0
1,13,0,7,0.0
1,13,1,7,0.0
1,13,2,7,0.0
1,13,3,7,0.0
1,13,4,7,0.015384615384615385
1,13,5,7,0.011538461538461539
1,13,6,7,0.0
1,13,7,7,0.8884615384615384
1,13,8,7,0.0
1,13,9,7,0.0
1,13,0,8,0.046153846153846156
1,13,1,8,0.0
1,13,2,8,0.011538461538461539
1,13,3,8,0.0
1,13,4,8,0.0
1,13,5,8,0.0
1,13,6,8,0.0038461538461538464
1,13,7,8,0.0
1,13,8,8,0.9576923076923077
1,13,9,8,0.0
1,13,0,9,0.03461538461538462
1,13,1,9,0.019230769230769232
1,13,2,9,0.0
1,13,3,9,0.011538461538461539
1,13,4,9,0.0
1,13,5,9,0.0038461538461538464
1,13,6,9,0.007692307692307693
1,13,7,9,0.023076923076923078
1,13,8,9,0.023076923076923078
1,13,9,9,1.0
1,14,0,0,0.9341085271317829
1,14,1,0,0.007751937984496124
1,14,2,0,0.03875968992248062
1,14,3,0,0.007751937984496124
1,14,4,0,0.01937984496124031
1,14,5,0,0.007751937984496124
1,14,6,0,0.0
1,14,7,0,0.007751937984496124
1,14,8,0,0.01937984496124031
1,14,9,0,0.011627906976744186
1,14,0,1,0.0
1,14,1,1,0.9224806201550387
1,14,2,1,0.0
1,14,3,1,0.0
1,14,4,1,0.0
1,14,5,1,0.0
1,14,6,1,0.0
1,14,7,1,0.003875968992248062
1,14,8,1,0.0
1,14,9,1,0.003875968992248062
1,14,0,2,0.023255813953488372
1,14,1,2,0.0
1,14,2,2,0.8837209302325582
1,14,3,2,0.03875968992248062
1,14,4,2,0.01937984496124031
1,14,5,2,0.027131782945736434
1,14,6,2,0.01937984496124031
1,14,7,2,0.023255813953488372
1,14,8,2,0.0
1,14,9,2,0.0
1,14,0,3,0.0
1,14,1,3,0.0
1,14,2,3,0.011627906976744186
1,14,3,3,0.751937984496124
1,14,4,3,0.015503875968992248
1,14,5,3,0.09302325581395349
1,14,6,3,0.007751937984496124
1,14,7,3,0.023255813953488372
1,14,8,3,0.0
1,14,9,3,0.003875968992248062
1,14,0,4,0.007751937984496124
1,14,1,4,0.0
1,14,2,4,0.05426356589147287
1,14,3,4,0.046511627906976744
1,14,4,4,0.9767441860465116
1,14,5,4,0.023255813953488372
1,14,6,4,0.027131782945736434
1,14,7,4,0.01937984496124031
1,14,8,4,0.0
1,14,9,4,0.0
1,14,0,5,0.0
1,14,1,5,0.0
1,14,2,5,0.007751937984496124
1,14,3,5,0.09689922480620156
1,14,4,5,0.0
1,14,5,5,0.7635658914728682
1,14,6,5,0.007751937984496124
1,14,7,5,0.007751937984496124
1,14,8,5,0.0
1,14,9,5,0.0
1,14,0,6,0.0
1,14,1,6,0.003875968992248062
1,14,2,6,0.05813953488372093
1,14,3,6,0.03875968992248062
1,14,4,6,0.003875968992248062
1,14,5,6,0.003875968992248062
1,14,6,6,0.9457364341085271
1,14,7,6,0.003875968992248062
1,14,8,6,0.003875968992248062
1,14,9,6,0.0
1,14,0,7,0.0
1,14,1,7,0.0
1,14,2,7,0.0
1,14,3,7,0.007751937984496124
1,14,4,7,0.011627906976744186
1,14,5,7,0.007751937984496124
1,14,6,7,0.0
1,14,7,7,0.9108527131782945
1,14,8,7,0.0
1,14,9,7,0.0
1,14,0,8,0.01937984496124031
1,14,1,8,0.011627906976744186
1,14,2,8,0.0
1,14,3,8,0.0
1,14,4,8,0.0
1,14,5,8,0.007751937984496124
1,14,6,8,0.007751937984496124
1,14,7,8,0.003875968992248062
1,14,8,8,1.0
1,14,9,8,0.0
1,14,0,9,0.01937984496124031
1,14,1,9,0.03875968992248062
1,14,2,9,0.0
1,14,3,9,0.011627906976744186
1,14,4,9,0.0
1,14,5,9,0.015503875968992248
1,14,6,9,0.007751937984496124
1,14,7,9,0.011627906976744186
1,14,8,9,0.003875968992248062
1,14,9,9,0.9961240310077519
1,15,0,0,0.9212598425196851
1,15,1,0,0.0
1,15,2,0,0.023622047244094488
1,15,3,0,0.003937007874015748
1,15,4,0,0.011811023622047244
1,15,5,0,0.0
1,15,6,0,0.0
1,15,7,0,0.003937007874015748
1,15,8,0,0.06299212598425197
1,15,9,0,0.003937007874015748
1,15,0,1,0.0
1,15,1,1,0.9881889763779528
1,15,2,1,0.003937007874015748
1,15,3,1,0.0
1,15,4,1,0.0
1,15,5,1,0.007874015748031496
1,15,6,1,0.0
1,15,7,1,0.0
1,15,8,1,0.007874015748031496
1,15,9,1,0.015748031496062992
1,15,0,2,0.05511811023622047
1,15,1,2,0.0
1,15,2,2,0.9448818897637795
1,15,3,2,0.023622047244094488
1,15,4,2,0.03937007874015748
1,15,5,2,0.011811023622047244
1,15,6,2,0.027559055118110236
1,15,7,2,0.015748031496062992
1,15,8,2,0.023622047244094488
1,15,9,2,0.003937007874015748
1,15,0,3,0.011811023622047244
1,15,1,3,0.0
1,15,2,3,0.015748031496062992
1,15,3,3,0.7677165354330708
1,15,4,3,0.03937007874015748
1,15,5,3,0.07086614173228346
1,15,6,3,0.003937007874015748
1,15,7,3,0.007874015748031496
1,15,8,3,0.007874015748031496
1,15,9,3,0.0
1,15,0,4,0.015748031496062992
1,15,1,4,0.0
1,15,2,4,0.015748031496062992
1,15,3,4,0.015748031496062992
1,15,4,4,0.8818897637795275
1,15,5,4,0.011811023622047244
1,15,6,4,0.0
1,15,7,4,0.007874015748031496
1,15,8,4,0.003937007874015748
1,15,9,4,0.0
1,15,0,5,0.003937007874015748
1,15,1,5,0.0
1,15,2,5,0.023622047244094488
1,15,3,5,0.12598425196850394
1,15,4,5,0.011811023622047244
1,15,5,5,0.8346456692913385
1,15,6,5,0.007874015748031496
1,15,7,5,0.011811023622047244
1,15,8,5,0.0
1,15,9,5,0.003937007874015748
1,15,0,6,0.003937007874015748
1,15,1,6,0.007874015748031496
1,15,2,6,0.03543307086614173
1,15,3,6,0.07480314960629922
1,15,4,6,0.051181102362204724
1,15,5,6,0.011811023622047244
1,15,6,6,1.0
1,15,7,6,0.011811023622047244
1,15,8,6,0.015748031496062992
1,15,9,6,0.007874015748031496
1,15,0,7,0.003937007874015748
1,15,1,7,0.0
1,15,2,7,0.007874015748031496
1,15,3,7,0.003937007874015748
1,15,4,7,0.027559055118110236
1,15,5,7,0.015748031496062992
1,15,6,7,0.0
1,15,7,7,0.9645669291338582
1,15,8,7,0.0
1,15,9,7,0.0
1,15,0,8,0.003937007874015748
1,15,1,8,0.0
1,15,2,8,0.0
1,15,3,8,0.0
1,15,4,8,0.0
1,15,5,8,0.0
1,15,6,8,0.0
1,15,7,8,0.0
1,15,8,8,0.9094488188976378
1,15,9,8,0.0
1,15,0,9,0.0
1,15,1,9,0.003937007874015748
1,15,2,9,0.0
1,15,3,9,0.0
1,15,4,9,0.0
1,15,5,9,0.0
1,15,6,9,0.0
1,15,7,9,0.007874015748031496
1,15,8,9,0.011811023622047244
1,15,9,9,0.9960629921259843
1,16,0,0,0.9566929133858267
1,16,1,0,0.003937007874015748
1,16,2,0,0.047244094488188976
1,16,3,0,0.003937007874015748
1,16,4,0,0.011811023622047244
1,16,5,0,0.007874015748031496
1,16,6,0,0.003937007874015748
1,16,7,0,0.003937007874015748
1,16,8,0,0.07874015748031496
1,16,9,0,0.003937007874015748
1,16,0,1,0.015748031496062992
1,16,1,1,0.9921259842519685
1,16,2,1,0.0
1,16,3,1,0.003937007874015748
1,16,4,1,0.0
1,16,5,1,0.0
1,16,6,1,0.003937007874015748
1,16,7,1,0.003937007874015748
1,16,8,1,0.01968503937007874
1,16,9,1,0.027559055118110236
1,16,0,2,0.007874015748031496
1,16,1,2,0.0
1,16,2,2,0.84251968503937
1,16,3,2,0.007874015748031496
1,16,4,2,0.011811023622047244
1,16,5,2,0.003937007874015748
1,16,6,2,0.015748031496062992
1,16,7,2,0.003937007874015748
1,16,8,2,0.0
1,16,9,2,0.0
1,16,0,3,0.007874015748031496
1,16,1,3,0.0
1,16,2,3,0.023622047244094488
1,16,3,3,0.7244094488188977
1,16,4,3,0.03543307086614173
1,16,5,3,0.04330708661417323
1,16,6,3,0.003937007874015748
1,16,7,3,0.015748031496062992
1,16,8,3,0.0
1,16,9,3,0.0
1,16,0,4,0.007874015748031496
1,16,1,4,0.0
1,16,2,4,0.05511811023622047
1,16,3,4,0.03937007874015748
1,16,4,4,0.9803149606299213
1,16,5,4,0.015748031496062992
1,16,6,4,0.007874015748031496
1,16,7,4,0.003937007874015748
1,16,8,4,0.003937007874015748
1,16,9,4,0.0
1,16,0,5,0.003937007874015748
1,16,1,5,0.0
1,16,2,5,0.01968503937007874
1,16,3,5,0.18503937007874016
1,16,4,5,0.007874015748031496
1,16,5,5,0.8661417322834646
1,16,6,5,0.003937007874015748
1,16,7,5,0.011811023622047244
1,16,8,5,0.0
1,16,9,5,0.0
1,16,0,6,0.0
1,16,1,6,0.0
1,16,2,6,0.05511811023622047
1,16,3,6,0.015748031496062992
1,16,4,6,0.003937007874015748
1,16,5,6,0.003937007874015748
1,16,6,6,0.9803149606299213
1,16,7,6,0.0
1,16,8,6,0.0
1,16,9,6,0.0
1,16,0,7,0.0
1,16,1,7,0.0
1,16,2,7,0.011811023622047244
1,16,3,7,0.007874015748031496
1,16,4,7,0.011811023622047244
1,16,5,7,0.023622047244094488
1,16,6,7,0.007874015748031496
1,16,7,7,0.9645669291338582
1,16,8,7,0.0
1,16,9,7,0.0
1,16,0,8,0.003937007874015748
1,16,1,8,0.0
1,16,2,8,0.007874015748031496
1,16,3,8,0.0
1,16,4,8,0.0
1,16,5,8,0.0
1,16,6,8,0.0
1,16,7,8,0.0
1,16,8,8,0.9133858267716536
1,16,9,8,0.0
1,16,0,9,0.015748031496062992
1,16,1,9,0.003937007874015748
1,16,2,9,0.007874015748031496
1,16,3,9,0.027559055118110236
1,16,4,9,0.0
1,16,5,9,0.0
1,16,6,9,0.011811023622047244
1,16,7,9,0.023622047244094488
1,16,8,9,0.027559055118110236
1,16,9,9,1.0
1,17,0,0,0.9263565891472868
1,17,1,0,0.011627906976744186
1,17,2,0,0.023255813953488372
1,17,3,0,0.0
1,17,4,0,0.007751937984496124
1,17,5,0,0.0
1,17,6,0,0.0
1,17,7,0,0.003875968992248062
1,17,8,0,0.011627906976744186
1,17,9,0,0.027131782945736434
1,17,0,1,0.0
1,17,1,1,0.9224806201550387
1,17,2,1,0.0
1,17,3,1,0.0
1,17,4,1,0.0
1,17,5,1,0.0
1,17,6,1,0.0
1,17,7,1,0.0
1,17,8,1,0.0
1,17,9,1,0.0
1,17,0,2,0.015503875968992248
1,17,1,2,0.0
1,17,2,2,0.8953488372093024
1,17,3,2,0.011627906976744186
1,17,4,2,0.011627906976744186
1,17,5,2,0.007751937984496124
1,17,6,2,0.007751937984496124
1,17,7,2,0.007751937984496124
1,17,8,2,0.007751937984496124
1,17,9,2,0.003875968992248062
1,17,0,3,0.011627906976744186
1,17,1,3,0.0
1,17,2,3,0.015503875968992248
1,17,3,3,0.751937984496124
1,17,4,3,0.011627906976744186
1,17,5,3,0.07751937984496124
1,17,6,3,0.0
1,17,7,3,0.023255813953488372
1,17,8,3,0.003875968992248062
1,17,9,3,0.003875968992248062
1,17,0,4,0.031007751937984496
1,17,1,4,0.0
1,17,2,4,0.06976744186046512
1,17,3,4,0.05813953488372093
1,17,4,4,0.9922480620155039
1,17,5,4,0.023255813953488372
1,17,6,4,0.0
1,17,7,4,0.027131782945736434
1,17,8,4,0.0
1,17,9,4,0.0
1,17,0,5,0.003875968992248062
1,17,1,5,0.0
1,17,2,5,0.003875968992248062
1,17,3,5,0.09302325581395349
1,17,4,5,0.007751937984496124
1,17,5,5,0.8217054263565892
1,17,6,5,0.011627906976744186
1,17,7,5,0.011627906976744186
1,17,8,5,0.0
1,17,9,5,0.0
1,17,0,6,0.003875968992248062
1,17,1,6,0.015503875968992248
1,17,2,6,0.046511627906976744
1,17,3,6,0.07751937984496124
1,17,4,6,0.0
1,17,5,6,0.011627906976744186
1,17,6,6,1.0
1,17,7,6,0.015503875968992248
1,17,8,6,0.0
1,17,9,6,0.0
1,17,0,7,0.003875968992248062
1,17,1,7,0.0
1,17,2,7,0.0
1,17,3,7,0.007751937984496124
1,17,4,7,0.015503875968992248
1,17,5,7,0.007751937984496124
1,17,6,7,0.003875968992248062
1,17,7,7,0.9224806201550387
1,17,8,7,0.0
1,17,9,7,0.0
1,17,0,8,0.007751937984496124
1,17,1,8,0.01937984496124031
1,17,2,8,0.0
1,17,3,8,0.0
1,17,4,8,0.0
1,17,5,8,0.0
1,17,6,8,0.0
1,17,7,8,0.0
1,17,8,8,0.9961240310077519
1,17,9,8,0.007751937984496124
1,17,0,9,0.0
1,17,1,9,0.015503875968992248
1,17,2,9,0.0
1,17,3,9,0.0
1,17,4,9,0.0
1,17,5,9,0.0
1,17,6,9,0.0
1,17,7,9,0.003875968992248062
1,17,8,9,0.007751937984496124
1,17,9,9,0.9728682170542635
1,18,0,0,0.8682170542635659
1,18,1,0,0.0
1,18,2,0,0.01937984496124031
1,18,3,0,0.0
1,18,4,0,0.007751937984496124
1,18,5,0,0.0
1,18,6,0,0.0
1,18,7,0,0.01937984496124031
1,18,8,0,0.03488372093023256
1,18,9,0,0.0
1,18,0,1,0.011627906976744186
1,18,1,1,0.9767441860465116
1,18,2,1,0.0
1,18,3,1,0.0
1,18,4,1,0.0
1,18,5,1,0.0
1,18,6,1,0.0
1,18,7,1,0.003875968992248062
1,18,8,1,0.01937984496124031
1,18,9,1,0.011627906976744186
1,18,0,2,0.05426356589147287
1,18,1,2,0.0
1,18,2,2,0.8953488372093024
1,18,3,2,0.015503875968992248
1,18,4,2,0.031007751937984496
1,18,5,2,0.003875968992248062
1,18,6,2,0.007751937984496124
1,18,7,2,0.003875968992248062
1,18,8,2,0.015503875968992248
1,18,9,2,0.003875968992248062
1,18,0,3,0.011627906976744186
1,18,1,3,0.0
1,18,2,3,0.01937984496124031
1,18,3,3,0.8604651162790697
1,18,4,3,0.06201550387596899
1,18,5,3,0.17054263565891473
1,18,6,3,0.015503875968992248
1,18,7,3,0.05426356589147287
1,18,8,3,0.007751937984496124
1,18,9,3,0.0
1,18,0,4,0.003875968992248062
1,18,1,4,0.0
1,18,2,4,0.011627906976744186
1,18,3,4,0.011627906976744186
1,18,4,4,0.8798449612403101
1,18,5,4,0.011627906976744186
1,18,6,4,0.0
1,18,7,4,0.023255813953488372
1,18,8,4,0.0
1,18,9,4,0.0
1,18,0,5,0.007751937984496124
1,18,1,5,0.0
1,18,2,5,0.031007751937984496
1,18,3,5,0.06976744186046512
1,18,4,5,0.007751937984496124
1,18,5,5,0.748062015503876
1,18,6,5,0.007751937984496124
1,18,7,5,0.015503875968992248
1,18,8,5,0.0
1,18,9,5,0.0
1,18,0,6,0.011627906976744186
1,18,1,6,0.003875968992248062
1,18,2,6,0.06976744186046512
1,18,3,6,0.04263565891472868
1,18,4,6,0.046511627906976744
1,18,5,6,0.011627906976744186
1,18,6,6,0.9922480620155039
1,18,7,6,0.007751937984496124
1,18,8,6,0.007751937984496124
1,18,9,6,0.0
1,18,0,7,0.0
1,18,1,7,0.0
1,18,2,7,0.003875968992248062
1,18,3,7,0.0
1,18,4,7,0.003875968992248062
1,18,5,7,0.0
1,18,6,7,0.0
1,18,7,7,0.8604651162790697
1,18,8,7,0.0
1,18,9,7,0.0
1,18,0,8,0.015503875968992248
1,18,1,8,0.0
1,18,2,8,0.0
1,18,3,8,0.0
1,18,4,8,0.003875968992248062
1,18,5,8,0.0
1,18,6,8,0.0
1,18,7,8,0.0
1,18,8,8,0.937984496124031
1,18,9,8,0.0
1,18,0,9,0.01937984496124031
1,18,1,9,0.003875968992248062
1,18,2,9,0.003875968992248062
1,18,3,9,0.0
1,18,4,9,0.003875968992248062
1,18,5,9,0.003875968992248062
1,18,6,9,0.0
1,18,7,9,0.027131782945736434
1,18,8,9,0.003875968992248062
1,18,9,9,1.0
1,19,0,0,0.8015267175572519
1,19,1,0,0.0
1,19,2,0,0.011450381679389313
1,19,3,0,0.003816793893129771
1,19,4,0,0.0
1,19,5,0,0.0
1,19,6,0,0.0
1,19,7,0,0.0
1,19,8,0,0.003816793893129771
1,19,9,0,0.0
1,19,0,1,0.0
1,19,1,1,0.8854961832061069
1,19,2,1,0.0
1,19,3,1,0.0
1,19,4,1,0.0
1,19,5,1,0.0
1,19,6,1,0.0
1,19,7,1,0.0
1,19,8,1,0.007633587786259542
1,19,9,1,0.0
1,19,0,2,0.030534351145038167
1,19,1,2,0.0
1,19,2,2,0.9083969465648855
1,19,3,2,0.04580152671755725
1,19,4,2,0.019083969465648856
1,19,5,2,0.019083969465648856
1,19,6,2,0.04198473282442748
1,19,7,2,0.0
1,19,8,2,0.003816793893129771
1,19,9,2,0.0
1,19,0,3,0.0
1,19,1,3,0.0
1,19,2,3,0.003816793893129771
1,19,3,3,0.7404580152671756
1,19,4,3,0.019083969465648856
1,19,5,3,0.05343511450381679
1,19,6,3,0.003816793893129771
1,19,7,3,0.0
1,19,8,3,0.0
1,19,9,3,0.0
1,19,0,4,0.019083969465648856
1,19,1,4,0.0
1,19,2,4,0.03435114503816794
1,19,3,4,0.030534351145038167
1,19,4,4,0.9007633587786259
1,19,5,4,0.019083969465648856
1,19,6,4,0.011450381679389313
1,19,7,4,0.003816793893129771
1,19,8,4,0.0
1,19,9,4,0.0
1,19,0,5,0.0
1,19,1,5,0.0
1,19,2,5,0.011450381679389313
1,19,3,5,0.10687022900763359
1,19,4,5,0.015267175572519083
1,19,5,5,0.7977099236641222
1,19,6,5,0.011450381679389313
1,19,7,5,0.003816793893129771
1,19,8,5,0.0
1,19,9,5,0.0
1,19,0,6,0.0
1,19,1,6,0.0
1,19,2,6,0.03435114503816794
1,19,3,6,0.04198473282442748
1,19,4,6,0.011450381679389313
1,19,5,6,0.022900763358778626
1,19,6,6,0.9236641221374046
1,19,7,6,0.003816793893129771
1,19,8,6,0.0
1,19,9,6,0.0
1,19,0,7,0.003816793893129771
1,19,1,7,0.0
1,19,2,7,0.015267175572519083
1,19,3,7,0.003816793893129771
1,19,4,7,0.061068702290076333
1,19,5,7,0.022900763358778626
1,19,6,7,0.003816793893129771
1,19,7,7,0.9656488549618321
1,19,8,7,0.0
1,19,9,7,0.0
1,19,0,8,0.0916030534351145
1,19,1,8,0.003816793893129771
1,19,2,8,0.007633587786259542
1,19,3,8,0.0
1,19,4,8,0.0
1,19,5,8,0.0
1,19,6,8,0.007633587786259542
1,19,7,8,0.011450381679389313
1,19,8,8,0.9809160305343512
1,19,9,8,0.0
1,19,0,9,0.04198473282442748
1,19,1,9,0.08015267175572519
1,19,2,9,0.011450381679389313
1,19,3,9,0.011450381679389313
1,19,4,9,0.003816793893129771
1,19,5,9,0.0
1,19,6,9,0.003816793893129771
1,19,7,9,0.011450381679389313
1,19,8,9,0.015267175572519083
1,19,9,9,1.0
1,2,0,0,0.9392265193370166
1,2,1,0,0.24861878453038674
1,2,2,0,0.2265193370165746
1,2,3,0,0.143646408839779
1,2,4,0,0.13259668508287292
1,2,5,0,0.0718232044198895
1,2,6,0,0.027624309392265192
1,2,7,0,0.0718232044198895
1,2,8,0,0.8287292817679558
1,2,9,0,0.23756906077348067
1,2,0,1,0.0
1,2,1,1,0.0
1,2,2,1,0.0
1,2,3,1,0.0
1,2,4,1,0.0
1,2,5,1,0.0
1,2,6,1,0.0
1,2,7,1,0.0
1,2,8,1,0.0
1,2,9,1,0.0
1,2,0,2,0.292817679558011
1,2,1,2,0.34806629834254144
1,2,2,2,1.0
1,2,3,2,0.6464088397790055
1,2,4,2,0.8674033149171271
1,2,5,2,0.5524861878453039
1,2,6,2,0.5138121546961326
1,2,7,2,0.574585635359116
1,2,8,2,0.23204419889502761
1,2,9,2,0.2596685082872928
1,2,0,3,0.049723756906077346
1,2,1,3,0.3867403314917127
1,2,2,3,0.08839779005524862
1,2,3,3,0.4419889502762431
1,2,4,3,0.07734806629834254
1,2,5,3,0.5359116022099447
1,2,6,3,0.1270718232044199
1,2,7,3,0.2541436464088398
1,2,8,3,0.06077348066298342
1,2,9,3,0.36464088397790057
1,2,0,4,0.11049723756906077
1,2,1,4,0.19337016574585636
1,2,2,4,0.1878453038674033
1,2,3,4,0.19337016574585636
1,2,4,4,0.4088397790055249
1,2,5,4,0.19337016574585636
1,2,6,4,0.7900552486187845
1,2,7,4,0.5248618784530387
1,2,8,4,0.06629834254143646
1,2,9,4,0.3370165745856354
1,2,0,5,0.0
1,2,1,5,0.0
1,2,2,5,0.0
1,2,3,5,0.0
1,2,4,5,0.0
1,2,5,5,0.0
1,2,6,5,0.0
1,2,7,5,0.0
1,2,8,5,0.0
1,2,9,5,0.0
1,2,0,6,0.0
1,2,1,6,0.0
1,2,2,6,0.0
1,2,3,6,0.0
1,2,4,6,0.0
1,2,5,6,0.0
1,2,6,6,0.0
1,2,7,6,0.0
1,2,8,6,0.0
1,2,9,6,0.0
1,2,0,7,0.0
1,2,1,7,0.0
1,2,2,7,0.0
1,2,3,7,0.0
1,2,4,7,0.0
1,2,5,7,0.0
1,2,6,7,0.0
1,2,7,7,0.016574585635359115
1,2,8,7,0.0
1,2,9,7,0.0055248618784530384
1,2,0,8,0.03867403314917127
1,2,1,8,0.22099447513812154
1,2,2,8,0.0
1,2,3,8,0.0
1,2,4,8,0.0055248618784530384
1,2,5,8,0.0
1,2,6,8,0.0
1,2,7,8,0.0055248618784530384
1,2,8,8,0.27624309392265195
1,2,9,8,0.2430939226519337
1,2,0,9,0.0
1,2,1,9,0.0055248618784530384
1,2,2,9,0.0
1,2,3,9,0.0
1,2,4,9,0.0
1,2,5,9,0.0
1,2,6,9,0.0
1,2,7,9,0.0
1,2,8,9,0.0
1,2,9,9,0.0
1,20,0,0,0.8969465648854962
1,20,1,0,0.0
1,20,2,0,0.019083969465648856
1,20,3,0,0.007633587786259542
1,20,4,0,0.015267175572519083
1,20,5,0,0.0
1,20,6,0,0.0
1,20,7,0,0.003816793893129771
1,20,8,0,0.003816793893129771
1,20,9,0,0.003816793893129771
1,20,0,1,0.0
1,20,1,1,0.9618320610687023
1,20,2,1,0.0
1,20,3,1,0.0
1,20,4,1,0.0
1,20,5,1,0.0
1,20,6,1,0.0
1,20,7,1,0.0
1,20,8,1,0.0
1,20,9,1,0.007633587786259542
1,20,0,2,0.015267175572519083
1,20,1,2,0.003816793893129771
1,20,2,2,0.9427480916030534
1,20,3,2,0.011450381679389313
1,20,4,2,0.007633587786259542
1,20,5,2,0.007633587786259542
1,20,6,2,0.007633587786259542
1,20,7,2,0.011450381679389313
1,20,8,2,0.0
1,20,9,2,0.0
1,20,0,3,0.003816793893129771
1,20,1,3,0.0
1,20,2,3,0.015267175572519083
1,20,3,3,0.8129770992366412
1,20,4,3,0.022900763358778626
1,20,5,3,0.07633587786259542
1,20,6,3,0.003816793893129771
1,20,7,3,0.007633587786259542
1,20,8,3,0.0
1,20,9,3,0.0
1,20,0,4,0.007633587786259542
1,20,1,4,0.0
1,20,2,4,0.04198473282442748
1,20,3,4,0.04961832061068702
1,20,4,4,0.9694656488549618
1,20,5,4,0.019083969465648856
1,20,6,4,0.015267175572519083
1,20,7,4,0.019083969465648856
1,20,8,4,0.007633587786259542
1,20,9,4,0.0
1,20,0,5,0.0
1,20,1,5,0.0
1,20,2,5,0.0
1,20,3,5,0.07251908396946564
1,20,4,5,0.003816793893129771
1,20,5,5,0.8015267175572519
1,20,6,5,0.011450381679389313
1,20,7,5,0.003816793893129771
1,20,8,5,0.0
1,20,9,5,0.0
1,20,0,6,0.0
1,20,1,6,0.0
1,20,2,6,0.007633587786259542
1,20,3,6,0.019083969465648856
1,20,4,6,0.003816793893129771
1,20,5,6,0.003816793893129771
1,20,6,6,0.9618320610687023
1,20,7,6,0.0
1,20,8,6,0.0
1,20,9,6,0.0
1,20,0,7,0.0
1,20,1,7,0.0
1,20,2,7,0.003816793893129771
1,20,3,7,0.007633587786259542
1,20,4,7,0.003816793893129771
1,20,5,7,0.022900763358778626
1,20,6,7,0.003816793893129771
1,20,7,7,0.950381679389313
1,20,8,7,0.0
1,20,9,7,0.0
1,20,0,8,0.05343511450381679
1,20,1,8,0.0
1,20,2,8,0.007633587786259542
1,20,3,8,0.003816793893129771
1,20,4,8,0.003816793893129771
1,20,5,8,0.003816793893129771
1,20,6,8,0.003816793893129771
1,20,7,8,0.0
1,20,8,8,1.0
1,20,9,8,0.003816793893129771
1,20,0,9,0.011450381679389313
1,20,1,9,0.003816793893129771
1,20,2,9,0.0
1,20,3,9,0.0
1,20,4,9,0.0
1,20,5,9,0.0
1,20,6,9,0.0
1,20,7,9,0.003816793893129771
1,20,8,9,0.0
1,20,9,9,0.9847328244274809
1,3,0,0,0.9041916167664671
1,3,1,0,0.07784431137724551
1,3,2,0,0.1317365269461078
1,3,3,0,0.05389221556886228
1,3,4,0,0.08383233532934131
1,3,5,0,0.011976047904191617
1,3,6,0,0.011976047904191617
1,3,7,0,0.05389221556886228
1,3,8,0,0.38323353293413176
1,3,9,0,0.08383233532934131
1,3,0,1,0.0
1,3,1,1,0.19161676646706588
1,3,2,1,0.0
1,3,3,1,0.0
1,3,4,1,0.0
1,3,5,1,0.0
1,3,6,1,0.0
1,3,7,1,0.0
1,3,8,1,0.0
1,3,9,1,0.011976047904191617
1,3,0,2,0.2874251497005988
1,3,1,2,0.059880239520958084
1,3,2,2,1.0
1,3,3,2,0.40119760479041916
1,3,4,2,0.562874251497006
1,3,5,2,0.41916167664670656
1,3,6,2,0.2994011976047904
1,3,7,2,0.32335329341317365
1,3,8,2,0.18562874251497005
1,3,9,2,0.11377245508982035
1,3,0,3,0.029940119760479042
1,3,1,3,0.20958083832335328
1,3,2,3,0.16766467065868262
1,3,3,3,0.8083832335329342
1,3,4,3,0.1437125748502994
1,3,5,3,0.7065868263473054
1,3,6,3,0.23353293413173654
1,3,7,3,0.38323353293413176
1,3,8,3,0.0658682634730539
1,3,9,3,0.38323353293413176
1,3,0,4,0.1317365269461078
1,3,1,4,0.20359281437125748
1,3,2,4,0.31137724550898205
1,3,3,4,0.25149700598802394
1,3,4,4,0.8023952095808383
1,3,5,4,0.19161676646706588
1,3,6,4,0.6766467065868264
1,3,7,4,0.6467065868263473
1,3,8,4,0.07784431137724551
1,3,9,4,0.11976047904191617
1,3,0,5,0.0
1,3,1,5,0.005988023952095809
1,3,2,5,0.005988023952095809
1,3,3,5,0.005988023952095809
1,3,4,5,0.0
1,3,5,5,0.12574850299401197
1,3,6,5,0.0
1,3,7,5,0.04790419161676647
1,3,8,5,0.0
1,3,9,5,0.0
1,3,0,6,0.0
1,3,1,6,0.07784431137724551
1,3,2,6,0.005988023952095809
1,3,3,6,0.011976047904191617
1,3,4,6,0.011976047904191617
1,3,5,6,0.005988023952095809
1,3,6,6,0.3473053892215569
1,3,7,6,0.0
1,3,8,6,0.017964071856287425
1,3,9,6,0.07784431137724551
1,3,0,7,0.0
1,3,1,7,0.005988023952095809
1,3,2,7,0.0
1,3,3,7,0.0
1,3,4,7,0.0
1,3,5,7,0.0
1,3,6,7,0.0
1,3,7,7,0.11377245508982035
1,3,8,7,0.0
1,3,9,7,0.0
1,3,0,8,0.19760479041916168
1,3,1,8,0.6407185628742516
1,3,2,8,0.005988023952095809
1,3,3,8,0.011976047904191617
1,3,4,8,0.011976047904191617
1,3,5,8,0.005988023952095809
1,3,6,8,0.011976047904191617
1,3,7,8,0.0
1,3,8,8,0.8562874251497006
1,3,9,8,0.5508982035928144
1,3,0,9,0.0
1,3,1,9,0.04790419161676647
1,3,2,9,0.0
1,3,3,9,0.0
1,3,4,9,0.0
1,3,5,9,0.0
1,3,6,9,0.0
1,3,7,9,0.0
1,3,8,9,0.0
1,3,9,9,0.2275449101796407
1,4,0,0,0.3333333333333333
1,4,1,0,0.025974025974025976
1,4,2,0,0.008658008658008658
1,4,3,0,0.004329004329004329
1,4,4,0,0.004329004329004329
1,4,5,0,0.0
1,4,6,0,0.004329004329004329
1,4,7,0,0.004329004329004329
1,4,8,0,0.03463203463203463
1,4,9,0,0.025974025974025976
1,4,0,1,0.0
1,4,1,1,0.5497835497835498
1,4,2,1,0.0
1,4,3,1,0.0
1,4,4,1,0.0
1,4,5,1,0.0
1,4,6,1,0.0
1,4,7,1,0.0
1,4,8,1,0.004329004329004329
1,4,9,1,0.04329004329004329
1,4,0,2,0.33766233766233766
1,4,1,2,0.012987012987012988
1,4,2,2,0.4069264069264069
1,4,3,2,0.04329004329004329
1,4,4,2,0.03896103896103896
1,4,5,2,0.06926406926406926
1,4,6,2,0.025974025974025976
1,4,7,2,0.025974025974025976
1,4,8,2,0.11688311688311688
1,4,9,2,0.030303030303030304
1,4,0,3,0.05194805194805195
1,4,1,3,0.030303030303030304
1,4,2,3,0.08225108225108226
1,4,3,3,0.6536796536796536
1,4,4,3,0.06493506493506493
1,4,5,3,0.37662337662337664
1,4,6,3,0.08225108225108226
1,4,7,3,0.08225108225108226
1,4,8,3,0.09956709956709957
1,4,9,3,0.11688311688311688
1,4,0,4,0.12987012987012986
1,4,1,4,0.0735930735930736
1,4,2,4,0.5541125541125541
1,4,3,4,0.26406926406926406
1,4,4,4,1.0
1,4,5,4,0.27705627705627706
1,4,6,4,0.3463203463203463
1,4,7,4,0.3463203463203463
1,4,8,4,0.047619047619047616
1,4,9,4,0.03463203463203463
1,4,0,5,0.0
1,4,1,5,0.0
1,4,2,5,0.025974025974025976
1,4,3,5,0.047619047619047616
1,4,4,5,0.008658008658008658
1,4,5,5,0.2554112554112554
1,4,6,5,0.0
1,4,7,5,0.03896103896103896
1,4,8,5,0.0
1,4,9,5,0.008658008658008658
1,4,0,6,0.004329004329004329
1,4,1,6,0.08225108225108226
1,4,2,6,0.05627705627705628
1,4,3,6,0.06926406926406926
1,4,4,6,0.008658008658008658
1,4,5,6,0.012987012987012988
1,4,6,6,0.6753246753246753
1,4,7,6,0.0
1,4,8,6,0.05194805194805195
1,4,9,6,0.06493506493506493
1,4,0,7,0.030303030303030304
1,4,1,7,0.012987012987012988
1,4,2,7,0.03896103896103896
1,4,3,7,0.025974025974025976
1,4,4,7,0.04329004329004329
1,4,5,7,0.06926406926406926
1,4,6,7,0.004329004329004329
1,4,7,7,0.6277056277056277
1,4,8,7,0.0
1,4,9,7,0.03463203463203463
1,4,0,8,0.22943722943722944
1,4,1,8,0.08225108225108226
1,4,2,8,0.004329004329004329
1,4,3,8,0.004329004329004329
1,4,4,8,0.0
1,4,5,8,0.0
1,4,6,8,0.004329004329004329
1,4,7,8,0.0
1,4,8,8,0.7922077922077922
1,4,9,8,0.07792207792207792
1,4,0,9,0.004329004329004329
1,4,1,9,0.22943722943722944
1,4,2,9,0.0
1,4,3,9,0.004329004329004329
1,4,4,9,0.0
1,4,5,9,0.0
1,4,6,9,0.0
1,4,7,9,0.008658008658008658
1,4,8,9,0.0
1,4,9,9,0.696969696969697
1,5,0,0,0.5525291828793775
1,5,1,0,0.019455252918287938
1,5,2,0,0.05058365758754864
1,5,3,0,0.0038910505836575876
1,5,4,0,0.06614785992217899
1,5,5,0,0.0038910505836575876
1,5,6,0,0.0
1,5,7,0,0.01556420233463035
1,5,8,0,0.0038910505836575876
1,5,9,0,0.023346303501945526
1,5,0,1,0.01556420233463035
1,5,1,1,0.8210116731517509
1,5,2,1,0.0
1,5,3,1,0.007782101167315175
1,5,4,1,0.007782101167315175
1,5,5,1,0.007782101167315175
1,5,6,1,0.007782101167315175
1,5,7,1,0.01556420233463035
1,5,8,1,0.0038910505836575876
1,5,9,1,0.10505836575875487
1,5,0,2,0.08949416342412451
1,5,1,2,0.0
1,5,2,2,0.6809338521400778
1,5,3,2,0.14785992217898833
1,5,4,2,0.13229571984435798
1,5,5,2,0.17898832684824903
1,5,6,2,0.04669260700389105
1,5,7,2,0.11673151750972763
1,5,8,2,0.007782101167315175
1,5,9,2,0.0038910505836575876
1,5,0,3,0.0038910505836575876
1,5,1,3,0.0038910505836575876
1,5,2,3,0.011673151750972763
1,5,3,3,0.33073929961089493
1,5,4,3,0.01556420233463035
1,5,5,3,0.15953307392996108
1,5,6,3,0.007782101167315175
1,5,7,3,0.019455252918287938
1,5,8,3,0.0038910505836575876
1,5,9,3,0.0
1,5,0,4,0.019455252918287938
1,5,1,4,0.0
1,5,2,4,0.058365758754863814
1,5,3,4,0.0311284046692607
1,5,4,4,0.490272373540856
1,5,5,4,0.03501945525291829
1,5,6,4,0.0
1,5,7,4,0.13229571984435798
1,5,8,4,0.0
1,5,9,4,0.0038910505836575876
1,5,0,5,0.0
1,5,1,5,0.0
1,5,2,5,0.0038910505836575876
1,5,3,5,0.08171206225680934
1,5,4,5,0.007782101167315175
1,5,5,5,0.31906614785992216
1,5,6,5,0.007782101167315175
1,5,7,5,0.027237354085603113
1,5,8,5,0.0
1,5,9,5,0.0038910505836575876
1,5,0,6,0.011673151750972763
1,5,1,6,0.011673151750972763
1,5,2,6,0.1828793774319066
1,5,3,6,0.30739299610894943
1,5,4,6,0.2723735408560311
1,5,5,6,0.16731517509727625
1,5,6,6,0.933852140077821
1,5,7,6,0.023346303501945526
1,5,8,6,0.007782101167315175
1,5,9,6,0.038910505836575876
1,5,0,7,0.0038910505836575876
1,5,1,7,0.0
1,5,2,7,0.01556420233463035
1,5,3,7,0.0
1,5,4,7,0.038910505836575876
1,5,5,7,0.019455252918287938
1,5,6,7,0.0038910505836575876
1,5,7,7,0.622568093385214
1,5,8,7,0.0
1,5,9,7,0.0
1,5,0,8,0.30739299610894943
1,5,1,8,0.08171206225680934
1,5,2,8,0.04669260700389105
1,5,3,8,0.08171206225680934
1,5,4,8,0.01556420233463035
1,5,5,8,0.05058365758754864
1,5,6,8,0.019455252918287938
1,5,7,8,0.019455252918287938
1,5,8,8,1.0
1,5,9,8,0.058365758754863814
1,5,0,9,0.0038910505836575876
1,5,1,9,0.05058365758754864
1,5,2,9,0.007782101167315175
1,5,3,9,0.011673151750972763
1,5,4,9,0.0038910505836575876
1,5,5,9,0.011673151750972763
1,5,6,9,0.0
1,5,7,9,0.027237354085603113
1,5,8,9,0.0038910505836575876
1,5,9,9,0.7821011673151751
1,6,0,0,0.6343612334801763
1,6,1,0,0.00881057268722467
1,6,2,0,0.030837004405286344
1,6,3,0,0.0
1,6,4,0,0.013215859030837005
1,6,5,0,0.0
1,6,6,0,0.00881057268722467
1,6,7,0,0.0
1,6,8,0,0.02643171806167401
1,6,9,0,0.013215859030837005
1,6,0,1,0.039647577092511016
1,6,1,1,1.0
1,6,2,1,0.0
1,6,3,1,0.0
1,6,4,1,0.004405286343612335
1,6,5,1,0.0
1,6,6,1,0.004405286343612335
1,6,7,1,0.004405286343612335
1,6,8,1,0.01762114537444934
1,6,9,1,0.06607929515418502
1,6,0,2,0.0881057268722467
1,6,1,2,0.0
1,6,2,2,0.6960352422907489
1,6,3,2,0.039647577092511016
1,6,4,2,0.03524229074889868
1,6,5,2,0.03524229074889868
1,6,6,2,0.01762114537444934
1,6,7,2,0.02643171806167401
1,6,8,2,0.0
1,6,9,2,0.004405286343612335
1,6,0,3,0.06167400881057269
1,6,1,3,0.004405286343612335
1,6,2,3,0.0881057268722467
1,6,3,3,0.7400881057268722
1,6,4,3,0.05286343612334802
1,6,5,3,0.2422907488986784
1,6,6,3,0.06167400881057269
1,6,7,3,0.030837004405286344
1,6,8,3,0.07048458149779736
1,6,9,3,0.022026431718061675
1,6,0,4,0.05726872246696035
1,6,1,4,0.01762114537444934
1,6,2,4,0.11013215859030837
1,6,3,4,0.06607929515418502
1,6,4,4,0.8986784140969163
1,6,5,4,0.09251101321585903
1,6,6,4,0.05286343612334802
1,6,7,4,0.05286343612334802
1,6,8,4,0.00881057268722467
1,6,9,4,0.013215859030837005
1,6,0,5,0.02643171806167401
1,6,1,5,0.0
1,6,2,5,0.07929515418502203
1,6,3,5,0.15418502202643172
1,6,4,5,0.022026431718061675
1,6,5,5,0.6343612334801763
1,6,6,5,0.01762114537444934
1,6,7,5,0.05286343612334802
1,6,8,5,0.004405286343612335
1,6,9,5,0.01762114537444934
1,6,0,6,0.01762114537444934
1,6,1,6,0.00881057268722467
1,6,2,6,0.1013215859030837
1,6,3,6,0.07929515418502203
1,6,4,6,0.030837004405286344
1,6,5,6,0.013215859030837005
1,6,6,6,0.9823788546255506
1,6,7,6,0.004405286343612335
1,6,8,6,0.013215859030837005
1,6,9,6,0.013215859030837005
1,6,0,7,0.03524229074889868
1,6,1,7,0.00881057268722467
1,6,2,7,0.05726872246696035
1,6,3,7,0.039647577092511016
1,6,4,7,0.1277533039647577
1,6,5,7,0.05286343612334802
1,6,6,7,0.00881057268722467
1,6,7,7,0.973568281938326
1,6,8,7,0.00881057268722467
1,6,9,7,0.01762114537444934
1,6,0,8,0.14537444933920704
1,6,1,8,0.01762114537444934
1,6,2,8,0.030837004405286344
1,6,3,8,0.0
1,6,4,8,0.0
1,6,5,8,0.004405286343612335
1,6,6,8,0.0
1,6,7,8,0.0
1,6,8,8,0.9823788546255506
1,6,9,8,0.0
1,6,0,9,0.03524229074889868
1,6,1,9,0.05286343612334802
1,6,2,9,0.004405286343612335
1,6,3,9,0.01762114537444934
1,6,4,9,0.004405286343612335
1,6,5,9,0.004405286343612335
1,6,6,9,0.00881057268722467
1,6,7,9,0.00881057268722467
1,6,8,9,0.03524229074889868
1,6,9,9,0.986784140969163
1,7,0,0,0.6626984126984127
1,7,1,0,0.007936507936507936
1,7,2,0,0.023809523809523808
1,7,3,0,0.003968253968253968
1,7,4,0,0.003968253968253968
1,7,5,0,0.003968253968253968
1,7,6,0,0.003968253968253968
1,7,7,0,0.0
1,7,8,0,0.06746031746031746
1,7,9,0,0.015873015873015872
1,7,0,1,0.023809523809523808
1,7,1,1,0.9087301587301587
1,7,2,1,0.0
1,7,3,1,0.0
1,7,4,1,0.0
1,7,5,1,0.0
1,7,6,1,0.0
1,7,7,1,0.0
1,7,8,1,0.04365079365079365
1,7,9,1,0.03968253968253968
1,7,0,2,0.12301587301587301
1,7,1,2,0.003968253968253968
1,7,2,2,0.5952380952380952
1,7,3,2,0.023809523809523808
1,7,4,2,0.047619047619047616
1,7,5,2,0.007936507936507936
1,7,6,2,0.015873015873015872
1,7,7,2,0.01984126984126984
1,7,8,2,0.01984126984126984
1,7,9,2,0.007936507936507936
1,7,0,3,0.027777777777777776
1,7,1,3,0.0
1,7,2,3,0.03968253968253968
1,7,3,3,0.4880952380952381
1,7,4,3,0.04365079365079365
1,7,5,3,0.10317460317460317
1,7,6,3,0.007936507936507936
1,7,7,3,0.023809523809523808
1,7,8,3,0.04365079365079365
1,7,9,3,0.003968253968253968
1,7,0,4,0.04365079365079365
1,7,1,4,0.003968253968253968
1,7,2,4,0.06746031746031746
1,7,3,4,0.011904761904761904
1,7,4,4,0.7063492063492064
1,7,5,4,0.031746031746031744
1,7,6,4,0.0
1,7,7,4,0.06746031746031746
1,7,8,4,0.0
1,7,9,4,0.003968253968253968
1,7,0,5,0.015873015873015872
1,7,1,5,0.0
1,7,2,5,0.05555555555555555
1,7,3,5,0.18253968253968253
1,7,4,5,0.04365079365079365
1,7,5,5,0.6587301587301587
1,7,6,5,0.015873015873015872
1,7,7,5,0.04365079365079365
1,7,8,5,0.003968253968253968
1,7,9,5,0.007936507936507936
1,7,0,6,0.03968253968253968
1,7,1,6,0.03968253968253968
1,7,2,6,0.2698412698412698
1,7,3,6,0.2896825396825397
1,7,4,6,0.15873015873015872
1,7,5,6,0.10714285714285714
1,7,6,6,1.0
1,7,7,6,0.047619047619047616
1,7,8,6,0.04365079365079365
1,7,9,6,0.023809523809523808
1,7,0,7,0.023809523809523808
1,7,1,7,0.003968253968253968
1,7,2,7,0.027777777777777776
1,7,3,7,0.015873015873015872
1,7,4,7,0.06746031746031746
1,7,5,7,0.05555555555555555
1,7,6,7,0.0
1,7,7,7,0.8373015873015873
1,7,8,7,0.007936507936507936
1,7,9,7,0.007936507936507936
1,7,0,8,0.03968253968253968
1,7,1,8,0.0
1,7,2,8,0.0
1,7,3,8,0.0
1,7,4,8,0.0
1,7,5,8,0.003968253968253968
1,7,6,8,0.0
1,7,7,8,0.0
1,7,8,8,0.8055555555555556
1,7,9,8,0.0
1,7,0,9,0.027777777777777776
1,7,1,9,0.03968253968253968
1,7,2,9,0.0
1,7,3,9,0.007936507936507936
1,7,4,9,0.0
1,7,5,9,0.0
1,7,6,9,0.003968253968253968
1,7,7,9,0.0
1,7,8,9,0.015873015873015872
1,7,9,9,0.9285714285714286
1,8,0,0,0.7254098360655737
1,8,1,0,0.004098360655737705
1,8,2,0,0.03278688524590164
1,8,3,0,0.004098360655737705
1,8,4,0,0.01639344262295082
1,8,5,0,0.004098360655737705
1,8,6,0,0.00819672131147541
1,8,7,0,0.00819672131147541
1,8,8,0,0.020491803278688523
1,8,9,0,0.012295081967213115
1,8,0,1,0.03278688524590164
1,8,1,1,0.9959016393442623
1,8,2,1,0.0
1,8,3,1,0.0
1,8,4,1,0.0
1,8,5,1,0.0
1,8,6,1,0.0
1,8,7,1,0.0
1,8,8,1,0.02459016393442623
1,8,9,1,0.028688524590163935
1,8,0,2,0.10245901639344263
1,8,1,2,0.004098360655737705
1,8,2,2,0.7950819672131147
1,8,3,2,0.040983606557377046
1,8,4,2,0.0942622950819672
1,8,5,2,0.012295081967213115
1,8,6,2,0.036885245901639344
1,8,7,2,0.03278688524590164
1,8,8,2,0.00819672131147541
1,8,9,2,0.00819672131147541
1,8,0,3,0.045081967213114756
1,8,1,3,0.004098360655737705
1,8,2,3,0.08196721311475409
1,8,3,3,0.75
1,8,4,3,0.09016393442622951
1,8,5,3,0.21311475409836064
1,8,6,3,0.040983606557377046
1,8,7,3,0.0778688524590164
1,8,8,3,0.01639344262295082
1,8,9,3,0.00819672131147541
1,8,0,4,0.01639344262295082
1,8,1,4,0.0
1,8,2,4,0.045081967213114756
1,8,3,4,0.020491803278688523
1,8,4,4,0.7868852459016393
1,8,5,4,0.00819672131147541
1,8,6,4,0.0
1,8,7,4,0.045081967213114756
1,8,8,4,0.0
1,8,9,4,0.0
1,8,0,5,0.012295081967213115
1,8,1,5,0.00819672131147541
1,8,2,5,0.05737704918032787
1,8,3,5,0.1598360655737705
1,8,4,5,0.045081967213114756
1,8,5,5,0.7254098360655737
1,8,6,5,0.05327868852459016
1,8,7,5,0.06557377049180328
1,8,8,5,0.004098360655737705
1,8,9,5,0.01639344262295082
1,8,0,6,0.0
1,8,1,6,0.004098360655737705
1,8,2,6,0.0860655737704918
1,8,3,6,0.05737704918032787
1,8,4,6,0.036885245901639344
1,8,5,6,0.020491803278688523
1,8,6,6,0.9426229508196722
1,8,7,6,0.0
1,8,8,6,0.00819672131147541
1,8,9,6,0.0
1,8,0,7,0.0
1,8,1,7,0.0
1,8,2,7,0.012295081967213115
1,8,3,7,0.012295081967213115
1,8,4,7,0.03278688524590164
1,8,5,7,0.01639344262295082
1,8,6,7,0.0
1,8,7,7,0.8360655737704918
1,8,8,7,0.0
1,8,9,7,0.0
1,8,0,8,0.11885245901639344
1,8,1,8,0.012295081967213115
1,8,2,8,0.004098360655737705
1,8,3,8,0.0
1,8,4,8,0.0
1,8,5,8,0.004098360655737705
1,8,6,8,0.0
1,8,7,8,0.0
1,8,8,8,0.9918032786885246
1,8,9,8,0.0
1,8,0,9,0.00819672131147541
1,8,1,9,0.00819672131147541
1,8,2,9,0.0
1,8,3,9,0.012295081967213115
1,8,4,9,0.004098360655737705
1,8,5,9,0.0
1,8,6,9,0.0
1,8,7,9,0.00819672131147541
1,8,8,9,0.012295081967213115
1,8,9,9,1.0
1,9,0,0,0.6141732283464567
1,9,1,0,0.003937007874015748
1,9,2,0,0.01968503937007874
1,9,3,0,0.003937007874015748
1,9,4,0,0.01968503937007874
1,9,5,0,0.0
1,9,6,0,0.0
1,9,7,0,0.003937007874015748
1,9,8,0,0.003937007874015748
1,9,9,0,0.003937007874015748
1,9,0,1,0.03937007874015748
1,9,1,1,0.9330708661417323
1,9,2,1,0.0
1,9,3,1,0.0
1,9,4,1,0.0
1,9,5,1,0.0
1,9,6,1,0.0
1,9,7,1,0.007874015748031496
1,9,8,1,0.007874015748031496
1,9,9,1,0.09448818897637795
1,9,0,2,0.08661417322834646
1,9,1,2,0.0
1,9,2,2,0.8228346456692913
1,9,3,2,0.05905511811023622
1,9,4,2,0.14960629921259844
1,9,5,2,0.05511811023622047
1,9,6,2,0.027559055118110236
1,9,7,2,0.08267716535433071
1,9,8,2,0.003937007874015748
1,9,9,2,0.007874015748031496
1,9,0,3,0.03543307086614173
1,9,1,3,0.003937007874015748
1,9,2,3,0.05905511811023622
1,9,3,3,0.7874015748031497
1,9,4,3,0.07086614173228346
1,9,5,3,0.43700787401574803
1,9,6,3,0.027559055118110236
1,9,7,3,0.1062992125984252
1,9,8,3,0.015748031496062992
1,9,9,3,0.011811023622047244
1,9,0,4,0.01968503937007874
1,9,1,4,0.003937007874015748
1,9,2,4,0.01968503937007874
1,9,3,4,0.011811023622047244
1,9,4,4,0.6299212598425197
1,9,5,4,0.01968503937007874
1,9,6,4,0.0
1,9,7,4,0.1141732283464567
1,9,8,4,0.003937007874015748
1,9,9,4,0.003937007874015748
1,9,0,5,0.0
1,9,1,5,0.0
1,9,2,5,0.003937007874015748
1,9,3,5,0.011811023622047244
1,9,4,5,0.0
1,9,5,5,0.3464566929133858
1,9,6,5,0.0
1,9,7,5,0.015748031496062992
1,9,8,5,0.0
1,9,9,5,0.003937007874015748
1,9,0,6,0.007874015748031496
1,9,1,6,0.015748031496062992
1,9,2,6,0.09448818897637795
1,9,3,6,0.12992125984251968
1,9,4,6,0.18110236220472442
1,9,5,6,0.09448818897637795
1,9,6,6,0.9763779527559056
1,9,7,6,0.027559055118110236
1,9,8,6,0.003937007874015748
1,9,9,6,0.027559055118110236
1,9,0,7,0.0
1,9,1,7,0.0
1,9,2,7,0.0
1,9,3,7,0.003937007874015748
1,9,4,7,0.007874015748031496
1,9,5,7,0.0
1,9,6,7,0.0
1,9,7,7,0.6692913385826772
1,9,8,7,0.0
1,9,9,7,0.0
1,9,0,8,0.1968503937007874
1,9,1,8,0.031496062992125984
1,9,2,8,0.051181102362204724
1,9,3,8,0.007874015748031496
1,9,4,8,0.003937007874015748
1,9,5,8,0.007874015748031496
1,9,6,8,0.007874015748031496
1,9,7,8,0.003937007874015748
1,9,8,8,1.0
1,9,9,8,0.03937007874015748
1,9,0,9,0.01968503937007874
1,9,1,9,0.007874015748031496
1,9,2,9,0.0
1,9,3,9,0.0
1,9,4,9,0.0
1,9,5,9,0.003937007874015748
1,9,6,9,0.0
1,9,7,9,0.0
1,9,8,9,0.003937007874015748
1,9,9,9,0.8385826771653543
2,1,0,0,0.2768166089965398
2,1,1,0,0.05190311418685121
2,1,2,0,0.04844290657439446
2,1,3,0,0.0034602076124567475
2,1,4,0,0.010380622837370242
2,1,5,0,0.0
2,1,6,0,0.0
2,1,7,0,0.006920415224913495
2,1,8,0,0.15916955017301038
2,1,9,0,0.08996539792387544
2,1,0,1,0.0
2,1,1,1,0.0
2,1,2,1,0.0
2,1,3,1,0.0
2,1,4,1,0.0
2,1,5,1,0.0
2,1,6,1,0.0
2,1,7,1,0.0
2,1,8,1,0.0
2,1,9,1,0.0
2,1,0,2,0.8269896193771626
2,1,1,2,0.6920415224913494
2,1,2,2,1.0
2,1,3,2,0.6608996539792388
2,1,4,2,0.972318339100346
2,1,5,2,0.6055363321799307
2,1,6,2,0.9065743944636678
2,1,7,2,0.6747404844290658
2,1,8,2,0.903114186851211
2,1,9,2,0.7508650519031141
2,1,0,3,0.0
2,1,1,3,0.006920415224913495
2,1,2,3,0.0034602076124567475
2,1,3,3,0.031141868512110725
2,1,4,3,0.0
2,1,5,3,0.020761245674740483
2,1,6,3,0.01730103806228374
2,1,7,3,0.010380622837370242
2,1,8,3,0.0
2,1,9,3,0.0
2,1,0,4,0.03806228373702422
2,1,1,4,0.16262975778546712
2,1,2,4,0.10034602076124567
2,1,3,4,0.22491349480968859
2,1,4,4,0.1695501730103806
2,1,5,4,0.17993079584775087
2,1,6,4,0.22145328719723184
2,1,7,4,0.3460207612456747
2,1,8,4,0.04152249134948097
2,1,9,4,0.2837370242214533
2,1,0,5,0.0657439446366782
2,1,1,5,0.08996539792387544
2,1,2,5,0.06920415224913495
2,1,3,5,0.2041522491349481
2,1,4,5,0.05190311418685121
2,1,5,5,0.3944636678200692
2,1,6,5,0.09342560553633218
2,1,7,5,0.12110726643598616
2,1,8,5,0.08304498269896193
2,1,9,5,0.05536332179930796
2,1,0,6,0.0
2,1,1,6,0.0
2,1,2,6,0.0
2,1,3,6,0.0
2,1,4,6,0.0
2,1,5,6,0.0
2,1,6,6,0.0
2,1,7,6,0.0
2,1,8,6,0.0
2,1,9,6,0.0
2,1,0,7,0.0
2,1,1,7,0.0
2,1,2,7,0.0
2,1,3,7,0.0
2,1,4,7,0.0
2,1,5,7,0.0
2,1,6,7,0.0
2,1,7,7,0.0
2,1,8,7,0.0
2,1,9,7,0.0
2,1,0,8,0.01730103806228374
2,1,1,8,0.03460207612456748
2,1,2,8,0.0034602076124567475
2,1,3,8,0.0
2,1,4,8,0.0
2,1,5,8,0.0
2,1,6,8,0.0
2,1,7,8,0.006920415224913495
2,1,8,8,0.04844290657439446
2,1,9,8,0.06228373702422145
2,1,0,9,0.0
2,1,1,9,0.0
2,1,2,9,0.0
2,1,3,9,0.0
2,1,4,9,0.0
2,1,5,9,0.0
2,1,6,9,0.0
2,1,7,9,0.0
2,1,8,9,0.0
2,1,9,9,0.0
2,10,0,0,0.8823529411764706
2,10,1,0,0.008823529411764706
2,10,2,0,0.07647058823529412
2,10,3,0,0.0029411764705882353
2,10,4,0,0.01764705882352941
2,10,5,0,0.011764705882352941
2,10,6,0,0.0
2,10,7,0,0.01764705882352941
2,10,8,0,0.026470588235294117
2,10,9,0,0.023529411764705882
2,10,0,1,0.0058823529411764705
2,10,1,1,0.8470588235294118
2,10,2,1,0.0058823529411764705
2,10,3,1,0.0058823529411764705
2,10,4,1,0.0058823529411764705
2,10,5,1,0.008823529411764706
2,10,6,1,0.008823529411764706
2,10,7,1,0.008823529411764706
2,10,8,1,0.011764705882352941
2,10,9,1,0.041176470588235294
2,10,0,2,0.026470588235294117
2,10,1,2,0.0
2,10,2,2,0.6176470588235294
2,10,3,2,0.03529411764705882
2,10,4,2,0.008823529411764706
2,10,5,2,0.011764705882352941
2,10,6,2,0.0029411764705882353
2,10,7,2,0.011764705882352941
2,10,8,2,0.0029411764705882353
2,10,9,2,0.0
2,10,0,3,0.0058823529411764705
2,10,1,3,0.0
2,10,2,3,0.04411764705882353
2,10,3,3,0.6058823529411764
2,10,4,3,0.023529411764705882
2,10,5,3,0.12058823529411765
2,10,6,3,0.029411764705882353
2,10,7,3,0.026470588235294117
2,10,8,3,0.0
2,10,9,3,0.0
2,10,0,4,0.0029411764705882353
2,10,1,4,0.0
2,10,2,4,0.05588235294117647
2,10,3,4,0.052941176470588235
2,10,4,4,0.8970588235294118
2,10,5,4,0.047058823529411764
2,10,6,4,0.023529411764705882
2,10,7,4,0.052941176470588235
2,10,8,4,0.0029411764705882353
2,10,9,4,0.0
2,10,0,5,0.0
2,10,1,5,0.0
2,10,2,5,0.061764705882352944
2,10,3,5,0.1323529411764706
2,10,4,5,0.0
2,10,5,5,0.75
2,10,6,5,0.01764705882352941
2,10,7,5,0.04411764705882353
2,10,8,5,0.0
2,10,9,5,0.0
2,10,0,6,0.0029411764705882353
2,10,1,6,0.0
2,10,2,6,0.11764705882352941
2,10,3,6,0.07941176470588235
2,10,4,6,0.041176470588235294
2,10,5,6,0.03235294117647059
2,10,6,6,0.9588235294117647
2,10,7,6,0.0
2,10,8,6,0.0
2,10,9,6,0.008823529411764706
2,10,0,7,0.0029411764705882353
2,10,1,7,0.0
2,10,2,7,0.008823529411764706
2,10,3,7,0.008823529411764706
2,10,4,7,0.014705882352941176
2,10,5,7,0.011764705882352941
2,10,6,7,0.0
2,10,7,7,0.7823529411764706
2,10,8,7,0.0
2,10,9,7,0.0
2,10,0,8,0.061764705882352944
2,10,1,8,0.014705882352941176
2,10,2,8,0.026470588235294117
2,10,3,8,0.020588235294117647
2,10,4,8,0.011764705882352941
2,10,5,8,0.01764705882352941
2,10,6,8,0.008823529411764706
2,10,7,8,0.011764705882352941
2,10,8,8,1.0
2,10,9,8,0.011764705882352941
2,10,0,9,0.05
2,10,1,9,0.011764705882352941
2,10,2,9,0.026470588235294117
2,10,3,9,0.011764705882352941
2,10,4,9,0.0029411764705882353
2,10,5,9,0.008823529411764706
2,10,6,9,0.0029411764705882353
2,10,7,9,0.03529411764705882
2,10,8,9,0.0058823529411764705
2,10,9,9,0.9705882352941176
2,11,0,0,0.9109792284866469
2,11,1,0,0.005934718100890208
2,11,2,0,0.06231454005934718
2,11,3,0,0.008902077151335312
2,11,4,0,0.011869436201780416
2,11,5,0,0.002967359050445104
2,11,6,0,0.005934718100890208
2,11,7,0,0.005934718100890208
2,11,8,0,0.02373887240356083
2,11,9,0,0.02373887240356083
2,11,0,1,0.0
2,11,1,1,0.8189910979228486
2,11,2,1,0.0
2,11,3,1,0.0
2,11,4,1,0.0
2,11,5,1,0.0
2,11,6,1,0.0
2,11,7,1,0.0
2,11,8,1,0.011869436201780416
2,11,9,1,0.02373887240356083
2,11,0,2,0.011869436201780416
2,11,1,2,0.002967359050445104
2,11,2,2,0.6676557863501483
2,11,3,2,0.01483679525222552
2,11,4,2,0.002967359050445104
2,11,5,2,0.011869436201780416
2,11,6,2,0.017804154302670624
2,11,7,2,0.008902077151335312
2,11,8,2,0.002967359050445104
2,11,9,2,0.0
2,11,0,3,0.005934718100890208
2,11,1,3,0.005934718100890208
2,11,2,3,0.04747774480712166
2,11,3,3,0.6261127596439169
2,11,4,3,0.03857566765578635
2,11,5,3,0.0771513353115727
2,11,6,3,0.05341246290801187
2,11,7,3,0.017804154302670624
2,11,8,3,0.002967359050445104
2,11,9,3,0.005934718100890208
2,11,0,4,0.005934718100890208
2,11,1,4,0.0
2,11,2,4,0.06528189910979229
2,11,3,4,0.03857566765578635
2,11,4,4,0.8486646884272997
2,11,5,4,0.017804154302670624
2,11,6,4,0.026706231454005934
2,11,7,4,0.01483679525222552
2,11,8,4,0.002967359050445104
2,11,9,4,0.002967359050445104
2,11,0,5,0.0
2,11,1,5,0.0
2,11,2,5,0.09495548961424333
2,11,3,5,0.2195845697329377
2,11,4,5,0.05341246290801187
2,11,5,5,0.8724035608308606
2,11,6,5,0.032640949554896145
2,11,7,5,0.05637982195845697
2,11,8,5,0.0
2,11,9,5,0.0
2,11,0,6,0.0
2,11,1,6,0.002967359050445104
2,11,2,6,0.05637982195845697
2,11,3,6,0.032640949554896145
2,11,4,6,0.011869436201780416
2,11,5,6,0.017804154302670624
2,11,6,6,0.9169139465875371
2,11,7,6,0.0
2,11,8,6,0.005934718100890208
2,11,9,6,0.0
2,11,0,7,0.008902077151335312
2,11,1,7,0.0
2,11,2,7,0.032640949554896145
2,11,3,7,0.011869436201780416
2,11,4,7,0.050445103857566766
2,11,5,7,0.020771513353115726
2,11,6,7,0.002967359050445104
2,11,7,7,0.884272997032641
2,11,8,7,0.0
2,11,9,7,0.002967359050445104
2,11,0,8,0.07418397626112759
2,11,1,8,0.011869436201780416
2,11,2,8,0.002967359050445104
2,11,3,8,0.008902077151335312
2,11,4,8,0.011869436201780416
2,11,5,8,0.002967359050445104
2,11,6,8,0.005934718100890208
2,11,7,8,0.002967359050445104
2,11,8,8,0.9970326409495549
2,11,9,8,0.005934718100890208
2,11,0,9,0.032640949554896145
2,11,1,9,0.04154302670623145
2,11,2,9,0.020771513353115726
2,11,3,9,0.002967359050445104
2,11,4,9,0.002967359050445104
2,11,5,9,0.005934718100890208
2,11,6,9,0.0
2,11,7,9,0.008902077151335312
2,11,8,9,0.011869436201780416
2,11,9,9,1.0
2,12,0,0,0.782991202346041
2,12,1,0,0.0
2,12,2,0,0.04105571847507331
2,12,3,0,0.002932551319648094
2,12,4,0,0.0
2,12,5,0,0.002932551319648094
2,12,6,0,0.0
2,12,7,0,0.0
2,12,8,0,0.01466275659824047
2,12,9,0,0.005865102639296188
2,12,0,1,0.002932551319648094
2,12,1,1,0.8123167155425219
2,12,2,1,0.0
2,12,3,1,0.0
2,12,4,1,0.0
2,12,5,1,0.0
2,12,6,1,0.0
2,12,7,1,0.0
2,12,8,1,0.008797653958944282
2,12,9,1,0.01466275659824047
2,12,0,2,0.02932551319648094
2,12,1,2,0.0
2,12,2,2,0.7243401759530792
2,12,3,2,0.011730205278592375
2,12,4,2,0.011730205278592375
2,12,5,2,0.01466275659824047
2,12,6,2,0.01466275659824047
2,12,7,2,0.011730205278592375
2,12,8,2,0.002932551319648094
2,12,9,2,0.0
2,12,0,3,0.026392961876832845
2,12,1,3,0.005865102639296188
2,12,2,3,0.05571847507331378
2,12,3,3,0.6920821114369502
2,12,4,3,0.04985337243401759
2,12,5,3,0.1466275659824047
2,12,6,3,0.04105571847507331
2,12,7,3,0.02932551319648094
2,12,8,3,0.002932551319648094
2,12,9,3,0.0
2,12,0,4,0.03519061583577713
2,12,1,4,0.0
2,12,2,4,0.04985337243401759
2,12,3,4,0.020527859237536656
2,12,4,4,0.8621700879765396
2,12,5,4,0.017595307917888565
2,12,6,4,0.002932551319648094
2,12,7,4,0.02346041055718475
2,12,8,4,0.002932551319648094
2,12,9,4,0.0
2,12,0,5,0.017595307917888565
2,12,1,5,0.002932551319648094
2,12,2,5,0.06744868035190615
2,12,3,5,0.1348973607038123
2,12,4,5,0.017595307917888565
2,12,5,5,0.7859237536656891
2,12,6,5,0.011730205278592375
2,12,7,5,0.03519061583577713
2,12,8,5,0.0
2,12,9,5,0.0
2,12,0,6,0.008797653958944282
2,12,1,6,0.011730205278592375
2,12,2,6,0.07624633431085044
2,12,3,6,0.06744868035190615
2,12,4,6,0.0469208211143695
2,12,5,6,0.026392961876832845
2,12,6,6,0.9765395894428153
2,12,7,6,0.002932551319648094
2,12,8,6,0.008797653958944282
2,12,9,6,0.01466275659824047
2,12,0,7,0.020527859237536656
2,12,1,7,0.002932551319648094
2,12,2,7,0.01466275659824047
2,12,3,7,0.017595307917888565
2,12,4,7,0.02932551319648094
2,12,5,7,0.02346041055718475
2,12,6,7,0.002932551319648094
2,12,7,7,0.8768328445747801
2,12,8,7,0.002932551319648094
2,12,9,7,0.002932551319648094
2,12,0,8,0.06158357771260997
2,12,1,8,0.011730205278592375
2,12,2,8,0.005865102639296188
2,12,3,8,0.005865102639296188
2,12,4,8,0.0
2,12,5,8,0.0
2,12,6,8,0.0
2,12,7,8,0.008797653958944282
2,12,8,8,0.9912023460410557
2,12,9,8,0.01466275659824047
2,12,0,9,0.05278592375366569
2,12,1,9,0.03225806451612903
2,12,2,9,0.002932551319648094
2,12,3,9,0.0
2,12,4,9,0.002932551319648094
2,12,5,9,0.0
2,12,6,9,0.0
2,12,7,9,0.0
2,12,8,9,0.011730205278592375
2,12,9,9,1.0
2,13,0,0,0.5451895043731778
2,13,1,0,0.0058309037900874635
2,13,2,0,0.014577259475218658
2,13,3,0,0.0
2,13,4,0,0.0
2,13,5,0,0.0
2,13,6,0,0.0
2,13,7,0,0.0
2,13,8,0,0.0029154518950437317
2,13,9,0,0.008746355685131196
2,13,0,1,0.0029154518950437317
2,13,1,1,0.7725947521865889
2,13,2,1,0.0
2,13,3,1,0.0
2,13,4,1,0.0
2,13,5,1,0.0
2,13,6,1,0.0
2,13,7,1,0.0
2,13,8,1,0.0
2,13,9,1,0.01749271137026239
2,13,0,2,0.119533527696793
2,13,1,2,0.008746355685131196
2,13,2,2,0.7638483965014577
2,13,3,2,0.029154518950437316
2,13,4,2,0.0058309037900874635
2,13,5,2,0.04956268221574344
2,13,6,2,0.029154518950437316
2,13,7,2,0.029154518950437316
2,13,8,2,0.0
2,13,9,2,0.0029154518950437317
2,13,0,3,0.052478134110787174
2,13,1,3,0.0058309037900874635
2,13,2,3,0.052478134110787174
2,13,3,3,0.7055393586005831
2,13,4,3,0.011661807580174927
2,13,5,3,0.239067055393586
2,13,6,3,0.011661807580174927
2,13,7,3,0.03206997084548105
2,13,8,3,0.0058309037900874635
2,13,9,3,0.0058309037900874635
2,13,0,4,0.10495626822157435
2,13,1,4,0.0058309037900874635
2,13,2,4,0.11661807580174927
2,13,3,4,0.05830903790087463
2,13,4,4,0.956268221574344
2,13,5,4,0.0728862973760933
2,13,6,4,0.04081632653061224
2,13,7,4,0.13702623906705538
2,13,8,4,0.008746355685131196
2,13,9,4,0.008746355685131196
2,13,0,5,0.0
2,13,1,5,0.0029154518950437317
2,13,2,5,0.01749271137026239
2,13,3,5,0.03206997084548105
2,13,4,5,0.0029154518950437317
2,13,5,5,0.5714285714285714
2,13,6,5,0.0
2,13,7,5,0.023323615160349854
2,13,8,5,0.0
2,13,9,5,0.0
2,13,0,6,0.008746355685131196
2,13,1,6,0.023323615160349854
2,13,2,6,0.05539358600583091
2,13,3,6,0.10787172011661808
2,13,4,6,0.03206997084548105
2,13,5,6,0.061224489795918366
2,13,6,6,0.9620991253644315
2,13,7,6,0.008746355685131196
2,13,8,6,0.02040816326530612
2,13,9,6,0.023323615160349854
2,13,0,7,0.008746355685131196
2,13,1,7,0.0
2,13,2,7,0.0029154518950437317
2,13,3,7,0.0058309037900874635
2,13,4,7,0.0029154518950437317
2,13,5,7,0.01749271137026239
2,13,6,7,0.0
2,13,7,7,0.7463556851311953
2,13,8,7,0.0
2,13,9,7,0.0
2,13,0,8,0.15451895043731778
2,13,1,8,0.029154518950437316
2,13,2,8,0.0
2,13,3,8,0.008746355685131196
2,13,4,8,0.0029154518950437317
2,13,5,8,0.0
2,13,6,8,0.0
2,13,7,8,0.0058309037900874635
2,13,8,8,1.0
2,13,9,8,0.03206997084548105
2,13,0,9,0.03498542274052478
2,13,1,9,0.02040816326530612
2,13,2,9,0.008746355685131196
2,13,3,9,0.0
2,13,4,9,0.0
2,13,5,9,0.0
2,13,6,9,0.0
2,13,7,9,0.0
2,13,8,9,0.0029154518950437317
2,13,9,9,0.9475218658892128
2,14,0,0,0.788235294117647
2,14,1,0,0.0
2,14,2,0,0.020588235294117647
2,14,3,0,0.0029411764705882353
2,14,4,0,0.0
2,14,5,0,0.0
2,14,6,0,0.0
2,14,7,0,0.0
2,14,8,0,0.058823529411764705
2,14,9,0,0.011764705882352941
2,14,0,1,0.0058823529411764705
2,14,1,1,0.8411764705882353
2,14,2,1,0.0
2,14,3,1,0.0
2,14,4,1,0.0
2,14,5,1,0.0
2,14,6,1,0.0
2,14,7,1,0.0
2,14,8,1,0.04411764705882353
2,14,9,1,0.026470588235294117
2,14,0,2,0.05
2,14,1,2,0.0
2,14,2,2,0.7441176470588236
2,14,3,2,0.0029411764705882353
2,14,4,2,0.0029411764705882353
2,14,5,2,0.014705882352941176
2,14,6,2,0.0029411764705882353
2,14,7,2,0.0029411764705882353
2,14,8,2,0.011764705882352941
2,14,9,2,0.0
2,14,0,3,0.01764705882352941
2,14,1,3,0.0
2,14,2,3,0.041176470588235294
2,14,3,3,0.638235294117647
2,14,4,3,0.011764705882352941
2,14,5,3,0.06764705882352941
2,14,6,3,0.008823529411764706
2,14,7,3,0.008823529411764706
2,14,8,3,0.0
2,14,9,3,0.0058823529411764705
2,14,0,4,0.07058823529411765
2,14,1,4,0.0029411764705882353
2,14,2,4,0.08235294117647059
2,14,3,4,0.07352941176470588
2,14,4,4,0.9470588235294117
2,14,5,4,0.03235294117647059
2,14,6,4,0.014705882352941176
2,14,7,4,0.01764705882352941
2,14,8,4,0.014705882352941176
2,14,9,4,0.008823529411764706
2,14,0,5,0.0058823529411764705
2,14,1,5,0.0
2,14,2,5,0.03823529411764706
2,14,3,5,0.11470588235294117
2,14,4,5,0.008823529411764706
2,14,5,5,0.8264705882352941
2,14,6,5,0.020588235294117647
2,14,7,5,0.014705882352941176
2,14,8,5,0.0029411764705882353
2,14,9,5,0.0
2,14,0,6,0.023529411764705882
2,14,1,6,0.01764705882352941
2,14,2,6,0.07647058823529412
2,14,3,6,0.08823529411764706
2,14,4,6,0.020588235294117647
2,14,5,6,0.029411764705882353
2,14,6,6,1.0
2,14,7,6,0.0029411764705882353
2,14,8,6,0.03823529411764706
2,14,9,6,0.011764705882352941
2,14,0,7,0.05588235294117647
2,14,1,7,0.0029411764705882353
2,14,2,7,0.03235294117647059
2,14,3,7,0.03529411764705882
2,14,4,7,0.03235294117647059
2,14,5,7,0.05
2,14,6,7,0.0058823529411764705
2,14,7,7,0.9441176470588235
2,14,8,7,0.0029411764705882353
2,14,9,7,0.03235294117647059
2,14,0,8,0.0
2,14,1,8,0.0
2,14,2,8,0.0029411764705882353
2,14,3,8,0.0
2,14,4,8,0.0
2,14,5,8,0.0
2,14,6,8,0.0
2,14,7,8,0.0
2,14,8,8,0.8235294117647058
2,14,9,8,0.0
2,14,0,9,0.023529411764705882
2,14,1,9,0.01764705882352941
2,14,2,9,0.0029411764705882353
2,14,3,9,0.0
2,14,4,9,0.0
2,14,5,9,0.0
2,14,6,9,0.0
2,14,7,9,0.0
2,14,8,9,0.052941176470588235
2,14,9,9,0.9588235294117647
2,15,0,0,0.9756838905775076
2,15,1,0,0.00911854103343465
2,15,2,0,0.05167173252279635
2,15,3,0,0.03343465045592705
2,15,4,0,0.0182370820668693
2,15,5,0,0.0060790273556231
2,15,6,0,0.00303951367781155
2,15,7,0,0.00911854103343465
2,15,8,0,0.11854103343465046
2,15,9,0,0.0243161094224924
2,15,0,1,0.0
2,15,1,1,0.8814589665653495
2,15,2,1,0.0
2,15,3,1,0.0
2,15,4,1,0.0060790273556231
2,15,5,1,0.0
2,15,6,1,0.00911854103343465
2,15,7,1,0.0
2,15,8,1,0.0243161094224924
2,15,9,1,0.04559270516717325
2,15,0,2,0.03343465045592705
2,15,1,2,0.0
2,15,2,2,0.8541033434650456
2,15,3,2,0.03951367781155015
2,15,4,2,0.015197568389057751
2,15,5,2,0.0243161094224924
2,15,6,2,0.02735562310030395
2,15,7,2,0.015197568389057751
2,15,8,2,0.0060790273556231
2,15,9,2,0.0
2,15,0,3,0.00911854103343465
2,15,1,3,0.0
2,15,2,3,0.0060790273556231
2,15,3,3,0.601823708206687
2,15,4,3,0.0060790273556231
2,15,5,3,0.0790273556231003
2,15,6,3,0.00911854103343465
2,15,7,3,0.00911854103343465
2,15,8,3,0.0
2,15,9,3,0.0
2,15,0,4,0.0121580547112462
2,15,1,4,0.0
2,15,2,4,0.0547112462006079
2,15,3,4,0.0486322188449848
2,15,4,4,0.9513677811550152
2,15,5,4,0.0364741641337386
2,15,6,4,0.00911854103343465
2,15,7,4,0.02127659574468085
2,15,8,4,0.00303951367781155
2,15,9,4,0.00303951367781155
2,15,0,5,0.0060790273556231
2,15,1,5,0.0
2,15,2,5,0.05167173252279635
2,15,3,5,0.13069908814589665
2,15,4,5,0.00303951367781155
2,15,5,5,0.8328267477203647
2,15,6,5,0.0121580547112462
2,15,7,5,0.015197568389057751
2,15,8,5,0.0
2,15,9,5,0.0
2,15,0,6,0.0
2,15,1,6,0.0
2,15,2,6,0.02127659574468085
2,15,3,6,0.0668693009118541
2,15,4,6,0.0060790273556231
2,15,5,6,0.02127659574468085
2,15,6,6,0.9848024316109423
2,15,7,6,0.0
2,15,8,6,0.00303951367781155
2,15,9,6,0.0
2,15,0,7,0.0060790273556231
2,15,1,7,0.0
2,15,2,7,0.0121580547112462
2,15,3,7,0.02735562310030395
2,15,4,7,0.03951367781155015
2,15,5,7,0.0425531914893617
2,15,6,7,0.0060790273556231
2,15,7,7,0.9452887537993921
2,15,8,7,0.0
2,15,9,7,0.00911854103343465
2,15,0,8,0.00911854103343465
2,15,1,8,0.00303951367781155
2,15,2,8,0.0060790273556231
2,15,3,8,0.03343465045592705
2,15,4,8,0.00911854103343465
2,15,5,8,0.0121580547112462
2,15,6,8,0.0243161094224924
2,15,7,8,0.0
2,15,8,8,0.9240121580547113
2,15,9,8,0.00911854103343465
2,15,0,9,0.0243161094224924
2,15,1,9,0.0182370820668693
2,15,2,9,0.0182370820668693
2,15,3,9,0.0060790273556231
2,15,4,9,0.00303951367781155
2,15,5,9,0.0
2,15,6,9,0.00303951367781155
2,15,7,9,0.00911854103343465
2,15,8,9,0.0060790273556231
2,15,9,9,1.0
2,16,0,0,0.8265895953757225
2,16,1,0,0.0
2,16,2,0,0.028901734104046242
2,16,3,0,0.002890173410404624
2,16,4,0,0.0
2,16,5,0,0.0
2,16,6,0,0.0
2,16,7,0,0.0
2,16,8,0,0.005780346820809248
2,16,9,0,0.005780346820809248
2,16,0,1,0.0
2,16,1,1,0.8208092485549133
2,16,2,1,0.0
2,16,3,1,0.0
2,16,4,1,0.0
2,16,5,1,0.0
2,16,6,1,0.0
2,16,7,1,0.0
2,16,8,1,0.0
2,16,9,1,0.002890173410404624
2,16,0,2,0.02601156069364162
2,16,1,2,0.0
2,16,2,2,0.7167630057803468
2,16,3,2,0.0
2,16,4,2,0.002890173410404624
2,16,5,2,0.002890173410404624
2,16,6,2,0.005780346820809248
2,16,7,2,0.0
2,16,8,2,0.0
2,16,9,2,0.0
2,16,0,3,0.011560693641618497
2,16,1,3,0.008670520231213872
2,16,2,3,0.0838150289017341
2,16,3,3,0.8034682080924855
2,16,4,3,0.017341040462427744
2,16,5,3,0.11560693641618497
2,16,6,3,0.031791907514450865
2,16,7,3,0.014450867052023121
2,16,8,3,0.008670520231213872
2,16,9,3,0.005780346820809248
2,16,0,4,0.03468208092485549
2,16,1,4,0.0
2,16,2,4,0.057803468208092484
2,16,3,4,0.017341040462427744
2,16,4,4,0.9335260115606936
2,16,5,4,0.023121387283236993
2,16,6,4,0.005780346820809248
2,16,7,4,0.008670520231213872
2,16,8,4,0.005780346820809248
2,16,9,4,0.002890173410404624
2,16,0,5,0.005780346820809248
2,16,1,5,0.002890173410404624
2,16,2,5,0.06069364161849711
2,16,3,5,0.08670520231213873
2,16,4,5,0.011560693641618497
2,16,5,5,0.8265895953757225
2,16,6,5,0.017341040462427744
2,16,7,5,0.017341040462427744
2,16,8,5,0.0
2,16,9,5,0.0
2,16,0,6,0.005780346820809248
2,16,1,6,0.005780346820809248
2,16,2,6,0.04335260115606936
2,16,3,6,0.017341040462427744
2,16,4,6,0.005780346820809248
2,16,5,6,0.008670520231213872
2,16,6,6,0.9710982658959537
2,16,7,6,0.002890173410404624
2,16,8,6,0.011560693641618497
2,16,9,6,0.011560693641618497
2,16,0,7,0.017341040462427744
2,16,1,7,0.0
2,16,2,7,0.023121387283236993
2,16,3,7,0.005780346820809248
2,16,4,7,0.03468208092485549
2,16,5,7,0.02601156069364162
2,16,6,7,0.002890173410404624
2,16,7,7,0.930635838150289
2,16,8,7,0.002890173410404624
2,16,9,7,0.005780346820809248
2,16,0,8,0.06936416184971098
2,16,1,8,0.008670520231213872
2,16,2,8,0.002890173410404624
2,16,3,8,0.005780346820809248
2,16,4,8,0.0
2,16,5,8,0.0
2,16,6,8,0.0
2,16,7,8,0.0
2,16,8,8,0.9826589595375722
2,16,9,8,0.002890173410404624
2,16,0,9,0.02601156069364162
2,16,1,9,0.02023121387283237
2,16,2,9,0.005780346820809248
2,16,3,9,0.0
2,16,4,9,0.0
2,16,5,9,0.0
2,16,6,9,0.0
2,16,7,9,0.0
2,16,8,9,0.014450867052023121
2,16,9,9,1.0
2,17,0,0,0.8825214899713467
2,17,1,0,0.0
2,17,2,0,0.02865329512893983
2,17,3,0,0.0057306590257879654
2,17,4,0,0.0
2,17,5,0,0.0
2,17,6,0,0.0
2,17,7,0,0.0
2,17,8,0,0.011461318051575931
2,17,9,0,0.0028653295128939827
2,17,0,1,0.014326647564469915
2,17,1,1,0.8452722063037249
2,17,2,1,0.0
2,17,3,1,0.0
2,17,4,1,0.0
2,17,5,1,0.0057306590257879654
2,17,6,1,0.0
2,17,7,1,0.0
2,17,8,1,0.025787965616045846
2,17,9,1,0.02005730659025788
2,17,0,2,0.022922636103151862
2,17,1,2,0.0
2,17,2,2,0.8080229226361032
2,17,3,2,0.014326647564469915
2,17,4,2,0.011461318051575931
2,17,5,2,0.014326647564469915
2,17,6,2,0.014326647564469915
2,17,7,2,0.0057306590257879654
2,17,8,2,0.011461318051575931
2,17,9,2,0.0028653295128939827
2,17,0,3,0.011461318051575931
2,17,1,3,0.0
2,17,2,3,0.011461318051575931
2,17,3,3,0.7020057306590258
2,17,4,3,0.008595988538681949
2,17,5,3,0.07449856733524356
2,17,6,3,0.008595988538681949
2,17,7,3,0.022922636103151862
2,17,8,3,0.0
2,17,9,3,0.0
2,17,0,4,0.017191977077363897
2,17,1,4,0.0
2,17,2,4,0.08022922636103152
2,17,3,4,0.034383954154727794
2,17,4,4,0.9598853868194842
2,17,5,4,0.04297994269340974
2,17,6,4,0.03151862464183381
2,17,7,4,0.034383954154727794
2,17,8,4,0.0028653295128939827
2,17,9,4,0.0
2,17,0,5,0.0028653295128939827
2,17,1,5,0.0
2,17,2,5,0.02865329512893983
2,17,3,5,0.09169054441260745
2,17,4,5,0.0057306590257879654
2,17,5,5,0.8166189111747851
2,17,6,5,0.0028653295128939827
2,17,7,5,0.02865329512893983
2,17,8,5,0.0028653295128939827
2,17,9,5,0.0
2,17,0,6,0.0
2,17,1,6,0.0028653295128939827
2,17,2,6,0.04297994269340974
2,17,3,6,0.06303724928366762
2,17,4,6,0.0057306590257879654
2,17,5,6,0.022922636103151862
2,17,6,6,0.9656160458452722
2,17,7,6,0.0028653295128939827
2,17,8,6,0.0028653295128939827
2,17,9,6,0.0028653295128939827
2,17,0,7,0.0
2,17,1,7,0.0
2,17,2,7,0.0028653295128939827
2,17,3,7,0.0028653295128939827
2,17,4,7,0.0028653295128939827
2,17,5,7,0.014326647564469915
2,17,6,7,0.0
2,17,7,7,0.8624641833810889
2,17,8,7,0.0
2,17,9,7,0.0
2,17,0,8,0.017191977077363897
2,17,1,8,0.0
2,17,2,8,0.008595988538681949
2,17,3,8,0.0057306590257879654
2,17,4,8,0.0028653295128939827
2,17,5,8,0.0
2,17,6,8,0.0
2,17,7,8,0.0
2,17,8,8,0.9484240687679083
2,17,9,8,0.0
2,17,0,9,0.045845272206303724
2,17,1,9,0.011461318051575931
2,17,2,9,0.0028653295128939827
2,17,3,9,0.011461318051575931
2,17,4,9,0.0
2,17,5,9,0.0028653295128939827
2,17,6,9,0.0028653295128939827
2,17,7,9,0.008595988538681949
2,17,8,9,0.017191977077363897
2,17,9,9,1.0
2,18,0,0,0.7372881355932204
2,18,1,0,0.0
2,18,2,0,0.00847457627118644
2,18,3,0,0.002824858757062147
2,18,4,0,0.0
2,18,5,0,0.002824858757062147
2,18,6,0,0.0
2,18,7,0,0.0
2,18,8,0,0.00847457627118644
2,18,9,0,0.0
2,18,0,1,0.005649717514124294
2,18,1,1,0.8022598870056498
2,18,2,1,0.0
2,18,3,1,0.0
2,18,4,1,0.002824858757062147
2,18,5,1,0.0
2,18,6,1,0.0
2,18,7,1,0.0
2,18,8,1,0.00847457627118644
2,18,9,1,0.005649717514124294
2,18,0,2,0.059322033898305086
2,18,1,2,0.0
2,18,2,2,0.7231638418079096
2,18,3,2,0.002824858757062147
2,18,4,2,0.005649717514124294
2,18,5,2,0.0
2,18,6,2,0.005649717514124294
2,18,7,2,0.0
2,18,8,2,0.0
2,18,9,2,0.0
2,18,0,3,0.03954802259887006
2,18,1,3,0.0
2,18,2,3,0.05367231638418079
2,18,3,3,0.7033898305084746
2,18,4,3,0.005649717514124294
2,18,5,3,0.08192090395480225
2,18,6,3,0.00847457627118644
2,18,7,3,0.031073446327683617
2,18,8,3,0.002824858757062147
2,18,9,3,0.0
2,18,0,4,0.00847457627118644
2,18,1,4,0.0
2,18,2,4,0.06779661016949153
2,18,3,4,0.01694915254237288
2,18,4,4,0.9322033898305084
2,18,5,4,0.05084745762711865
2,18,6,4,0.005649717514124294
2,18,7,4,0.08192090395480225
2,18,8,4,0.0
2,18,9,4,0.002824858757062147
2,18,0,5,0.002824858757062147
2,18,1,5,0.0
2,18,2,5,0.03389830508474576
2,18,3,5,0.0847457627118644
2,18,4,5,0.005649717514124294
2,18,5,5,0.807909604519774
2,18,6,5,0.002824858757062147
2,18,7,5,0.03672316384180791
2,18,8,5,0.0
2,18,9,5,0.0
2,18,0,6,0.002824858757062147
2,18,1,6,0.0
2,18,2,6,0.08757062146892655
2,18,3,6,0.09887005649717515
2,18,4,6,0.025423728813559324
2,18,5,6,0.031073446327683617
2,18,6,6,0.9858757062146892
2,18,7,6,0.002824858757062147
2,18,8,6,0.005649717514124294
2,18,9,6,0.005649717514124294
2,18,0,7,0.005649717514124294
2,18,1,7,0.0
2,18,2,7,0.002824858757062147
2,18,3,7,0.0
2,18,4,7,0.0
2,18,5,7,0.0
2,18,6,7,0.0
2,18,7,7,0.7824858757062146
2,18,8,7,0.0
2,18,9,7,0.0
2,18,0,8,0.05084745762711865
2,18,1,8,0.0
2,18,2,8,0.011299435028248588
2,18,3,8,0.002824858757062147
2,18,4,8,0.002824858757062147
2,18,5,8,0.0
2,18,6,8,0.0
2,18,7,8,0.005649717514124294
2,18,8,8,0.9689265536723164
2,18,9,8,0.0
2,18,0,9,0.08757062146892655
2,18,1,9,0.04519774011299435
2,18,2,9,0.011299435028248588
2,18,3,9,0.005649717514124294
2,18,4,9,0.002824858757062147
2,18,5,9,0.005649717514124294
2,18,6,9,0.002824858757062147
2,18,7,9,0.011299435028248588
2,18,8,9,0.014124293785310734
2,18,9,9,1.0
2,19,0,0,0.8920454545454546
2,19,1,0,0.0
2,19,2,0,0.03977272727272727
2,19,3,0,0.008522727272727272
2,19,4,0,0.0
2,19,5,0,0.002840909090909091
2,19,6,0,0.0
2,19,7,0,0.0
2,19,8,0,0.005681818181818182
2,19,9,0,0.005681818181818182
2,19,0,1,0.0
2,19,1,1,0.8011363636363636
2,19,2,1,0.0
2,19,3,1,0.0
2,19,4,1,0.0
2,19,5,1,0.0
2,19,6,1,0.002840909090909091
2,19,7,1,0.0
2,19,8,1,0.002840909090909091
2,19,9,1,0.002840909090909091
2,19,0,2,0.014204545454545454
2,19,1,2,0.0
2,19,2,2,0.7954545454545454
2,19,3,2,0.002840909090909091
2,19,4,2,0.02556818181818182
2,19,5,2,0.008522727272727272
2,19,6,2,0.008522727272727272
2,19,7,2,0.0
2,19,8,2,0.0
2,19,9,2,0.0
2,19,0,3,0.005681818181818182
2,19,1,3,0.002840909090909091
2,19,2,3,0.028409090909090908
2,19,3,3,0.6363636363636364
2,19,4,3,0.017045454545454544
2,19,5,3,0.03125
2,19,6,3,0.002840909090909091
2,19,7,3,0.002840909090909091
2,19,8,3,0.008522727272727272
2,19,9,3,0.002840909090909091
2,19,0,4,0.0
2,19,1,4,0.0
2,19,2,4,0.014204545454545454
2,19,3,4,0.002840909090909091
2,19,4,4,0.8380681818181818
2,19,5,4,0.005681818181818182
2,19,6,4,0.0
2,19,7,4,0.005681818181818182
2,19,8,4,0.0
2,19,9,4,0.0
2,19,0,5,0.0
2,19,1,5,0.0
2,19,2,5,0.045454545454545456
2,19,3,5,0.21875
2,19,4,5,0.036931818181818184
2,19,5,5,0.9090909090909091
2,19,6,5,0.014204545454545454
2,19,7,5,0.03125
2,19,8,5,0.002840909090909091
2,19,9,5,0.0
2,19,0,6,0.002840909090909091
2,19,1,6,0.0
2,19,2,6,0.048295454545454544
2,19,3,6,0.036931818181818184
2,19,4,6,0.036931818181818184
2,19,5,6,0.014204545454545454
2,19,6,6,0.9857954545454546
2,19,7,6,0.002840909090909091
2,19,8,6,0.0
2,19,9,6,0.0
2,19,0,7,0.002840909090909091
2,19,1,7,0.0
2,19,2,7,0.011363636363636364
2,19,3,7,0.011363636363636364
2,19,4,7,0.028409090909090908
2,19,5,7,0.011363636363636364
2,19,6,7,0.002840909090909091
2,19,7,7,0.90625
2,19,8,7,0.0
2,19,9,7,0.0
2,19,0,8,0.048295454545454544
2,19,1,8,0.005681818181818182
2,19,2,8,0.011363636363636364
2,19,3,8,0.002840909090909091
2,19,4,8,0.002840909090909091
2,19,5,8,0.002840909090909091
2,19,6,8,0.0
2,19,7,8,0.005681818181818182
2,19,8,8,0.9914772727272727
2,19,9,8,0.008522727272727272
2,19,0,9,0.03977272727272727
2,19,1,9,0.04261363636363636
2,19,2,9,0.011363636363636364
2,19,3,9,0.002840909090909091
2,19,4,9,0.002840909090909091
2,19,5,9,0.0
2,19,6,9,0.0
2,19,7,9,0.002840909090909091
2,19,8,9,0.002840909090909091
2,19,9,9,1.0
2,2,0,0,0.6785714285714286
2,2,1,0,0.17857142857142858
2,2,2,0,0.09415584415584416
2,2,3,0,0.01948051948051948
2,2,4,0,0.04220779220779221
2,2,5,0,0.016233766233766232
2,2,6,0,0.00974025974025974
2,2,7,0,0.01948051948051948
2,2,8,0,0.5974025974025974
2,2,9,0,0.14285714285714285
2,2,0,1,0.0
2,2,1,1,0.0
2,2,2,1,0.0
2,2,3,1,0.0
2,2,4,1,0.0
2,2,5,1,0.0
2,2,6,1,0.0
2,2,7,1,0.0
2,2,8,1,0.0
2,2,9,1,0.0
2,2,0,2,0.09090909090909091
2,2,1,2,0.07142857142857142
2,2,2,2,0.34415584415584416
2,2,3,2,0.17857142857142858
2,2,4,2,0.14285714285714285
2,2,5,2,0.10714285714285714
2,2,6,2,0.1266233766233766
2,2,7,2,0.09415584415584416
2,2,8,2,0.10714285714285714
2,2,9,2,0.13636363636363635
2,2,0,3,0.00974025974025974
2,2,1,3,0.02922077922077922
2,2,2,3,0.006493506493506494
2,2,3,3,0.025974025974025976
2,2,4,3,0.0
2,2,5,3,0.016233766233766232
2,2,6,3,0.0
2,2,7,3,0.0
2,2,8,3,0.0
2,2,9,3,0.01948051948051948
2,2,0,4,0.29545454545454547
2,2,1,4,0.4253246753246753
2,2,2,4,0.6915584415584416
2,2,3,4,0.788961038961039
2,2,4,4,0.9448051948051948
2,2,5,4,0.8506493506493507
2,2,6,4,1.0
2,2,7,4,0.8896103896103896
2,2,8,4,0.24025974025974026
2,2,9,4,0.5616883116883117
2,2,0,5,0.00974025974025974
2,2,1,5,0.032467532467532464
2,2,2,5,0.003246753246753247
2,2,3,5,0.032467532467532464
2,2,4,5,0.0
2,2,5,5,0.12987012987012986
2,2,6,5,0.00974025974025974
2,2,7,5,0.04220779220779221
2,2,8,5,0.006493506493506494
2,2,9,5,0.05194805194805195
2,2,0,6,0.0
2,2,1,6,0.0
2,2,2,6,0.0
2,2,3,6,0.0
2,2,4,6,0.0
2,2,5,6,0.0
2,2,6,6,0.00974025974025974
2,2,7,6,0.0
2,2,8,6,0.0
2,2,9,6,0.0
2,2,0,7,0.0
2,2,1,7,0.006493506493506494
2,2,2,7,0.0
2,2,3,7,0.006493506493506494
2,2,4,7,0.0
2,2,5,7,0.003246753246753247
2,2,6,7,0.0
2,2,7,7,0.048701298701298704
2,2,8,7,0.0
2,2,9,7,0.01948051948051948
2,2,0,8,0.06493506493506493
2,2,1,8,0.22727272727272727
2,2,2,8,0.00974025974025974
2,2,3,8,0.003246753246753247
2,2,4,8,0.0
2,2,5,8,0.003246753246753247
2,2,6,8,0.006493506493506494
2,2,7,8,0.0
2,2,8,8,0.2077922077922078
2,2,9,8,0.23376623376623376
2,2,0,9,0.0
2,2,1,9,0.003246753246753247
2,2,2,9,0.0
2,2,3,9,0.0
2,2,4,9,0.0
2,2,5,9,0.0
2,2,6,9,0.0
2,2,7,9,0.0
2,2,8,9,0.0
2,2,9,9,0.0
2,20,0,0,0.867816091954023
2,20,1,0,0.0
2,20,2,0,0.022988505747126436
2,20,3,0,0.005747126436781609
2,20,4,0,0.005747126436781609
2,20,5,0,0.0028735632183908046
2,20,6,0,0.0
2,20,7,0,0.008620689655172414
2,20,8,0,0.0028735632183908046
2,20,9,0,0.0028735632183908046
2,20,0,1,0.022988505747126436
2,20,1,1,0.8563218390804598
2,20,2,1,0.0
2,20,3,1,0.0028735632183908046
2,20,4,1,0.0028735632183908046
2,20,5,1,0.0028735632183908046
2,20,6,1,0.005747126436781609
2,20,7,1,0.0028735632183908046
2,20,8,1,0.020114942528735632
2,20,9,1,0.02586206896551724
2,20,0,2,0.03735632183908046
2,20,1,2,0.0
2,20,2,2,0.9454022988505747
2,20,3,2,0.07183908045977011
2,20,4,2,0.09195402298850575
2,20,5,2,0.08333333333333333
2,20,6,2,0.028735632183908046
2,20,7,2,0.031609195402298854
2,20,8,2,0.005747126436781609
2,20,9,2,0.0
2,20,0,3,0.0028735632183908046
2,20,1,3,0.0
2,20,2,3,0.011494252873563218
2,20,3,3,0.764367816091954
2,20,4,3,0.034482758620689655
2,20,5,3,0.13793103448275862
2,20,6,3,0.05747126436781609
2,20,7,3,0.02586206896551724
2,20,8,3,0.0
2,20,9,3,0.0
2,20,0,4,0.0
2,20,1,4,0.0
2,20,2,4,0.005747126436781609
2,20,3,4,0.008620689655172414
2,20,4,4,0.8390804597701149
2,20,5,4,0.020114942528735632
2,20,6,4,0.0
2,20,7,4,0.020114942528735632
2,20,8,4,0.0
2,20,9,4,0.0
2,20,0,5,0.0
2,20,1,5,0.0
2,20,2,5,0.0
2,20,3,5,0.04885057471264368
2,20,4,5,0.005747126436781609
2,20,5,5,0.7241379310344828
2,20,6,5,0.0028735632183908046
2,20,7,5,0.0028735632183908046
2,20,8,5,0.0
2,20,9,5,0.0
2,20,0,6,0.0
2,20,1,6,0.0
2,20,2,6,0.008620689655172414
2,20,3,6,0.022988505747126436
2,20,4,6,0.0028735632183908046
2,20,5,6,0.011494252873563218
2,20,6,6,0.9281609195402298
2,20,7,6,0.0
2,20,8,6,0.0028735632183908046
2,20,9,6,0.0
2,20,0,7,0.0
2,20,1,7,0.0
2,20,2,7,0.0
2,20,3,7,0.0028735632183908046
2,20,4,7,0.0028735632183908046
2,20,5,7,0.005747126436781609
2,20,6,7,0.0
2,20,7,7,0.8477011494252874
2,20,8,7,0.0
2,20,9,7,0.0
2,20,0,8,0.04885057471264368
2,20,1,8,0.0
2,20,2,8,0.011494252873563218
2,20,3,8,0.005747126436781609
2,20,4,8,0.005747126436781609
2,20,5,8,0.0028735632183908046
2,20,6,8,0.005747126436781609
2,20,7,8,0.008620689655172414
2,20,8,8,0.9827586206896551
2,20,9,8,0.0028735632183908046
2,20,0,9,0.03735632183908046
2,20,1,9,0.005747126436781609
2,20,2,9,0.011494252873563218
2,20,3,9,0.0
2,20,4,9,0.008620689655172414
2,20,5,9,0.005747126436781609
2,20,6,9,0.0
2,20,7,9,0.020114942528735632
2,20,8,9,0.011494252873563218
2,20,9,9,1.0
2,3,0,0,0.21835443037974683
2,3,1,0,0.012658227848101266
2,3,2,0,0.00949367088607595
2,3,3,0,0.0
2,3,4,0,0.006329113924050633
2,3,5,0,0.0
2,3,6,0,0.0
2,3,7,0,0.0
2,3,8,0,0.012658227848101266
2,3,9,0,0.015822784810126583
2,3,0,1,0.015822784810126583
2,3,1,1,0.3291139240506329
2,3,2,1,0.0031645569620253164
2,3,3,1,0.0031645569620253164
2,3,4,1,0.0
2,3,5,1,0.0
2,3,6,1,0.0
2,3,7,1,0.0
2,3,8,1,0.006329113924050633
2,3,9,1,0.06645569620253164
2,3,0,2,0.14556962025316456
2,3,1,2,0.00949367088607595
2,3,2,2,0.48417721518987344
2,3,3,2,0.08227848101265822
2,3,4,2,0.11075949367088607
2,3,5,2,0.06962025316455696
2,3,6,2,0.04746835443037975
2,3,7,2,0.05063291139240506
2,3,8,2,0.006329113924050633
2,3,9,2,0.012658227848101266
2,3,0,3,0.056962025316455694
2,3,1,3,0.0189873417721519
2,3,2,3,0.07911392405063292
2,3,3,3,0.5221518987341772
2,3,4,3,0.11075949367088607
2,3,5,3,0.2721518987341772
2,3,6,3,0.2120253164556962
2,3,7,3,0.11708860759493671
2,3,8,3,0.028481012658227847
2,3,9,3,0.04746835443037975
2,3,0,4,0.05379746835443038
2,3,1,4,0.05379746835443038
2,3,2,4,0.2689873417721519
2,3,3,4,0.12974683544303797
2,3,4,4,0.7025316455696202
2,3,5,4,0.11075949367088607
2,3,6,4,0.47468354430379744
2,3,7,4,0.2974683544303797
2,3,8,4,0.03481012658227848
2,3,9,4,0.06962025316455696
2,3,0,5,0.028481012658227847
2,3,1,5,0.012658227848101266
2,3,2,5,0.12341772151898735
2,3,3,5,0.18670886075949367
2,3,4,5,0.07911392405063292
2,3,5,5,0.5854430379746836
2,3,6,5,0.04746835443037975
2,3,7,5,0.21835443037974683
2,3,8,5,0.012658227848101266
2,3,9,5,0.04113924050632911
2,3,0,6,0.0031645569620253164
2,3,1,6,0.03481012658227848
2,3,2,6,0.0031645569620253164
2,3,3,6,0.02531645569620253
2,3,4,6,0.0031645569620253164
2,3,5,6,0.0031645569620253164
2,3,6,6,0.30063291139240506
2,3,7,6,0.0
2,3,8,6,0.0031645569620253164
2,3,9,6,0.02531645569620253
2,3,0,7,0.0189873417721519
2,3,1,7,0.0031645569620253164
2,3,2,7,0.015822784810126583
2,3,3,7,0.0031645569620253164
2,3,4,7,0.022151898734177215
2,3,5,7,0.012658227848101266
2,3,6,7,0.0031645569620253164
2,3,7,7,0.3259493670886076
2,3,8,7,0.0031645569620253164
2,3,9,7,0.0189873417721519
2,3,0,8,0.5474683544303798
2,3,1,8,0.3924050632911392
2,3,2,8,0.12974683544303797
2,3,3,8,0.07278481012658228
2,3,4,8,0.06329113924050633
2,3,5,8,0.04430379746835443
2,3,6,8,0.04746835443037975
2,3,7,8,0.04746835443037975
2,3,8,8,1.0
2,3,9,8,0.24367088607594936
2,3,0,9,0.03164556962025317
2,3,1,9,0.08227848101265822
2,3,2,9,0.0031645569620253164
2,3,3,9,0.0031645569620253164
2,3,4,9,0.0031645569620253164
2,3,5,9,0.0
2,3,6,9,0.0
2,3,7,9,0.00949367088607595
2,3,8,9,0.022151898734177215
2,3,9,9,0.5949367088607594
2,4,0,0,0.6085526315789473
2,4,1,0,0.006578947368421052
2,4,2,0,0.07894736842105263
2,4,3,0,0.006578947368421052
2,4,4,0,0.02631578947368421
2,4,5,0,0.003289473684210526
2,4,6,0,0.006578947368421052
2,4,7,0,0.009868421052631578
2,4,8,0,0.05592105263157895
2,4,9,0,0.01644736842105263
2,4,0,1,0.039473684210526314
2,4,1,1,0.7039473684210527
2,4,2,1,0.013157894736842105
2,4,3,1,0.009868421052631578
2,4,4,1,0.006578947368421052
2,4,5,1,0.013157894736842105
2,4,6,1,0.006578947368421052
2,4,7,1,0.013157894736842105
2,4,8,1,0.029605263157894735
2,4,9,1,0.0756578947368421
2,4,0,2,0.08223684210526316
2,4,1,2,0.006578947368421052
2,4,2,2,0.625
2,4,3,2,0.10526315789473684
2,4,4,2,0.11513157894736842
2,4,5,2,0.10855263157894737
2,4,6,2,0.05921052631578947
2,4,7,2,0.05921052631578947
2,4,8,2,0.013157894736842105
2,4,9,2,0.006578947368421052
2,4,0,3,0.01644736842105263
2,4,1,3,0.0
2,4,2,3,0.029605263157894735
2,4,3,3,0.2532894736842105
2,4,4,3,0.006578947368421052
2,4,5,3,0.1875
2,4,6,3,0.006578947368421052
2,4,7,3,0.039473684210526314
2,4,8,3,0.013157894736842105
2,4,9,3,0.006578947368421052
2,4,0,4,0.039473684210526314
2,4,1,4,0.02631578947368421
2,4,2,4,0.1611842105263158
2,4,3,4,0.1611842105263158
2,4,4,4,0.8125
2,4,5,4,0.17763157894736842
2,4,6,4,0.07236842105263158
2,4,7,4,0.3190789473684211
2,4,8,4,0.009868421052631578
2,4,9,4,0.03618421052631579
2,4,0,5,0.0
2,4,1,5,0.0
2,4,2,5,0.03618421052631579
2,4,3,5,0.07894736842105263
2,4,4,5,0.0
2,4,5,5,0.3848684210526316
2,4,6,5,0.0
2,4,7,5,0.02631578947368421
2,4,8,5,0.0
2,4,9,5,0.0
2,4,0,6,0.013157894736842105
2,4,1,6,0.023026315789473683
2,4,2,6,0.14144736842105263
2,4,3,6,0.3618421052631579
2,4,4,6,0.10526315789473684
2,4,5,6,0.17105263157894737
2,4,6,6,1.0
2,4,7,6,0.023026315789473683
2,4,8,6,0.019736842105263157
2,4,9,6,0.02631578947368421
2,4,0,7,0.023026315789473683
2,4,1,7,0.006578947368421052
2,4,2,7,0.02631578947368421
2,4,3,7,0.03618421052631579
2,4,4,7,0.03618421052631579
2,4,5,7,0.0756578947368421
2,4,6,7,0.003289473684210526
2,4,7,7,0.5921052631578947
2,4,8,7,0.0
2,4,9,7,0.013157894736842105
2,4,0,8,0.25
2,4,1,8,0.03289473684210526
2,4,2,8,0.039473684210526314
2,4,3,8,0.046052631578947366
2,4,4,8,0.023026315789473683
2,4,5,8,0.009868421052631578
2,4,6,8,0.01644736842105263
2,4,7,8,0.009868421052631578
2,4,8,8,0.9769736842105263
2,4,9,8,0.02631578947368421
2,4,0,9,0.09210526315789473
2,4,1,9,0.18092105263157895
2,4,2,9,0.013157894736842105
2,4,3,9,0.009868421052631578
2,4,4,9,0.013157894736842105
2,4,5,9,0.009868421052631578
2,4,6,9,0.006578947368421052
2,4,7,9,0.01644736842105263
2,4,8,9,0.05592105263157895
2,4,9,9,0.9736842105263158
2,5,0,0,0.6233333333333333
2,5,1,0,0.016666666666666666
2,5,2,0,0.04
2,5,3,0,0.006666666666666667
2,5,4,0,0.0
2,5,5,0,0.0033333333333333335
2,5,6,0,0.0
2,5,7,0,0.0
2,5,8,0,0.03333333333333333
2,5,9,0,0.01
2,5,0,1,0.016666666666666666
2,5,1,1,0.7233333333333334
2,5,2,1,0.0033333333333333335
2,5,3,1,0.0033333333333333335
2,5,4,1,0.0
2,5,5,1,0.0033333333333333335
2,5,6,1,0.0
2,5,7,1,0.0
2,5,8,1,0.016666666666666666
2,5,9,1,0.04666666666666667
2,5,0,2,0.08
2,5,1,2,0.0
2,5,2,2,0.44666666666666666
2,5,3,2,0.013333333333333334
2,5,4,2,0.006666666666666667
2,5,5,2,0.02
2,5,6,2,0.016666666666666666
2,5,7,2,0.01
2,5,8,2,0.013333333333333334
2,5,9,2,0.01
2,5,0,3,0.04
2,5,1,3,0.01
2,5,2,3,0.06
2,5,3,3,0.41
2,5,4,3,0.03
2,5,5,3,0.08333333333333333
2,5,6,3,0.05333333333333334
2,5,7,3,0.02
2,5,8,3,0.043333333333333335
2,5,9,3,0.023333333333333334
2,5,0,4,0.07666666666666666
2,5,1,4,0.01
2,5,2,4,0.25666666666666665
2,5,3,4,0.09666666666666666
2,5,4,4,0.9033333333333333
2,5,5,4,0.08
2,5,6,4,0.07
2,5,7,4,0.10333333333333333
2,5,8,4,0.02
2,5,9,4,0.016666666666666666
2,5,0,5,0.016666666666666666
2,5,1,5,0.0033333333333333335
2,5,2,5,0.16666666666666666
2,5,3,5,0.37333333333333335
2,5,4,5,0.03666666666666667
2,5,5,5,0.8533333333333334
2,5,6,5,0.07
2,5,7,5,0.11
2,5,8,5,0.01
2,5,9,5,0.0033333333333333335
2,5,0,6,0.006666666666666667
2,5,1,6,0.02
2,5,2,6,0.14333333333333334
2,5,3,6,0.13
2,5,4,6,0.08
2,5,5,6,0.043333333333333335
2,5,6,6,0.95
2,5,7,6,0.01
2,5,8,6,0.01
2,5,9,6,0.006666666666666667
2,5,0,7,0.06
2,5,1,7,0.006666666666666667
2,5,2,7,0.03666666666666667
2,5,3,7,0.04
2,5,4,7,0.09
2,5,5,7,0.07
2,5,6,7,0.016666666666666666
2,5,7,7,0.8633333333333333
2,5,8,7,0.013333333333333334
2,5,9,7,0.07666666666666666
2,5,0,8,0.20666666666666667
2,5,1,8,0.056666666666666664
2,5,2,8,0.016666666666666666
2,5,3,8,0.01
2,5,4,8,0.01
2,5,5,8,0.0
2,5,6,8,0.01
2,5,7,8,0.0
2,5,8,8,1.0
2,5,9,8,0.03
2,5,0,9,0.05333333333333334
2,5,1,9,0.15333333333333332
2,5,2,9,0.01
2,5,3,9,0.0
2,5,4,9,0.0033333333333333335
2,5,5,9,0.0
2,5,6,9,0.006666666666666667
2,5,7,9,0.006666666666666667
2,5,8,9,0.03
2,5,9,9,0.9733333333333334
2,6,0,0,0.6055900621118012
2,6,1,0,0.0
2,6,2,0,0.027950310559006212
2,6,3,0,0.006211180124223602
2,6,4,0,0.006211180124223602
2,6,5,0,0.006211180124223602
2,6,6,0,0.0
2,6,7,0,0.003105590062111801
2,6,8,0,0.052795031055900624
2,6,9,0,0.018633540372670808
2,6,0,1,0.024844720496894408
2,6,1,1,0.7484472049689441
2,6,2,1,0.0
2,6,3,1,0.003105590062111801
2,6,4,1,0.0
2,6,5,1,0.003105590062111801
2,6,6,1,0.003105590062111801
2,6,7,1,0.0
2,6,8,1,0.003105590062111801
2,6,9,1,0.052795031055900624
2,6,0,2,0.18012422360248448
2,6,1,2,0.009316770186335404
2,6,2,2,0.7546583850931677
2,6,3,2,0.08695652173913043
2,6,4,2,0.11801242236024845
2,6,5,2,0.07142857142857142
2,6,6,2,0.062111801242236024
2,6,7,2,0.046583850931677016
2,6,8,2,0.018633540372670808
2,6,9,2,0.006211180124223602
2,6,0,3,0.031055900621118012
2,6,1,3,0.003105590062111801
2,6,2,3,0.059006211180124224
2,6,3,3,0.5341614906832298
2,6,4,3,0.034161490683229816
2,6,5,3,0.13664596273291926
2,6,6,3,0.07763975155279502
2,6,7,3,0.024844720496894408
2,6,8,3,0.018633540372670808
2,6,9,3,0.006211180124223602
2,6,0,4,0.021739130434782608
2,6,1,4,0.003105590062111801
2,6,2,4,0.08074534161490683
2,6,3,4,0.09006211180124224
2,6,4,4,0.8229813664596274
2,6,5,4,0.055900621118012424
2,6,6,4,0.08695652173913043
2,6,7,4,0.09627329192546584
2,6,8,4,0.006211180124223602
2,6,9,4,0.018633540372670808
2,6,0,5,0.003105590062111801
2,6,1,5,0.0
2,6,2,5,0.08074534161490683
2,6,3,5,0.17701863354037267
2,6,4,5,0.027950310559006212
2,6,5,5,0.7484472049689441
2,6,6,5,0.040372670807453416
2,6,7,5,0.12732919254658384
2,6,8,5,0.003105590062111801
2,6,9,5,0.012422360248447204
2,6,0,6,0.0
2,6,1,6,0.021739130434782608
2,6,2,6,0.049689440993788817
2,6,3,6,0.07142857142857142
2,6,4,6,0.027950310559006212
2,6,5,6,0.021739130434782608
2,6,6,6,0.8291925465838509
2,6,7,6,0.0
2,6,8,6,0.0
2,6,9,6,0.0
2,6,0,7,0.012422360248447204
2,6,1,7,0.003105590062111801
2,6,2,7,0.009316770186335404
2,6,3,7,0.018633540372670808
2,6,4,7,0.024844720496894408
2,6,5,7,0.021739130434782608
2,6,6,7,0.0
2,6,7,7,0.7329192546583851
2,6,8,7,0.0
2,6,9,7,0.006211180124223602
2,6,0,8,0.18322981366459629
2,6,1,8,0.07763975155279502
2,6,2,8,0.024844720496894408
2,6,3,8,0.015527950310559006
2,6,4,8,0.015527950310559006
2,6,5,8,0.009316770186335404
2,6,6,8,0.009316770186335404
2,6,7,8,0.009316770186335404
2,6,8,8,1.0
2,6,9,8,0.08695652173913043
2,6,0,9,0.037267080745341616
2,6,1,9,0.06521739130434782
2,6,2,9,0.012422360248447204
2,6,3,9,0.006211180124223602
2,6,4,9,0.003105590062111801
2,6,5,9,0.003105590062111801
2,6,6,9,0.003105590062111801
2,6,7,9,0.006211180124223602
2,6,8,9,0.006211180124223602
2,6,9,9,0.906832298136646
2,7,0,0,0.9936507936507937
2,7,1,0,0.022222222222222223
2,7,2,0,0.17142857142857143
2,7,3,0,0.01904761904761905
2,7,4,0,0.06031746031746032
2,7,5,0,0.01904761904761905
2,7,6,0,0.03492063492063492
2,7,7,0,0.022222222222222223
2,7,8,0,0.1111111111111111
2,7,9,0,0.05396825396825397
2,7,0,1,0.009523809523809525
2,7,1,1,0.8285714285714286
2,7,2,1,0.009523809523809525
2,7,3,1,0.022222222222222223
2,7,4,1,0.0
2,7,5,1,0.015873015873015872
2,7,6,1,0.012698412698412698
2,7,7,1,0.0
2,7,8,1,0.009523809523809525
2,7,9,1,0.047619047619047616
2,7,0,2,0.01904761904761905
2,7,1,2,0.0
2,7,2,2,0.580952380952381
2,7,3,2,0.022222222222222223
2,7,4,2,0.015873015873015872
2,7,5,2,0.02857142857142857
2,7,6,2,0.03492063492063492
2,7,7,2,0.009523809523809525
2,7,8,2,0.006349206349206349
2,7,9,2,0.0031746031746031746
2,7,0,3,0.009523809523809525
2,7,1,3,0.0
2,7,2,3,0.012698412698412698
2,7,3,3,0.43492063492063493
2,7,4,3,0.006349206349206349
2,7,5,3,0.07936507936507936
2,7,6,3,0.025396825396825397
2,7,7,3,0.012698412698412698
2,7,8,3,0.0
2,7,9,3,0.0
2,7,0,4,0.0031746031746031746
2,7,1,4,0.0
2,7,2,4,0.12380952380952381
2,7,3,4,0.09523809523809523
2,7,4,4,0.8888888888888888
2,7,5,4,0.08571428571428572
2,7,6,4,0.05396825396825397
2,7,7,4,0.08571428571428572
2,7,8,4,0.0031746031746031746
2,7,9,4,0.009523809523809525
2,7,0,5,0.0
2,7,1,5,0.0
2,7,2,5,0.08253968253968254
2,7,3,5,0.1619047619047619
2,7,4,5,0.009523809523809525
2,7,5,5,0.7206349206349206
2,7,6,5,0.012698412698412698
2,7,7,5,0.05396825396825397
2,7,8,5,0.0
2,7,9,5,0.0
2,7,0,6,0.0
2,7,1,6,0.009523809523809525
2,7,2,6,0.044444444444444446
2,7,3,6,0.10793650793650794
2,7,4,6,0.0380952380952381
2,7,5,6,0.0380952380952381
2,7,6,6,0.9047619047619048
2,7,7,6,0.0031746031746031746
2,7,8,6,0.0
2,7,9,6,0.0
2,7,0,7,0.006349206349206349
2,7,1,7,0.0
2,7,2,7,0.025396825396825397
2,7,3,7,0.02857142857142857
2,7,4,7,0.050793650793650794
2,7,5,7,0.05714285714285714
2,7,6,7,0.009523809523809525
2,7,7,7,0.8539682539682539
2,7,8,7,0.0
2,7,9,7,0.0031746031746031746
2,7,0,8,0.047619047619047616
2,7,1,8,0.04126984126984127
2,7,2,8,0.0380952380952381
2,7,3,8,0.06984126984126984
2,7,4,8,0.02857142857142857
2,7,5,8,0.02857142857142857
2,7,6,8,0.025396825396825397
2,7,7,8,0.01904761904761905
2,7,8,8,1.0
2,7,9,8,0.06349206349206349
2,7,0,9,0.03492063492063492
2,7,1,9,0.050793650793650794
2,7,2,9,0.03492063492063492
2,7,3,9,0.06984126984126984
2,7,4,9,0.006349206349206349
2,7,5,9,0.02857142857142857
2,7,6,9,0.022222222222222223
2,7,7,9,0.009523809523809525
2,7,8,9,0.0031746031746031746
2,7,9,9,0.9587301587301588
2,8,0,0,0.7844827586206896
2,8,1,0,0.008620689655172414
2,8,2,0,0.11781609195402298
2,8,3,0,0.008620689655172414
2,8,4,0,0.028735632183908046
2,8,5,0,0.011494252873563218
2,8,6,0,0.005747126436781609
2,8,7,0,0.014367816091954023
2,8,8,0,0.13793103448275862
2,8,9,0,0.008620689655172414
2,8,0,1,0.028735632183908046
2,8,1,1,0.7385057471264368
2,8,2,1,0.014367816091954023
2,8,3,1,0.020114942528735632
2,8,4,1,0.008620689655172414
2,8,5,1,0.014367816091954023
2,8,6,1,0.02586206896551724
2,8,7,1,0.008620689655172414
2,8,8,1,0.1781609195402299
2,8,9,1,0.017241379310344827
2,8,0,2,0.034482758620689655
2,8,1,2,0.0028735632183908046
2,8,2,2,0.5977011494252874
2,8,3,2,0.04885057471264368
2,8,4,2,0.05172413793103448
2,8,5,2,0.034482758620689655
2,8,6,2,0.040229885057471264
2,8,7,2,0.0028735632183908046
2,8,8,2,0.011494252873563218
2,8,9,2,0.0
2,8,0,3,0.005747126436781609
2,8,1,3,0.0
2,8,2,3,0.031609195402298854
2,8,3,3,0.35344827586206895
2,8,4,3,0.02586206896551724
2,8,5,3,0.04597701149425287
2,8,6,3,0.008620689655172414
2,8,7,3,0.0028735632183908046
2,8,8,3,0.005747126436781609
2,8,9,3,0.0
2,8,0,4,0.008620689655172414
2,8,1,4,0.0028735632183908046
2,8,2,4,0.02586206896551724
2,8,3,4,0.008620689655172414
2,8,4,4,0.5804597701149425
2,8,5,4,0.011494252873563218
2,8,6,4,0.0
2,8,7,4,0.014367816091954023
2,8,8,4,0.0028735632183908046
2,8,9,4,0.0028735632183908046
2,8,0,5,0.0
2,8,1,5,0.0
2,8,2,5,0.06609195402298851
2,8,3,5,0.20689655172413793
2,8,4,5,0.05172413793103448
2,8,5,5,0.7212643678160919
2,8,6,5,0.022988505747126436
2,8,7,5,0.04310344827586207
2,8,8,5,0.0
2,8,9,5,0.0
2,8,0,6,0.008620689655172414
2,8,1,6,0.0
2,8,2,6,0.08333333333333333
2,8,3,6,0.1752873563218391
2,8,4,6,0.08620689655172414
2,8,5,6,0.05459770114942529
2,8,6,6,0.896551724137931
2,8,7,6,0.0
2,8,8,6,0.017241379310344827
2,8,9,6,0.0028735632183908046
2,8,0,7,0.008620689655172414
2,8,1,7,0.0
2,8,2,7,0.04885057471264368
2,8,3,7,0.05172413793103448
2,8,4,7,0.15804597701149425
2,8,5,7,0.06896551724137931
2,8,6,7,0.011494252873563218
2,8,7,7,0.8390804597701149
2,8,8,7,0.0028735632183908046
2,8,9,7,0.0
2,8,0,8,0.005747126436781609
2,8,1,8,0.0
2,8,2,8,0.0
2,8,3,8,0.0028735632183908046
2,8,4,8,0.0
2,8,5,8,0.0
2,8,6,8,0.0
2,8,7,8,0.0028735632183908046
2,8,8,8,0.4827586206896552
2,8,9,8,0.0
2,8,0,9,0.13218390804597702
2,8,1,9,0.10919540229885058
2,8,2,9,0.031609195402298854
2,8,3,9,0.05747126436781609
2,8,4,9,0.008620689655172414
2,8,5,9,0.034482758620689655
2,8,6,9,0.017241379310344827
2,8,7,9,0.040229885057471264
2,8,8,9,0.1867816091954023
2,8,9,9,1.0
2,9,0,0,0.8862275449101796
2,9,1,0,0.005988023952095809
2,9,2,0,0.03592814371257485
2,9,3,0,0.0029940119760479044
2,9,4,0,0.017964071856287425
2,9,5,0,0.008982035928143712
2,9,6,0,0.0
2,9,7,0,0.014970059880239521
2,9,8,0,0.17964071856287425
2,9,9,0,0.02694610778443114
2,9,0,1,0.02694610778443114
2,9,1,1,0.8622754491017964
2,9,2,1,0.008982035928143712
2,9,3,1,0.014970059880239521
2,9,4,1,0.005988023952095809
2,9,5,1,0.005988023952095809
2,9,6,1,0.008982035928143712
2,9,7,1,0.005988023952095809
2,9,8,1,0.11377245508982035
2,9,9,1,0.08682634730538923
2,9,0,2,0.09580838323353294
2,9,1,2,0.005988023952095809
2,9,2,2,0.811377245508982
2,9,3,2,0.0748502994011976
2,9,4,2,0.08682634730538923
2,9,5,2,0.08083832335329341
2,9,6,2,0.023952095808383235
2,9,7,2,0.03293413173652695
2,9,8,2,0.04790419161676647
2,9,9,2,0.005988023952095809
2,9,0,3,0.005988023952095809
2,9,1,3,0.0
2,9,2,3,0.041916167664670656
2,9,3,3,0.6197604790419161
2,9,4,3,0.0658682634730539
2,9,5,3,0.17065868263473055
2,9,6,3,0.017964071856287425
2,9,7,3,0.02694610778443114
2,9,8,3,0.011976047904191617
2,9,9,3,0.0
2,9,0,4,0.0
2,9,1,4,0.0
2,9,2,4,0.017964071856287425
2,9,3,4,0.011976047904191617
2,9,4,4,0.5808383233532934
2,9,5,4,0.023952095808383235
2,9,6,4,0.0
2,9,7,4,0.023952095808383235
2,9,8,4,0.0029940119760479044
2,9,9,4,0.0
2,9,0,5,0.0
2,9,1,5,0.0
2,9,2,5,0.03293413173652695
2,9,3,5,0.11077844311377245
2,9,4,5,0.03293413173652695
2,9,5,5,0.6676646706586826
2,9,6,5,0.011976047904191617
2,9,7,5,0.04491017964071856
2,9,8,5,0.0
2,9,9,5,0.0
2,9,0,6,0.008982035928143712
2,9,1,6,0.0
2,9,2,6,0.09580838323353294
2,9,3,6,0.11377245508982035
2,9,4,6,0.19461077844311378
2,9,5,6,0.05089820359281437
2,9,6,6,1.0
2,9,7,6,0.005988023952095809
2,9,8,6,0.008982035928143712
2,9,9,6,0.0029940119760479044
2,9,0,7,0.0029940119760479044
2,9,1,7,0.0
2,9,2,7,0.005988023952095809
2,9,3,7,0.008982035928143712
2,9,4,7,0.05389221556886228
2,9,5,7,0.023952095808383235
2,9,6,7,0.0029940119760479044
2,9,7,7,0.8383233532934131
2,9,8,7,0.0029940119760479044
2,9,9,7,0.0
2,9,0,8,0.014970059880239521
2,9,1,8,0.0
2,9,2,8,0.0
2,9,3,8,0.0
2,9,4,8,0.0
2,9,5,8,0.0
2,9,6,8,0.0
2,9,7,8,0.0
2,9,8,8,0.6736526946107785
2,9,9,8,0.0
2,9,0,9,0.017964071856287425
2,9,1,9,0.023952095808383235
2,9,2,9,0.008982035928143712
2,9,3,9,0.014970059880239521
2,9,4,9,0.0029940119760479044
2,9,5,9,0.005988023952095809
2,9,6,9,0.005988023952095809
2,9,7,9,0.014970059880239521
2,9,8,9,0.02694610778443114
2,9,9,9,0.9520958083832335
3,1,0,0,0.4641548927263213
3,1,1,0,0.013082155939298797
3,1,2,0,0.024594453165881738
3,1,3,0,0.0010465724751439038
3,1,4,0,0.012558869701726845
3,1,5,0,0.0
3,1,6,0,0.0026164311878597592
3,1,7,0,0.0005232862375719519
3,1,8,0,0.0575614861329147
3,1,9,0,0.013605442176870748
3,1,0,1,0.058084772370486655
3,1,1,1,0.8048142333856619
3,1,2,1,0.009419152276295133
3,1,3,1,0.0057561486132914706
3,1,4,1,0.0052328623757195184
3,1,5,1,0.004709576138147566
3,1,6,1,0.0052328623757195184
3,1,7,1,0.0026164311878597592
3,1,8,1,0.09314495028780743
3,1,9,1,0.1292517006802721
3,1,0,2,0.19518576661433804
3,1,1,2,0.004186289900575615
3,1,2,2,0.3453689167974882
3,1,3,2,0.047619047619047616
3,1,4,2,0.04709576138147567
3,1,5,2,0.05337519623233909
3,1,6,2,0.013082155939298797
3,1,7,2,0.017791732077446363
3,1,8,2,0.06436420722135008
3,1,9,2,0.010465724751439037
3,1,0,3,0.04081632653061224
3,1,1,3,0.013605442176870748
3,1,2,3,0.10361067503924647
3,1,3,3,0.4594453165881737
3,1,4,3,0.04866562009419152
3,1,5,3,0.304029304029304
3,1,6,3,0.03296703296703297
3,1,7,3,0.08529565672422815
3,1,8,3,0.030350601779173206
3,1,9,3,0.02511773940345369
3,1,0,4,0.06907378335949764
3,1,1,4,0.015698587127158554
3,1,2,4,0.48770277341705914
3,1,3,4,0.20198848770277342
3,1,4,4,0.902668759811617
3,1,5,4,0.23390894819466249
3,1,6,4,0.21245421245421245
3,1,7,4,0.3092621664050236
3,1,8,4,0.021454735740450027
3,1,9,4,0.018838304552590265
3,1,0,5,0.011512297226582941
3,1,1,5,0.0005232862375719519
3,1,2,5,0.06488749345892203
3,1,3,5,0.1130298273155416
3,1,4,5,0.013082155939298797
3,1,5,5,0.38409209837781266
3,1,6,5,0.0020931449502878076
3,1,7,5,0.054945054945054944
3,1,8,5,0.009942438513867086
3,1,9,5,0.006279434850863423
3,1,0,6,0.03610675039246468
3,1,1,6,0.06541077969649398
3,1,2,6,0.14809000523286237
3,1,3,6,0.3888016745159602
3,1,4,6,0.17320774463631605
3,1,5,6,0.1967556253270539
3,1,6,6,1.0
3,1,7,6,0.09052851909994768
3,1,8,6,0.041339612768184195
3,1,9,6,0.09105180533751962
3,1,0,7,0.05337519623233909
3,1,1,7,0.024071166928309785
3,1,2,7,0.07116692830978545
3,1,3,7,0.06279434850863422
3,1,4,7,0.08634222919937205
3,1,5,7,0.10256410256410256
3,1,6,7,0.008895866038723181
3,1,7,7,0.7336473050758765
3,1,8,7,0.012035583464154892
3,1,9,7,0.05337519623233909
3,1,0,8,0.25170068027210885
3,1,1,8,0.0423861852433281
3,1,2,8,0.026164311878597593
3,1,3,8,0.01098901098901099
3,1,4,8,0.003663003663003663
3,1,5,8,0.003663003663003663
3,1,6,8,0.008895866038723181
3,1,7,8,0.006279434850863423
3,1,8,8,0.8058608058608059
3,1,9,8,0.02564102564102564
3,1,0,9,0.11145996860282574
3,1,1,9,0.36473050758765047
3,1,2,9,0.02511773940345369
3,1,3,9,0.024071166928309785
3,1,4,9,0.010465724751439037
3,1,5,9,0.011512297226582941
3,1,6,9,0.01098901098901099
3,1,7,9,0.026164311878597593
3,1,8,9,0.14913657770800628
3,1,9,9,0.9220303506017792
3,10,0,0,0.6204647370566653
3,10,1,0,0.0040766408479412965
3,10,2,0,0.029351814105177332
3,10,3,0,0.003261312678353037
3,10,4,0,0.005707297187117815
3,10,5,0,0.0
3,10,6,0,0.0008153281695882593
3,10,7,0,0.006930289441500204
3,10,8,0,0.005299633102323685
3,10,9,0,0.005707297187117815
3,10,0,1,0.0370974317162658
3,10,1,1,1.0
3,10,2,1,0.0040766408479412965
3,10,3,1,0.0036689767631471666
3,10,4,1,0.003261312678353037
3,10,5,1,0.0012229922543823889
3,10,6,1,0.0040766408479412965
3,10,7,1,0.006930289441500204
3,10,8,1,0.03628210354667754
3,10,9,1,0.08194048104362006
3,10,0,2,0.13942111699959234
3,10,1,2,0.006114961271911945
3,10,2,2,0.8030982470444353
3,10,3,2,0.09783938035059112
3,10,4,2,0.1512433754586221
3,10,5,2,0.1059926620464737
3,10,6,2,0.039543416225030575
3,10,7,2,0.08764777823073787
3,10,8,2,0.026905829596412557
3,10,9,2,0.004484304932735426
3,10,0,3,0.04647370566653078
3,10,1,3,0.0012229922543823889
3,10,2,3,0.04239706481858948
3,10,3,3,0.6710150835711374
3,10,4,3,0.058703628210354665
3,10,5,3,0.21769262128006522
3,10,6,3,0.016306563391765186
3,10,7,3,0.09131675499388504
3,10,8,3,0.019160211985324093
3,10,9,3,0.00978393803505911
3,10,0,4,0.017121891561353443
3,10,1,4,0.0
3,10,2,4,0.020383204239706482
3,10,3,4,0.028944150020383204
3,10,4,4,0.6420709335507542
3,10,5,4,0.024867509172441907
3,10,6,4,0.0028536485935589076
3,10,7,4,0.06563391765185488
3,10,8,4,0.003261312678353037
3,10,9,4,0.00040766408479412964
3,10,0,5,0.0036689767631471666
3,10,1,5,0.0016306563391765185
3,10,2,5,0.019160211985324093
3,10,3,5,0.10803098247044435
3,10,4,5,0.019160211985324093
3,10,5,5,0.581736649001223
3,10,6,5,0.0040766408479412965
3,10,7,5,0.0688952303302079
3,10,8,5,0.0
3,10,9,5,0.0024459845087647777
3,10,0,6,0.015083571137382797
3,10,1,6,0.006522625356706074
3,10,2,6,0.09376273950264982
3,10,3,6,0.10476966979209132
3,10,4,6,0.12759885854056258
3,10,5,6,0.07378719934773746
3,10,6,6,0.9478189971463514
3,10,7,6,0.02323685283326539
3,10,8,6,0.010191602119853241
3,10,9,6,0.009376273950264982
3,10,0,7,0.0012229922543823889
3,10,1,7,0.00040766408479412964
3,10,2,7,0.0028536485935589076
3,10,3,7,0.0016306563391765185
3,10,4,7,0.008560945780676722
3,10,5,7,0.005299633102323685
3,10,6,7,0.0
3,10,7,7,0.6616388096208724
3,10,8,7,0.00040766408479412964
3,10,9,7,0.0008153281695882593
3,10,0,8,0.08438646555238484
3,10,1,8,0.006930289441500204
3,10,2,8,0.004484304932735426
3,10,3,8,0.006114961271911945
3,10,4,8,0.004484304932735426
3,10,5,8,0.0012229922543823889
3,10,6,8,0.0012229922543823889
3,10,7,8,0.0040766408479412965
3,10,8,8,0.8846310640032613
3,10,9,8,0.015083571137382797
3,10,0,9,0.04932735426008968
3,10,1,9,0.031797798613942115
3,10,2,9,0.006114961271911945
3,10,3,9,0.0077456176110884635
3,10,4,9,0.0024459845087647777
3,10,5,9,0.004891969017529555
3,10,6,9,0.0020383204239706482
3,10,7,9,0.025682837342030168
3,10,8,9,0.02323685283326539
3,10,9,9,0.8874847125968203
3,11,0,0,0.8954412379757424
3,11,1,0,0.017984107068172314
3,11,2,0,0.0987034713508992
3,11,3,0,0.025094102885821833
3,11,4,0,0.02300292764533668
3,11,5,0,0.00794646591384358
3,11,6,0,0.006691760769552488
3,11,7,0,0.01756587202007528
3,11,8,0,0.03094939355918026
3,11,9,0,0.028021748222501044
3,11,0,1,0.0075282308657465494
3,11,1,1,0.9711417816813049
3,11,2,1,0.0029276453366792136
3,11,3,1,0.000836470096194061
3,11,4,1,0.0
3,11,5,1,0.001672940192388122
3,11,6,1,0.0029276453366792136
3,11,7,1,0.001672940192388122
3,11,8,1,0.013383521539104977
3,11,9,1,0.043914680050188205
3,11,0,2,0.01756587202007528
3,11,1,2,0.001672940192388122
3,11,2,2,0.6022584692597239
3,11,3,2,0.025512337933918862
3,11,4,2,0.012128816394813885
3,11,5,2,0.028439983270598077
3,11,6,2,0.011710581346716854
3,11,7,2,0.020493517356754497
3,11,8,2,0.0029276453366792136
3,11,9,2,0.001672940192388122
3,11,0,3,0.006691760769552488
3,11,1,3,0.0
3,11,2,3,0.03596821413634463
3,11,3,3,0.4872438310330406
3,11,4,3,0.01756587202007528
3,11,5,3,0.14470932664157257
3,11,6,3,0.009201171058134672
3,11,7,3,0.018820577164366373
3,11,8,3,0.004182350480970306
3,11,9,3,0.004182350480970306
3,11,0,4,0.02258469259723965
3,11,1,4,0.002091175240485153
3,11,2,4,0.0932664157256378
3,11,3,4,0.10204935173567545
3,11,4,4,0.8598912588874947
3,11,5,4,0.08155583437892096
3,11,6,4,0.00794646591384358
3,11,7,4,0.08155583437892096
3,11,8,4,0.00878293601003764
3,11,9,4,0.007109995817649519
3,11,0,5,0.0012547051442910915
3,11,1,5,0.0012547051442910915
3,11,2,5,0.03094939355918026
3,11,3,5,0.09493935591802594
3,11,4,5,0.010037641154328732
3,11,5,5,0.5474696779590129
3,11,6,5,0.002091175240485153
3,11,7,5,0.01547469677959013
3,11,8,5,0.0
3,11,9,5,0.0004182350480970305
3,11,0,6,0.009201171058134672
3,11,1,6,0.009201171058134672
3,11,2,6,0.1618569636135508
3,11,3,6,0.2714345462149728
3,11,4,6,0.09619406106231702
3,11,5,6,0.16645754914261815
3,11,6,6,1.0
3,11,7,6,0.03554997908824759
3,11,8,6,0.007109995817649519
3,11,9,6,0.02258469259723965
3,11,0,7,0.0075282308657465494
3,11,1,7,0.000836470096194061
3,11,2,7,0.014219991635299039
3,11,3,7,0.034295273943956504
3,11,4,7,0.027603513174404015
3,11,5,7,0.056461731493099125
3,11,6,7,0.0004182350480970305
3,11,7,7,0.8736930154746968
3,11,8,7,0.0
3,11,9,7,0.004182350480970306
3,11,0,8,0.05938937682977834
3,11,1,8,0.026348808030112924
3,11,2,8,0.010874111250522794
3,11,3,8,0.01589293182768716
3,11,4,8,0.0029276453366792136
3,11,5,8,0.005437055625261397
3,11,6,8,0.0029276453366792136
3,11,7,8,0.0029276453366792136
3,11,8,8,0.9602676704307821
3,11,9,8,0.037641154328732745
3,11,0,9,0.013383521539104977
3,11,1,9,0.05562526139690506
3,11,2,9,0.0012547051442910915
3,11,3,9,0.002509410288582183
3,11,4,9,0.0004182350480970305
3,11,5,9,0.0029276453366792136
3,11,6,9,0.0012547051442910915
3,11,7,9,0.0012547051442910915
3,11,8,9,0.00794646591384358
3,11,9,9,0.8941865328314513
3,12,0,0,0.8894912427022519
3,12,1,0,0.009174311926605505
3,12,2,0,0.09132610508757298
3,12,3,0,0.019599666388657216
3,12,4,0,0.02335279399499583
3,12,5,0,0.007506255212677231
3,12,6,0,0.008757297748123435
3,12,7,0,0.007089241034195163
3,12,8,0,0.024603836530442035
3,12,9,0,0.017097581317764805
3,12,0,1,0.012510425354462052
3,12,1,1,1.0
3,12,2,1,0.0050041701417848205
3,12,3,1,0.0025020850708924102
3,12,4,1,0.0016680567139282735
3,12,5,1,0.0012510425354462051
3,12,6,1,0.008340283569641367
3,12,7,1,0.0
3,12,8,1,0.01793160967472894
3,12,9,1,0.03127606338615513
3,12,0,2,0.015429524603836531
3,12,1,2,0.0008340283569641367
3,12,2,2,0.6146788990825688
3,12,3,2,0.017097581317764805
3,12,4,2,0.02043369474562135
3,12,5,2,0.014178482068390326
3,12,6,2,0.01751459549624687
3,12,7,2,0.007506255212677231
3,12,8,2,0.002085070892410342
3,12,9,2,0.0008340283569641367
3,12,0,3,0.019182652210175146
3,12,1,3,0.0025020850708924102
3,12,2,3,0.08340283569641367
3,12,3,3,0.7606338615512928
3,12,4,3,0.10258548790658882
3,12,5,3,0.1847372810675563
3,12,6,3,0.09674728940783987
3,12,7,3,0.057964970809007504
3,12,8,3,0.006672226855713094
3,12,9,3,0.011676396997497914
3,12,0,4,0.005421184320266889
3,12,1,4,0.0
3,12,2,4,0.04920767306088407
3,12,3,4,0.019599666388657216
3,12,4,4,0.7781484570475397
3,12,5,4,0.022101751459549623
3,12,6,4,0.015012510425354461
3,12,7,4,0.03461217681401168
3,12,8,4,0.0012510425354462051
3,12,9,4,0.0
3,12,0,5,0.005838198498748957
3,12,1,5,0.0016680567139282735
3,12,2,5,0.10467055879899917
3,12,3,5,0.19557964970809008
3,12,4,5,0.05504587155963303
3,12,5,5,0.7727272727272727
3,12,6,5,0.03377814845704754
3,12,7,5,0.09799833194328607
3,12,8,5,0.002085070892410342
3,12,9,5,0.0037531276063386154
3,12,0,6,0.0029190992493744786
3,12,1,6,0.0016680567139282735
3,12,2,6,0.05087572977481234
3,12,3,6,0.016680567139282735
3,12,4,6,0.024603836530442035
3,12,5,6,0.010425354462051709
3,12,6,6,0.8511259382819016
3,12,7,6,0.0012510425354462051
3,12,8,6,0.0016680567139282735
3,12,9,6,0.0012510425354462051
3,12,0,7,0.009174311926605505
3,12,1,7,0.0008340283569641367
3,12,2,7,0.030025020850708923
3,12,3,7,0.013761467889908258
3,12,4,7,0.03377814845704754
3,12,5,7,0.0237698081734779
3,12,6,7,0.003336113427856547
3,12,7,7,0.8498748957464554
3,12,8,7,0.0004170141784820684
3,12,9,7,0.002085070892410342
3,12,0,8,0.05462885738115096
3,12,1,8,0.010842368640533779
3,12,2,8,0.016680567139282735
3,12,3,8,0.005421184320266889
3,12,4,8,0.0050041701417848205
3,12,5,8,0.002085070892410342
3,12,6,8,0.005421184320266889
3,12,7,8,0.0029190992493744786
3,12,8,8,0.9620517097581318
3,12,9,8,0.013761467889908258
3,12,0,9,0.022935779816513763
3,12,1,9,0.05546288573811509
3,12,2,9,0.003336113427856547
3,12,3,9,0.005838198498748957
3,12,4,9,0.002085070892410342
3,12,5,9,0.0012510425354462051
3,12,6,9,0.002085070892410342
3,12,7,9,0.006672226855713094
3,12,8,9,0.013761467889908258
3,12,9,9,0.9591326105087573
3,13,0,0,0.7660917122423223
3,13,1,0,0.007993268826251577
3,13,2,0,0.02860748843079512
3,13,3,0,0.004627681952040387
3,13,4,0,0.0033655868742111907
3,13,5,0,0.0
3,13,6,0,0.0016827934371055953
3,13,7,0,0.0012620950778291964
3,13,8,0,0.013462347496844763
3,13,9,0,0.014724442574673959
3,13,0,1,0.007993268826251577
3,13,1,1,1.0
3,13,2,1,0.002103491796381994
3,13,3,1,0.002524190155658393
3,13,4,1,0.0
3,13,5,1,0.00042069835927639884
3,13,6,1,0.0016827934371055953
3,13,7,1,0.0
3,13,8,1,0.01809002944888515
3,13,9,1,0.03786285233487589
3,13,0,2,0.08666386201093816
3,13,1,2,0.002944888514934792
3,13,2,2,0.7358014303744216
3,13,3,2,0.03954564577198149
3,13,4,2,0.030710980227177113
3,13,5,2,0.031131678586453514
3,13,6,2,0.013462347496844763
3,13,7,2,0.015565839293226757
3,13,8,2,0.020614219604543543
3,13,9,2,0.0037862852334875894
3,13,0,3,0.027345393352965923
3,13,1,3,0.00042069835927639884
3,13,2,3,0.016407236011779555
3,13,3,3,0.5161968868321414
3,13,4,3,0.01766933108960875
3,13,5,3,0.0723601177955406
3,13,6,3,0.004627681952040387
3,13,7,3,0.013462347496844763
3,13,8,3,0.012620950778291964
3,13,9,3,0.006731173748422381
3,13,0,4,0.022717711400925537
3,13,1,4,0.0008413967185527977
3,13,2,4,0.05847707193941944
3,13,3,4,0.04206983592763988
3,13,4,4,0.8346655448043753
3,13,5,4,0.03954564577198149
3,13,6,4,0.012200252419015565
3,13,7,4,0.018931426167437947
3,13,8,4,0.0033655868742111907
3,13,9,4,0.0008413967185527977
3,13,0,5,0.014724442574673959
3,13,1,5,0.0037862852334875894
3,13,2,5,0.06015986537652503
3,13,3,5,0.2801851072780816
3,13,4,5,0.02145561632309634
3,13,5,5,0.8140513251998317
3,13,6,5,0.010096760622633571
3,13,7,5,0.06058056373580143
3,13,8,5,0.002524190155658393
3,13,9,5,0.004206983592763988
3,13,0,6,0.01724863273033235
3,13,1,6,0.015145140933950358
3,13,2,6,0.11947833403449727
3,13,3,6,0.137147665124106
3,13,4,6,0.09087084560370215
3,13,5,6,0.04627681952040387
3,13,6,6,0.9983172065628944
3,13,7,6,0.015986537652503154
3,13,8,6,0.015986537652503154
3,13,9,6,0.010096760622633571
3,13,0,7,0.02440050483803113
3,13,1,7,0.0008413967185527977
3,13,2,7,0.02482120319730753
3,13,3,7,0.029448885149347917
3,13,4,7,0.05174589819099706
3,13,5,7,0.03996634413125789
3,13,6,7,0.002103491796381994
3,13,7,7,0.9427850231384097
3,13,8,7,0.004206983592763988
3,13,9,7,0.005889777029869584
3,13,0,8,0.05637358014303744
3,13,1,8,0.011358855700462769
3,13,2,8,0.005048380311316786
3,13,3,8,0.0008413967185527977
3,13,4,8,0.0008413967185527977
3,13,5,8,0.0012620950778291964
3,13,6,8,0.0012620950778291964
3,13,7,8,0.0
3,13,8,8,0.9381573411863694
3,13,9,8,0.019352124526714348
3,13,0,9,0.018931426167437947
3,13,1,9,0.04501472444257468
3,13,2,9,0.0033655868742111907
3,13,3,9,0.009255363904080775
3,13,4,9,0.00042069835927639884
3,13,5,9,0.0
3,13,6,9,0.0016827934371055953
3,13,7,9,0.002524190155658393
3,13,8,9,0.008413967185527976
3,13,9,9,0.9423643247791333
3,14,0,0,0.8007103393843725
3,14,1,0,0.004735595895816891
3,14,2,0,0.06314127861089187
3,14,3,0,0.010655090765588003
3,14,4,0,0.014601420678768745
3,14,5,0,0.0023677979479084454
3,14,6,0,0.001973164956590371
3,14,7,0,0.008681925808997633
3,14,8,0,0.02999210734017364
3,14,9,0,0.015390686661404893
3,14,0,1,0.03393843725335438
3,14,1,1,1.0
3,14,2,1,0.005919494869771113
3,14,3,1,0.003551696921862668
3,14,4,1,0.001973164956590371
3,14,5,1,0.0027624309392265192
3,14,6,1,0.0031570639305445935
3,14,7,1,0.0011838989739542227
3,14,8,1,0.032754538279400155
3,14,9,1,0.19692186266771902
3,14,0,2,0.034333070244672456
3,14,1,2,0.0003946329913180742
3,14,2,2,0.6929755327545383
3,14,3,2,0.030781373322809787
3,14,4,2,0.05564325177584846
3,14,5,2,0.028413575374901343
3,14,6,2,0.018153117600631413
3,14,7,2,0.01578531965272297
3,14,8,2,0.003551696921862668
3,14,9,2,0.001973164956590371
3,14,0,3,0.01617995264404104
3,14,1,3,0.0007892659826361484
3,14,2,3,0.040647198105761645
3,14,3,3,0.6842936069455406
3,14,4,3,0.031176006314127862
3,14,5,3,0.2063930544593528
3,14,6,3,0.01696921862667719
3,14,7,3,0.02722967640094712
3,14,8,3,0.005130228887134964
3,14,9,3,0.003551696921862668
3,14,0,4,0.011444356748224152
3,14,1,4,0.0011838989739542227
3,14,2,4,0.031176006314127862
3,14,3,4,0.03472770323599053
3,14,4,4,0.7545382794001578
3,14,5,4,0.04222573007103394
3,14,6,4,0.0031570639305445935
3,14,7,4,0.041831097079715863
3,14,8,4,0.0027624309392265192
3,14,9,4,0.0015785319652722968
3,14,0,5,0.0023677979479084454
3,14,1,5,0.0003946329913180742
3,14,2,5,0.035516969218626675
3,14,3,5,0.06195737963693765
3,14,4,5,0.0055248618784530384
3,14,5,5,0.5714285714285714
3,14,6,5,0.0011838989739542227
3,14,7,5,0.02367797947908445
3,14,8,5,0.0
3,14,9,5,0.0011838989739542227
3,14,0,6,0.009076558800315706
3,14,1,6,0.0055248618784530384
3,14,2,6,0.09944751381215469
3,14,3,6,0.13772691397000789
3,14,4,6,0.10615627466456196
3,14,5,6,0.08760852407261246
3,14,6,6,0.9368587213891081
3,14,7,6,0.025256511444356748
3,14,8,6,0.00749802683504341
3,14,9,6,0.01499605367008682
3,14,0,7,0.007892659826361484
3,14,1,7,0.0011838989739542227
3,14,2,7,0.014601420678768745
3,14,3,7,0.021310181531176007
3,14,4,7,0.016574585635359115
3,14,5,7,0.03867403314917127
3,14,6,7,0.0003946329913180742
3,14,7,7,0.8610891870560379
3,14,8,7,0.0011838989739542227
3,14,9,7,0.003946329913180742
3,14,0,8,0.05445935280189424
3,14,1,8,0.005130228887134964
3,14,2,8,0.008681925808997633
3,14,3,8,0.011049723756906077
3,14,4,8,0.003946329913180742
3,14,5,8,0.004340962904498816
3,14,6,8,0.003946329913180742
3,14,7,8,0.0027624309392265192
3,14,8,8,0.8863456985003947
3,14,9,8,0.014601420678768745
3,14,0,9,0.011444356748224152
3,14,1,9,0.0055248618784530384
3,14,2,9,0.0007892659826361484
3,14,3,9,0.003946329913180742
3,14,4,9,0.0003946329913180742
3,14,5,9,0.0
3,14,6,9,0.0003946329913180742
3,14,7,9,0.0011838989739542227
3,14,8,9,0.007892659826361484
3,14,9,9,0.7308602999210734
3,15,0,0,0.8357172047404986
3,15,1,0,0.0053126277073968125
3,15,2,0,0.024928483857785042
3,15,3,0,0.017572537801389457
3,15,4,0,0.011033919084593379
3,15,5,0,0.004086636697997548
3,15,6,0,0.004903964037597058
3,15,7,0,0.0036779730281977932
3,15,8,0,0.025337147527584796
3,15,9,0,0.0073559460563955865
3,15,0,1,0.015120555782590927
3,15,1,1,1.0
3,15,2,1,0.006947282386595832
3,15,3,1,0.006538618716796077
3,15,4,1,0.002043318348998774
3,15,5,1,0.004495300367797303
3,15,6,1,0.008990600735594606
3,15,7,1,0.0036779730281977932
3,15,8,1,0.019207192480588477
3,15,9,1,0.0298324478953821
3,15,0,2,0.06048222313036371
3,15,1,2,0.0008173273395995096
3,15,2,2,0.8111973845525133
3,15,3,2,0.0551695954229669
3,15,4,2,0.02656313853698406
3,15,5,2,0.03677973028197793
3,15,6,2,0.04086636697997548
3,15,7,2,0.0171638741315897
3,15,8,2,0.006129955046996322
3,15,9,2,0.0016346546791990192
3,15,0,3,0.006947282386595832
3,15,1,3,0.0
3,15,2,3,0.014303228442991417
3,15,3,3,0.5619125459746629
3,15,4,3,0.013894564773191663
3,15,5,3,0.07110747854515734
3,15,6,3,0.0073559460563955865
3,15,7,3,0.014303228442991417
3,15,8,3,0.002043318348998774
3,15,9,3,0.0008173273395995096
3,15,0,4,0.010625255414793625
3,15,1,4,0.0004086636697997548
3,15,2,4,0.047404985696771554
3,15,3,4,0.06089088680016347
3,15,4,4,0.8586023702492849
3,15,5,4,0.04127503064977524
3,15,6,4,0.01961585615038823
3,15,7,4,0.013485901103391908
3,15,8,4,0.0004086636697997548
3,15,9,4,0.0008173273395995096
3,15,0,5,0.0028606456885982836
3,15,1,5,0.0004086636697997548
3,15,2,5,0.03596240294237842
3,15,3,5,0.18389865140988967
3,15,4,5,0.01021659174499387
3,15,5,5,0.7605230894973437
3,15,6,5,0.011851246424192888
3,15,7,5,0.01879852881078872
3,15,8,5,0.0004086636697997548
3,15,9,5,0.0016346546791990192
3,15,0,6,0.0032693093583980384
3,15,1,6,0.0004086636697997548
3,15,2,6,0.04495300367797303
3,15,3,6,0.05843890478136494
3,15,4,6,0.023702492848385777
3,15,5,6,0.016346546791990192
3,15,6,6,0.914997956681651
3,15,7,6,0.002043318348998774
3,15,8,6,0.0028606456885982836
3,15,9,6,0.0012259910093992644
3,15,0,7,0.011851246424192888
3,15,1,7,0.0008173273395995096
3,15,2,7,0.026154474867184307
3,15,3,7,0.042092357989374746
3,15,4,7,0.06538618716796077
3,15,5,7,0.06497752349816101
3,15,6,7,0.004086636697997548
3,15,7,7,0.9509603596240295
3,15,8,7,0.002043318348998774
3,15,9,7,0.0016346546791990192
3,15,0,8,0.03310175725378014
3,15,1,8,0.004495300367797303
3,15,2,8,0.004086636697997548
3,15,3,8,0.008990600735594606
3,15,4,8,0.004903964037597058
3,15,5,8,0.0028606456885982836
3,15,6,8,0.002043318348998774
3,15,7,8,0.0012259910093992644
3,15,8,8,0.9186759297098488
3,15,9,8,0.0073559460563955865
3,15,0,9,0.03677973028197793
3,15,1,9,0.04863097670617082
3,15,2,9,0.012259910093992644
3,15,3,9,0.04004903964037597
3,15,4,9,0.00939926440539436
3,15,5,9,0.016755210461789946
3,15,6,9,0.006538618716796077
3,15,7,9,0.019207192480588477
3,15,8,9,0.03473641193297916
3,15,9,9,0.9677155700858193
3,16,0,0,0.8278231000429369
3,16,1,0,0.0060111635895234005
3,16,2,0,0.025762129669386003
3,16,3,0,0.0021468441391155
3,16,4,0,0.004293688278231
3,16,5,0,0.0008587376556462001
3,16,6,0,0.0012881064834693002
3,16,7,0,0.00042936882782310007
3,16,8,0,0.0210390725633319
3,16,9,0,0.0158866466294547
3,16,0,1,0.0034349506225848005
3,16,1,1,1.0
3,16,2,1,0.0
3,16,3,1,0.00042936882782310007
3,16,4,1,0.0
3,16,5,1,0.00042936882782310007
3,16,6,1,0.0
3,16,7,1,0.00042936882782310007
3,16,8,1,0.0072992700729927005
3,16,9,1,0.022756547874624302
3,16,0,2,0.09231429798196651
3,16,1,2,0.008158007728638901
3,16,2,2,0.9008158007728639
3,16,3,2,0.08029197080291971
3,16,4,2,0.0734220695577501
3,16,5,2,0.07599828252468871
3,16,6,2,0.051524259338772006
3,16,7,2,0.038213825676255905
3,16,8,2,0.026191498497209104
3,16,9,2,0.006869901245169601
3,16,0,3,0.03349076857020181
3,16,1,3,0.004293688278231
3,16,2,3,0.023185916702447403
3,16,3,3,0.7406612279948476
3,16,4,3,0.025762129669386003
3,16,5,3,0.2632030914555603
3,16,6,3,0.0098754830399313
3,16,7,3,0.05753542292829541
3,16,8,3,0.015027908973808502
3,16,9,3,0.017174753112924
3,16,0,4,0.0369257191927866
3,16,1,4,0.0012881064834693002
3,16,2,4,0.0395019321597252
3,16,3,4,0.036066981537140406
3,16,4,4,0.8376985830828682
3,16,5,4,0.048518677544010305
3,16,6,4,0.006869901245169601
3,16,7,4,0.072992700729927
3,16,8,4,0.006440532417346501
3,16,9,4,0.0034349506225848005
3,16,0,5,0.0038643194504079004
3,16,1,5,0.0012881064834693002
3,16,2,5,0.012881064834693002
3,16,3,5,0.0373550880206097
3,16,4,5,0.0034349506225848005
3,16,5,5,0.5573207385143839
3,16,6,5,0.0008587376556462001
3,16,7,5,0.013739802490339202
3,16,8,5,0.00042936882782310007
3,16,9,5,0.0025762129669386004
3,16,0,6,0.021897810218978103
3,16,1,6,0.027908973808501502
3,16,2,6,0.06698153714040361
3,16,3,6,0.180334907685702
3,16,4,6,0.11550021468441392
3,16,5,6,0.10304851867754401
3,16,6,6,1.0
3,16,7,6,0.024044654358093602
3,16,8,6,0.028338342636324603
3,16,9,6,0.019321597252039503
3,16,0,7,0.012881064834693002
3,16,1,7,0.0021468441391155
3,16,2,7,0.006440532417346501
3,16,3,7,0.009446114212108201
3,16,4,7,0.0158866466294547
3,16,5,7,0.020180334907685702
3,16,6,7,0.0012881064834693002
3,16,7,7,0.8887934735938171
3,16,8,7,0.0008587376556462001
3,16,9,7,0.005152425933877201
3,16,0,8,0.024044654358093602
3,16,1,8,0.009446114212108201
3,16,2,8,0.0030055817947617003
3,16,3,8,0.00042936882782310007
3,16,4,8,0.0017174753112924003
3,16,5,8,0.0008587376556462001
3,16,6,8,0.0012881064834693002
3,16,7,8,0.0012881064834693002
3,16,8,8,0.9493344783168742
3,16,9,8,0.0111635895234006
3,16,0,9,0.011592958351223702
3,16,1,9,0.05452984113353371
3,16,2,9,0.0017174753112924003
3,16,3,9,0.0008587376556462001
3,16,4,9,0.0
3,16,5,9,0.00042936882782310007
3,16,6,9,0.0
3,16,7,9,0.0
3,16,8,9,0.008158007728638901
3,16,9,9,0.9673679690854444
3,17,0,0,0.863770560944749
3,17,1,0,0.003795866722901729
3,17,2,0,0.04934626739772248
3,17,3,0,0.007591733445803458
3,17,4,0,0.005061155630535639
3,17,5,0,0.002108814846056516
3,17,6,0,0.0025305778152678194
3,17,7,0,0.0012652889076339097
3,17,8,0,0.01180936313791649
3,17,9,0,0.0063264445381695485
3,17,0,1,0.008013496415014762
3,17,1,1,0.9869253479544496
3,17,2,1,0.0012652889076339097
3,17,3,1,0.0
3,17,4,1,0.00042176296921130323
3,17,5,1,0.0
3,17,6,1,0.0012652889076339097
3,17,7,1,0.0
3,17,8,1,0.005061155630535639
3,17,9,1,0.016026992830029525
3,17,0,2,0.016448755799240825
3,17,1,2,0.00042176296921130323
3,17,2,2,0.6440320539856601
3,17,3,2,0.009700548291859975
3,17,4,2,0.0025305778152678194
3,17,5,2,0.008435259384226065
3,17,6,2,0.007591733445803458
3,17,7,2,0.003795866722901729
3,17,8,2,0.00042176296921130323
3,17,9,2,0.0008435259384226065
3,17,0,3,0.012231126107127795
3,17,1,3,0.003374103753690426
3,17,2,3,0.052298608182201604
3,17,3,3,0.7718262336566849
3,17,4,3,0.029945170814002532
3,17,5,3,0.1425558835934205
3,17,6,3,0.03247574862927035
3,17,7,3,0.021931674398987768
3,17,8,3,0.004217629692113032
3,17,9,3,0.006748207507380852
3,17,0,4,0.03205398566005905
3,17,1,4,0.001687051876845213
3,17,2,4,0.13369886123998312
3,17,3,4,0.059046815689582456
3,17,4,4,0.9565584141712358
3,17,5,4,0.04555040067482075
3,17,6,4,0.018557570645297342
3,17,7,4,0.04175453395191902
3,17,8,4,0.003795866722901729
3,17,9,4,0.0029523407844791226
3,17,0,5,0.006748207507380852
3,17,1,5,0.001687051876845213
3,17,2,5,0.06326444538169548
3,17,3,5,0.1433994095318431
3,17,4,5,0.012652889076339097
3,17,5,5,0.7891185153943484
3,17,6,5,0.010965837199493884
3,17,7,5,0.030366933783213833
3,17,8,5,0.00042176296921130323
3,17,9,5,0.0008435259384226065
3,17,0,6,0.005061155630535639
3,17,1,6,0.005061155630535639
3,17,2,6,0.07169970476592155
3,17,3,6,0.03247574862927035
3,17,4,6,0.020244622522142555
3,17,5,6,0.010544074230282582
3,17,6,6,0.9704765921552088
3,17,7,6,0.0029523407844791226
3,17,8,6,0.005061155630535639
3,17,9,6,0.003795866722901729
3,17,0,7,0.011387600168705188
3,17,1,7,0.001687051876845213
3,17,2,7,0.029101644875579924
3,17,3,7,0.025305778152678194
3,17,4,7,0.026149304091100802
3,17,5,7,0.04808097849008857
3,17,6,7,0.003795866722901729
3,17,7,7,0.9704765921552088
3,17,8,7,0.001687051876845213
3,17,9,7,0.004217629692113032
3,17,0,8,0.06326444538169548
3,17,1,8,0.012652889076339097
3,17,2,8,0.013074652045550401
3,17,3,8,0.010544074230282582
3,17,4,8,0.003374103753690426
3,17,5,8,0.003374103753690426
3,17,6,8,0.004217629692113032
3,17,7,8,0.001687051876845213
3,17,8,8,1.0
3,17,9,8,0.012231126107127795
3,17,0,9,0.030366933783213833
3,17,1,9,0.0780261493040911
3,17,2,9,0.003374103753690426
3,17,3,9,0.008857022353437369
3,17,4,9,0.001687051876845213
3,17,5,9,0.002108814846056516
3,17,6,9,0.002108814846056516
3,17,7,9,0.003795866722901729
3,17,8,9,0.01180936313791649
3,17,9,9,0.9987347110923661
3,18,0,0,0.8389344262295082
3,18,1,0,0.00819672131147541
3,18,2,0,0.019672131147540985
3,18,3,0,0.0028688524590163933
3,18,4,0,0.004918032786885246
3,18,5,0,0.0004098360655737705
3,18,6,0,0.0004098360655737705
3,18,7,0,0.001639344262295082
3,18,8,0,0.029098360655737704
3,18,9,0,0.01762295081967213
3,18,0,1,0.004098360655737705
3,18,1,1,1.0
3,18,2,1,0.0004098360655737705
3,18,3,1,0.0004098360655737705
3,18,4,1,0.0
3,18,5,1,0.0004098360655737705
3,18,6,1,0.0
3,18,7,1,0.0012295081967213116
3,18,8,1,0.009426229508196722
3,18,9,1,0.027049180327868853
3,18,0,2,0.0889344262295082
3,18,1,2,0.0020491803278688526
3,18,2,2,0.8774590163934426
3,18,3,2,0.06393442622950819
3,18,4,2,0.0430327868852459
3,18,5,2,0.05983606557377049
3,18,6,2,0.019262295081967213
3,18,7,2,0.030327868852459017
3,18,8,2,0.012704918032786885
3,18,9,2,0.004918032786885246
3,18,0,3,0.010655737704918032
3,18,1,3,0.0020491803278688526
3,18,2,3,0.019672131147540985
3,18,3,3,0.7368852459016394
3,18,4,3,0.028278688524590163
3,18,5,3,0.1418032786885246
3,18,6,3,0.015983606557377048
3,18,7,3,0.029918032786885245
3,18,8,3,0.007377049180327869
3,18,9,3,0.007377049180327869
3,18,0,4,0.02745901639344262
3,18,1,4,0.000819672131147541
3,18,2,4,0.03770491803278689
3,18,3,4,0.04016393442622951
3,18,4,4,0.8971311475409836
3,18,5,4,0.04221311475409836
3,18,6,4,0.0069672131147540985
3,18,7,4,0.04344262295081967
3,18,8,4,0.0069672131147540985
3,18,9,4,0.0036885245901639345
3,18,0,5,0.0036885245901639345
3,18,1,5,0.0020491803278688526
3,18,2,5,0.010655737704918032
3,18,3,5,0.1
3,18,4,5,0.0028688524590163933
3,18,5,5,0.7118852459016394
3,18,6,5,0.0012295081967213116
3,18,7,5,0.013524590163934426
3,18,8,5,0.0004098360655737705
3,18,9,5,0.0028688524590163933
3,18,0,6,0.015163934426229509
3,18,1,6,0.010655737704918032
3,18,2,6,0.05983606557377049
3,18,3,6,0.07950819672131147
3,18,4,6,0.03483606557377049
3,18,5,6,0.03483606557377049
3,18,6,6,0.9774590163934426
3,18,7,6,0.010245901639344262
3,18,8,6,0.025
3,18,9,6,0.010655737704918032
3,18,0,7,0.010245901639344262
3,18,1,7,0.000819672131147541
3,18,2,7,0.0036885245901639345
3,18,3,7,0.011065573770491803
3,18,4,7,0.01639344262295082
3,18,5,7,0.02663934426229508
3,18,6,7,0.0012295081967213116
3,18,7,7,0.9159836065573771
3,18,8,7,0.001639344262295082
3,18,9,7,0.003278688524590164
3,18,0,8,0.011885245901639344
3,18,1,8,0.003278688524590164
3,18,2,8,0.0012295081967213116
3,18,3,8,0.000819672131147541
3,18,4,8,0.000819672131147541
3,18,5,8,0.000819672131147541
3,18,6,8,0.0004098360655737705
3,18,7,8,0.0
3,18,8,8,0.9086065573770492
3,18,9,8,0.004918032786885246
3,18,0,9,0.00860655737704918
3,18,1,9,0.03442622950819672
3,18,2,9,0.000819672131147541
3,18,3,9,0.0028688524590163933
3,18,4,9,0.0004098360655737705
3,18,5,9,0.003278688524590164
3,18,6,9,0.0012295081967213116
3,18,7,9,0.0012295081967213116
3,18,8,9,0.013524590163934426
3,18,9,9,0.9405737704918032
3,19,0,0,0.8605294350059265
3,19,1,0,0.0019755037534571317
3,19,2,0,0.032793362307388385
3,19,3,0,0.00434610825760569
3,19,4,0,0.005531410509679968
3,19,5,0,0.001185302252074279
3,19,6,0,0.002765705254839984
3,19,7,0,0.002370604504148558
3,19,8,0,0.0225207427894113
3,19,9,0,0.007111813512445673
3,19,0,1,0.01619913077834848
3,19,1,1,1.0
3,19,2,1,0.0031608060055314103
3,19,3,1,0.0031608060055314103
3,19,4,1,0.0007902015013828526
3,19,5,1,0.001185302252074279
3,19,6,1,0.005136309758988542
3,19,7,1,0.001185302252074279
3,19,8,1,0.013433425523508494
3,19,9,1,0.05689450809956539
3,19,0,2,0.036349269063611224
3,19,1,2,0.0007902015013828526
3,19,2,2,0.8127222441722639
3,19,3,2,0.0375345713156855
3,19,4,2,0.022915843540102725
3,19,5,2,0.02765705254839984
3,19,6,2,0.017779533781114184
3,19,7,2,0.012248123271434215
3,19,8,2,0.007111813512445673
3,19,9,2,0.001185302252074279
3,19,0,3,0.006321612011062821
3,19,1,3,0.0
3,19,2,3,0.013038324772817068
3,19,3,3,0.6712761754247333
3,19,4,3,0.0150138285262742
3,19,5,3,0.08297115764519952
3,19,6,3,0.01066772026866851
3,19,7,3,0.017779533781114184
3,19,8,3,0.0031608060055314103
3,19,9,3,0.0019755037534571317
3,19,0,4,0.011853022520742789
3,19,1,4,0.0007902015013828526
3,19,2,4,0.03911497431845121
3,19,3,4,0.04109047807190833
3,19,4,4,0.8743579612801264
3,19,5,4,0.03200316080600553
3,19,6,4,0.012248123271434215
3,19,7,4,0.022915843540102725
3,19,8,4,0.005136309758988542
3,19,9,4,0.0019755037534571317
3,19,0,5,0.0035559067562228367
3,19,1,5,0.0007902015013828526
3,19,2,5,0.030422757803239827
3,19,3,5,0.16199130778348478
3,19,4,5,0.014223627024891347
3,19,5,5,0.7894112998814697
3,19,6,5,0.005136309758988542
3,19,7,5,0.027261951797708416
3,19,8,5,0.0
3,19,9,5,0.0019755037534571317
3,19,0,6,0.0019755037534571317
3,19,1,6,0.001185302252074279
3,19,2,6,0.04464638482813117
3,19,3,6,0.05294350059265113
3,19,4,6,0.026471750296325564
3,19,5,6,0.019755037534571317
3,19,6,6,0.9288818648755433
3,19,7,6,0.0035559067562228367
3,19,8,6,0.002370604504148558
3,19,9,6,0.002370604504148558
3,19,0,7,0.01066772026866851
3,19,1,7,0.0007902015013828526
3,19,2,7,0.013433425523508494
3,19,3,7,0.018569735282497037
3,19,4,7,0.03121295930462268
3,19,5,7,0.02884235480047412
3,19,6,7,0.0019755037534571317
3,19,7,7,0.9190043461082577
3,19,8,7,0.002765705254839984
3,19,9,7,0.002765705254839984
3,19,0,8,0.022915843540102725
3,19,1,8,0.002370604504148558
3,19,2,8,0.002370604504148558
3,19,3,8,0.002765705254839984
3,19,4,8,0.0007902015013828526
3,19,5,8,0.001185302252074279
3,19,6,8,0.0015804030027657052
3,19,7,8,0.0015804030027657052
3,19,8,8,0.9118925325958119
3,19,9,8,0.006716712761754247
3,19,0,9,0.012643224022125641
3,19,1,9,0.01738443303042276
3,19,2,9,0.002370604504148558
3,19,3,9,0.0075069142631371
3,19,4,9,0.0003951007506914263
3,19,5,9,0.001185302252074279
3,19,6,9,0.001185302252074279
3,19,7,9,0.0019755037534571317
3,19,8,9,0.009877518767285659
3,19,9,9,0.9032003160806006
3,2,0,0,0.7442489851150202
3,2,1,0,0.034280559314388816
3,2,2,0,0.12449255751014884
3,2,3,0,0.030221019395579612
3,2,4,0,0.04871447902571042
3,2,5,0,0.018042399639152006
3,2,6,0,0.01849345963013081
3,2,7,0,0.010825439783491205
3,2,8,0,0.19530897609382047
3,2,9,0,0.03247631935047361
3,2,0,1,0.04330175913396482
3,2,1,1,0.6062246278755075
3,2,2,1,0.015787099684258007
3,2,3,1,0.009472259810554804
3,2,4,1,0.012178619756427604
3,2,5,1,0.005863779882724403
3,2,6,1,0.008119079837618403
3,2,7,1,0.006765899864682003
3,2,8,1,0.07442489851150202
3,2,9,1,0.056833558863328824
3,2,0,2,0.042399639152007215
3,2,1,2,0.0004510599909788002
3,2,2,2,0.3076229138475417
3,2,3,2,0.02210193955796121
3,2,4,2,0.05953991880920163
3,2,5,2,0.02210193955796121
3,2,6,2,0.037437979251240414
3,2,7,2,0.0045105999097880016
3,2,8,2,0.006314839873703203
3,2,9,2,0.0
3,2,0,3,0.010374379792512404
3,2,1,3,0.0045105999097880016
3,2,2,3,0.08254397834912043
3,2,3,3,0.32792061344158774
3,2,4,3,0.06856111862877763
3,2,5,3,0.10735227785295444
3,2,6,3,0.14704555705908887
3,2,7,3,0.023004059539918808
3,2,8,3,0.008570139828597204
3,2,9,3,0.004961659900766802
3,2,0,4,0.007216959855660803
3,2,1,4,0.0009021199819576004
3,2,2,4,0.06630581867388363
3,2,3,4,0.01849345963013081
3,2,4,4,0.38971583220568334
3,2,5,4,0.014884979702300407
3,2,6,4,0.05728461885430762
3,2,7,4,0.014884979702300407
3,2,8,4,0.0009021199819576004
3,2,9,4,0.0004510599909788002
3,2,0,5,0.032025259359494816
3,2,1,5,0.0031574199368516014
3,2,2,5,0.2580063148398737
3,2,3,5,0.447000451059991
3,2,4,5,0.15381145692377085
3,2,5,5,0.7235002255299955
3,2,6,5,0.09968425800631484
3,2,7,5,0.15290933694181327
3,2,8,5,0.015336039693279206
3,2,9,5,0.008119079837618403
3,2,0,6,0.0040595399188092015
3,2,1,6,0.0027063599458728013
3,2,2,6,0.04194857916102842
3,2,3,6,0.026612539467749212
3,2,4,6,0.046008119079837616
3,2,5,6,0.0040595399188092015
3,2,6,6,0.5963013080739739
3,2,7,6,0.0018042399639152007
3,2,8,6,0.0040595399188092015
3,2,9,6,0.0018042399639152007
3,2,0,7,0.04149751917004962
3,2,1,7,0.007216959855660803
3,2,2,7,0.14704555705908887
3,2,3,7,0.11050969778980604
3,2,4,7,0.29499323410013534
3,2,5,7,0.16283265674334688
3,2,6,7,0.04194857916102842
3,2,7,7,0.8516012629679748
3,2,8,7,0.010374379792512404
3,2,9,7,0.013080739738385205
3,2,0,8,0.05502931889941362
3,2,1,8,0.008570139828597204
3,2,2,8,0.014433919711321606
3,2,3,8,0.02345511953089761
3,2,4,8,0.0040595399188092015
3,2,5,8,0.008119079837618403
3,2,6,8,0.006765899864682003
3,2,7,8,0.0027063599458728013
3,2,8,8,0.5967523680649527
3,2,9,8,0.008119079837618403
3,2,0,9,0.14208389715832206
3,2,1,9,0.503382949932341
3,2,2,9,0.07668019846639602
3,2,3,9,0.12719891745602166
3,2,4,9,0.054578258908434825
3,2,5,9,0.058186738836265225
3,2,6,9,0.11411817771763645
3,2,7,9,0.08389715832205684
3,2,8,9,0.20478123590437528
3,2,9,9,1.0
3,20,0,0,0.9229828850855746
3,20,1,0,0.01263243683781581
3,20,2,0,0.038712306438467806
3,20,3,0,0.013447432762836185
3,20,4,0,0.009372453137734311
3,20,5,0,0.0032599837000814994
3,20,6,0,0.004074979625101874
3,20,7,0,0.0057049714751426246
3,20,8,0,0.04726976365118175
3,20,9,0,0.030562347188264057
3,20,0,1,0.0016299918500407497
3,20,1,1,1.0
3,20,2,1,0.00040749796251018743
3,20,3,1,0.00040749796251018743
3,20,4,1,0.0
3,20,5,1,0.0012224938875305623
3,20,6,1,0.0008149959250203749
3,20,7,1,0.0
3,20,8,1,0.006519967400162999
3,20,9,1,0.03667481662591687
3,20,0,2,0.03300733496332518
3,20,1,2,0.0008149959250203749
3,20,2,2,0.8329258353708231
3,20,3,2,0.037082314588427055
3,20,4,2,0.039119804400977995
3,20,5,2,0.02567237163814181
3,20,6,2,0.028117359413202935
3,20,7,2,0.013039934800325998
3,20,8,2,0.007334963325183374
3,20,9,2,0.003667481662591687
3,20,0,3,0.008149959250203748
3,20,1,3,0.002037489812550937
3,20,2,3,0.027709861450692746
3,20,3,3,0.7889160554197229
3,20,4,3,0.03341483292583537
3,20,5,3,0.15647921760391198
3,20,6,3,0.01263243683781581
3,20,7,3,0.022819885900570498
3,20,8,3,0.004074979625101874
3,20,9,3,0.0057049714751426246
3,20,0,4,0.0069274653626731865
3,20,1,4,0.0
3,20,2,4,0.030969845150774247
3,20,3,4,0.026487367563162185
3,20,4,4,0.8626731866340668
3,20,5,4,0.026487367563162185
3,20,6,4,0.008149959250203748
3,20,7,4,0.02526487367563162
3,20,8,4,0.0028524857375713123
3,20,9,4,0.0012224938875305623
3,20,0,5,0.0024449877750611247
3,20,1,5,0.00040749796251018743
3,20,2,5,0.028117359413202935
3,20,3,5,0.08272208638956806
3,20,4,5,0.010187449062754686
3,20,5,5,0.7334963325183375
3,20,6,5,0.0032599837000814994
3,20,7,5,0.015484922575387123
3,20,8,5,0.00040749796251018743
3,20,9,5,0.0008149959250203749
3,20,0,6,0.007334963325183374
3,20,1,6,0.008964955175224124
3,20,2,6,0.0488997555012225
3,20,3,6,0.05419722901385493
3,20,4,6,0.041157294213528935
3,20,5,6,0.028117359413202935
3,20,6,6,0.9580277098614507
3,20,7,6,0.005297473512632437
3,20,8,6,0.009779951100244499
3,20,9,6,0.009372453137734311
3,20,0,7,0.007742461287693562
3,20,1,7,0.002037489812550937
3,20,2,7,0.013447432762836185
3,20,3,7,0.023227383863080684
3,20,4,7,0.026079869600651995
3,20,5,7,0.037897310513447434
3,20,6,7,0.00040749796251018743
3,20,7,7,0.9527302363488183
3,20,8,7,0.0016299918500407497
3,20,9,7,0.004889975550122249
3,20,0,8,0.018337408312958436
3,20,1,8,0.008149959250203748
3,20,2,8,0.0024449877750611247
3,20,3,8,0.0024449877750611247
3,20,4,8,0.0008149959250203749
3,20,5,8,0.002037489812550937
3,20,6,8,0.002037489812550937
3,20,7,8,0.00040749796251018743
3,20,8,8,0.9242053789731052
3,20,9,8,0.011409942950285249
3,20,0,9,0.005297473512632437
3,20,1,9,0.023227383863080684
3,20,2,9,0.0016299918500407497
3,20,3,9,0.003667481662591687
3,20,4,9,0.0
3,20,5,9,0.0016299918500407497
3,20,6,9,0.0008149959250203749
3,20,7,9,0.0008149959250203749
3,20,8,9,0.004889975550122249
3,20,9,9,0.9127954360228199
3,3,0,0,0.7215830648872527
3,3,1,0,0.02991256327657616
3,3,2,0,0.04555913483663138
3,3,3,0,0.014726184997699034
3,3,4,0,0.019788311090658078
3,3,5,0,0.002300966405890474
3,3,6,0,0.002300966405890474
3,3,7,0,0.0036815462494247586
3,3,8,0,0.06534744592728946
3,3,9,0,0.03267372296364473
3,3,0,1,0.031753336401288544
3,3,1,1,1.0
3,3,2,1,0.0027611596870685687
3,3,3,1,0.0036815462494247586
3,3,4,1,0.0032213529682466636
3,3,5,1,0.0009203865623561896
3,3,6,1,0.0009203865623561896
3,3,7,1,0.0
3,3,8,1,0.038656235618959964
3,3,9,1,0.15508513575701796
3,3,0,2,0.17165209387942937
3,3,1,2,0.009203865623561895
3,3,2,2,0.742291762540267
3,3,3,2,0.17303267372296363
3,3,4,2,0.11274735388863323
3,3,5,2,0.1767142199723884
3,3,6,2,0.06488725264611137
3,3,7,2,0.10538426138978371
3,3,8,2,0.04739990796134377
3,3,9,2,0.011965025310630465
3,3,0,3,0.017947537965945698
3,3,1,3,0.0050621260929590425
3,3,2,3,0.02761159687068569
3,3,3,3,0.38702254947077774
3,3,4,3,0.028992176714219973
3,3,5,3,0.14772204325816843
3,3,6,3,0.020708697653014266
3,3,7,3,0.022549470777726646
3,3,8,3,0.028992176714219973
3,3,9,3,0.017027151403589506
3,3,0,4,0.031293143120110445
3,3,1,4,0.0041417395306028535
3,3,2,4,0.12609295904279796
3,3,3,4,0.06580763920846755
3,3,4,4,0.7643810400368155
3,3,5,4,0.061205706396686606
3,3,6,4,0.051081454210768526
3,3,7,4,0.1237919926369075
3,3,8,4,0.012885411872986655
3,3,9,4,0.009203865623561895
3,3,0,5,0.008283479061205707
3,3,1,5,0.0018407731247123793
3,3,2,5,0.05522319374137138
3,3,3,5,0.2471237919926369
3,3,4,5,0.020708697653014266
3,3,5,5,0.6056143580303728
3,3,6,5,0.011965025310630465
3,3,7,5,0.09341923607915324
3,3,8,5,0.0009203865623561896
3,3,9,5,0.005522319374137137
3,3,0,6,0.018867924528301886
3,3,1,6,0.034974689369535204
3,3,2,6,0.1150483202945237
3,3,3,6,0.21767142199723885
3,3,4,6,0.11090658076392085
3,3,5,6,0.09019788311090658
3,3,6,6,0.9838932351587667
3,3,7,6,0.021629084215370454
3,3,8,6,0.03359410952600092
3,3,9,6,0.04141739530602853
3,3,0,7,0.02761159687068569
3,3,1,7,0.01058444546709618
3,3,2,7,0.021629084215370454
3,3,3,7,0.03359410952600092
3,3,4,7,0.08283479061205706
3,3,5,7,0.051081454210768526
3,3,6,7,0.002300966405890474
3,3,7,7,0.7883110906580764
3,3,8,7,0.0050621260929590425
3,3,9,7,0.02300966405890474
3,3,0,8,0.08743672342383801
3,3,1,8,0.02300966405890474
3,3,2,8,0.009203865623561895
3,3,3,8,0.006442705936493327
3,3,4,8,0.0018407731247123793
3,3,5,8,0.0
3,3,6,8,0.002300966405890474
3,3,7,8,0.0027611596870685687
3,3,8,8,0.8766682006442706
3,3,9,8,0.024390243902439025
3,3,0,9,0.019328117809479982
3,3,1,9,0.06718821905200184
3,3,2,9,0.0032213529682466636
3,3,3,9,0.007823285780027611
3,3,4,9,0.0004601932811780948
3,3,5,9,0.0027611596870685687
3,3,6,9,0.0004601932811780948
3,3,7,9,0.005522319374137137
3,3,8,9,0.020708697653014266
3,3,9,9,0.8191440404970087
3,4,0,0,0.8334089877439855
3,4,1,0,0.009986382206082615
3,4,2,0,0.19518837948252382
3,4,3,0,0.06400363141171131
3,4,4,0,0.10213345438039037
3,4,5,0,0.030866999546073536
3,4,6,0,0.02541988197911938
3,4,7,0,0.03631411711302769
3,4,8,0,0.04902405810258738
3,4,9,0,0.017249205628688154
3,4,0,1,0.05537902859736723
3,4,1,1,0.9359963685882887
3,4,2,1,0.031320926009986386
3,4,3,1,0.04902405810258738
3,4,4,1,0.021334543803903767
3,4,5,1,0.02814344076259646
3,4,6,1,0.031320926009986386
3,4,7,1,0.014979573309123922
3,4,8,1,0.0463004993191103
3,4,9,1,0.08216068996822515
3,4,0,2,0.02088061733999092
3,4,1,2,0.00045392646391284613
3,4,2,2,0.5043123014071721
3,4,3,2,0.053563322741715845
3,4,4,2,0.040399455288243305
3,4,5,2,0.05447117566954154
3,4,6,2,0.044938719927371765
3,4,7,2,0.012256014525646845
3,4,8,2,0.003631411711302769
3,4,9,2,0.0
3,4,0,3,0.0018157058556513845
3,4,1,3,0.0
3,4,2,3,0.024965955515206535
3,4,3,3,0.39536995006808895
3,4,4,3,0.035860190649114845
3,4,5,3,0.11302768951429869
3,4,6,3,0.038129822968679075
3,4,7,3,0.017703132092601
3,4,8,3,0.00045392646391284613
3,4,9,3,0.0009078529278256923
3,4,0,4,0.003631411711302769
3,4,1,4,0.0009078529278256923
3,4,2,4,0.09895596913300045
3,4,3,4,0.04766227871084884
3,4,4,4,0.6404902405810259
3,4,5,4,0.035860190649114845
3,4,6,4,0.05220154334997731
3,4,7,4,0.03177485247389923
3,4,8,4,0.00045392646391284613
3,4,9,4,0.00045392646391284613
3,4,0,5,0.0027235587834770767
3,4,1,5,0.00045392646391284613
3,4,2,5,0.064911484339537
3,4,3,5,0.2029051293690422
3,4,4,5,0.02088061733999092
3,4,5,5,0.5787562414888788
3,4,6,5,0.021788470267816613
3,4,7,5,0.026327734906945077
3,4,8,5,0.0013617793917385383
3,4,9,5,0.00045392646391284613
3,4,0,6,0.0018157058556513845
3,4,1,6,0.0009078529278256923
3,4,2,6,0.05674080798910577
3,4,3,6,0.07399001361779392
3,4,4,6,0.03949160236041761
3,4,5,6,0.02224239673172946
3,4,6,6,0.8161597821152973
3,4,7,6,0.0018157058556513845
3,4,8,6,0.0013617793917385383
3,4,9,6,0.00045392646391284613
3,4,0,7,0.010894235133908307
3,4,1,7,0.0013617793917385383
3,4,2,7,0.07898320472083523
3,4,3,7,0.0935088515660463
3,4,4,7,0.15388107126645484
3,4,5,7,0.18157058556513844
3,4,6,7,0.01861098502042669
3,4,7,7,0.9169314571039492
3,4,8,7,0.0022696323195642307
3,4,9,7,0.0013617793917385383
3,4,0,8,0.12709940989559693
3,4,1,8,0.02451202905129369
3,4,2,8,0.044938719927371765
3,4,3,8,0.05719473445301861
3,4,4,8,0.035406264185202
3,4,5,8,0.026327734906945077
3,4,6,8,0.029505220154335
3,4,7,8,0.014525646845211076
3,4,8,8,0.9600544711756696
3,4,9,8,0.029959146618247844
3,4,0,9,0.07172038129822969
3,4,1,9,0.20426690876078074
3,4,2,9,0.04176123467998184
3,4,3,9,0.11302768951429869
3,4,4,9,0.049477984566500224
3,4,5,9,0.06082614616432138
3,4,6,9,0.05628688152519292
3,4,7,9,0.0876078075351793
3,4,8,9,0.05901044030867
3,4,9,9,1.0
3,5,0,0,0.7081695063346439
3,5,1,0,0.0061162079510703364
3,5,2,0,0.05242463958060288
3,5,3,0,0.010048055919615552
3,5,4,0,0.014853647881170816
3,5,5,0,0.0008737439930100481
3,5,6,0,0.00218435998252512
3,5,7,0,0.0
3,5,8,0,0.03494975972040192
3,5,9,0,0.014416775884665793
3,5,0,1,0.04193971166448231
3,5,1,1,1.0
3,5,2,1,0.001310615989515072
3,5,3,1,0.004805591961555264
3,5,4,1,0.0030581039755351682
3,5,5,1,0.0017474879860200961
3,5,6,1,0.005679335954565312
3,5,7,1,0.003931847968545216
3,5,8,1,0.033202271734381825
3,5,9,1,0.08344255133245959
3,5,0,2,0.10091743119266056
3,5,1,2,0.004805591961555264
3,5,2,2,0.6622979467016165
3,5,3,2,0.1162079510703364
3,5,4,2,0.06946264744429882
3,5,5,2,0.1017911751856706
3,5,6,2,0.036260375709917
3,5,7,2,0.0690257754477938
3,5,8,2,0.020969855832241154
3,5,9,2,0.004805591961555264
3,5,0,3,0.00655307994757536
3,5,1,3,0.001310615989515072
3,5,2,3,0.020096111839231105
3,5,3,3,0.34775010921799915
3,5,4,3,0.01616426387068589
3,5,5,3,0.0764525993883792
3,5,6,3,0.01747487986020096
3,5,7,3,0.011795543905635648
3,5,8,3,0.00436871996505024
3,5,9,3,0.0061162079510703364
3,5,0,4,0.04325032765399738
3,5,1,4,0.00043687199650502403
3,5,2,4,0.11577107907383137
3,5,3,4,0.10048055919615553
3,5,4,4,0.7798165137614679
3,5,5,4,0.06640454346876365
3,5,6,4,0.022280471821756225
3,5,7,4,0.09349060725207514
3,5,8,4,0.009611183923110528
3,5,9,4,0.00655307994757536
3,5,0,5,0.0061162079510703364
3,5,1,5,0.001310615989515072
3,5,2,5,0.057667103538663174
3,5,3,5,0.26823940585408473
3,5,4,5,0.01834862385321101
3,5,5,5,0.6784622105723023
3,5,6,5,0.013543031891655745
3,5,7,5,0.06072520751419834
3,5,8,5,0.004805591961555264
3,5,9,5,0.0
3,5,0,6,0.017911751856705984
3,5,1,6,0.009611183923110528
3,5,2,6,0.1419833988641328
3,5,3,6,0.18829183049366535
3,5,4,6,0.127129750982962
3,5,5,6,0.08387942332896461
3,5,6,6,0.9759720401922237
3,5,7,6,0.02708606378331149
3,5,8,6,0.013979903888160769
3,5,9,6,0.011795543905635648
3,5,0,7,0.02927042376583661
3,5,1,7,0.0030581039755351682
3,5,2,7,0.02490170380078637
3,5,3,7,0.04281345565749235
3,5,4,7,0.05242463958060288
3,5,5,7,0.06596767147225863
3,5,6,7,0.005679335954565312
3,5,7,7,0.8300567933595456
3,5,8,7,0.00436871996505024
3,5,9,7,0.00873743993010048
3,5,0,8,0.08387942332896461
3,5,1,8,0.022717343818261248
3,5,2,8,0.009611183923110528
3,5,3,8,0.007863695937090432
3,5,4,8,0.003931847968545216
3,5,5,8,0.0008737439930100481
3,5,6,8,0.001310615989515072
3,5,7,8,0.00436871996505024
3,5,8,8,0.9165574486675404
3,5,9,8,0.018785495849716033
3,5,0,9,0.04019222367846221
3,5,1,9,0.0764525993883792
3,5,2,9,0.00436871996505024
3,5,3,9,0.011795543905635648
3,5,4,9,0.002621231979030144
3,5,5,9,0.00436871996505024
3,5,6,9,0.002621231979030144
3,5,7,9,0.007426823940585408
3,5,8,9,0.03014416775884666
3,5,9,9,0.927042376583661
3,6,0,0,0.7890625
3,6,1,0,0.01274671052631579
3,6,2,0,0.09703947368421052
3,6,3,0,0.009046052631578948
3,6,4,0,0.027960526315789474
3,6,5,0,0.003289473684210526
3,6,6,0,0.005756578947368421
3,6,7,0,0.017269736842105265
3,6,8,0,0.060032894736842105
3,6,9,0,0.04111842105263158
3,6,0,1,0.03330592105263158
3,6,1,1,1.0
3,6,2,1,0.004523026315789474
3,6,3,1,0.003700657894736842
3,6,4,1,0.004111842105263158
3,6,5,1,0.0028782894736842104
3,6,6,1,0.0024671052631578946
3,6,7,1,0.009457236842105263
3,6,8,1,0.04070723684210526
3,6,9,1,0.2824835526315789
3,6,0,2,0.05139802631578947
3,6,1,2,0.004111842105263158
3,6,2,2,0.5814144736842105
3,6,3,2,0.057154605263157895
3,6,4,2,0.0727796052631579
3,6,5,2,0.05756578947368421
3,6,6,2,0.02631578947368421
3,6,7,2,0.06085526315789474
3,6,8,2,0.011924342105263159
3,6,9,2,0.004934210526315789
3,6,0,3,0.03330592105263158
3,6,1,3,0.0028782894736842104
3,6,2,3,0.0546875
3,6,3,3,0.5625
3,6,4,3,0.05139802631578947
3,6,5,3,0.22327302631578946
3,6,6,3,0.019325657894736843
3,6,7,3,0.06044407894736842
3,6,8,3,0.013157894736842105
3,6,9,3,0.01644736842105263
3,6,0,4,0.009046052631578948
3,6,1,4,0.0008223684210526315
3,6,2,4,0.04481907894736842
3,6,3,4,0.03577302631578947
3,6,4,4,0.6311677631578947
3,6,5,4,0.04564144736842105
3,6,6,4,0.006167763157894737
3,6,7,4,0.10814144736842106
3,6,8,4,0.0028782894736842104
3,6,9,4,0.0028782894736842104
3,6,0,5,0.007401315789473684
3,6,1,5,0.0028782894736842104
3,6,2,5,0.05057565789473684
3,6,3,5,0.12664473684210525
3,6,4,5,0.01768092105263158
3,6,5,5,0.5703125
3,6,6,5,0.004523026315789474
3,6,7,5,0.0805921052631579
3,6,8,5,0.004111842105263158
3,6,9,5,0.008223684210526315
3,6,0,6,0.02919407894736842
3,6,1,6,0.018914473684210526
3,6,2,6,0.18009868421052633
3,6,3,6,0.22491776315789475
3,6,4,6,0.20189144736842105
3,6,5,6,0.10444078947368421
3,6,6,6,0.9576480263157895
3,6,7,6,0.04893092105263158
3,6,8,6,0.014391447368421052
3,6,9,6,0.05180921052631579
3,6,0,7,0.007401315789473684
3,6,1,7,0.001644736842105263
3,6,2,7,0.0078125
3,6,3,7,0.009868421052631578
3,6,4,7,0.02138157894736842
3,6,5,7,0.013569078947368422
3,6,6,7,0.0
3,6,7,7,0.6587171052631579
3,6,8,7,0.00041118421052631577
3,6,9,7,0.004111842105263158
3,6,0,8,0.05879934210526316
3,6,1,8,0.016036184210526317
3,6,2,8,0.012335526315789474
3,6,3,8,0.011101973684210526
3,6,4,8,0.003700657894736842
3,6,5,8,0.004111842105263158
3,6,6,8,0.005345394736842105
3,6,7,8,0.003700657894736842
3,6,8,8,0.8626644736842105
3,6,9,8,0.03289473684210526
3,6,0,9,0.004111842105263158
3,6,1,9,0.0078125
3,6,2,9,0.0012335526315789473
3,6,3,9,0.0012335526315789473
3,6,4,9,0.0
3,6,5,9,0.00041118421052631577
3,6,6,9,0.0
3,6,7,9,0.0028782894736842104
3,6,8,9,0.0078125
3,6,9,9,0.5814144736842105
3,7,0,0,0.8972003499562554
3,7,1,0,0.0284339457567804
3,7,2,0,0.10761154855643044
3,7,3,0,0.0310586176727909
3,7,4,0,0.03805774278215223
3,7,5,0,0.007874015748031496
3,7,6,0,0.016622922134733157
3,7,7,0,0.019247594050743656
3,7,8,0,0.06824146981627296
3,7,9,0,0.03587051618547681
3,7,0,1,0.011811023622047244
3,7,1,1,1.0
3,7,2,1,0.004374453193350831
3,7,3,1,0.00699912510936133
3,7,4,1,0.003499562554680665
3,7,5,1,0.004374453193350831
3,7,6,1,0.009186351706036745
3,7,7,1,0.006124234470691163
3,7,8,1,0.03499562554680665
3,7,9,1,0.04243219597550306
3,7,0,2,0.05074365704286964
3,7,1,2,0.0026246719160104987
3,7,2,2,0.757655293088364
3,7,3,2,0.09580052493438321
3,7,4,2,0.09405074365704287
3,7,5,2,0.08442694663167104
3,7,6,2,0.08748906386701662
3,7,7,2,0.047244094488188976
3,7,8,2,0.00699912510936133
3,7,9,2,0.0021872265966754157
3,7,0,3,0.0074365704286964126
3,7,1,3,0.0021872265966754157
3,7,2,3,0.03412073490813648
3,7,3,3,0.5835520559930009
3,7,4,3,0.03062117235345582
3,7,5,3,0.2069116360454943
3,7,6,3,0.026246719160104987
3,7,7,3,0.03455818022747156
3,7,8,3,0.0030621172353455816
3,7,9,3,0.0026246719160104987
3,7,0,4,0.012248468941382326
3,7,1,4,0.0
3,7,2,4,0.06649168853893263
3,7,3,4,0.07655293088363954
3,7,4,4,0.8149606299212598
3,7,5,4,0.06867891513560805
3,7,6,4,0.02974628171478565
3,7,7,4,0.11504811898512686
3,7,8,4,0.0030621172353455816
3,7,9,4,0.0026246719160104987
3,7,0,5,0.004811898512685914
3,7,1,5,0.0013123359580052493
3,7,2,5,0.03499562554680665
3,7,3,5,0.1377952755905512
3,7,4,5,0.010936132983377077
3,7,5,5,0.6216097987751531
3,7,6,5,0.010061242344706912
3,7,7,5,0.05336832895888014
3,7,8,5,0.0004374453193350831
3,7,9,5,0.003499562554680665
3,7,0,6,0.0008748906386701663
3,7,1,6,0.0004374453193350831
3,7,2,6,0.04636920384951881
3,7,3,6,0.0804899387576553
3,7,4,6,0.04461942257217848
3,7,5,6,0.02712160979877515
3,7,6,6,0.8832020997375328
3,7,7,6,0.003937007874015748
3,7,8,6,0.0013123359580052493
3,7,9,6,0.0013123359580052493
3,7,0,7,0.010061242344706912
3,7,1,7,0.0017497812773403325
3,7,2,7,0.013560804899387576
3,7,3,7,0.017497812773403325
3,7,4,7,0.025809273840769902
3,7,5,7,0.027559055118110236
3,7,6,7,0.0017497812773403325
3,7,7,7,0.7909011373578303
3,7,8,7,0.0008748906386701663
3,7,9,7,0.0013123359580052493
3,7,0,8,0.0594925634295713
3,7,1,8,0.010936132983377077
3,7,2,8,0.02230971128608924
3,7,3,8,0.04111986001749781
3,7,4,8,0.023622047244094488
3,7,5,8,0.018810148731408575
3,7,6,8,0.015748031496062992
3,7,7,8,0.014873140857392825
3,7,8,8,0.9343832020997376
3,7,9,8,0.022747156605424323
3,7,0,9,0.0336832895888014
3,7,1,9,0.08836395450568679
3,7,2,9,0.013123359580052493
3,7,3,9,0.03762029746281715
3,7,4,9,0.011811023622047244
3,7,5,9,0.023622047244094488
3,7,6,9,0.013123359580052493
3,7,7,9,0.03280839895013123
3,7,8,9,0.02974628171478565
3,7,9,9,0.9772528433945756
3,8,0,0,0.7933220625528318
3,8,1,0,0.006762468300929839
3,8,2,0,0.10228233305156383
3,8,3,0,0.01944209636517329
3,8,4,0,0.021555367709213864
3,8,5,0,0.006339814032121725
3,8,6,0,0.005494505494505495
3,8,7,0,0.009298393913778529
3,8,8,0,0.0338123415046492
3,8,9,0,0.01267962806424345
3,8,0,1,0.033389687235841084
3,8,1,1,1.0
3,8,2,1,0.0084530853761623
3,8,3,1,0.008875739644970414
3,8,4,1,0.0033812341504649195
3,8,5,1,0.006339814032121725
3,8,6,1,0.0084530853761623
3,8,7,1,0.005917159763313609
3,8,8,1,0.0253592561284869
3,8,9,1,0.060016906170752324
3,8,0,2,0.026627218934911243
3,8,1,2,0.0016906170752324597
3,8,2,2,0.5325443786982249
3,8,3,2,0.0338123415046492
3,8,4,2,0.010566356720202874
3,8,5,2,0.026627218934911243
3,8,6,2,0.012256973795435333
3,8,7,2,0.019864750633981403
3,8,8,2,0.0029585798816568047
3,8,9,2,0.0008453085376162299
3,8,0,3,0.00422654268808115
3,8,1,3,0.0008453085376162299
3,8,2,3,0.05029585798816568
3,8,3,3,0.643279797125951
3,8,4,3,0.03085376162299239
3,8,5,3,0.20118343195266272
3,8,6,3,0.04860524091293322
3,8,7,3,0.036770921386306
3,8,8,3,0.0029585798816568047
3,8,9,3,0.00253592561284869
3,8,0,4,0.027472527472527472
3,8,1,4,0.00042265426880811494
3,8,2,4,0.17371090448013524
3,8,3,4,0.11918850380388842
3,8,4,4,0.9171597633136095
3,8,5,4,0.09721048182586645
3,8,6,4,0.08664412510566356
3,8,7,4,0.09721048182586645
3,8,8,4,0.00422654268808115
3,8,9,4,0.00422654268808115
3,8,0,5,0.004649196956889264
3,8,1,5,0.002113271344040575
3,8,2,5,0.04860524091293322
3,8,3,5,0.11453930684699916
3,8,4,5,0.0084530853761623
3,8,5,5,0.6234150464919695
3,8,6,5,0.013524936601859678
3,8,7,5,0.0338123415046492
3,8,8,5,0.0
3,8,9,5,0.0008453085376162299
3,8,0,6,0.0084530853761623
3,8,1,6,0.0029585798816568047
3,8,2,6,0.07523245984784446
3,8,3,6,0.05536770921386306
3,8,4,6,0.0253592561284869
3,8,5,6,0.027049873203719356
3,8,6,6,0.8499577345731192
3,8,7,6,0.007185122569737954
3,8,8,6,0.00253592561284869
3,8,9,6,0.001267962806424345
3,8,0,7,0.01098901098901099
3,8,1,7,0.0
3,8,2,7,0.03085376162299239
3,8,3,7,0.021555367709213864
3,8,4,7,0.027049873203719356
3,8,5,7,0.04142011834319527
3,8,6,7,0.0033812341504649195
3,8,7,7,0.8377007607776839
3,8,8,7,0.0008453085376162299
3,8,9,7,0.00042265426880811494
3,8,0,8,0.08622147083685545
3,8,1,8,0.016060862214708368
3,8,2,8,0.02197802197802198
3,8,3,8,0.022400676246830092
3,8,4,8,0.0076077768385460695
3,8,5,8,0.006762468300929839
3,8,6,8,0.006762468300929839
3,8,7,8,0.0076077768385460695
3,8,8,8,0.9497041420118343
3,8,9,8,0.02282333051563821
3,8,0,9,0.05198647506339814
3,8,1,9,0.06255283178360102
3,8,2,9,0.015215553677092139
3,8,3,9,0.0283178360101437
3,8,4,9,0.004649196956889264
3,8,5,9,0.013524936601859678
3,8,6,9,0.0169061707523246
3,8,7,9,0.020710059171597635
3,8,8,9,0.019864750633981403
3,8,9,9,0.945054945054945
3,9,0,0,0.8538493207081104
3,9,1,0,0.011939069575957185
3,9,2,0,0.14038699053108275
3,9,3,0,0.05187319884726225
3,9,4,0,0.04857966241251544
3,9,5,0,0.03046521202140799
3,9,6,0,0.01070399341292713
3,9,7,0,0.0177027583367641
3,9,8,0,0.051461506792918894
3,9,9,0,0.02387813915191437
3,9,0,1,0.018114450391107453
3,9,1,1,1.0
3,9,2,1,0.008645533141210375
3,9,3,1,0.01070399341292713
3,9,4,1,0.004116920543433511
3,9,5,1,0.006175380815150268
3,9,6,1,0.007410456978180321
3,9,7,1,0.004528612597776863
3,9,8,1,0.02799505969534788
3,9,9,1,0.09715932482503088
3,9,0,2,0.022643062988884313
3,9,1,2,0.0012350761630300535
3,9,2,2,0.5738987237546316
3,9,3,2,0.059283655825442566
3,9,4,2,0.03417044051049815
3,9,5,2,0.05351996706463565
3,9,6,2,0.02140798682585426
3,9,7,2,0.03787566899958831
3,9,8,2,0.002470152326060107
3,9,9,2,0.0
3,9,0,3,0.004940304652120214
3,9,1,3,0.0016467682173734047
3,9,2,3,0.029230135858377932
3,9,3,3,0.5603128859613009
3,9,4,3,0.04816797035817209
3,9,5,3,0.192260189378345
3,9,6,3,0.01399752984767394
3,9,7,3,0.02470152326060107
3,9,8,3,0.002470152326060107
3,9,9,3,0.004116920543433511
3,9,0,4,0.007410456978180321
3,9,1,4,0.0004116920543433512
3,9,2,4,0.04652120214079868
3,9,3,4,0.03828736105393166
3,9,4,4,0.6475916014820914
3,9,5,4,0.03952243721696171
3,9,6,4,0.002881844380403458
3,9,7,4,0.05063812268423219
3,9,8,4,0.0008233841086867024
3,9,9,4,0.0004116920543433512
3,9,0,5,0.0012350761630300535
3,9,1,5,0.0004116920543433512
3,9,2,5,0.02181967888019761
3,9,3,5,0.09304240428159737
3,9,4,5,0.009880609304240428
3,9,5,5,0.5244956772334294
3,9,6,5,0.0020584602717167557
3,9,7,5,0.02387813915191437
3,9,8,5,0.0
3,9,9,5,0.0016467682173734047
3,9,0,6,0.007410456978180321
3,9,1,6,0.004528612597776863
3,9,2,6,0.1432688349114862
3,9,3,6,0.14532729518320298
3,9,4,6,0.1576780568135035
3,9,5,6,0.08686702346644709
3,9,6,6,0.9435981885549609
3,9,7,6,0.022231370934540962
3,9,8,6,0.002881844380403458
3,9,9,6,0.009468917249897077
3,9,0,7,0.0168793742280774
3,9,1,7,0.002470152326060107
3,9,2,7,0.023466447097571015
3,9,3,7,0.03128859613009469
3,9,4,7,0.055166735282009056
3,9,5,7,0.069164265129683
3,9,6,7,0.0008233841086867024
3,9,7,7,0.8563194730341704
3,9,8,7,0.004116920543433511
3,9,9,7,0.008233841086867023
3,9,0,8,0.06875257307533965
3,9,1,8,0.01029230135858378
3,9,2,8,0.03787566899958831
3,9,3,8,0.03828736105393166
3,9,4,8,0.018114450391107453
3,9,5,8,0.01399752984767394
3,9,6,8,0.019349526554137506
3,9,7,8,0.006587072869493619
3,9,8,8,0.8987237546315356
3,9,9,8,0.0168793742280774
3,9,0,9,0.018937834499794155
3,9,1,9,0.03211198023878139
3,9,2,9,0.006587072869493619
3,9,3,9,0.01070399341292713
3,9,4,9,0.005763688760806916
3,9,5,9,0.006175380815150268
3,9,6,9,0.002470152326060107
3,9,7,9,0.0037052284890901604
3,9,8,9,0.02428983120625772
3,9,9,9,0.861671469740634
4,1,0,0,0.2342857142857143
4,1,1,0,0.03428571428571429
4,1,2,0,0.045714285714285714
4,1,3,0,0.017142857142857144
4,1,4,0,0.0
4,1,5,0,0.005714285714285714
4,1,6,0,0.017142857142857144
4,1,7,0,0.0
4,1,8,0,0.04
4,1,9,0,0.03428571428571429
4,1,0,1,0.0
4,1,1,1,0.0
4,1,2,1,0.0
4,1,3,1,0.0
4,1,4,1,0.0
4,1,5,1,0.0
4,1,6,1,0.0
4,1,7,1,0.0
4,1,8,1,0.0
4,1,9,1,0.0
4,1,0,2,0.011428571428571429
4,1,1,2,0.011428571428571429
4,1,2,2,0.08571428571428572
4,1,3,2,0.05714285714285714
4,1,4,2,0.15428571428571428
4,1,5,2,0.022857142857142857
4,1,6,2,0.18857142857142858
4,1,7,2,0.017142857142857144
4,1,8,2,0.005714285714285714
4,1,9,2,0.05714285714285714
4,1,0,3,0.0
4,1,1,3,0.0
4,1,2,3,0.0
4,1,3,3,0.0
4,1,4,3,0.0
4,1,5,3,0.0
4,1,6,3,0.0
4,1,7,3,0.0
4,1,8,3,0.0
4,1,9,3,0.0
4,1,0,4,0.09714285714285714
4,1,1,4,0.24571428571428572
4,1,2,4,0.29714285714285715
4,1,3,4,0.25142857142857145
4,1,4,4,0.32
4,1,5,4,0.1657142857142857
4,1,6,4,0.3314285714285714
4,1,7,4,0.35428571428571426
4,1,8,4,0.18285714285714286
4,1,9,4,0.3485714285714286
4,1,0,5,0.3314285714285714
4,1,1,5,0.4742857142857143
4,1,2,5,0.7028571428571428
4,1,3,5,0.6742857142857143
4,1,4,5,0.7771428571428571
4,1,5,5,1.0
4,1,6,5,0.7028571428571428
4,1,7,5,0.7142857142857143
4,1,8,5,0.4
4,1,9,5,0.2857142857142857
4,1,0,6,0.0
4,1,1,6,0.0
4,1,2,6,0.0
4,1,3,6,0.0
4,1,4,6,0.0
4,1,5,6,0.0
4,1,6,6,0.0
4,1,7,6,0.0
4,1,8,6,0.0
4,1,9,6,0.0
4,1,0,7,0.0
4,1,1,7,0.0
4,1,2,7,0.0
4,1,3,7,0.0
4,1,4,7,0.0
4,1,5,7,0.0
4,1,6,7,0.0
4,1,7,7,0.0
4,1,8,7,0.0
4,1,9,7,0.0
4,1,0,8,0.44
4,1,1,8,0.29714285714285715
4,1,2,8,0.10857142857142857
4,1,3,8,0.10285714285714286
4,1,4,8,0.07428571428571429
4,1,5,8,0.06285714285714286
4,1,6,8,0.04
4,1,7,8,0.10857142857142857
4,1,8,8,0.7885714285714286
4,1,9,8,0.38857142857142857
4,1,0,9,0.0
4,1,1,9,0.0
4,1,2,9,0.0
4,1,3,9,0.0
4,1,4,9,0.0
4,1,5,9,0.0
4,1,6,9,0.0
4,1,7,9,0.0
4,1,8,9,0.0
4,1,9,9,0.0
4,10,0,0,0.7542372881355932
4,10,1,0,0.0211864406779661
4,10,2,0,0.08050847457627118
4,10,3,0,0.012711864406779662
4,10,4,0,0.046610169491525424
4,10,5,0,0.00847457627118644
4,10,6,0,0.01694915254237288
4,10,7,0,0.038135593220338986
4,10,8,0,0.0211864406779661
4,10,9,0,0.05508474576271186
4,10,0,1,0.0
4,10,1,1,0.673728813559322
4,10,2,1,0.00847457627118644
4,10,3,1,0.00423728813559322
4,10,4,1,0.0
4,10,5,1,0.00423728813559322
4,10,6,1,0.0
4,10,7,1,0.0
4,10,8,1,0.00423728813559322
4,10,9,1,0.01694915254237288
4,10,0,2,0.012711864406779662
4,10,1,2,0.00423728813559322
4,10,2,2,0.635593220338983
4,10,3,2,0.0635593220338983
4,10,4,2,0.1483050847457627
4,10,5,2,0.05508474576271186
4,10,6,2,0.012711864406779662
4,10,7,2,0.08050847457627118
4,10,8,2,0.00847457627118644
4,10,9,2,0.0
4,10,0,3,0.0
4,10,1,3,0.0
4,10,2,3,0.03389830508474576
4,10,3,3,0.5889830508474576
4,10,4,3,0.046610169491525424
4,10,5,3,0.3177966101694915
4,10,6,3,0.01694915254237288
4,10,7,3,0.09322033898305085
4,10,8,3,0.0
4,10,9,3,0.00847457627118644
4,10,0,4,0.0
4,10,1,4,0.0
4,10,2,4,0.012711864406779662
4,10,3,4,0.00847457627118644
4,10,4,4,0.5
4,10,5,4,0.00423728813559322
4,10,6,4,0.00423728813559322
4,10,7,4,0.03389830508474576
4,10,8,4,0.0
4,10,9,4,0.0
4,10,0,5,0.00423728813559322
4,10,1,5,0.0
4,10,2,5,0.025423728813559324
4,10,3,5,0.025423728813559324
4,10,4,5,0.00423728813559322
4,10,5,5,0.4491525423728814
4,10,6,5,0.00423728813559322
4,10,7,5,0.07203389830508475
4,10,8,5,0.0
4,10,9,5,0.0
4,10,0,6,0.0
4,10,1,6,0.012711864406779662
4,10,2,6,0.09322033898305085
4,10,3,6,0.0847457627118644
4,10,4,6,0.211864406779661
4,10,5,6,0.07203389830508475
4,10,6,6,0.8898305084745762
4,10,7,6,0.0211864406779661
4,10,8,6,0.012711864406779662
4,10,9,6,0.00423728813559322
4,10,0,7,0.0
4,10,1,7,0.0
4,10,2,7,0.0
4,10,3,7,0.0
4,10,4,7,0.00423728813559322
4,10,5,7,0.00423728813559322
4,10,6,7,0.0
4,10,7,7,0.5338983050847458
4,10,8,7,0.0
4,10,9,7,0.0
4,10,0,8,0.05508474576271186
4,10,1,8,0.059322033898305086
4,10,2,8,0.029661016949152543
4,10,3,8,0.025423728813559324
4,10,4,8,0.0211864406779661
4,10,5,8,0.01694915254237288
4,10,6,8,0.00423728813559322
4,10,7,8,0.00423728813559322
4,10,8,8,1.0
4,10,9,8,0.046610169491525424
4,10,0,9,0.0
4,10,1,9,0.01694915254237288
4,10,2,9,0.0
4,10,3,9,0.00423728813559322
4,10,4,9,0.0
4,10,5,9,0.0
4,10,6,9,0.0
4,10,7,9,0.00847457627118644
4,10,8,9,0.00423728813559322
4,10,9,9,0.6949152542372882
4,11,0,0,0.7161016949152542
4,11,1,0,0.00847457627118644
4,11,2,0,0.0211864406779661
4,11,3,0,0.0
4,11,4,0,0.00423728813559322
4,11,5,0,0.0
4,11,6,0,0.0
4,11,7,0,0.01694915254237288
4,11,8,0,0.00847457627118644
4,11,9,0,0.012711864406779662
4,11,0,1,0.0
4,11,1,1,0.690677966101695
4,11,2,1,0.0
4,11,3,1,0.0
4,11,4,1,0.0
4,11,5,1,0.0
4,11,6,1,0.00423728813559322
4,11,7,1,0.0
4,11,8,1,0.0
4,11,9,1,0.00847457627118644
4,11,0,2,0.046610169491525424
4,11,1,2,0.012711864406779662
4,11,2,2,0.6779661016949152
4,11,3,2,0.05084745762711865
4,11,4,2,0.025423728813559324
4,11,5,2,0.029661016949152543
4,11,6,2,0.0211864406779661
4,11,7,2,0.012711864406779662
4,11,8,2,0.012711864406779662
4,11,9,2,0.0
4,11,0,3,0.012711864406779662
4,11,1,3,0.0
4,11,2,3,0.029661016949152543
4,11,3,3,0.559322033898305
4,11,4,3,0.0
4,11,5,3,0.11864406779661017
4,11,6,3,0.0211864406779661
4,11,7,3,0.025423728813559324
4,11,8,3,0.012711864406779662
4,11,9,3,0.00847457627118644
4,11,0,4,0.0
4,11,1,4,0.0
4,11,2,4,0.08898305084745763
4,11,3,4,0.0847457627118644
4,11,4,4,0.9279661016949152
4,11,5,4,0.1059322033898305
4,11,6,4,0.029661016949152543
4,11,7,4,0.0635593220338983
4,11,8,4,0.00423728813559322
4,11,9,4,0.0
4,11,0,5,0.00847457627118644
4,11,1,5,0.0
4,11,2,5,0.038135593220338986
4,11,3,5,0.059322033898305086
4,11,4,5,0.0
4,11,5,5,0.6186440677966102
4,11,6,5,0.00423728813559322
4,11,7,5,0.0211864406779661
4,11,8,5,0.0
4,11,9,5,0.0
4,11,0,6,0.00423728813559322
4,11,1,6,0.0
4,11,2,6,0.0635593220338983
4,11,3,6,0.038135593220338986
4,11,4,6,0.00847457627118644
4,11,5,6,0.0211864406779661
4,11,6,6,0.8686440677966102
4,11,7,6,0.00423728813559322
4,11,8,6,0.0
4,11,9,6,0.00847457627118644
4,11,0,7,0.0
4,11,1,7,0.0
4,11,2,7,0.0
4,11,3,7,0.01694915254237288
4,11,4,7,0.012711864406779662
4,11,5,7,0.038135593220338986
4,11,6,7,0.0
4,11,7,7,0.7415254237288136
4,11,8,7,0.0
4,11,9,7,0.0
4,11,0,8,0.029661016949152543
4,11,1,8,0.025423728813559324
4,11,2,8,0.0
4,11,3,8,0.00847457627118644
4,11,4,8,0.00423728813559322
4,11,5,8,0.0
4,11,6,8,0.0
4,11,7,8,0.0
4,11,8,8,1.0
4,11,9,8,0.00423728813559322
4,11,0,9,0.00847457627118644
4,11,1,9,0.05084745762711865
4,11,2,9,0.0
4,11,3,9,0.0
4,11,4,9,0.0
4,11,5,9,0.0
4,11,6,9,0.0
4,11,7,9,0.0
4,11,8,9,0.012711864406779662
4,11,9,9,0.7838983050847458
4,12,0,0,0.5666666666666667
4,12,1,0,0.016666666666666666
4,12,2,0,0.0
4,12,3,0,0.0
4,12,4,0,0.004166666666666667
4,12,5,0,0.0
4,12,6,0,0.0
4,12,7,0,0.008333333333333333
4,12,8,0,0.0
4,12,9,0,0.008333333333333333
4,12,0,1,0.0
4,12,1,1,0.6583333333333333
4,12,2,1,0.004166666666666667
4,12,3,1,0.004166666666666667
4,12,4,1,0.0
4,12,5,1,0.0
4,12,6,1,0.004166666666666667
4,12,7,1,0.0
4,12,8,1,0.004166666666666667
4,12,9,1,0.004166666666666667
4,12,0,2,0.05416666666666667
4,12,1,2,0.0
4,12,2,2,0.6375
4,12,3,2,0.05416666666666667
4,12,4,2,0.0125
4,12,5,2,0.029166666666666667
4,12,6,2,0.0125
4,12,7,2,0.020833333333333332
4,12,8,2,0.008333333333333333
4,12,9,2,0.0
4,12,0,3,0.004166666666666667
4,12,1,3,0.0
4,12,2,3,0.008333333333333333
4,12,3,3,0.5083333333333333
4,12,4,3,0.0
4,12,5,3,0.16666666666666666
4,12,6,3,0.008333333333333333
4,12,7,3,0.041666666666666664
4,12,8,3,0.008333333333333333
4,12,9,3,0.0
4,12,0,4,0.041666666666666664
4,12,1,4,0.0
4,12,2,4,0.14166666666666666
4,12,3,4,0.09583333333333334
4,12,4,4,0.9375
4,12,5,4,0.18333333333333332
4,12,6,4,0.0375
4,12,7,4,0.29583333333333334
4,12,8,4,0.004166666666666667
4,12,9,4,0.016666666666666666
4,12,0,5,0.008333333333333333
4,12,1,5,0.0
4,12,2,5,0.0125
4,12,3,5,0.025
4,12,4,5,0.0
4,12,5,5,0.48333333333333334
4,12,6,5,0.0
4,12,7,5,0.016666666666666666
4,12,8,5,0.0
4,12,9,5,0.0
4,12,0,6,0.0125
4,12,1,6,0.008333333333333333
4,12,2,6,0.09166666666666666
4,12,3,6,0.1
4,12,4,6,0.0125
4,12,5,6,0.041666666666666664
4,12,6,6,0.8666666666666667
4,12,7,6,0.0125
4,12,8,6,0.004166666666666667
4,12,9,6,0.0125
4,12,0,7,0.0
4,12,1,7,0.0
4,12,2,7,0.0
4,12,3,7,0.0
4,12,4,7,0.0
4,12,5,7,0.004166666666666667
4,12,6,7,0.0
4,12,7,7,0.475
4,12,8,7,0.0
4,12,9,7,0.004166666666666667
4,12,0,8,0.125
4,12,1,8,0.03333333333333333
4,12,2,8,0.008333333333333333
4,12,3,8,0.0125
4,12,4,8,0.0
4,12,5,8,0.008333333333333333
4,12,6,8,0.004166666666666667
4,12,7,8,0.0
4,12,8,8,1.0
4,12,9,8,0.04583333333333333
4,12,0,9,0.0
4,12,1,9,0.058333333333333334
4,12,2,9,0.0
4,12,3,9,0.004166666666666667
4,12,4,9,0.0
4,12,5,9,0.0
4,12,6,9,0.0
4,12,7,9,0.0
4,12,8,9,0.004166666666666667
4,12,9,9,0.7208333333333333
4,13,0,0,0.7662337662337663
4,13,1,0,0.004329004329004329
4,13,2,0,0.025974025974025976
4,13,3,0,0.004329004329004329
4,13,4,0,0.0
4,13,5,0,0.0
4,13,6,0,0.004329004329004329
4,13,7,0,0.008658008658008658
4,13,8,0,0.008658008658008658
4,13,9,0,0.04329004329004329
4,13,0,1,0.0
4,13,1,1,0.7748917748917749
4,13,2,1,0.0
4,13,3,1,0.0
4,13,4,1,0.0
4,13,5,1,0.0
4,13,6,1,0.0
4,13,7,1,0.0
4,13,8,1,0.008658008658008658
4,13,9,1,0.047619047619047616
4,13,0,2,0.03896103896103896
4,13,1,2,0.0
4,13,2,2,0.8008658008658008
4,13,3,2,0.06060606060606061
4,13,4,2,0.03896103896103896
4,13,5,2,0.030303030303030304
4,13,6,2,0.025974025974025976
4,13,7,2,0.03463203463203463
4,13,8,2,0.012987012987012988
4,13,9,2,0.0
4,13,0,3,0.004329004329004329
4,13,1,3,0.0
4,13,2,3,0.008658008658008658
4,13,3,3,0.5757575757575758
4,13,4,3,0.004329004329004329
4,13,5,3,0.09956709956709957
4,13,6,3,0.004329004329004329
4,13,7,3,0.025974025974025976
4,13,8,3,0.021645021645021644
4,13,9,3,0.012987012987012988
4,13,0,4,0.012987012987012988
4,13,1,4,0.0
4,13,2,4,0.04329004329004329
4,13,3,4,0.06493506493506493
4,13,4,4,0.9307359307359307
4,13,5,4,0.047619047619047616
4,13,6,4,0.008658008658008658
4,13,7,4,0.08658008658008658
4,13,8,4,0.004329004329004329
4,13,9,4,0.0
4,13,0,5,0.0
4,13,1,5,0.0
4,13,2,5,0.012987012987012988
4,13,3,5,0.0735930735930736
4,13,4,5,0.0
4,13,5,5,0.7272727272727273
4,13,6,5,0.0
4,13,7,5,0.030303030303030304
4,13,8,5,0.0
4,13,9,5,0.0
4,13,0,6,0.0
4,13,1,6,0.012987012987012988
4,13,2,6,0.047619047619047616
4,13,3,6,0.047619047619047616
4,13,4,6,0.030303030303030304
4,13,5,6,0.030303030303030304
4,13,6,6,0.9264069264069265
4,13,7,6,0.008658008658008658
4,13,8,6,0.012987012987012988
4,13,9,6,0.03896103896103896
4,13,0,7,0.0
4,13,1,7,0.004329004329004329
4,13,2,7,0.0
4,13,3,7,0.008658008658008658
4,13,4,7,0.0
4,13,5,7,0.012987012987012988
4,13,6,7,0.0
4,13,7,7,0.70995670995671
4,13,8,7,0.0
4,13,9,7,0.0
4,13,0,8,0.017316017316017316
4,13,1,8,0.0
4,13,2,8,0.0
4,13,3,8,0.0
4,13,4,8,0.0
4,13,5,8,0.0
4,13,6,8,0.0
4,13,7,8,0.0
4,13,8,8,1.0
4,13,9,8,0.004329004329004329
4,13,0,9,0.004329004329004329
4,13,1,9,0.008658008658008658
4,13,2,9,0.0
4,13,3,9,0.0
4,13,4,9,0.0
4,13,5,9,0.004329004329004329
4,13,6,9,0.0
4,13,7,9,0.0
4,13,8,9,0.004329004329004329
4,13,9,9,0.696969696969697
4,14,0,0,0.7759336099585062
4,14,1,0,0.004149377593360996
4,14,2,0,0.04149377593360996
4,14,3,0,0.016597510373443983
4,14,4,0,0.016597510373443983
4,14,5,0,0.004149377593360996
4,14,6,0,0.004149377593360996
4,14,7,0,0.004149377593360996
4,14,8,0,0.012448132780082987
4,14,9,0,0.029045643153526972
4,14,0,1,0.0
4,14,1,1,0.7344398340248963
4,14,2,1,0.0
4,14,3,1,0.0
4,14,4,1,0.0
4,14,5,1,0.0
4,14,6,1,0.0
4,14,7,1,0.0
4,14,8,1,0.0
4,14,9,1,0.012448132780082987
4,14,0,2,0.012448132780082987
4,14,1,2,0.004149377593360996
4,14,2,2,0.8049792531120332
4,14,3,2,0.0995850622406639
4,14,4,2,0.03734439834024896
4,14,5,2,0.1037344398340249
4,14,6,2,0.06639004149377593
4,14,7,2,0.03319502074688797
4,14,8,2,0.008298755186721992
4,14,9,2,0.0
4,14,0,3,0.004149377593360996
4,14,1,3,0.0
4,14,2,3,0.004149377593360996
4,14,3,3,0.6058091286307054
4,14,4,3,0.02074688796680498
4,14,5,3,0.17427385892116182
4,14,6,3,0.004149377593360996
4,14,7,3,0.029045643153526972
4,14,8,3,0.008298755186721992
4,14,9,3,0.0
4,14,0,4,0.0
4,14,1,4,0.0
4,14,2,4,0.012448132780082987
4,14,3,4,0.02074688796680498
4,14,4,4,0.8547717842323651
4,14,5,4,0.05394190871369295
4,14,6,4,0.012448132780082987
4,14,7,4,0.016597510373443983
4,14,8,4,0.0
4,14,9,4,0.0
4,14,0,5,0.0
4,14,1,5,0.0
4,14,2,5,0.004149377593360996
4,14,3,5,0.024896265560165973
4,14,4,5,0.004149377593360996
4,14,5,5,0.5186721991701245
4,14,6,5,0.0
4,14,7,5,0.012448132780082987
4,14,8,5,0.0
4,14,9,5,0.0
4,14,0,6,0.0
4,14,1,6,0.0
4,14,2,6,0.016597510373443983
4,14,3,6,0.012448132780082987
4,14,4,6,0.008298755186721992
4,14,5,6,0.008298755186721992
4,14,6,6,0.8298755186721992
4,14,7,6,0.0
4,14,8,6,0.0
4,14,9,6,0.004149377593360996
4,14,0,7,0.0
4,14,1,7,0.0
4,14,2,7,0.004149377593360996
4,14,3,7,0.004149377593360996
4,14,4,7,0.008298755186721992
4,14,5,7,0.03319502074688797
4,14,6,7,0.0
4,14,7,7,0.7634854771784232
4,14,8,7,0.0
4,14,9,7,0.0
4,14,0,8,0.012448132780082987
4,14,1,8,0.024896265560165973
4,14,2,8,0.012448132780082987
4,14,3,8,0.012448132780082987
4,14,4,8,0.012448132780082987
4,14,5,8,0.016597510373443983
4,14,6,8,0.012448132780082987
4,14,7,8,0.008298755186721992
4,14,8,8,1.0
4,14,9,8,0.029045643153526972
4,14,0,9,0.004149377593360996
4,14,1,9,0.004149377593360996
4,14,2,9,0.0
4,14,3,9,0.004149377593360996
4,14,4,9,0.0
4,14,5,9,0.0
4,14,6,9,0.0
4,14,7,9,0.0
4,14,8,9,0.0
4,14,9,9,0.7344398340248963
4,15,0,0,0.7366255144032922
4,15,1,0,0.0205761316872428
4,15,2,0,0.024691358024691357
4,15,3,0,0.024691358024691357
4,15,4,0,0.0
4,15,5,0,0.00411522633744856
4,15,6,0,0.0
4,15,7,0,0.012345679012345678
4,15,8,0,0.00411522633744856
4,15,9,0,0.00823045267489712
4,15,0,1,0.0
4,15,1,1,0.5967078189300411
4,15,2,1,0.00411522633744856
4,15,3,1,0.0
4,15,4,1,0.0
4,15,5,1,0.0
4,15,6,1,0.0
4,15,7,1,0.0
4,15,8,1,0.0
4,15,9,1,0.0
4,15,0,2,0.01646090534979424
4,15,1,2,0.00411522633744856
4,15,2,2,0.7037037037037037
4,15,3,2,0.06584362139917696
4,15,4,2,0.04526748971193416
4,15,5,2,0.07407407407407407
4,15,6,2,0.00823045267489712
4,15,7,2,0.05761316872427984
4,15,8,2,0.0
4,15,9,2,0.0
4,15,0,3,0.00411522633744856
4,15,1,3,0.0
4,15,2,3,0.00411522633744856
4,15,3,3,0.46502057613168724
4,15,4,3,0.00411522633744856
4,15,5,3,0.09465020576131687
4,15,6,3,0.0
4,15,7,3,0.012345679012345678
4,15,8,3,0.00411522633744856
4,15,9,3,0.0
4,15,0,4,0.0
4,15,1,4,0.0
4,15,2,4,0.024691358024691357
4,15,3,4,0.04938271604938271
4,15,4,4,0.8436213991769548
4,15,5,4,0.05761316872427984
4,15,6,4,0.00823045267489712
4,15,7,4,0.06172839506172839
4,15,8,4,0.00411522633744856
4,15,9,4,0.0
4,15,0,5,0.0
4,15,1,5,0.0
4,15,2,5,0.0
4,15,3,5,0.02880658436213992
4,15,4,5,0.0
4,15,5,5,0.5555555555555556
4,15,6,5,0.0
4,15,7,5,0.00823045267489712
4,15,8,5,0.00411522633744856
4,15,9,5,0.00411522633744856
4,15,0,6,0.00411522633744856
4,15,1,6,0.0
4,15,2,6,0.12345679012345678
4,15,3,6,0.10699588477366255
4,15,4,6,0.05761316872427984
4,15,5,6,0.07818930041152264
4,15,6,6,0.9012345679012346
4,15,7,6,0.012345679012345678
4,15,8,6,0.00411522633744856
4,15,9,6,0.0
4,15,0,7,0.0
4,15,1,7,0.0
4,15,2,7,0.0
4,15,3,7,0.0
4,15,4,7,0.0
4,15,5,7,0.01646090534979424
4,15,6,7,0.0
4,15,7,7,0.6954732510288066
4,15,8,7,0.0
4,15,9,7,0.0
4,15,0,8,0.03292181069958848
4,15,1,8,0.024691358024691357
4,15,2,8,0.00823045267489712
4,15,3,8,0.04938271604938271
4,15,4,8,0.00411522633744856
4,15,5,8,0.012345679012345678
4,15,6,8,0.0
4,15,7,8,0.0
4,15,8,8,1.0
4,15,9,8,0.01646090534979424
4,15,0,9,0.00823045267489712
4,15,1,9,0.11934156378600823
4,15,2,9,0.0
4,15,3,9,0.00411522633744856
4,15,4,9,0.0
4,15,5,9,0.012345679012345678
4,15,6,9,0.00411522633744856
4,15,7,9,0.0
4,15,8,9,0.0
4,15,9,9,0.7736625514403292
4,16,0,0,0.7085201793721974
4,16,1,0,0.0
4,16,2,0,0.004484304932735426
4,16,3,0,0.0
4,16,4,0,0.0
4,16,5,0,0.0
4,16,6,0,0.0
4,16,7,0,0.004484304932735426
4,16,8,0,0.0
4,16,9,0,0.004484304932735426
4,16,0,1,0.0
4,16,1,1,0.7982062780269058
4,16,2,1,0.0
4,16,3,1,0.0
4,16,4,1,0.0
4,16,5,1,0.0
4,16,6,1,0.0
4,16,7,1,0.0
4,16,8,1,0.017937219730941704
4,16,9,1,0.013452914798206279
4,16,0,2,0.11210762331838565
4,16,1,2,0.0
4,16,2,2,0.7623318385650224
4,16,3,2,0.013452914798206279
4,16,4,2,0.017937219730941704
4,16,5,2,0.017937219730941704
4,16,6,2,0.0
4,16,7,2,0.026905829596412557
4,16,8,2,0.008968609865470852
4,16,9,2,0.0
4,16,0,3,0.013452914798206279
4,16,1,3,0.0
4,16,2,3,0.013452914798206279
4,16,3,3,0.5560538116591929
4,16,4,3,0.008968609865470852
4,16,5,3,0.18385650224215247
4,16,6,3,0.0
4,16,7,3,0.04035874439461883
4,16,8,3,0.013452914798206279
4,16,9,3,0.008968609865470852
4,16,0,4,0.013452914798206279
4,16,1,4,0.004484304932735426
4,16,2,4,0.04484304932735426
4,16,3,4,0.04932735426008968
4,16,4,4,0.9506726457399103
4,16,5,4,0.07174887892376682
4,16,6,4,0.004484304932735426
4,16,7,4,0.14798206278026907
4,16,8,4,0.02242152466367713
4,16,9,4,0.008968609865470852
4,16,0,5,0.0
4,16,1,5,0.004484304932735426
4,16,2,5,0.004484304932735426
4,16,3,5,0.03139013452914798
4,16,4,5,0.0
4,16,5,5,0.5919282511210763
4,16,6,5,0.0
4,16,7,5,0.03139013452914798
4,16,8,5,0.0
4,16,9,5,0.0
4,16,0,6,0.008968609865470852
4,16,1,6,0.026905829596412557
4,16,2,6,0.14349775784753363
4,16,3,6,0.21524663677130046
4,16,4,6,0.06278026905829596
4,16,5,6,0.11659192825112108
4,16,6,6,1.0
4,16,7,6,0.04484304932735426
4,16,8,6,0.06278026905829596
4,16,9,6,0.053811659192825115
4,16,0,7,0.004484304932735426
4,16,1,7,0.0
4,16,2,7,0.0
4,16,3,7,0.0
4,16,4,7,0.0
4,16,5,7,0.004484304932735426
4,16,6,7,0.0
4,16,7,7,0.6412556053811659
4,16,8,7,0.0
4,16,9,7,0.0
4,16,0,8,0.013452914798206279
4,16,1,8,0.0
4,16,2,8,0.0
4,16,3,8,0.0
4,16,4,8,0.0
4,16,5,8,0.0
4,16,6,8,0.0
4,16,7,8,0.0
4,16,8,8,0.9865470852017937
4,16,9,8,0.0
4,16,0,9,0.0
4,16,1,9,0.0
4,16,2,9,0.0
4,16,3,9,0.0
4,16,4,9,0.0
4,16,5,9,0.0
4,16,6,9,0.0
4,16,7,9,0.0
4,16,8,9,0.0
4,16,9,9,0.7847533632286996
4,17,0,0,0.7044534412955465
4,17,1,0,0.0
4,17,2,0,0.04048582995951417
4,17,3,0,0.008097165991902834
4,17,4,0,0.0
4,17,5,0,0.0
4,17,6,0,0.004048582995951417
4,17,7,0,0.004048582995951417
4,17,8,0,0.0
4,17,9,0,0.008097165991902834
4,17,0,1,0.0
4,17,1,1,0.7206477732793523
4,17,2,1,0.0
4,17,3,1,0.0
4,17,4,1,0.0
4,17,5,1,0.0
4,17,6,1,0.004048582995951417
4,17,7,1,0.0
4,17,8,1,0.0
4,17,9,1,0.0
4,17,0,2,0.0
4,17,1,2,0.0
4,17,2,2,0.5991902834008097
4,17,3,2,0.008097165991902834
4,17,4,2,0.0
4,17,5,2,0.0
4,17,6,2,0.0
4,17,7,2,0.0
4,17,8,2,0.004048582995951417
4,17,9,2,0.0
4,17,0,3,0.0
4,17,1,3,0.0
4,17,2,3,0.024291497975708502
4,17,3,3,0.6518218623481782
4,17,4,3,0.016194331983805668
4,17,5,3,0.12550607287449392
4,17,6,3,0.004048582995951417
4,17,7,3,0.020242914979757085
4,17,8,3,0.0
4,17,9,3,0.004048582995951417
4,17,0,4,0.004048582995951417
4,17,1,4,0.0
4,17,2,4,0.08906882591093117
4,17,3,4,0.032388663967611336
4,17,4,4,0.902834008097166
4,17,5,4,0.044534412955465584
4,17,6,4,0.020242914979757085
4,17,7,4,0.016194331983805668
4,17,8,4,0.0
4,17,9,4,0.0
4,17,0,5,0.0
4,17,1,5,0.0
4,17,2,5,0.03643724696356275
4,17,3,5,0.03643724696356275
4,17,4,5,0.008097165991902834
4,17,5,5,0.6882591093117408
4,17,6,5,0.0
4,17,7,5,0.02834008097165992
4,17,8,5,0.0
4,17,9,5,0.0
4,17,0,6,0.0
4,17,1,6,0.0
4,17,2,6,0.06072874493927125
4,17,3,6,0.032388663967611336
4,17,4,6,0.004048582995951417
4,17,5,6,0.012145748987854251
4,17,6,6,0.8704453441295547
4,17,7,6,0.004048582995951417
4,17,8,6,0.0
4,17,9,6,0.0
4,17,0,7,0.0
4,17,1,7,0.0
4,17,2,7,0.004048582995951417
4,17,3,7,0.004048582995951417
4,17,4,7,0.004048582995951417
4,17,5,7,0.012145748987854251
4,17,6,7,0.0
4,17,7,7,0.7692307692307693
4,17,8,7,0.0
4,17,9,7,0.004048582995951417
4,17,0,8,0.06072874493927125
4,17,1,8,0.012145748987854251
4,17,2,8,0.024291497975708502
4,17,3,8,0.008097165991902834
4,17,4,8,0.004048582995951417
4,17,5,8,0.008097165991902834
4,17,6,8,0.004048582995951417
4,17,7,8,0.004048582995951417
4,17,8,8,1.0
4,17,9,8,0.024291497975708502
4,17,0,9,0.020242914979757085
4,17,1,9,0.020242914979757085
4,17,2,9,0.0
4,17,3,9,0.0
4,17,4,9,0.0
4,17,5,9,0.0
4,17,6,9,0.0
4,17,7,9,0.0
4,17,8,9,0.0
4,17,9,9,0.7489878542510121
4,18,0,0,0.8
4,18,1,0,0.0125
4,18,2,0,0.020833333333333332
4,18,3,0,0.016666666666666666
4,18,4,0,0.004166666666666667
4,18,5,0,0.0
4,18,6,0,0.004166666666666667
4,18,7,0,0.020833333333333332
4,18,8,0,0.004166666666666667
4,18,9,0,0.020833333333333332
4,18,0,1,0.0
4,18,1,1,0.7375
4,18,2,1,0.0
4,18,3,1,0.004166666666666667
4,18,4,1,0.0
4,18,5,1,0.0
4,18,6,1,0.0
4,18,7,1,0.0
4,18,8,1,0.008333333333333333
4,18,9,1,0.0125
4,18,0,2,0.008333333333333333
4,18,1,2,0.0
4,18,2,2,0.775
4,18,3,2,0.025
4,18,4,2,0.025
4,18,5,2,0.016666666666666666
4,18,6,2,0.0125
4,18,7,2,0.020833333333333332
4,18,8,2,0.0125
4,18,9,2,0.0
4,18,0,3,0.0
4,18,1,3,0.0
4,18,2,3,0.004166666666666667
4,18,3,3,0.6
4,18,4,3,0.0125
4,18,5,3,0.04583333333333333
4,18,6,3,0.0
4,18,7,3,0.020833333333333332
4,18,8,3,0.0
4,18,9,3,0.004166666666666667
4,18,0,4,0.0
4,18,1,4,0.0
4,18,2,4,0.025
4,18,3,4,0.029166666666666667
4,18,4,4,0.875
4,18,5,4,0.016666666666666666
4,18,6,4,0.004166666666666667
4,18,7,4,0.0125
4,18,8,4,0.0
4,18,9,4,0.0
4,18,0,5,0.0
4,18,1,5,0.0
4,18,2,5,0.004166666666666667
4,18,3,5,0.058333333333333334
4,18,4,5,0.004166666666666667
4,18,5,5,0.7708333333333334
4,18,6,5,0.0
4,18,7,5,0.029166666666666667
4,18,8,5,0.0
4,18,9,5,0.004166666666666667
4,18,0,6,0.0
4,18,1,6,0.0
4,18,2,6,0.06666666666666667
4,18,3,6,0.0625
4,18,4,6,0.041666666666666664
4,18,5,6,0.05
4,18,6,6,0.9125
4,18,7,6,0.0
4,18,8,6,0.008333333333333333
4,18,9,6,0.008333333333333333
4,18,0,7,0.0
4,18,1,7,0.004166666666666667
4,18,2,7,0.004166666666666667
4,18,3,7,0.004166666666666667
4,18,4,7,0.004166666666666667
4,18,5,7,0.0125
4,18,6,7,0.0
4,18,7,7,0.7666666666666667
4,18,8,7,0.0
4,18,9,7,0.004166666666666667
4,18,0,8,0.004166666666666667
4,18,1,8,0.008333333333333333
4,18,2,8,0.004166666666666667
4,18,3,8,0.004166666666666667
4,18,4,8,0.0
4,18,5,8,0.0
4,18,6,8,0.0
4,18,7,8,0.0
4,18,8,8,1.0
4,18,9,8,0.004166666666666667
4,18,0,9,0.0
4,18,1,9,0.0125
4,18,2,9,0.0
4,18,3,9,0.0
4,18,4,9,0.0
4,18,5,9,0.004166666666666667
4,18,6,9,0.0
4,18,7,9,0.0
4,18,8,9,0.0
4,18,9,9,0.7541666666666667
4,19,0,0,0.7319148936170212
4,19,1,0,0.0
4,19,2,0,0.0
4,19,3,0,0.00425531914893617
4,19,4,0,0.0
4,19,5,0,0.0
4,19,6,0,0.0
4,19,7,0,0.0
4,19,8,0,0.00425531914893617
4,19,9,0,0.00425531914893617
4,19,0,1,0.0
4,19,1,1,0.774468085106383
4,19,2,1,0.0
4,19,3,1,0.0
4,19,4,1,0.0
4,19,5,1,0.0
4,19,6,1,0.0
4,19,7,1,0.00425531914893617
4,19,8,1,0.00425531914893617
4,19,9,1,0.01276595744680851
4,19,0,2,0.04680851063829787
4,19,1,2,0.0
4,19,2,2,0.8042553191489362
4,19,3,2,0.03829787234042553
4,19,4,2,0.02553191489361702
4,19,5,2,0.0425531914893617
4,19,6,2,0.02127659574468085
4,19,7,2,0.00851063829787234
4,19,8,2,0.00425531914893617
4,19,9,2,0.0
4,19,0,3,0.00425531914893617
4,19,1,3,0.0
4,19,2,3,0.01702127659574468
4,19,3,3,0.6468085106382979
4,19,4,3,0.00851063829787234
4,19,5,3,0.10212765957446808
4,19,6,3,0.0
4,19,7,3,0.00851063829787234
4,19,8,3,0.01276595744680851
4,19,9,3,0.00425531914893617
4,19,0,4,0.00851063829787234
4,19,1,4,0.0
4,19,2,4,0.03829787234042553
4,19,3,4,0.0425531914893617
4,19,4,4,0.9276595744680851
4,19,5,4,0.04680851063829787
4,19,6,4,0.0
4,19,7,4,0.05531914893617021
4,19,8,4,0.00425531914893617
4,19,9,4,0.00425531914893617
4,19,0,5,0.00425531914893617
4,19,1,5,0.0
4,19,2,5,0.0
4,19,3,5,0.0425531914893617
4,19,4,5,0.0
4,19,5,5,0.6851063829787234
4,19,6,5,0.0
4,19,7,5,0.00425531914893617
4,19,8,5,0.0
4,19,9,5,0.0
4,19,0,6,0.00425531914893617
4,19,1,6,0.00851063829787234
4,19,2,6,0.06382978723404255
4,19,3,6,0.0425531914893617
4,19,4,6,0.02127659574468085
4,19,5,6,0.02553191489361702
4,19,6,6,0.9319148936170213
4,19,7,6,0.0
4,19,8,6,0.01702127659574468
4,19,9,6,0.01702127659574468
4,19,0,7,0.00425531914893617
4,19,1,7,0.0
4,19,2,7,0.0
4,19,3,7,0.00425531914893617
4,19,4,7,0.00425531914893617
4,19,5,7,0.029787234042553193
4,19,6,7,0.0
4,19,7,7,0.8085106382978723
4,19,8,7,0.00425531914893617
4,19,9,7,0.00425531914893617
4,19,0,8,0.02127659574468085
4,19,1,8,0.00425531914893617
4,19,2,8,0.0
4,19,3,8,0.0
4,19,4,8,0.0
4,19,5,8,0.00425531914893617
4,19,6,8,0.0
4,19,7,8,0.0
4,19,8,8,1.0
4,19,9,8,0.01276595744680851
4,19,0,9,0.00425531914893617
4,19,1,9,0.00425531914893617
4,19,2,9,0.0
4,19,3,9,0.0
4,19,4,9,0.0
4,19,5,9,0.0
4,19,6,9,0.0
4,19,7,9,0.0
4,19,8,9,0.00425531914893617
4,19,9,9,0.7702127659574468
4,2,0,0,0.0
4,2,1,0,0.0
4,2,2,0,0.0
4,2,3,0,0.0
4,2,4,0,0.0
4,2,5,0,0.0
4,2,6,0,0.0
4,2,7,0,0.0
4,2,8,0,0.0
4,2,9,0,0.0
4,2,0,1,0.0
4,2,1,1,0.0
4,2,2,1,0.0
4,2,3,1,0.0
4,2,4,1,0.0
4,2,5,1,0.0
4,2,6,1,0.0
4,2,7,1,0.0
4,2,8,1,0.0
4,2,9,1,0.0
4,2,0,2,0.17672413793103448
4,2,1,2,0.017241379310344827
4,2,2,2,0.02586206896551724
4,2,3,2,0.0
4,2,4,2,0.0
4,2,5,2,0.004310344827586207
4,2,6,2,0.008620689655172414
4,2,7,2,0.0
4,2,8,2,0.13793103448275862
4,2,9,2,0.008620689655172414
4,2,0,3,0.017241379310344827
4,2,1,3,0.017241379310344827
4,2,2,3,0.008620689655172414
4,2,3,3,0.021551724137931036
4,2,4,3,0.0
4,2,5,3,0.0
4,2,6,3,0.0
4,2,7,3,0.004310344827586207
4,2,8,3,0.0
4,2,9,3,0.021551724137931036
4,2,0,4,0.6336206896551724
4,2,1,4,0.7413793103448276
4,2,2,4,0.9008620689655172
4,2,3,4,0.8060344827586207
4,2,4,4,1.0
4,2,5,4,0.9094827586206896
4,2,6,4,0.9568965517241379
4,2,7,4,0.8922413793103449
4,2,8,4,0.8836206896551724
4,2,9,4,0.771551724137931
4,2,0,5,0.0
4,2,1,5,0.008620689655172414
4,2,2,5,0.0
4,2,3,5,0.004310344827586207
4,2,4,5,0.0
4,2,5,5,0.034482758620689655
4,2,6,5,0.0
4,2,7,5,0.004310344827586207
4,2,8,5,0.008620689655172414
4,2,9,5,0.008620689655172414
4,2,0,6,0.0
4,2,1,6,0.0
4,2,2,6,0.0
4,2,3,6,0.0
4,2,4,6,0.0
4,2,5,6,0.0
4,2,6,6,0.0
4,2,7,6,0.0
4,2,8,6,0.0
4,2,9,6,0.0
4,2,0,7,0.004310344827586207
4,2,1,7,0.0
4,2,2,7,0.0
4,2,3,7,0.0
4,2,4,7,0.0
4,2,5,7,0.0
4,2,6,7,0.0
4,2,7,7,0.0
4,2,8,7,0.0
4,2,9,7,0.004310344827586207
4,2,0,8,0.008620689655172414
4,2,1,8,0.017241379310344827
4,2,2,8,0.0
4,2,3,8,0.0
4,2,4,8,0.0
4,2,5,8,0.0
4,2,6,8,0.0
4,2,7,8,0.0
4,2,8,8,0.03879310344827586
4,2,9,8,0.021551724137931036
4,2,0,9,0.0
4,2,1,9,0.0
4,2,2,9,0.0
4,2,3,9,0.0
4,2,4,9,0.0
4,2,5,9,0.0
4,2,6,9,0.0
4,2,7,9,0.0
4,2,8,9,0.0
4,2,9,9,0.004310344827586207
4,20,0,0,0.7777777777777778
4,20,1,0,0.0
4,20,2,0,0.02880658436213992
4,20,3,0,0.00823045267489712
4,20,4,0,0.0
4,20,5,0,0.00411522633744856
4,20,6,0,0.0
4,20,7,0,0.01646090534979424
4,20,8,0,0.00411522633744856
4,20,9,0,0.02880658436213992
4,20,0,1,0.0
4,20,1,1,0.7489711934156379
4,20,2,1,0.0
4,20,3,1,0.0
4,20,4,1,0.0
4,20,5,1,0.0
4,20,6,1,0.00411522633744856
4,20,7,1,0.0
4,20,8,1,0.012345679012345678
4,20,9,1,0.01646090534979424
4,20,0,2,0.012345679012345678
4,20,1,2,0.0
4,20,2,2,0.7654320987654321
4,20,3,2,0.0411522633744856
4,20,4,2,0.01646090534979424
4,20,5,2,0.037037037037037035
4,20,6,2,0.00823045267489712
4,20,7,2,0.024691358024691357
4,20,8,2,0.00411522633744856
4,20,9,2,0.0
4,20,0,3,0.0
4,20,1,3,0.0
4,20,2,3,0.00411522633744856
4,20,3,3,0.5555555555555556
4,20,4,3,0.00823045267489712
4,20,5,3,0.09876543209876543
4,20,6,3,0.0
4,20,7,3,0.00823045267489712
4,20,8,3,0.0
4,20,9,3,0.0
4,20,0,4,0.0
4,20,1,4,0.0
4,20,2,4,0.01646090534979424
4,20,3,4,0.037037037037037035
4,20,4,4,0.8806584362139918
4,20,5,4,0.06995884773662552
4,20,6,4,0.00411522633744856
4,20,7,4,0.06995884773662552
4,20,8,4,0.0
4,20,9,4,0.0
4,20,0,5,0.0
4,20,1,5,0.0
4,20,2,5,0.00823045267489712
4,20,3,5,0.03292181069958848
4,20,4,5,0.0
4,20,5,5,0.6296296296296297
4,20,6,5,0.0
4,20,7,5,0.01646090534979424
4,20,8,5,0.0
4,20,9,5,0.0
4,20,0,6,0.0
4,20,1,6,0.0
4,20,2,6,0.06584362139917696
4,20,3,6,0.102880658436214
4,20,4,6,0.04526748971193416
4,20,5,6,0.05761316872427984
4,20,6,6,0.9053497942386831
4,20,7,6,0.01646090534979424
4,20,8,6,0.0
4,20,9,6,0.00411522633744856
4,20,0,7,0.0
4,20,1,7,0.0
4,20,2,7,0.0
4,20,3,7,0.0
4,20,4,7,0.0
4,20,5,7,0.00411522633744856
4,20,6,7,0.0
4,20,7,7,0.7078189300411523
4,20,8,7,0.0
4,20,9,7,0.0
4,20,0,8,0.012345679012345678
4,20,1,8,0.012345679012345678
4,20,2,8,0.00411522633744856
4,20,3,8,0.00411522633744856
4,20,4,8,0.00411522633744856
4,20,5,8,0.00411522633744856
4,20,6,8,0.0
4,20,7,8,0.0
4,20,8,8,1.0
4,20,9,8,0.012345679012345678
4,20,0,9,0.0
4,20,1,9,0.00411522633744856
4,20,2,9,0.0
4,20,3,9,0.012345679012345678
4,20,4,9,0.0
4,20,5,9,0.0
4,20,6,9,0.0
4,20,7,9,0.0
4,20,8,9,0.0
4,20,9,9,0.7407407407407407
4,3,0,0,0.022988505747126436
4,3,1,0,0.0
4,3,2,0,0.0
4,3,3,0,0.0
4,3,4,0,0.0
4,3,5,0,0.0
4,3,6,0,0.0
4,3,7,0,0.0
4,3,8,0,0.0
4,3,9,0,0.0
4,3,0,1,0.0
4,3,1,1,0.07471264367816093
4,3,2,1,0.0
4,3,3,1,0.0
4,3,4,1,0.0
4,3,5,1,0.0
4,3,6,1,0.0
4,3,7,1,0.0
4,3,8,1,0.0
4,3,9,1,0.0
4,3,0,2,0.40804597701149425
4,3,1,2,0.20689655172413793
4,3,2,2,0.7241379310344828
4,3,3,2,0.45977011494252873
4,3,4,2,0.2988505747126437
4,3,5,2,0.5229885057471264
4,3,6,2,0.1839080459770115
4,3,7,2,0.20689655172413793
4,3,8,2,0.27586206896551724
4,3,9,2,0.08620689655172414
4,3,0,3,0.005747126436781609
4,3,1,3,0.09195402298850575
4,3,2,3,0.028735632183908046
4,3,3,3,0.23563218390804597
4,3,4,3,0.017241379310344827
4,3,5,3,0.06896551724137931
4,3,6,3,0.04597701149425287
4,3,7,3,0.07471264367816093
4,3,8,3,0.04597701149425287
4,3,9,3,0.14942528735632185
4,3,0,4,0.2471264367816092
4,3,1,4,0.3850574712643678
4,3,2,4,0.42528735632183906
4,3,3,4,0.3333333333333333
4,3,4,4,1.0
4,3,5,4,0.41379310344827586
4,3,6,4,0.9425287356321839
4,3,7,4,0.7241379310344828
4,3,8,4,0.16666666666666666
4,3,9,4,0.3563218390804598
4,3,0,5,0.028735632183908046
4,3,1,5,0.028735632183908046
4,3,2,5,0.040229885057471264
4,3,3,5,0.07471264367816093
4,3,4,5,0.005747126436781609
4,3,5,5,0.25287356321839083
4,3,6,5,0.005747126436781609
4,3,7,5,0.07471264367816093
4,3,8,5,0.022988505747126436
4,3,9,5,0.040229885057471264
4,3,0,6,0.017241379310344827
4,3,1,6,0.028735632183908046
4,3,2,6,0.005747126436781609
4,3,3,6,0.0
4,3,4,6,0.005747126436781609
4,3,5,6,0.0
4,3,6,6,0.10919540229885058
4,3,7,6,0.011494252873563218
4,3,8,6,0.011494252873563218
4,3,9,6,0.034482758620689655
4,3,0,7,0.011494252873563218
4,3,1,7,0.011494252873563218
4,3,2,7,0.0
4,3,3,7,0.005747126436781609
4,3,4,7,0.0
4,3,5,7,0.005747126436781609
4,3,6,7,0.0
4,3,7,7,0.09195402298850575
4,3,8,7,0.005747126436781609
4,3,9,7,0.017241379310344827
4,3,0,8,0.3793103448275862
4,3,1,8,0.20689655172413793
4,3,2,8,0.022988505747126436
4,3,3,8,0.0
4,3,4,8,0.005747126436781609
4,3,5,8,0.0
4,3,6,8,0.0
4,3,7,8,0.011494252873563218
4,3,8,8,0.8908045977011494
4,3,9,8,0.28735632183908044
4,3,0,9,0.0
4,3,1,9,0.034482758620689655
4,3,2,9,0.0
4,3,3,9,0.0
4,3,4,9,0.0
4,3,5,9,0.0
4,3,6,9,0.0
4,3,7,9,0.005747126436781609
4,3,8,9,0.005747126436781609
4,3,9,9,0.14942528735632185
4,4,0,0,0.5892857142857143
4,4,1,0,0.03571428571428571
4,4,2,0,0.03571428571428571
4,4,3,0,0.005952380952380952
4,4,4,0,0.0
4,4,5,0,0.005952380952380952
4,4,6,0,0.005952380952380952
4,4,7,0,0.005952380952380952
4,4,8,0,0.07738095238095238
4,4,9,0,0.017857142857142856
4,4,0,1,0.0
4,4,1,1,0.30952380952380953
4,4,2,1,0.0
4,4,3,1,0.0
4,4,4,1,0.0
4,4,5,1,0.0
4,4,6,1,0.0
4,4,7,1,0.0
4,4,8,1,0.011904761904761904
4,4,9,1,0.011904761904761904
4,4,0,2,0.19047619047619047
4,4,1,2,0.05952380952380952
4,4,2,2,0.5952380952380952
4,4,3,2,0.05952380952380952
4,4,4,2,0.10119047619047619
4,4,5,2,0.03571428571428571
4,4,6,2,0.07738095238095238
4,4,7,2,0.017857142857142856
4,4,8,2,0.06547619047619048
4,4,9,2,0.02976190476190476
4,4,0,3,0.08928571428571429
4,4,1,3,0.30952380952380953
4,4,2,3,0.17857142857142858
4,4,3,3,0.6785714285714286
4,4,4,3,0.14285714285714285
4,4,5,3,0.20238095238095238
4,4,6,3,0.17857142857142858
4,4,7,3,0.14285714285714285
4,4,8,3,0.21428571428571427
4,4,9,3,0.3392857142857143
4,4,0,4,0.03571428571428571
4,4,1,4,0.011904761904761904
4,4,2,4,0.16666666666666666
4,4,3,4,0.07142857142857142
4,4,4,4,0.9821428571428571
4,4,5,4,0.11904761904761904
4,4,6,4,0.15476190476190477
4,4,7,4,0.30952380952380953
4,4,8,4,0.0
4,4,9,4,0.047619047619047616
4,4,0,5,0.10119047619047619
4,4,1,5,0.023809523809523808
4,4,2,5,0.24404761904761904
4,4,3,5,0.2916666666666667
4,4,4,5,0.09523809523809523
4,4,5,5,0.9285714285714286
4,4,6,5,0.07738095238095238
4,4,7,5,0.34523809523809523
4,4,8,5,0.07738095238095238
4,4,9,5,0.06547619047619048
4,4,0,6,0.011904761904761904
4,4,1,6,0.10119047619047619
4,4,2,6,0.05357142857142857
4,4,3,6,0.02976190476190476
4,4,4,6,0.047619047619047616
4,4,5,6,0.011904761904761904
4,4,6,6,0.8392857142857143
4,4,7,6,0.023809523809523808
4,4,8,6,0.023809523809523808
4,4,9,6,0.06547619047619048
4,4,0,7,0.005952380952380952
4,4,1,7,0.023809523809523808
4,4,2,7,0.005952380952380952
4,4,3,7,0.005952380952380952
4,4,4,7,0.011904761904761904
4,4,5,7,0.005952380952380952
4,4,6,7,0.0
4,4,7,7,0.39880952380952384
4,4,8,7,0.005952380952380952
4,4,9,7,0.017857142857142856
4,4,0,8,0.13690476190476192
4,4,1,8,0.07142857142857142
4,4,2,8,0.011904761904761904
4,4,3,8,0.0
4,4,4,8,0.0
4,4,5,8,0.0
4,4,6,8,0.0
4,4,7,8,0.0
4,4,8,8,1.0
4,4,9,8,0.08333333333333333
4,4,0,9,0.0
4,4,1,9,0.16071428571428573
4,4,2,9,0.0
4,4,3,9,0.005952380952380952
4,4,4,9,0.0
4,4,5,9,0.0
4,4,6,9,0.0
4,4,7,9,0.0
4,4,8,9,0.0
4,4,9,9,0.48214285714285715
4,5,0,0,0.6544502617801047
4,5,1,0,0.02617801047120419
4,5,2,0,0.03664921465968586
4,5,3,0,0.010471204188481676
4,5,4,0,0.005235602094240838
4,5,5,0,0.0
4,5,6,0,0.010471204188481676
4,5,7,0,0.005235602094240838
4,5,8,0,0.06806282722513089
4,5,9,0,0.015706806282722512
4,5,0,1,0.005235602094240838
4,5,1,1,0.7958115183246073
4,5,2,1,0.005235602094240838
4,5,3,1,0.005235602094240838
4,5,4,1,0.0
4,5,5,1,0.0
4,5,6,1,0.005235602094240838
4,5,7,1,0.005235602094240838
4,5,8,1,0.041884816753926704
4,5,9,1,0.09947643979057591
4,5,0,2,0.10471204188481675
4,5,1,2,0.010471204188481676
4,5,2,2,0.46596858638743455
4,5,3,2,0.05759162303664921
4,5,4,2,0.03664921465968586
4,5,5,2,0.031413612565445025
4,5,6,2,0.07329842931937172
4,5,7,2,0.005235602094240838
4,5,8,2,0.031413612565445025
4,5,9,2,0.0
4,5,0,3,0.041884816753926704
4,5,1,3,0.041884816753926704
4,5,2,3,0.09424083769633508
4,5,3,3,0.5654450261780105
4,5,4,3,0.06282722513089005
4,5,5,3,0.16753926701570682
4,5,6,3,0.07853403141361257
4,5,7,3,0.031413612565445025
4,5,8,3,0.05759162303664921
4,5,9,3,0.041884816753926704
4,5,0,4,0.041884816753926704
4,5,1,4,0.005235602094240838
4,5,2,4,0.25654450261780104
4,5,3,4,0.07329842931937172
4,5,4,4,0.8848167539267016
4,5,5,4,0.07329842931937172
4,5,6,4,0.16230366492146597
4,5,7,4,0.03664921465968586
4,5,8,4,0.015706806282722512
4,5,9,4,0.005235602094240838
4,5,0,5,0.015706806282722512
4,5,1,5,0.005235602094240838
4,5,2,5,0.1518324607329843
4,5,3,5,0.2094240837696335
4,5,4,5,0.02617801047120419
4,5,5,5,0.743455497382199
4,5,6,5,0.031413612565445025
4,5,7,5,0.09424083769633508
4,5,8,5,0.020942408376963352
4,5,9,5,0.010471204188481676
4,5,0,6,0.005235602094240838
4,5,1,6,0.0
4,5,2,6,0.04712041884816754
4,5,3,6,0.020942408376963352
4,5,4,6,0.020942408376963352
4,5,5,6,0.005235602094240838
4,5,6,6,0.7801047120418848
4,5,7,6,0.005235602094240838
4,5,8,6,0.010471204188481676
4,5,9,6,0.005235602094240838
4,5,0,7,0.06806282722513089
4,5,1,7,0.015706806282722512
4,5,2,7,0.06806282722513089
4,5,3,7,0.06282722513089005
4,5,4,7,0.17277486910994763
4,5,5,7,0.13089005235602094
4,5,6,7,0.015706806282722512
4,5,7,7,0.900523560209424
4,5,8,7,0.0
4,5,9,7,0.09424083769633508
4,5,0,8,0.06806282722513089
4,5,1,8,0.010471204188481676
4,5,2,8,0.010471204188481676
4,5,3,8,0.005235602094240838
4,5,4,8,0.005235602094240838
4,5,5,8,0.0
4,5,6,8,0.010471204188481676
4,5,7,8,0.005235602094240838
4,5,8,8,1.0
4,5,9,8,0.015706806282722512
4,5,0,9,0.015706806282722512
4,5,1,9,0.06282722513089005
4,5,2,9,0.0
4,5,3,9,0.0
4,5,4,9,0.0
4,5,5,9,0.0
4,5,6,9,0.005235602094240838
4,5,7,9,0.005235602094240838
4,5,8,9,0.05235602094240838
4,5,9,9,0.7329842931937173
4,6,0,0,0.7523809523809524
4,6,1,0,0.023809523809523808
4,6,2,0,0.047619047619047616
4,6,3,0,0.004761904761904762
4,6,4,0,0.014285714285714285
4,6,5,0,0.0
4,6,6,0,0.014285714285714285
4,6,7,0,0.0
4,6,8,0,0.16666666666666666
4,6,9,0,0.0380952380952381
4,6,0,1,0.0
4,6,1,1,0.7333333333333333
4,6,2,1,0.0
4,6,3,1,0.0
4,6,4,1,0.004761904761904762
4,6,5,1,0.0
4,6,6,1,0.0
4,6,7,1,0.0
4,6,8,1,0.06190476190476191
4,6,9,1,0.05714285714285714
4,6,0,2,0.06190476190476191
4,6,1,2,0.0
4,6,2,2,0.37142857142857144
4,6,3,2,0.0380952380952381
4,6,4,2,0.0
4,6,5,2,0.023809523809523808
4,6,6,2,0.01904761904761905
4,6,7,2,0.004761904761904762
4,6,8,2,0.02857142857142857
4,6,9,2,0.0
4,6,0,3,0.009523809523809525
4,6,1,3,0.004761904761904762
4,6,2,3,0.0380952380952381
4,6,3,3,0.3952380952380952
4,6,4,3,0.014285714285714285
4,6,5,3,0.05714285714285714
4,6,6,3,0.023809523809523808
4,6,7,3,0.023809523809523808
4,6,8,3,0.02857142857142857
4,6,9,3,0.004761904761904762
4,6,0,4,0.04285714285714286
4,6,1,4,0.004761904761904762
4,6,2,4,0.26666666666666666
4,6,3,4,0.10476190476190476
4,6,4,4,1.0
4,6,5,4,0.16666666666666666
4,6,6,4,0.05238095238095238
4,6,7,4,0.16666666666666666
4,6,8,4,0.01904761904761905
4,6,9,4,0.023809523809523808
4,6,0,5,0.014285714285714285
4,6,1,5,0.009523809523809525
4,6,2,5,0.11904761904761904
4,6,3,5,0.21428571428571427
4,6,4,5,0.023809523809523808
4,6,5,5,0.7142857142857143
4,6,6,5,0.014285714285714285
4,6,7,5,0.0761904761904762
4,6,8,5,0.01904761904761905
4,6,9,5,0.009523809523809525
4,6,0,6,0.01904761904761905
4,6,1,6,0.03333333333333333
4,6,2,6,0.18095238095238095
4,6,3,6,0.14285714285714285
4,6,4,6,0.03333333333333333
4,6,5,6,0.04285714285714286
4,6,6,6,0.9380952380952381
4,6,7,6,0.02857142857142857
4,6,8,6,0.01904761904761905
4,6,9,6,0.023809523809523808
4,6,0,7,0.01904761904761905
4,6,1,7,0.004761904761904762
4,6,2,7,0.009523809523809525
4,6,3,7,0.014285714285714285
4,6,4,7,0.014285714285714285
4,6,5,7,0.03333333333333333
4,6,6,7,0.0
4,6,7,7,0.6952380952380952
4,6,8,7,0.0
4,6,9,7,0.014285714285714285
4,6,0,8,0.004761904761904762
4,6,1,8,0.0
4,6,2,8,0.0
4,6,3,8,0.0
4,6,4,8,0.0
4,6,5,8,0.004761904761904762
4,6,6,8,0.0
4,6,7,8,0.0
4,6,8,8,0.8047619047619048
4,6,9,8,0.014285714285714285
4,6,0,9,0.004761904761904762
4,6,1,9,0.07142857142857142
4,6,2,9,0.0
4,6,3,9,0.004761904761904762
4,6,4,9,0.0
4,6,5,9,0.004761904761904762
4,6,6,9,0.004761904761904762
4,6,7,9,0.0
4,6,8,9,0.03333333333333333
4,6,9,9,0.7428571428571429
4,7,0,0,0.7028301886792453
4,7,1,0,0.009433962264150943
4,7,2,0,0.02358490566037736
4,7,3,0,0.0
4,7,4,0,0.009433962264150943
4,7,5,0,0.0
4,7,6,0,0.009433962264150943
4,7,7,0,0.009433962264150943
4,7,8,0,0.04716981132075472
4,7,9,0,0.009433962264150943
4,7,0,1,0.0
4,7,1,1,0.7169811320754716
4,7,2,1,0.0047169811320754715
4,7,3,1,0.009433962264150943
4,7,4,1,0.0047169811320754715
4,7,5,1,0.0
4,7,6,1,0.009433962264150943
4,7,7,1,0.0
4,7,8,1,0.02830188679245283
4,7,9,1,0.018867924528301886
4,7,0,2,0.018867924528301886
4,7,1,2,0.0047169811320754715
4,7,2,2,0.589622641509434
4,7,3,2,0.03773584905660377
4,7,4,2,0.04245283018867924
4,7,5,2,0.02358490566037736
4,7,6,2,0.04716981132075472
4,7,7,2,0.0047169811320754715
4,7,8,2,0.014150943396226415
4,7,9,2,0.0
4,7,0,3,0.04716981132075472
4,7,1,3,0.009433962264150943
4,7,2,3,0.11320754716981132
4,7,3,3,0.5424528301886793
4,7,4,3,0.0330188679245283
4,7,5,3,0.10849056603773585
4,7,6,3,0.14150943396226415
4,7,7,3,0.02830188679245283
4,7,8,3,0.02358490566037736
4,7,9,3,0.0047169811320754715
4,7,0,4,0.009433962264150943
4,7,1,4,0.0
4,7,2,4,0.10377358490566038
4,7,3,4,0.04245283018867924
4,7,4,4,0.8679245283018868
4,7,5,4,0.05660377358490566
4,7,6,4,0.04245283018867924
4,7,7,4,0.04245283018867924
4,7,8,4,0.0047169811320754715
4,7,9,4,0.0
4,7,0,5,0.02358490566037736
4,7,1,5,0.0
4,7,2,5,0.10377358490566038
4,7,3,5,0.22169811320754718
4,7,4,5,0.04245283018867924
4,7,5,5,0.7971698113207547
4,7,6,5,0.0660377358490566
4,7,7,5,0.06132075471698113
4,7,8,5,0.014150943396226415
4,7,9,5,0.0047169811320754715
4,7,0,6,0.009433962264150943
4,7,1,6,0.0
4,7,2,6,0.0330188679245283
4,7,3,6,0.018867924528301886
4,7,4,6,0.009433962264150943
4,7,5,6,0.0
4,7,6,6,0.7311320754716981
4,7,7,6,0.0
4,7,8,6,0.0
4,7,9,6,0.0
4,7,0,7,0.018867924528301886
4,7,1,7,0.0
4,7,2,7,0.0330188679245283
4,7,3,7,0.014150943396226415
4,7,4,7,0.07547169811320754
4,7,5,7,0.04245283018867924
4,7,6,7,0.0
4,7,7,7,0.8207547169811321
4,7,8,7,0.0
4,7,9,7,0.0
4,7,0,8,0.03773584905660377
4,7,1,8,0.02358490566037736
4,7,2,8,0.018867924528301886
4,7,3,8,0.009433962264150943
4,7,4,8,0.009433962264150943
4,7,5,8,0.0047169811320754715
4,7,6,8,0.0
4,7,7,8,0.0
4,7,8,8,1.0
4,7,9,8,0.02358490566037736
4,7,0,9,0.05188679245283019
4,7,1,9,0.11320754716981132
4,7,2,9,0.0
4,7,3,9,0.014150943396226415
4,7,4,9,0.0
4,7,5,9,0.0047169811320754715
4,7,6,9,0.009433962264150943
4,7,7,9,0.018867924528301886
4,7,8,9,0.03773584905660377
4,7,9,9,0.8584905660377359
4,8,0,0,0.7454545454545455
4,8,1,0,0.00909090909090909
4,8,2,0,0.031818181818181815
4,8,3,0,0.0
4,8,4,0,0.013636363636363636
4,8,5,0,0.0
4,8,6,0,0.004545454545454545
4,8,7,0,0.00909090909090909
4,8,8,0,0.031818181818181815
4,8,9,0,0.031818181818181815
4,8,0,1,0.0
4,8,1,1,0.8090909090909091
4,8,2,1,0.013636363636363636
4,8,3,1,0.00909090909090909
4,8,4,1,0.0
4,8,5,1,0.0
4,8,6,1,0.0
4,8,7,1,0.004545454545454545
4,8,8,1,0.022727272727272728
4,8,9,1,0.13636363636363635
4,8,0,2,0.07272727272727272
4,8,1,2,0.0
4,8,2,2,0.7227272727272728
4,8,3,2,0.1
4,8,4,2,0.1
4,8,5,2,0.09090909090909091
4,8,6,2,0.03636363636363636
4,8,7,2,0.08181818181818182
4,8,8,2,0.031818181818181815
4,8,9,2,0.00909090909090909
4,8,0,3,0.00909090909090909
4,8,1,3,0.0
4,8,2,3,0.022727272727272728
4,8,3,3,0.5
4,8,4,3,0.004545454545454545
4,8,5,3,0.1409090909090909
4,8,6,3,0.00909090909090909
4,8,7,3,0.02727272727272727
4,8,8,3,0.00909090909090909
4,8,9,3,0.0
4,8,0,4,0.00909090909090909
4,8,1,4,0.0
4,8,2,4,0.045454545454545456
4,8,3,4,0.07272727272727272
4,8,4,4,0.8863636363636364
4,8,5,4,0.1
4,8,6,4,0.00909090909090909
4,8,7,4,0.18181818181818182
4,8,8,4,0.004545454545454545
4,8,9,4,0.00909090909090909
4,8,0,5,0.0
4,8,1,5,0.0
4,8,2,5,0.022727272727272728
4,8,3,5,0.07272727272727272
4,8,4,5,0.004545454545454545
4,8,5,5,0.5681818181818182
4,8,6,5,0.0
4,8,7,5,0.05
4,8,8,5,0.004545454545454545
4,8,9,5,0.0
4,8,0,6,0.01818181818181818
4,8,1,6,0.00909090909090909
4,8,2,6,0.11363636363636363
4,8,3,6,0.11363636363636363
4,8,4,6,0.045454545454545456
4,8,5,6,0.08636363636363636
4,8,6,6,0.9545454545454546
4,8,7,6,0.02727272727272727
4,8,8,6,0.01818181818181818
4,8,9,6,0.06363636363636363
4,8,0,7,0.0
4,8,1,7,0.0
4,8,2,7,0.004545454545454545
4,8,3,7,0.004545454545454545
4,8,4,7,0.0
4,8,5,7,0.00909090909090909
4,8,6,7,0.0
4,8,7,7,0.5681818181818182
4,8,8,7,0.0
4,8,9,7,0.00909090909090909
4,8,0,8,0.031818181818181815
4,8,1,8,0.013636363636363636
4,8,2,8,0.00909090909090909
4,8,3,8,0.004545454545454545
4,8,4,8,0.0
4,8,5,8,0.004545454545454545
4,8,6,8,0.004545454545454545
4,8,7,8,0.0
4,8,8,8,1.0
4,8,9,8,0.04090909090909091
4,8,0,9,0.0
4,8,1,9,0.004545454545454545
4,8,2,9,0.0
4,8,3,9,0.0
4,8,4,9,0.0
4,8,5,9,0.0
4,8,6,9,0.0
4,8,7,9,0.0
4,8,8,9,0.004545454545454545
4,8,9,9,0.5863636363636363
4,9,0,0,0.7729257641921398
4,9,1,0,0.034934497816593885
4,9,2,0,0.043668122270742356
4,9,3,0,0.008733624454148471
4,9,4,0,0.021834061135371178
4,9,5,0,0.004366812227074236
4,9,6,0,0.008733624454148471
4,9,7,0,0.026200873362445413
4,9,8,0,0.034934497816593885
4,9,9,0,0.06550218340611354
4,9,0,1,0.0
4,9,1,1,0.6899563318777293
4,9,2,1,0.0
4,9,3,1,0.004366812227074236
4,9,4,1,0.0
4,9,5,1,0.0
4,9,6,1,0.0
4,9,7,1,0.0
4,9,8,1,0.0
4,9,9,1,0.008733624454148471
4,9,0,2,0.039301310043668124
4,9,1,2,0.0
4,9,2,2,0.6069868995633187
4,9,3,2,0.08296943231441048
4,9,4,2,0.021834061135371178
4,9,5,2,0.06550218340611354
4,9,6,2,0.021834061135371178
4,9,7,2,0.026200873362445413
4,9,8,2,0.017467248908296942
4,9,9,2,0.0
4,9,0,3,0.013100436681222707
4,9,1,3,0.008733624454148471
4,9,2,3,0.021834061135371178
4,9,3,3,0.49344978165938863
4,9,4,3,0.0
4,9,5,3,0.14410480349344978
4,9,6,3,0.008733624454148471
4,9,7,3,0.043668122270742356
4,9,8,3,0.004366812227074236
4,9,9,3,0.008733624454148471
4,9,0,4,0.0
4,9,1,4,0.0
4,9,2,4,0.1572052401746725
4,9,3,4,0.09606986899563319
4,9,4,4,0.9563318777292577
4,9,5,4,0.1572052401746725
4,9,6,4,0.056768558951965066
4,9,7,4,0.18340611353711792
4,9,8,4,0.008733624454148471
4,9,9,4,0.004366812227074236
4,9,0,5,0.004366812227074236
4,9,1,5,0.0
4,9,2,5,0.013100436681222707
4,9,3,5,0.0611353711790393
4,9,4,5,0.004366812227074236
4,9,5,5,0.5502183406113537
4,9,6,5,0.004366812227074236
4,9,7,5,0.039301310043668124
4,9,8,5,0.004366812227074236
4,9,9,5,0.004366812227074236
4,9,0,6,0.004366812227074236
4,9,1,6,0.004366812227074236
4,9,2,6,0.09606986899563319
4,9,3,6,0.08733624454148471
4,9,4,6,0.008733624454148471
4,9,5,6,0.03056768558951965
4,9,6,6,0.868995633187773
4,9,7,6,0.004366812227074236
4,9,8,6,0.008733624454148471
4,9,9,6,0.008733624454148471
4,9,0,7,0.0
4,9,1,7,0.0
4,9,2,7,0.004366812227074236
4,9,3,7,0.0
4,9,4,7,0.0
4,9,5,7,0.004366812227074236
4,9,6,7,0.0
4,9,7,7,0.5851528384279476
4,9,8,7,0.0
4,9,9,7,0.0
4,9,0,8,0.017467248908296942
4,9,1,8,0.06550218340611354
4,9,2,8,0.004366812227074236
4,9,3,8,0.008733624454148471
4,9,4,8,0.0
4,9,5,8,0.004366812227074236
4,9,6,8,0.008733624454148471
4,9,7,8,0.004366812227074236
4,9,8,8,1.0
4,9,9,8,0.05240174672489083
4,9,0,9,0.0
4,9,1,9,0.008733624454148471
4,9,2,9,0.0
4,9,3,9,0.0
4,9,4,9,0.0
4,9,5,9,0.0
4,9,6,9,0.0
4,9,7,9,0.0
4,9,8,9,0.004366812227074236
4,9,9,9,0.6986899563318777
5,1,0,0,0.6527987897125568
5,1,1,0,0.059757942511346446
5,1,2,0,0.1308623298033283
5,1,3,0,0.04236006051437216
5,1,4,0,0.06202723146747353
5,1,5,0,0.03252647503782148
5,1,6,0,0.00680786686838124
5,1,7,0,0.02723146747352496
5,1,8,0,0.13010590015128592
5,1,9,0,0.046142208774583963
5,1,0,1,0.012859304084720122
5,1,1,1,0.47049924357034795
5,1,2,1,0.0015128593040847202
5,1,3,1,0.0
5,1,4,1,0.0007564296520423601
5,1,5,1,0.0015128593040847202
5,1,6,1,0.0
5,1,7,1,0.0015128593040847202
5,1,8,1,0.012102874432677761
5,1,9,1,0.09228441754916793
5,1,0,2,0.07564296520423601
5,1,1,2,0.015128593040847202
5,1,2,2,0.5007564296520424
5,1,3,2,0.15960665658093798
5,1,4,2,0.1800302571860817
5,1,5,2,0.18608169440242056
5,1,6,2,0.07337367624810892
5,1,7,2,0.08850226928895613
5,1,8,2,0.023449319213313162
5,1,9,2,0.025718608169440244
5,1,0,3,0.02193645990922844
5,1,1,3,0.0453857791225416
5,1,2,3,0.0907715582450832
5,1,3,3,0.4523449319213313
5,1,4,3,0.0718608169440242
5,1,5,3,0.26853252647503784
5,1,6,3,0.0832072617246596
5,1,7,3,0.08925869894099848
5,1,8,3,0.024962178517397883
5,1,9,3,0.06732223903177005
5,1,0,4,0.02723146747352496
5,1,1,4,0.01059001512859304
5,1,2,4,0.23524962178517397
5,1,3,4,0.1800302571860817
5,1,4,4,0.5892586989409985
5,1,5,4,0.13993948562783662
5,1,6,4,0.2329803328290469
5,1,7,4,0.1951588502269289
5,1,8,4,0.007564296520423601
5,1,9,4,0.01664145234493192
5,1,0,5,0.0022692889561270802
5,1,1,5,0.00529500756429652
5,1,2,5,0.059001512859304085
5,1,3,5,0.16792738275340394
5,1,4,5,0.02723146747352496
5,1,5,5,0.4493192133131619
5,1,6,5,0.014372163388804841
5,1,7,5,0.10363086232980333
5,1,8,5,0.0
5,1,9,5,0.01059001512859304
5,1,0,6,0.02193645990922844
5,1,1,6,0.05219364599092285
5,1,2,6,0.08623298033282904
5,1,3,6,0.13161875945537066
5,1,4,6,0.15431164901664146
5,1,5,6,0.059001512859304085
5,1,6,6,0.764750378214826
5,1,7,6,0.06883509833585477
5,1,8,6,0.009833585476550681
5,1,9,6,0.08169440242057488
5,1,0,7,0.0264750378214826
5,1,1,7,0.01588502269288956
5,1,2,7,0.046898638426626324
5,1,3,7,0.04387291981845688
5,1,4,7,0.08093797276853253
5,1,5,7,0.07261724659606657
5,1,6,7,0.023449319213313162
5,1,7,7,0.5847201210287444
5,1,8,7,0.0007564296520423601
5,1,9,7,0.047655068078668684
5,1,0,8,0.3827534039334342
5,1,1,8,0.38199697428139184
5,1,2,8,0.05370650529500756
5,1,3,8,0.057488653555219364
5,1,4,8,0.04236006051437216
5,1,5,8,0.03555219364599092
5,1,6,8,0.01361573373676248
5,1,7,8,0.029500756429652043
5,1,8,8,1.0
5,1,9,8,0.2632375189107413
5,1,0,9,0.03479576399394856
5,1,1,9,0.17095310136157338
5,1,2,9,0.006051437216338881
5,1,3,9,0.012859304084720122
5,1,4,9,0.0015128593040847202
5,1,5,9,0.006051437216338881
5,1,6,9,0.009077155824508321
5,1,7,9,0.018910741301059002
5,1,8,9,0.012102874432677761
5,1,9,9,0.5953101361573374
5,10,0,0,0.7214521452145215
5,10,1,0,0.009240924092409241
5,10,2,0,0.02574257425742574
5,10,3,0,0.006600660066006601
5,10,4,0,0.0039603960396039604
5,10,5,0,0.0019801980198019802
5,10,6,0,0.0006600660066006601
5,10,7,0,0.005940594059405941
5,10,8,0,0.007260726072607261
5,10,9,0,0.011881188118811881
5,10,0,1,0.0039603960396039604
5,10,1,1,0.9168316831683169
5,10,2,1,0.0006600660066006601
5,10,3,1,0.0019801980198019802
5,10,4,1,0.0
5,10,5,1,0.0
5,10,6,1,0.0013201320132013201
5,10,7,1,0.0
5,10,8,1,0.005940594059405941
5,10,9,1,0.02442244224422442
5,10,0,2,0.11089108910891089
5,10,1,2,0.007260726072607261
5,10,2,2,0.7082508250825083
5,10,3,2,0.03234323432343234
5,10,4,2,0.033003300330033
5,10,5,2,0.03762376237623762
5,10,6,2,0.021122112211221122
5,10,7,2,0.04092409240924092
5,10,8,2,0.010561056105610561
5,10,9,2,0.011221122112211221
5,10,0,3,0.053465346534653464
5,10,1,3,0.0039603960396039604
5,10,2,3,0.06930693069306931
5,10,3,3,0.6693069306930693
5,10,4,3,0.04950495049504951
5,10,5,3,0.16435643564356436
5,10,6,3,0.03828382838283828
5,10,7,3,0.047524752475247525
5,10,8,3,0.036963696369636964
5,10,9,3,0.01914191419141914
5,10,0,4,0.06006600660066007
5,10,1,4,0.005280528052805281
5,10,2,4,0.12739273927392739
5,10,3,4,0.0858085808580858
5,10,4,4,0.8957095709570957
5,10,5,4,0.0745874587458746
5,10,6,4,0.019801980198019802
5,10,7,4,0.15907590759075907
5,10,8,4,0.010561056105610561
5,10,9,4,0.009900990099009901
5,10,0,5,0.006600660066006601
5,10,1,5,0.005280528052805281
5,10,2,5,0.03498349834983498
5,10,3,5,0.15841584158415842
5,10,4,5,0.008580858085808581
5,10,5,5,0.7636963696369637
5,10,6,5,0.009240924092409241
5,10,7,5,0.06072607260726073
5,10,8,5,0.0013201320132013201
5,10,9,5,0.0019801980198019802
5,10,0,6,0.011881188118811881
5,10,1,6,0.01914191419141914
5,10,2,6,0.09504950495049505
5,10,3,6,0.1306930693069307
5,10,4,6,0.07326732673267326
5,10,5,6,0.044884488448844885
5,10,6,6,0.9947194719471947
5,10,7,6,0.017161716171617162
5,10,8,6,0.0165016501650165
5,10,9,6,0.014521452145214522
5,10,0,7,0.005280528052805281
5,10,1,7,0.0
5,10,2,7,0.011221122112211221
5,10,3,7,0.017161716171617162
5,10,4,7,0.013201320132013201
5,10,5,7,0.021122112211221122
5,10,6,7,0.0019801980198019802
5,10,7,7,0.7372937293729372
5,10,8,7,0.0
5,10,9,7,0.0033003300330033004
5,10,0,8,0.12673267326732673
5,10,1,8,0.06402640264026403
5,10,2,8,0.007920792079207921
5,10,3,8,0.007920792079207921
5,10,4,8,0.0046204620462046205
5,10,5,8,0.005280528052805281
5,10,6,8,0.0033003300330033004
5,10,7,8,0.0039603960396039604
5,10,8,8,1.0
5,10,9,8,0.04026402640264026
5,10,0,9,0.02442244224422442
5,10,1,9,0.06666666666666667
5,10,2,9,0.0026402640264026403
5,10,3,9,0.005280528052805281
5,10,4,9,0.0006600660066006601
5,10,5,9,0.0046204620462046205
5,10,6,9,0.0019801980198019802
5,10,7,9,0.007260726072607261
5,10,8,9,0.0026402640264026403
5,10,9,9,0.9775577557755776
5,11,0,0,0.8620915032679739
5,11,1,0,0.01764705882352941
5,11,2,0,0.03986928104575163
5,11,3,0,0.00718954248366013
5,11,4,0,0.01241830065359477
5,11,5,0,0.0032679738562091504
5,11,6,0,0.00065359477124183
5,11,7,0,0.00522875816993464
5,11,8,0,0.024183006535947713
5,11,9,0,0.0392156862745098
5,11,0,1,0.00522875816993464
5,11,1,1,0.9516339869281045
5,11,2,1,0.00130718954248366
5,11,3,1,0.00065359477124183
5,11,4,1,0.0
5,11,5,1,0.0
5,11,6,1,0.0
5,11,7,1,0.0
5,11,8,1,0.00261437908496732
5,11,9,1,0.058823529411764705
5,11,0,2,0.09281045751633987
5,11,1,2,0.00718954248366013
5,11,2,2,0.8071895424836601
5,11,3,2,0.06339869281045751
5,11,4,2,0.08627450980392157
5,11,5,2,0.052941176470588235
5,11,6,2,0.03071895424836601
5,11,7,2,0.06405228758169934
5,11,8,2,0.00849673202614379
5,11,9,2,0.009150326797385621
5,11,0,3,0.02875816993464052
5,11,1,3,0.013725490196078431
5,11,2,3,0.05620915032679739
5,11,3,3,0.7326797385620915
5,11,4,3,0.050980392156862744
5,11,5,3,0.1568627450980392
5,11,6,3,0.0457516339869281
5,11,7,3,0.06601307189542484
5,11,8,3,0.026143790849673203
5,11,9,3,0.043137254901960784
5,11,0,4,0.01699346405228758
5,11,1,4,0.00130718954248366
5,11,2,4,0.050980392156862744
5,11,3,4,0.04379084967320261
5,11,4,4,0.8241830065359477
5,11,5,4,0.05228758169934641
5,11,6,4,0.009150326797385621
5,11,7,4,0.13071895424836602
5,11,8,4,0.0032679738562091504
5,11,9,4,0.00392156862745098
5,11,0,5,0.00784313725490196
5,11,1,5,0.01045751633986928
5,11,2,5,0.03529411764705882
5,11,3,5,0.1784313725490196
5,11,4,5,0.025490196078431372
5,11,5,5,0.8013071895424837
5,11,6,5,0.01437908496732026
5,11,7,5,0.14836601307189543
5,11,8,5,0.00718954248366013
5,11,9,5,0.01241830065359477
5,11,0,6,0.00718954248366013
5,11,1,6,0.009150326797385621
5,11,2,6,0.06993464052287582
5,11,3,6,0.07516339869281045
5,11,4,6,0.06013071895424837
5,11,5,6,0.032679738562091505
5,11,6,6,0.9764705882352941
5,11,7,6,0.011111111111111112
5,11,8,6,0.0058823529411764705
5,11,9,6,0.01895424836601307
5,11,0,7,0.006535947712418301
5,11,1,7,0.004575163398692811
5,11,2,7,0.00130718954248366
5,11,3,7,0.0
5,11,4,7,0.00522875816993464
5,11,5,7,0.00718954248366013
5,11,6,7,0.0
5,11,7,7,0.6411764705882353
5,11,8,7,0.00065359477124183
5,11,9,7,0.00196078431372549
5,11,0,8,0.0803921568627451
5,11,1,8,0.05163398692810457
5,11,2,8,0.01045751633986928
5,11,3,8,0.0032679738562091504
5,11,4,8,0.00718954248366013
5,11,5,8,0.00065359477124183
5,11,6,8,0.004575163398692811
5,11,7,8,0.00130718954248366
5,11,8,8,1.0
5,11,9,8,0.06666666666666667
5,11,0,9,0.0058823529411764705
5,11,1,9,0.0196078431372549
5,11,2,9,0.0
5,11,3,9,0.0
5,11,4,9,0.0
5,11,5,9,0.0
5,11,6,9,0.0
5,11,7,9,0.00130718954248366
5,11,8,9,0.00261437908496732
5,11,9,9,0.8490196078431372
5,12,0,0,0.7886792452830189
5,12,1,0,0.0031446540880503146
5,12,2,0,0.04025157232704402
5,12,3,0,0.006289308176100629
5,12,4,0,0.012578616352201259
5,12,5,0,0.0018867924528301887
5,12,6,0,0.0025157232704402514
5,12,7,0,0.00440251572327044
5,12,8,0,0.03018867924528302
5,12,9,0,0.00440251572327044
5,12,0,1,0.033962264150943396
5,12,1,1,1.0
5,12,2,1,0.005031446540880503
5,12,3,1,0.005660377358490566
5,12,4,1,0.0025157232704402514
5,12,5,1,0.005660377358490566
5,12,6,1,0.007547169811320755
5,12,7,1,0.0025157232704402514
5,12,8,1,0.04591194968553459
5,12,9,1,0.04716981132075472
5,12,0,2,0.05157232704402516
5,12,1,2,0.0006289308176100629
5,12,2,2,0.7371069182389937
5,12,3,2,0.035849056603773584
5,12,4,2,0.04213836477987421
5,12,5,2,0.018238993710691823
5,12,6,2,0.03333333333333333
5,12,7,2,0.013207547169811321
5,12,8,2,0.005031446540880503
5,12,9,2,0.0018867924528301887
5,12,0,3,0.03647798742138365
5,12,1,3,0.0006289308176100629
5,12,2,3,0.05471698113207547
5,12,3,3,0.6654088050314465
5,12,4,3,0.057232704402515724
5,12,5,3,0.10503144654088051
5,12,6,3,0.04150943396226415
5,12,7,3,0.027672955974842768
5,12,8,3,0.016352201257861635
5,12,9,3,0.00440251572327044
5,12,0,4,0.01949685534591195
5,12,1,4,0.0
5,12,2,4,0.061635220125786164
5,12,3,4,0.03773584905660377
5,12,4,4,0.8075471698113208
5,12,5,4,0.03018867924528302
5,12,6,4,0.02012578616352201
5,12,7,4,0.03207547169811321
5,12,8,4,0.0037735849056603774
5,12,9,4,0.0018867924528301887
5,12,0,5,0.013836477987421384
5,12,1,5,0.0025157232704402514
5,12,2,5,0.07924528301886792
5,12,3,5,0.22138364779874214
5,12,4,5,0.04465408805031446
5,12,5,5,0.8635220125786164
5,12,6,5,0.020754716981132074
5,12,7,5,0.08364779874213836
5,12,8,5,0.0037735849056603774
5,12,9,5,0.0012578616352201257
5,12,0,6,0.00880503144654088
5,12,1,6,0.0018867924528301887
5,12,2,6,0.038364779874213835
5,12,3,6,0.0610062893081761
5,12,4,6,0.02389937106918239
5,12,5,6,0.016981132075471698
5,12,6,6,0.9056603773584906
5,12,7,6,0.008176100628930818
5,12,8,6,0.00440251572327044
5,12,9,6,0.0012578616352201257
5,12,0,7,0.0025157232704402514
5,12,1,7,0.0
5,12,2,7,0.008176100628930818
5,12,3,7,0.010062893081761006
5,12,4,7,0.033962264150943396
5,12,5,7,0.01761006289308176
5,12,6,7,0.0006289308176100629
5,12,7,7,0.8427672955974843
5,12,8,7,0.0031446540880503146
5,12,9,7,0.0
5,12,0,8,0.02830188679245283
5,12,1,8,0.0012578616352201257
5,12,2,8,0.0018867924528301887
5,12,3,8,0.0025157232704402514
5,12,4,8,0.0006289308176100629
5,12,5,8,0.0018867924528301887
5,12,6,8,0.0025157232704402514
5,12,7,8,0.0006289308176100629
5,12,8,8,0.8729559748427673
5,12,9,8,0.0025157232704402514
5,12,0,9,0.0880503144654088
5,12,1,9,0.035849056603773584
5,12,2,9,0.005660377358490566
5,12,3,9,0.016981132075471698
5,12,4,9,0.006289308176100629
5,12,5,9,0.00440251572327044
5,12,6,9,0.006289308176100629
5,12,7,9,0.013836477987421384
5,12,8,9,0.05471698113207547
5,12,9,9,0.9968553459119497
5,13,0,0,0.9650872817955112
5,13,1,0,0.003117206982543641
5,13,2,0,0.08229426433915212
5,13,3,0,0.03428927680798005
5,13,4,0,0.023067331670822942
5,13,5,0,0.014339152119700748
5,13,6,0,0.006234413965087282
5,13,7,0,0.003740648379052369
5,13,8,0,0.09725685785536159
5,13,9,0,0.02369077306733167
5,13,0,1,0.01807980049875312
5,13,1,1,1.0
5,13,2,1,0.003117206982543641
5,13,3,1,0.005610972568578554
5,13,4,1,0.0
5,13,5,1,0.0024937655860349127
5,13,6,1,0.00685785536159601
5,13,7,1,0.0012468827930174563
5,13,8,1,0.05548628428927681
5,13,9,1,0.06982543640897755
5,13,0,2,0.018703241895261846
5,13,1,2,0.0006234413965087282
5,13,2,2,0.7100997506234414
5,13,3,2,0.03428927680798005
5,13,4,2,0.018703241895261846
5,13,5,2,0.02057356608478803
5,13,6,2,0.02119700748129676
5,13,7,2,0.00997506234413965
5,13,8,2,0.0012468827930174563
5,13,9,2,0.0018703241895261845
5,13,0,3,0.005610972568578554
5,13,1,3,0.0006234413965087282
5,13,2,3,0.028678304239401497
5,13,3,3,0.6346633416458853
5,13,4,3,0.023067331670822942
5,13,5,3,0.10162094763092269
5,13,6,3,0.03054862842892768
5,13,7,3,0.009351620947630923
5,13,8,3,0.0018703241895261845
5,13,9,3,0.0012468827930174563
5,13,0,4,0.008728179551122194
5,13,1,4,0.0006234413965087282
5,13,2,4,0.08728179551122195
5,13,3,4,0.06234413965087282
5,13,4,4,0.837281795511222
5,13,5,4,0.038029925187032416
5,13,6,4,0.02805486284289277
5,13,7,4,0.014962593516209476
5,13,8,4,0.0024937655860349127
5,13,9,4,0.0006234413965087282
5,13,0,5,0.0012468827930174563
5,13,1,5,0.0024937655860349127
5,13,2,5,0.02805486284289277
5,13,3,5,0.1502493765586035
5,13,4,5,0.009351620947630923
5,13,5,5,0.770573566084788
5,13,6,5,0.011221945137157107
5,13,7,5,0.01683291770573566
5,13,8,5,0.0
5,13,9,5,0.0
5,13,0,6,0.0018703241895261845
5,13,1,6,0.0012468827930174563
5,13,2,6,0.031795511221945134
5,13,3,6,0.03615960099750624
5,13,4,6,0.012468827930174564
5,13,5,6,0.009351620947630923
5,13,6,6,0.9089775561097256
5,13,7,6,0.003740648379052369
5,13,8,6,0.0018703241895261845
5,13,9,6,0.0006234413965087282
5,13,0,7,0.015586034912718205
5,13,1,7,0.004987531172069825
5,13,2,7,0.04551122194513716
5,13,3,7,0.07231920199501247
5,13,4,7,0.09600997506234414
5,13,5,7,0.0928927680798005
5,13,6,7,0.00997506234413965
5,13,7,7,0.9588528678304239
5,13,8,7,0.004987531172069825
5,13,9,7,0.01807980049875312
5,13,0,8,0.013092269326683292
5,13,1,8,0.0012468827930174563
5,13,2,8,0.004364089775561097
5,13,3,8,0.00997506234413965
5,13,4,8,0.0024937655860349127
5,13,5,8,0.0024937655860349127
5,13,6,8,0.003740648379052369
5,13,7,8,0.0
5,13,8,8,0.8466334164588528
5,13,9,8,0.003117206982543641
5,13,0,9,0.014339152119700748
5,13,1,9,0.021820448877805487
5,13,2,9,0.0018703241895261845
5,13,3,9,0.01371571072319202
5,13,4,9,0.0
5,13,5,9,0.003740648379052369
5,13,6,9,0.004987531172069825
5,13,7,9,0.0012468827930174563
5,13,8,9,0.019326683291770574
5,13,9,9,0.933291770573566
5,14,0,0,0.8850432632880099
5,14,1,0,0.003708281829419036
5,14,2,0,0.040173053152039555
5,14,3,0,0.016069221260815822
5,14,4,0,0.01668726823238566
5,14,5,0,0.008034610630407911
5,14,6,0,0.002472187886279357
5,14,7,0,0.005562422744128554
5,14,8,0,0.033992583436341164
5,14,9,0,0.014215080346106305
5,14,0,1,0.034610630407911
5,14,1,1,1.0
5,14,2,1,0.0030902348578491965
5,14,3,1,0.006798516687268232
5,14,4,1,0.001854140914709518
5,14,5,1,0.003708281829419036
5,14,6,1,0.003708281829419036
5,14,7,1,0.0030902348578491965
5,14,8,1,0.04326328800988875
5,14,9,1,0.09332509270704574
5,14,0,2,0.05315203955500618
5,14,1,2,0.0006180469715698393
5,14,2,2,0.8300370828182941
5,14,3,2,0.06983930778739184
5,14,4,2,0.06613102595797281
5,14,5,2,0.0865265760197775
5,14,6,2,0.042027194066749075
5,14,7,2,0.027194066749072928
5,14,8,2,0.00865265760197775
5,14,9,2,0.004944375772558714
5,14,0,3,0.010506798516687269
5,14,1,3,0.002472187886279357
5,14,2,3,0.02904820766378245
5,14,3,3,0.7645241038318912
5,14,4,3,0.030902348578491966
5,14,5,3,0.2552533992583436
5,14,6,3,0.032138442521631644
5,14,7,3,0.02904820766378245
5,14,8,3,0.0030902348578491965
5,14,9,3,0.010506798516687269
5,14,0,4,0.015451174289245983
5,14,1,4,0.0006180469715698393
5,14,2,4,0.05315203955500618
5,14,3,4,0.04697156983930779
5,14,4,4,0.826946847960445
5,14,5,4,0.04573547589616811
5,14,6,4,0.010506798516687269
5,14,7,4,0.037082818294190356
5,14,8,4,0.009270704573547589
5,14,9,4,0.0030902348578491965
5,14,0,5,0.0012360939431396785
5,14,1,5,0.0012360939431396785
5,14,2,5,0.005562422744128554
5,14,3,5,0.04573547589616811
5,14,4,5,0.001854140914709518
5,14,5,5,0.5642768850432633
5,14,6,5,0.004326328800988875
5,14,7,5,0.001854140914709518
5,14,8,5,0.0
5,14,9,5,0.0006180469715698393
5,14,0,6,0.0030902348578491965
5,14,1,6,0.0012360939431396785
5,14,2,6,0.0315203955500618
5,14,3,6,0.059332509270704575
5,14,4,6,0.02657601977750309
5,14,5,6,0.019159456118665017
5,14,6,6,0.915327564894932
5,14,7,6,0.003708281829419036
5,14,8,6,0.004326328800988875
5,14,9,6,0.0030902348578491965
5,14,0,7,0.00865265760197775
5,14,1,7,0.0006180469715698393
5,14,2,7,0.012978986402966625
5,14,3,7,0.022249690976514216
5,14,4,7,0.03646477132262052
5,14,5,7,0.059332509270704575
5,14,6,7,0.0030902348578491965
5,14,7,7,0.892459826946848
5,14,8,7,0.0012360939431396785
5,14,9,7,0.003708281829419036
5,14,0,8,0.024103831891223733
5,14,1,8,0.0012360939431396785
5,14,2,8,0.007416563658838072
5,14,3,8,0.009270704573547589
5,14,4,8,0.004944375772558714
5,14,5,8,0.003708281829419036
5,14,6,8,0.00865265760197775
5,14,7,8,0.001854140914709518
5,14,8,8,0.9103831891223733
5,14,9,8,0.007416563658838072
5,14,0,9,0.0173053152039555
5,14,1,9,0.016069221260815822
5,14,2,9,0.0012360939431396785
5,14,3,9,0.003708281829419036
5,14,4,9,0.0012360939431396785
5,14,5,9,0.0012360939431396785
5,14,6,9,0.0006180469715698393
5,14,7,9,0.009270704573547589
5,14,8,9,0.008034610630407911
5,14,9,9,0.9023485784919654
5,15,0,0,0.8384858044164037
5,15,1,0,0.00694006309148265
5,15,2,0,0.0138801261829653
5,15,3,0,0.0037854889589905363
5,15,4,0,0.0012618296529968455
5,15,5,0,0.0012618296529968455
5,15,6,0,0.0006309148264984228
5,15,7,0,0.0018927444794952682
5,15,8,0,0.03028391167192429
5,15,9,0,0.04668769716088328
5,15,0,1,0.010094637223974764
5,15,1,1,0.9905362776025236
5,15,2,1,0.0
5,15,3,1,0.0012618296529968455
5,15,4,1,0.0
5,15,5,1,0.0012618296529968455
5,15,6,1,0.0006309148264984228
5,15,7,1,0.0006309148264984228
5,15,8,1,0.005047318611987382
5,15,9,1,0.11861198738170348
5,15,0,2,0.1110410094637224
5,15,1,2,0.004416403785488959
5,15,2,2,0.8214511041009463
5,15,3,2,0.06309148264984227
5,15,4,2,0.045425867507886436
5,15,5,2,0.04921135646687697
5,15,6,2,0.017665615141955835
5,15,7,2,0.025867507886435333
5,15,8,2,0.006309148264984227
5,15,9,2,0.011987381703470032
5,15,0,3,0.012618296529968454
5,15,1,3,0.0012618296529968455
5,15,2,3,0.01829652996845426
5,15,3,3,0.6435331230283912
5,15,4,3,0.02018927444794953
5,15,5,3,0.14511041009463724
5,15,6,3,0.008832807570977918
5,15,7,3,0.02018927444794953
5,15,8,3,0.00694006309148265
5,15,9,3,0.013249211356466877
5,15,0,4,0.032807570977917984
5,15,1,4,0.002523659305993691
5,15,2,4,0.06750788643533123
5,15,3,4,0.07066246056782334
5,15,4,4,0.8687697160883281
5,15,5,4,0.05741324921135647
5,15,6,4,0.007570977917981073
5,15,7,4,0.06056782334384858
5,15,8,4,0.010725552050473186
5,15,9,4,0.01829652996845426
5,15,0,5,0.004416403785488959
5,15,1,5,0.0012618296529968455
5,15,2,5,0.010094637223974764
5,15,3,5,0.08012618296529968
5,15,4,5,0.002523659305993691
5,15,5,5,0.7034700315457413
5,15,6,5,0.0056782334384858045
5,15,7,5,0.022082018927444796
5,15,8,5,0.0018927444794952682
5,15,9,5,0.00694006309148265
5,15,0,6,0.02334384858044164
5,15,1,6,0.02145110410094637
5,15,2,6,0.09274447949526814
5,15,3,6,0.1810725552050473
5,15,4,6,0.07949526813880126
5,15,5,6,0.07192429022082018
5,15,6,6,1.0
5,15,7,6,0.019558359621451103
5,15,8,6,0.02334384858044164
5,15,9,6,0.06498422712933755
5,15,0,7,0.011356466876971609
5,15,1,7,0.0012618296529968455
5,15,2,7,0.007570977917981073
5,15,3,7,0.01892744479495268
5,15,4,7,0.016403785488958992
5,15,5,7,0.038485804416403785
5,15,6,7,0.0012618296529968455
5,15,7,7,0.8813880126182966
5,15,8,7,0.0006309148264984228
5,15,9,7,0.019558359621451103
5,15,0,8,0.029022082018927444
5,15,1,8,0.017034700315457414
5,15,2,8,0.0031545741324921135
5,15,3,8,0.0031545741324921135
5,15,4,8,0.0006309148264984228
5,15,5,8,0.0006309148264984228
5,15,6,8,0.0012618296529968455
5,15,7,8,0.0
5,15,8,8,0.9583596214511041
5,15,9,8,0.026498422712933754
5,15,0,9,0.0018927444794952682
5,15,1,9,0.002523659305993691
5,15,2,9,0.0006309148264984228
5,15,3,9,0.0006309148264984228
5,15,4,9,0.0
5,15,5,9,0.0
5,15,6,9,0.0006309148264984228
5,15,7,9,0.0
5,15,8,9,0.0
5,15,9,9,0.7381703470031545
5,16,0,0,0.8597256857855362
5,16,1,0,0.0018703241895261845
5,16,2,0,0.04114713216957606
5,16,3,0,0.007481296758104738
5,16,4,0,0.003117206982543641
5,16,5,0,0.0018703241895261845
5,16,6,0,0.0018703241895261845
5,16,7,0,0.0018703241895261845
5,16,8,0,0.014339152119700748
5,16,9,0,0.007481296758104738
5,16,0,1,0.006234413965087282
5,16,1,1,1.0
5,16,2,1,0.0006234413965087282
5,16,3,1,0.0006234413965087282
5,16,4,1,0.0
5,16,5,1,0.0012468827930174563
5,16,6,1,0.003740648379052369
5,16,7,1,0.0
5,16,8,1,0.011221945137157107
5,16,9,1,0.048628428927680795
5,16,0,2,0.028678304239401497
5,16,1,2,0.0024937655860349127
5,16,2,2,0.7312967581047382
5,16,3,2,0.03740648379052369
5,16,4,2,0.01059850374064838
5,16,5,2,0.01683291770573566
5,16,6,2,0.02119700748129676
5,16,7,2,0.012468827930174564
5,16,8,2,0.005610972568578554
5,16,9,2,0.0024937655860349127
5,16,0,3,0.01371571072319202
5,16,1,3,0.0006234413965087282
5,16,2,3,0.03428927680798005
5,16,3,3,0.6321695760598504
5,16,4,3,0.01683291770573566
5,16,5,3,0.07418952618453865
5,16,6,3,0.03054862842892768
5,16,7,3,0.013092269326683292
5,16,8,3,0.0024937655860349127
5,16,9,3,0.005610972568578554
5,16,0,4,0.029925187032418952
5,16,1,4,0.0012468827930174563
5,16,2,4,0.12780548628428928
5,16,3,4,0.07231920199501247
5,16,4,4,0.9014962593516209
5,16,5,4,0.03366583541147132
5,16,6,4,0.05922693266832918
5,16,7,4,0.01807980049875312
5,16,8,4,0.008104738154613466
5,16,9,4,0.003740648379052369
5,16,0,5,0.004364089775561097
5,16,1,5,0.0024937655860349127
5,16,2,5,0.035536159600997506
5,16,3,5,0.2076059850374065
5,16,4,5,0.0199501246882793
5,16,5,5,0.8503740648379052
5,16,6,5,0.023067331670822942
5,16,7,5,0.021820448877805487
5,16,8,5,0.0018703241895261845
5,16,9,5,0.0012468827930174563
5,16,0,6,0.003740648379052369
5,16,1,6,0.0006234413965087282
5,16,2,6,0.015586034912718205
5,16,3,6,0.03366583541147132
5,16,4,6,0.005610972568578554
5,16,5,6,0.005610972568578554
5,16,6,6,0.871571072319202
5,16,7,6,0.0018703241895261845
5,16,8,6,0.0
5,16,9,6,0.003117206982543641
5,16,0,7,0.02805486284289277
5,16,1,7,0.004987531172069825
5,16,2,7,0.02805486284289277
5,16,3,7,0.05361596009975062
5,16,4,7,0.06234413965087282
5,16,5,7,0.07044887780548628
5,16,6,7,0.013092269326683292
5,16,7,7,0.9501246882793017
5,16,8,7,0.004364089775561097
5,16,9,7,0.01371571072319202
5,16,0,8,0.06546134663341646
5,16,1,8,0.007481296758104738
5,16,2,8,0.007481296758104738
5,16,3,8,0.004987531172069825
5,16,4,8,0.0018703241895261845
5,16,5,8,0.0
5,16,6,8,0.004364089775561097
5,16,7,8,0.0
5,16,8,8,0.9756857855361596
5,16,9,8,0.008728179551122194
5,16,0,9,0.022443890274314215
5,16,1,9,0.014962593516209476
5,16,2,9,0.0012468827930174563
5,16,3,9,0.003740648379052369
5,16,4,9,0.0006234413965087282
5,16,5,9,0.0018703241895261845
5,16,6,9,0.003117206982543641
5,16,7,9,0.0006234413965087282
5,16,8,9,0.007481296758104738
5,16,9,9,0.9576059850374065
5,17,0,0,0.8200498132004981
5,17,1,0,0.0012453300124533001
5,17,2,0,0.041718555417185554
5,17,3,0,0.0049813200498132005
5,17,4,0,0.008717310087173101
5,17,5,0,0.0012453300124533001
5,17,6,0,0.0018679950186799503
5,17,7,0,0.00311332503113325
5,17,8,0,0.00809464508094645
5,17,9,0,0.0024906600249066002
5,17,0,1,0.0161892901618929
5,17,1,1,0.9900373599003736
5,17,2,1,0.0037359900373599006
5,17,3,1,0.0018679950186799503
5,17,4,1,0.0
5,17,5,1,0.0018679950186799503
5,17,6,1,0.0018679950186799503
5,17,7,1,0.0024906600249066002
5,17,8,1,0.0186799501867995
5,17,9,1,0.0273972602739726
5,17,0,2,0.008717310087173101
5,17,1,2,0.0012453300124533001
5,17,2,2,0.6027397260273972
5,17,3,2,0.0037359900373599006
5,17,4,2,0.0043586550435865505
5,17,5,2,0.0062266500622665
5,17,6,2,0.0049813200498132005
5,17,7,2,0.0012453300124533001
5,17,8,2,0.0
5,17,9,2,0.0006226650062266501
5,17,0,3,0.052303860523038606
5,17,1,3,0.00311332503113325
5,17,2,3,0.11021170610211706
5,17,3,3,0.8636363636363636
5,17,4,3,0.074719800747198
5,17,5,3,0.1930261519302615
5,17,6,3,0.06911581569115816
5,17,7,3,0.03549190535491906
5,17,8,3,0.00933997509339975
5,17,9,3,0.009962640099626401
5,17,0,4,0.021170610211706103
5,17,1,4,0.0012453300124533001
5,17,2,4,0.07409713574097136
5,17,3,4,0.019925280199252802
5,17,4,4,0.8343711083437111
5,17,5,4,0.0161892901618929
5,17,6,4,0.00809464508094645
5,17,7,4,0.021170610211706103
5,17,8,4,0.0037359900373599006
5,17,9,4,0.0012453300124533001
5,17,0,5,0.007471980074719801
5,17,1,5,0.00311332503113325
5,17,2,5,0.07721046077210461
5,17,3,5,0.10585305105853052
5,17,4,5,0.023661270236612703
5,17,5,5,0.7982565379825654
5,17,6,5,0.013075965130759652
5,17,7,5,0.038605230386052306
5,17,8,5,0.0006226650062266501
5,17,9,5,0.0
5,17,0,6,0.0043586550435865505
5,17,1,6,0.0018679950186799503
5,17,2,6,0.06413449564134496
5,17,3,6,0.019302615193026153
5,17,4,6,0.024283935242839352
5,17,5,6,0.0112079701120797
5,17,6,6,0.9153175591531756
5,17,7,6,0.0018679950186799503
5,17,8,6,0.0043586550435865505
5,17,9,6,0.0
5,17,0,7,0.013075965130759652
5,17,1,7,0.0012453300124533001
5,17,2,7,0.024906600249066
5,17,3,7,0.0186799501867995
5,17,4,7,0.04296388542963885
5,17,5,7,0.02303860523038605
5,17,6,7,0.0024906600249066002
5,17,7,7,0.902241594022416
5,17,8,7,0.0
5,17,9,7,0.0012453300124533001
5,17,0,8,0.06662515566625156
5,17,1,8,0.0049813200498132005
5,17,2,8,0.016811955168119553
5,17,3,8,0.008717310087173101
5,17,4,8,0.0062266500622665
5,17,5,8,0.0024906600249066002
5,17,6,8,0.007471980074719801
5,17,7,8,0.00560398505603985
5,17,8,8,0.958904109589041
5,17,9,8,0.00809464508094645
5,17,0,9,0.05105853051058531
5,17,1,9,0.0273972602739726
5,17,2,9,0.0062266500622665
5,17,3,9,0.00560398505603985
5,17,4,9,0.0018679950186799503
5,17,5,9,0.0012453300124533001
5,17,6,9,0.0062266500622665
5,17,7,9,0.00684931506849315
5,17,8,9,0.026151930261519303
5,17,9,9,1.0
5,18,0,0,0.8392204628501827
5,18,1,0,0.00243605359317905
5,18,2,0,0.05481120584652863
5,18,3,0,0.011571254567600487
5,18,4,0,0.012789281364190013
5,18,5,0,0.00243605359317905
5,18,6,0,0.001218026796589525
5,18,7,0,0.0018270401948842874
5,18,8,0,0.004263093788063338
5,18,9,0,0.001218026796589525
5,18,0,1,0.004263093788063338
5,18,1,1,0.8940316686967114
5,18,2,1,0.001218026796589525
5,18,3,1,0.001218026796589525
5,18,4,1,0.0006090133982947625
5,18,5,1,0.0
5,18,6,1,0.001218026796589525
5,18,7,1,0.0006090133982947625
5,18,8,1,0.0054811205846528625
5,18,9,1,0.007308160779537149
5,18,0,2,0.007917174177831911
5,18,1,2,0.0
5,18,2,2,0.6991473812423873
5,18,3,2,0.018879415347137638
5,18,4,2,0.010353227771010963
5,18,5,2,0.014007308160779537
5,18,6,2,0.01705237515225335
5,18,7,2,0.0097442143727162
5,18,8,2,0.0006090133982947625
5,18,9,2,0.0006090133982947625
5,18,0,3,0.010353227771010963
5,18,1,3,0.0018270401948842874
5,18,2,3,0.03532277710109622
5,18,3,3,0.7630937880633374
5,18,4,3,0.031059683313032885
5,18,5,3,0.15225334957369063
5,18,6,3,0.02192448233861145
5,18,7,3,0.0341047503045067
5,18,8,3,0.00243605359317905
5,18,9,3,0.00243605359317905
5,18,0,4,0.0060901339829476245
5,18,1,4,0.0
5,18,2,4,0.07612667478684532
5,18,3,4,0.0341047503045067
5,18,4,4,0.8721071863580999
5,18,5,4,0.030450669914738125
5,18,6,4,0.015834348355663823
5,18,7,4,0.025578562728380026
5,18,8,4,0.0
5,18,9,4,0.0
5,18,0,5,0.0048721071863581
5,18,1,5,0.001218026796589525
5,18,2,5,0.04263093788063337
5,18,3,5,0.10901339829476249
5,18,4,5,0.025578562728380026
5,18,5,5,0.7789281364190013
5,18,6,5,0.010962241169305725
5,18,7,5,0.02984165651644336
5,18,8,5,0.0
5,18,9,5,0.0
5,18,0,6,0.0036540803897685747
5,18,1,6,0.0018270401948842874
5,18,2,6,0.045676004872107184
5,18,3,6,0.0389768574908648
5,18,4,6,0.010353227771010963
5,18,5,6,0.010353227771010963
5,18,6,6,0.9135200974421437
5,18,7,6,0.0018270401948842874
5,18,8,6,0.0
5,18,9,6,0.0018270401948842874
5,18,0,7,0.0018270401948842874
5,18,1,7,0.001218026796589525
5,18,2,7,0.010962241169305725
5,18,3,7,0.015225334957369063
5,18,4,7,0.014007308160779537
5,18,5,7,0.025578562728380026
5,18,6,7,0.0048721071863581
5,18,7,7,0.8599269183922046
5,18,8,7,0.0
5,18,9,7,0.0018270401948842874
5,18,0,8,0.09378806333739342
5,18,1,8,0.018270401948842874
5,18,2,8,0.02679658952496955
5,18,3,8,0.024360535931790498
5,18,4,8,0.016443361753958587
5,18,5,8,0.010962241169305725
5,18,6,8,0.012180267965895249
5,18,7,8,0.007917174177831911
5,18,8,8,0.9878197320341048
5,18,9,8,0.012789281364190013
5,18,0,9,0.06577344701583435
5,18,1,9,0.09196102314250913
5,18,2,9,0.006699147381242387
5,18,3,9,0.012789281364190013
5,18,4,9,0.0054811205846528625
5,18,5,9,0.006699147381242387
5,18,6,9,0.009135200974421437
5,18,7,9,0.024969549330085262
5,18,8,9,0.006699147381242387
5,18,9,9,1.0
5,19,0,0,0.815509693558474
5,19,1,0,0.0025015634771732333
5,19,2,0,0.015634771732332707
5,19,3,0,0.001876172607879925
5,19,4,0,0.0050031269543464665
5,19,5,0,0.0006253908692933083
5,19,6,0,0.0006253908692933083
5,19,7,0,0.0012507817385866166
5,19,8,0,0.008130081300813009
5,19,9,0,0.006253908692933083
5,19,0,1,0.0075046904315197
5,19,1,1,1.0
5,19,2,1,0.0012507817385866166
5,19,3,1,0.0
5,19,4,1,0.0
5,19,5,1,0.0012507817385866166
5,19,6,1,0.0
5,19,7,1,0.0006253908692933083
5,19,8,1,0.008755472170106316
5,19,9,1,0.04252657911194497
5,19,0,2,0.06128830519074421
5,19,1,2,0.001876172607879925
5,19,2,2,0.7986241400875547
5,19,3,2,0.029393370856785492
5,19,4,2,0.0375234521575985
5,19,5,2,0.011882426516572859
5,19,6,2,0.015634771732332707
5,19,7,2,0.01125703564727955
5,19,8,2,0.0050031269543464665
5,19,9,2,0.001876172607879925
5,19,0,3,0.04002501563477173
5,19,1,3,0.0012507817385866166
5,19,2,3,0.041901188242651655
5,19,3,3,0.756722951844903
5,19,4,3,0.0525328330206379
5,19,5,3,0.11382113821138211
5,19,6,3,0.029393370856785492
5,19,7,3,0.03189493433395872
5,19,8,3,0.02626641651031895
5,19,9,3,0.013133208255159476
5,19,0,4,0.035021888680425266
5,19,1,4,0.0
5,19,2,4,0.058786741713570984
5,19,3,4,0.04690431519699812
5,19,4,4,0.8311444652908068
5,19,5,4,0.02564102564102564
5,19,6,4,0.0068792995622263915
5,19,7,4,0.04065040650406504
5,19,8,4,0.0050031269543464665
5,19,9,4,0.0012507817385866166
5,19,0,5,0.009380863039399626
5,19,1,5,0.001876172607879925
5,19,2,5,0.06504065040650407
5,19,3,5,0.14821763602251406
5,19,4,5,0.027517198248905566
5,19,5,5,0.8574108818011257
5,19,6,5,0.016260162601626018
5,19,7,5,0.05753595997498437
5,19,8,5,0.001876172607879925
5,19,9,5,0.001876172607879925
5,19,0,6,0.008130081300813009
5,19,1,6,0.0050031269543464665
5,19,2,6,0.03564727954971857
5,19,3,6,0.05628517823639775
5,19,4,6,0.045653533458411506
5,19,5,6,0.01876172607879925
5,19,6,6,0.9624765478424016
5,19,7,6,0.009380863039399626
5,19,8,6,0.013758599124452783
5,19,9,6,0.0031269543464665416
5,19,0,7,0.013133208255159476
5,19,1,7,0.0006253908692933083
5,19,2,7,0.0050031269543464665
5,19,3,7,0.01125703564727955
5,19,4,7,0.023764853033145718
5,19,5,7,0.027517198248905566
5,19,6,7,0.0012507817385866166
5,19,7,7,0.8674171357098186
5,19,8,7,0.001876172607879925
5,19,9,7,0.0012507817385866166
5,19,0,8,0.05128205128205128
5,19,1,8,0.010631644777986242
5,19,2,8,0.00375234521575985
5,19,3,8,0.001876172607879925
5,19,4,8,0.001876172607879925
5,19,5,8,0.0006253908692933083
5,19,6,8,0.0012507817385866166
5,19,7,8,0.0006253908692933083
5,19,8,8,0.949343339587242
5,19,9,8,0.010006253908692933
5,19,0,9,0.024390243902439025
5,19,1,9,0.016260162601626018
5,19,2,9,0.0006253908692933083
5,19,3,9,0.004377736085053158
5,19,4,9,0.0006253908692933083
5,19,5,9,0.001876172607879925
5,19,6,9,0.0012507817385866166
5,19,7,9,0.0025015634771732333
5,19,8,9,0.014383989993746092
5,19,9,9,0.9743589743589743
5,2,0,0,0.6304012345679012
5,2,1,0,0.019290123456790122
5,2,2,0,0.041666666666666664
5,2,3,0,0.004629629629629629
5,2,4,0,0.026234567901234566
5,2,5,0,0.0015432098765432098
5,2,6,0,0.0030864197530864196
5,2,7,0,0.0015432098765432098
5,2,8,0,0.12962962962962962
5,2,9,0,0.023148148148148147
5,2,0,1,0.029320987654320986
5,2,1,1,0.7438271604938271
5,2,2,1,0.008487654320987654
5,2,3,1,0.0007716049382716049
5,2,4,1,0.0015432098765432098
5,2,5,1,0.0
5,2,6,1,0.0015432098765432098
5,2,7,1,0.0
5,2,8,1,0.06404320987654322
5,2,9,1,0.09490740740740741
5,2,0,2,0.1396604938271605
5,2,1,2,0.0023148148148148147
5,2,2,2,0.3263888888888889
5,2,3,2,0.033950617283950615
5,2,4,2,0.04938271604938271
5,2,5,2,0.020061728395061727
5,2,6,2,0.016975308641975308
5,2,7,2,0.010802469135802469
5,2,8,2,0.02854938271604938
5,2,9,2,0.0023148148148148147
5,2,0,3,0.08410493827160494
5,2,1,3,0.05324074074074074
5,2,2,3,0.2337962962962963
5,2,3,3,0.7600308641975309
5,2,4,3,0.14969135802469136
5,2,5,3,0.47685185185185186
5,2,6,3,0.12808641975308643
5,2,7,3,0.17901234567901234
5,2,8,3,0.09567901234567901
5,2,9,3,0.10493827160493827
5,2,0,4,0.04552469135802469
5,2,1,4,0.019290123456790122
5,2,2,4,0.2762345679012346
5,2,3,4,0.0787037037037037
5,2,4,4,0.7098765432098766
5,2,5,4,0.10802469135802469
5,2,6,4,0.0779320987654321
5,2,7,4,0.24151234567901234
5,2,8,4,0.006944444444444444
5,2,9,4,0.006944444444444444
5,2,0,5,0.030864197530864196
5,2,1,5,0.007716049382716049
5,2,2,5,0.1566358024691358
5,2,3,5,0.2021604938271605
5,2,4,5,0.0763888888888889
5,2,5,5,0.591820987654321
5,2,6,5,0.023919753086419752
5,2,7,5,0.17978395061728394
5,2,8,5,0.010802469135802469
5,2,9,5,0.013117283950617283
5,2,0,6,0.033950617283950615
5,2,1,6,0.06558641975308642
5,2,2,6,0.1527777777777778
5,2,3,6,0.1697530864197531
5,2,4,6,0.1743827160493827
5,2,5,6,0.06327160493827161
5,2,6,6,1.0
5,2,7,6,0.0470679012345679
5,2,8,6,0.031635802469135804
5,2,9,6,0.05941358024691358
5,2,0,7,0.06635802469135803
5,2,1,7,0.021604938271604937
5,2,2,7,0.041666666666666664
5,2,3,7,0.020061728395061727
5,2,4,7,0.05401234567901234
5,2,5,7,0.026234567901234566
5,2,6,7,0.004629629629629629
5,2,7,7,0.5648148148148148
5,2,8,7,0.007716049382716049
5,2,9,7,0.037037037037037035
5,2,0,8,0.15817901234567902
5,2,1,8,0.05324074074074074
5,2,2,8,0.012345679012345678
5,2,3,8,0.011574074074074073
5,2,4,8,0.009259259259259259
5,2,5,8,0.0030864197530864196
5,2,6,8,0.004629629629629629
5,2,7,8,0.0030864197530864196
5,2,8,8,0.8194444444444444
5,2,9,8,0.03780864197530864
5,2,0,9,0.08873456790123457
5,2,1,9,0.28935185185185186
5,2,2,9,0.008487654320987654
5,2,3,9,0.014660493827160493
5,2,4,9,0.006944444444444444
5,2,5,9,0.008487654320987654
5,2,6,9,0.008487654320987654
5,2,7,9,0.02700617283950617
5,2,8,9,0.07407407407407407
5,2,9,9,0.9151234567901234
5,20,0,0,0.8879256965944272
5,20,1,0,0.004953560371517028
5,20,2,0,0.05201238390092879
5,20,3,0,0.02786377708978328
5,20,4,0,0.01671826625386997
5,20,5,0,0.011764705882352941
5,20,6,0,0.0018575851393188853
5,20,7,0,0.013622291021671827
5,20,8,0,0.013003095975232198
5,20,9,0,0.0086687306501548
5,20,0,1,0.006191950464396285
5,20,1,1,0.9609907120743034
5,20,2,1,0.0030959752321981426
5,20,3,1,0.002476780185758514
5,20,4,1,0.0006191950464396285
5,20,5,1,0.0043343653250774
5,20,6,1,0.002476780185758514
5,20,7,1,0.0018575851393188853
5,20,8,1,0.0037151702786377707
5,20,9,1,0.01609907120743034
5,20,0,2,0.030959752321981424
5,20,1,2,0.0006191950464396285
5,20,2,2,0.7770897832817337
5,20,3,2,0.09659442724458205
5,20,4,2,0.03219814241486068
5,20,5,2,0.08544891640866874
5,20,6,2,0.015479876160990712
5,20,7,2,0.02043343653250774
5,20,8,2,0.0018575851393188853
5,20,9,2,0.001238390092879257
5,20,0,3,0.0037151702786377707
5,20,1,3,0.0006191950464396285
5,20,2,3,0.005572755417956657
5,20,3,3,0.49411764705882355
5,20,4,3,0.0043343653250774
5,20,5,3,0.10526315789473684
5,20,6,3,0.0043343653250774
5,20,7,3,0.005572755417956657
5,20,8,3,0.0006191950464396285
5,20,9,3,0.0
5,20,0,4,0.015479876160990712
5,20,1,4,0.0018575851393188853
5,20,2,4,0.09226006191950464
5,20,3,4,0.13374613003095975
5,20,4,4,0.8922600619195047
5,20,5,4,0.0934984520123839
5,20,6,4,0.021052631578947368
5,20,7,4,0.031578947368421054
5,20,8,4,0.0030959752321981426
5,20,9,4,0.001238390092879257
5,20,0,5,0.001238390092879257
5,20,1,5,0.0
5,20,2,5,0.004953560371517028
5,20,3,5,0.039628482972136225
5,20,4,5,0.0037151702786377707
5,20,5,5,0.5814241486068111
5,20,6,5,0.002476780185758514
5,20,7,5,0.0086687306501548
5,20,8,5,0.0
5,20,9,5,0.0
5,20,0,6,0.004953560371517028
5,20,1,6,0.0018575851393188853
5,20,2,6,0.04643962848297214
5,20,3,6,0.12941176470588237
5,20,4,6,0.030340557275541795
5,20,5,6,0.07120743034055728
5,20,6,6,0.9492260061919504
5,20,7,6,0.00804953560371517
5,20,8,6,0.0006191950464396285
5,20,9,6,0.0018575851393188853
5,20,0,7,0.0030959752321981426
5,20,1,7,0.0006191950464396285
5,20,2,7,0.007430340557275541
5,20,3,7,0.0346749226006192
5,20,4,7,0.021052631578947368
5,20,5,7,0.057585139318885446
5,20,6,7,0.0043343653250774
5,20,7,7,0.8947368421052632
5,20,8,7,0.0
5,20,9,7,0.001238390092879257
5,20,0,8,0.07987616099071207
5,20,1,8,0.018575851393188854
5,20,2,8,0.021671826625386997
5,20,3,8,0.03900928792569659
5,20,4,8,0.009907120743034056
5,20,5,8,0.013622291021671827
5,20,6,8,0.014241486068111455
5,20,7,8,0.007430340557275541
5,20,8,8,0.9882352941176471
5,20,9,8,0.014860681114551083
5,20,0,9,0.021671826625386997
5,20,1,9,0.039628482972136225
5,20,2,9,0.005572755417956657
5,20,3,9,0.04891640866873065
5,20,4,9,0.0043343653250774
5,20,5,9,0.02476780185758514
5,20,6,9,0.009287925696594427
5,20,7,9,0.021052631578947368
5,20,8,9,0.013003095975232198
5,20,9,9,1.0
5,3,0,0,0.501637197118533
5,3,1,0,0.0045841519318926
5,3,2,0,0.020301244269810084
5,3,3,0,0.0006548788474132286
5,3,4,0,0.01309757694826457
5,3,5,0,0.0006548788474132286
5,3,6,0,0.0006548788474132286
5,3,7,0,0.0006548788474132286
5,3,8,0,0.08447937131630648
5,3,9,0,0.005239030779305829
5,3,0,1,0.04387688277668631
5,3,1,1,0.601833660772757
5,3,2,1,0.0019646365422396855
5,3,3,1,0.0013097576948264572
5,3,4,1,0.0026195153896529143
5,3,5,1,0.0019646365422396855
5,3,6,1,0.0006548788474132286
5,3,7,1,0.0
5,3,8,1,0.08775376555337262
5,3,9,1,0.024230517354289455
5,3,0,2,0.15717092337917485
5,3,1,2,0.0032743942370661427
5,3,2,2,0.3791748526522593
5,3,3,2,0.02226588081204977
5,3,4,2,0.053700065487884745
5,3,5,2,0.016371971185330715
5,3,6,2,0.0183366077275704
5,3,7,2,0.015062213490504257
5,3,8,2,0.025540275049115914
5,3,9,2,0.0019646365422396855
5,3,0,3,0.05893909626719057
5,3,1,3,0.015062213490504257
5,3,2,3,0.12770137524557956
5,3,3,3,0.3831041257367387
5,3,4,3,0.09233791748526522
5,3,5,3,0.12246234446627374
5,3,6,3,0.13686967910936476
5,3,7,3,0.04453176162409954
5,3,8,3,0.045841519318926
5,3,9,3,0.020956123117223315
5,3,0,4,0.03732809430255403
5,3,1,4,0.0045841519318926
5,3,2,4,0.0870988867059594
5,3,3,4,0.034053700065487885
5,3,4,4,0.47413228552717746
5,3,5,4,0.019646365422396856
5,3,6,4,0.032089063523248196
5,3,7,4,0.03601833660772757
5,3,8,4,0.015717092337917484
5,3,9,4,0.0006548788474132286
5,3,0,5,0.04846103470857891
5,3,1,5,0.01309757694826457
5,3,2,5,0.2861820563195809
5,3,3,5,0.5108055009823183
5,3,4,5,0.15651604453176163
5,3,5,5,0.8631303208906352
5,3,6,5,0.08447937131630648
5,3,7,5,0.24426981008513424
5,3,8,5,0.03470857891290111
5,3,9,5,0.023575638506876228
5,3,0,6,0.0550098231827112
5,3,1,6,0.03470857891290111
5,3,2,6,0.10870988867059594
5,3,3,6,0.09430255402750491
5,3,4,6,0.12835625409299278
5,3,5,6,0.03798297314996726
5,3,6,6,0.7976424361493124
5,3,7,6,0.026850032743942372
5,3,8,6,0.07269155206286837
5,3,9,6,0.01768172888015717
5,3,0,7,0.03601833660772757
5,3,1,7,0.0045841519318926
5,3,2,7,0.042567125081859856
5,3,3,7,0.024230517354289455
5,3,4,7,0.12966601178781925
5,3,5,7,0.028159790438768827
5,3,6,7,0.0013097576948264572
5,3,7,7,0.656188605108055
5,3,8,7,0.0045841519318926
5,3,9,7,0.010478061558611657
5,3,0,8,0.023575638506876228
5,3,1,8,0.0006548788474132286
5,3,2,8,0.003929273084479371
5,3,3,8,0.0006548788474132286
5,3,4,8,0.0013097576948264572
5,3,5,8,0.0006548788474132286
5,3,6,8,0.0006548788474132286
5,3,7,8,0.0006548788474132286
5,3,8,8,0.5108055009823183
5,3,9,8,0.0006548788474132286
5,3,0,9,0.15389652914210872
5,3,1,9,0.4066797642436149
5,3,2,9,0.017026850032743943
5,3,3,9,0.03536345776031434
5,3,4,9,0.02226588081204977
5,3,5,9,0.0183366077275704
5,3,6,9,0.011132940406024885
5,3,7,9,0.047151277013752456
5,3,8,9,0.20104780615586115
5,3,9,9,1.0
5,4,0,0,0.7943396226415095
5,4,1,0,0.010062893081761006
5,4,2,0,0.13773584905660377
5,4,3,0,0.052830188679245285
5,4,4,0,0.07044025157232704
5,4,5,0,0.027044025157232705
5,4,6,0,0.016352201257861635
5,4,7,0,0.009433962264150943
5,4,8,0,0.1459119496855346
5,4,9,0,0.011949685534591196
5,4,0,1,0.04779874213836478
5,4,1,1,0.7138364779874213
5,4,2,1,0.024528301886792454
5,4,3,1,0.040880503144654086
5,4,4,1,0.018867924528301886
5,4,5,1,0.022641509433962263
5,4,6,1,0.018238993710691823
5,4,7,1,0.011320754716981131
5,4,8,1,0.10251572327044026
5,4,9,1,0.03522012578616352
5,4,0,2,0.03333333333333333
5,4,1,2,0.0018867924528301887
5,4,2,2,0.5037735849056604
5,4,3,2,0.09245283018867924
5,4,4,2,0.12075471698113208
5,4,5,2,0.09685534591194969
5,4,6,2,0.061635220125786164
5,4,7,2,0.04213836477987421
5,4,8,2,0.007547169811320755
5,4,9,2,0.0012578616352201257
5,4,0,3,0.007547169811320755
5,4,1,3,0.0012578616352201257
5,4,2,3,0.05471698113207547
5,4,3,3,0.35786163522012576
5,4,4,3,0.06855345911949685
5,4,5,3,0.1691823899371069
5,4,6,3,0.0440251572327044
5,4,7,3,0.02830188679245283
5,4,8,3,0.0031446540880503146
5,4,9,3,0.0012578616352201257
5,4,0,4,0.011320754716981131
5,4,1,4,0.0006289308176100629
5,4,2,4,0.0710691823899371
5,4,3,4,0.050314465408805034
5,4,4,4,0.42327044025157234
5,4,5,4,0.04654088050314465
5,4,6,4,0.020754716981132074
5,4,7,4,0.03647798742138365
5,4,8,4,0.005660377358490566
5,4,9,4,0.0006289308176100629
5,4,0,5,0.0031446540880503146
5,4,1,5,0.0006289308176100629
5,4,2,5,0.059748427672955975
5,4,3,5,0.11949685534591195
5,4,4,5,0.016352201257861635
5,4,5,5,0.4389937106918239
5,4,6,5,0.013836477987421384
5,4,7,5,0.03522012578616352
5,4,8,5,0.0006289308176100629
5,4,9,5,0.0
5,4,0,6,0.0037735849056603774
5,4,1,6,0.0037735849056603774
5,4,2,6,0.0559748427672956
5,4,3,6,0.1270440251572327
5,4,4,6,0.11257861635220126
5,4,5,6,0.05408805031446541
5,4,6,6,0.7949685534591195
5,4,7,6,0.012578616352201259
5,4,8,6,0.005660377358490566
5,4,9,6,0.0018867924528301887
5,4,0,7,0.018238993710691823
5,4,1,7,0.0018867924528301887
5,4,2,7,0.08742138364779874
5,4,3,7,0.0949685534591195
5,4,4,7,0.16540880503144653
5,4,5,7,0.12515723270440252
5,4,6,7,0.015723270440251572
5,4,7,7,0.7955974842767296
5,4,8,7,0.00440251572327044
5,4,9,7,0.007547169811320755
5,4,0,8,0.022641509433962263
5,4,1,8,0.0025157232704402514
5,4,2,8,0.005660377358490566
5,4,3,8,0.016352201257861635
5,4,4,8,0.006289308176100629
5,4,5,8,0.00880503144654088
5,4,6,8,0.005660377358490566
5,4,7,8,0.0025157232704402514
5,4,8,8,0.6182389937106918
5,4,9,8,0.0018867924528301887
5,4,0,9,0.12955974842767295
5,4,1,9,0.30943396226415093
5,4,2,9,0.031446540880503145
5,4,3,9,0.11069182389937107
5,4,4,9,0.028930817610062894
5,4,5,9,0.07610062893081761
5,4,6,9,0.04968553459119497
5,4,7,9,0.055345911949685536
5,4,8,9,0.14654088050314465
5,4,9,9,1.0
5,5,0,0,0.6685512367491167
5,5,1,0,0.007067137809187279
5,5,2,0,0.0303886925795053
5,5,3,0,0.0035335689045936395
5,5,4,0,0.012014134275618375
5,5,5,0,0.0
5,5,6,0,0.0
5,5,7,0,0.0014134275618374558
5,5,8,0,0.03604240282685512
5,5,9,0,0.009893992932862191
5,5,0,1,0.021908127208480566
5,5,1,1,0.8452296819787986
5,5,2,1,0.0028268551236749115
5,5,3,1,0.0
5,5,4,1,0.0007067137809187279
5,5,5,1,0.0014134275618374558
5,5,6,1,0.0021201413427561835
5,5,7,1,0.0
5,5,8,1,0.021908127208480566
5,5,9,1,0.03674911660777385
5,5,0,2,0.1575971731448763
5,5,1,2,0.0021201413427561835
5,5,2,2,0.6134275618374558
5,5,3,2,0.03816254416961131
5,5,4,2,0.0607773851590106
5,5,5,2,0.03604240282685512
5,5,6,2,0.03674911660777385
5,5,7,2,0.04876325088339223
5,5,8,2,0.019787985865724382
5,5,9,2,0.0028268551236749115
5,5,0,3,0.04381625441696113
5,5,1,3,0.019787985865724382
5,5,2,3,0.08056537102473499
5,5,3,3,0.4431095406360424
5,5,4,3,0.06996466431095406
5,5,5,3,0.0812720848056537
5,5,6,3,0.08197879858657244
5,5,7,3,0.03604240282685512
5,5,8,3,0.026148409893992933
5,5,9,3,0.03462897526501767
5,5,0,4,0.06219081272084806
5,5,1,4,0.0077738515901060075
5,5,2,4,0.10954063604240283
5,5,3,4,0.03392226148409894
5,5,4,4,0.7010600706713781
5,5,5,4,0.03816254416961131
5,5,6,4,0.014840989399293287
5,5,7,4,0.0558303886925795
5,5,8,4,0.02756183745583039
5,5,9,4,0.007067137809187279
5,5,0,5,0.0353356890459364
5,5,1,5,0.014840989399293287
5,5,2,5,0.18162544169611308
5,5,3,5,0.5632508833922262
5,5,4,5,0.13568904593639575
5,5,5,5,0.992226148409894
5,5,6,5,0.08833922261484099
5,5,7,5,0.26360424028268553
5,5,8,5,0.0176678445229682
5,5,9,5,0.04169611307420495
5,5,0,6,0.012014134275618375
5,5,1,6,0.028268551236749116
5,5,2,6,0.111660777385159
5,5,3,6,0.0833922261484099
5,5,4,6,0.12296819787985866
5,5,5,6,0.024734982332155476
5,5,6,6,0.9406360424028268
5,5,7,6,0.012014134275618375
5,5,8,6,0.018374558303886925
5,5,9,6,0.021908127208480566
5,5,0,7,0.023321554770318022
5,5,1,7,0.005653710247349823
5,5,2,7,0.0176678445229682
5,5,3,7,0.012014134275618375
5,5,4,7,0.045229681978798585
5,5,5,7,0.018374558303886925
5,5,6,7,0.0
5,5,7,7,0.7293286219081272
5,5,8,7,0.0049469964664310955
5,5,9,7,0.0176678445229682
5,5,0,8,0.10035335689045936
5,5,1,8,0.04452296819787986
5,5,2,8,0.011307420494699646
5,5,3,8,0.012720848056537103
5,5,4,8,0.008480565371024734
5,5,5,8,0.0035335689045936395
5,5,6,8,0.0035335689045936395
5,5,7,8,0.0028268551236749115
5,5,8,8,0.9696113074204947
5,5,9,8,0.02049469964664311
5,5,0,9,0.07915194346289753
5,5,1,9,0.2
5,5,2,9,0.0007067137809187279
5,5,3,9,0.004240282685512367
5,5,4,9,0.0021201413427561835
5,5,5,9,0.0014134275618374558
5,5,6,9,0.0014134275618374558
5,5,7,9,0.0063604240282685515
5,5,8,9,0.02685512367491166
5,5,9,9,1.0
5,6,0,0,0.8374091209517515
5,6,1,0,0.005948446794448116
5,6,2,0,0.11037673496364839
5,6,3,0,0.038334434897554524
5,6,4,0,0.06080634500991408
5,6,5,0,0.010575016523463317
5,6,6,0,0.0039656311962987445
5,6,7,0,0.013879709187045605
5,6,8,0,0.03304692663582287
5,6,9,0,0.00991407799074686
5,6,0,1,0.06080634500991408
5,6,1,1,1.0
5,6,2,1,0.023132848645076007
5,6,3,1,0.025776602775941838
5,6,4,1,0.011235955056179775
5,6,5,1,0.011235955056179775
5,6,6,1,0.017184401850627893
5,6,7,1,0.008592200925313946
5,6,8,1,0.040978189028420355
5,6,9,1,0.07799074686054197
5,6,0,2,0.034368803701255786
5,6,1,2,0.0006609385327164573
5,6,2,2,0.5267680105750165
5,6,3,2,0.0403172504957039
5,6,4,2,0.054196959682749506
5,6,5,2,0.024454725710508923
5,6,6,2,0.03304692663582287
5,6,7,2,0.01255783212161269
5,6,8,2,0.0039656311962987445
5,6,9,2,0.0006609385327164573
5,6,0,3,0.0019828155981493722
5,6,1,3,0.0
5,6,2,3,0.023132848645076007
5,6,3,3,0.4084600132187707
5,6,4,3,0.018506278916060808
5,6,5,3,0.0945142101784534
5,6,6,3,0.03304692663582287
5,6,7,3,0.007931262392597489
5,6,8,3,0.0
5,6,9,3,0.0013218770654329147
5,6,0,4,0.013879709187045605
5,6,1,4,0.0019828155981493722
5,6,2,4,0.15003304692663583
5,6,3,4,0.10112359550561797
5,6,4,4,0.744216787838731
5,6,5,4,0.07468605419695969
5,6,6,4,0.11103767349636484
5,6,7,4,0.04296100462656973
5,6,8,4,0.0019828155981493722
5,6,9,4,0.0039656311962987445
5,6,0,5,0.0039656311962987445
5,6,1,5,0.0019828155981493722
5,6,2,5,0.09517514871116986
5,6,3,5,0.2478519497686715
5,6,4,5,0.019167217448777262
5,6,5,5,0.7257105089226702
5,6,6,5,0.028420356906807668
5,6,7,5,0.03965631196298744
5,6,8,5,0.0013218770654329147
5,6,9,5,0.0013218770654329147
5,6,0,6,0.005948446794448116
5,6,1,6,0.0026437541308658294
5,6,2,6,0.05485789821546596
5,6,3,6,0.058823529411764705
5,6,4,6,0.028420356906807668
5,6,5,6,0.018506278916060808
5,6,6,6,0.8109715796430932
5,6,7,6,0.004626569729015202
5,6,8,6,0.0026437541308658294
5,6,9,6,0.0013218770654329147
5,6,0,7,0.01255783212161269
5,6,1,7,0.0026437541308658294
5,6,2,7,0.06411103767349637
5,6,3,7,0.10046265697290152
5,6,4,7,0.12029081295439524
5,6,5,7,0.12491738268341045
5,6,6,7,0.01784534038334435
5,6,7,7,0.9180436219431592
5,6,8,7,0.007931262392597489
5,6,9,7,0.013879709187045605
5,6,0,8,0.09187045604758758
5,6,1,8,0.01520158625247852
5,6,2,8,0.024454725710508923
5,6,3,8,0.03238598810310641
5,6,4,8,0.017184401850627893
5,6,5,8,0.009253139458030404
5,6,6,8,0.011896893588896233
5,6,7,8,0.004626569729015202
5,6,8,8,0.9702577660277594
5,6,9,8,0.014540647719762063
5,6,0,9,0.06345009914077991
5,6,1,9,0.0680766688697951
5,6,2,9,0.01255783212161269
5,6,3,9,0.06345009914077991
5,6,4,9,0.00991407799074686
5,6,5,9,0.025776602775941838
5,6,6,9,0.026437541308658295
5,6,7,9,0.028420356906807668
5,6,8,9,0.031064111037673495
5,6,9,9,0.9907468605419696
5,7,0,0,0.8352417302798982
5,7,1,0,0.013994910941475827
5,7,2,0,0.06679389312977099
5,7,3,0,0.01272264631043257
5,7,4,0,0.02099236641221374
5,7,5,0,0.00826972010178117
5,7,6,0,0.0006361323155216285
5,7,7,0,0.009541984732824428
5,7,8,0,0.056615776081424936
5,7,9,0,0.019083969465648856
5,7,0,1,0.015903307888040712
5,7,1,1,0.9344783715012722
5,7,2,1,0.001272264631043257
5,7,3,1,0.0019083969465648854
5,7,4,1,0.001272264631043257
5,7,5,1,0.001272264631043257
5,7,6,1,0.001272264631043257
5,7,7,1,0.004452926208651399
5,7,8,1,0.022900763358778626
5,7,9,1,0.041348600508905854
5,7,0,2,0.06170483460559797
5,7,1,2,0.0019083969465648854
5,7,2,2,0.6043256997455471
5,7,3,2,0.058524173027989825
5,7,4,2,0.06361323155216285
5,7,5,2,0.044529262086514
5,7,6,2,0.012086513994910942
5,7,7,2,0.05916030534351145
5,7,8,2,0.00826972010178117
5,7,9,2,0.002544529262086514
5,7,0,3,0.013358778625954198
5,7,1,3,0.001272264631043257
5,7,2,3,0.035623409669211195
5,7,3,3,0.5050890585241731
5,7,4,3,0.030534351145038167
5,7,5,3,0.17493638676844783
5,7,6,3,0.018447837150127225
5,7,7,3,0.02608142493638677
5,7,8,3,0.002544529262086514
5,7,9,3,0.005089058524173028
5,7,0,4,0.031170483460559797
5,7,1,4,0.006361323155216285
5,7,2,4,0.09414758269720101
5,7,3,4,0.06679389312977099
5,7,4,4,0.6997455470737913
5,7,5,4,0.05788804071246819
5,7,6,4,0.0057251908396946565
5,7,7,4,0.1005089058524173
5,7,8,4,0.011450381679389313
5,7,9,4,0.004452926208651399
5,7,0,5,0.002544529262086514
5,7,1,5,0.001272264631043257
5,7,2,5,0.031170483460559797
5,7,3,5,0.14376590330788805
5,7,4,5,0.014631043256997456
5,7,5,5,0.6507633587786259
5,7,6,5,0.007633587786259542
5,7,7,5,0.061068702290076333
5,7,8,5,0.001272264631043257
5,7,9,5,0.0
5,7,0,6,0.021628498727735368
5,7,1,6,0.019083969465648856
5,7,2,6,0.1895674300254453
5,7,3,6,0.23982188295165394
5,7,4,6,0.18702290076335878
5,7,5,6,0.11132315521628498
5,7,6,6,1.0
5,7,7,6,0.03498727735368957
5,7,8,6,0.022264631043257
5,7,9,6,0.019083969465648856
5,7,0,7,0.0031806615776081423
5,7,1,7,0.0
5,7,2,7,0.008905852417302799
5,7,3,7,0.013358778625954198
5,7,4,7,0.01653944020356234
5,7,5,7,0.015903307888040712
5,7,6,7,0.0
5,7,7,7,0.7041984732824428
5,7,8,7,0.0
5,7,9,7,0.0019083969465648854
5,7,0,8,0.05407124681933842
5,7,1,8,0.008905852417302799
5,7,2,8,0.00826972010178117
5,7,3,8,0.013358778625954198
5,7,4,8,0.0057251908396946565
5,7,5,8,0.004452926208651399
5,7,6,8,0.0031806615776081423
5,7,7,8,0.006997455470737914
5,7,8,8,0.9122137404580153
5,7,9,8,0.013358778625954198
5,7,0,9,0.045165394402035625
5,7,1,9,0.07061068702290077
5,7,2,9,0.003816793893129771
5,7,3,9,0.019720101781170483
5,7,4,9,0.0031806615776081423
5,7,5,9,0.00826972010178117
5,7,6,9,0.003816793893129771
5,7,7,9,0.03371501272264631
5,7,8,9,0.014631043256997456
5,7,9,9,0.9669211195928753
5,8,0,0,0.935525467440361
5,8,1,0,0.015473887814313346
5,8,2,0,0.07801418439716312
5,8,3,0,0.018697614442295292
5,8,4,0,0.028368794326241134
5,8,5,0,0.0051579626047711154
5,8,6,0,0.0012894906511927789
5,8,7,0,0.01160541586073501
5,8,8,0,0.1038039974210187
5,8,9,0,0.04384268214055448
5,8,0,1,0.015473887814313346
5,8,1,1,1.0
5,8,2,1,0.0019342359767891683
5,8,3,1,0.0012894906511927789
5,8,4,1,0.0
5,8,5,1,0.0019342359767891683
5,8,6,1,0.003223726627981947
5,8,7,1,0.0019342359767891683
5,8,8,1,0.027079303675048357
5,8,9,1,0.08123791102514506
5,8,0,2,0.03288201160541586
5,8,1,2,0.0006447453255963894
5,8,2,2,0.6254029658284977
5,8,3,2,0.04577691811734365
5,8,4,2,0.050934880722114766
5,8,5,2,0.020631850419084462
5,8,6,2,0.04061895551257253
5,8,7,2,0.014184397163120567
5,8,8,2,0.007736943907156673
5,8,9,2,0.0025789813023855577
5,8,0,3,0.003223726627981947
5,8,1,3,0.0019342359767891683
5,8,2,3,0.041908446163765316
5,8,3,3,0.41005802707930367
5,8,4,3,0.030303030303030304
5,8,5,3,0.07156673114119923
5,8,6,3,0.03352675693101225
5,8,7,3,0.014829142488716958
5,8,8,3,0.006447453255963894
5,8,9,3,0.0038684719535783366
5,8,0,4,0.027724049000644745
5,8,1,4,0.0025789813023855577
5,8,2,4,0.10122501611863315
5,8,3,4,0.07543520309477757
5,8,4,4,0.7530625402965828
5,8,5,4,0.04964539007092199
5,8,6,4,0.012250161186331399
5,8,7,4,0.03417150225660864
5,8,8,4,0.0070921985815602835
5,8,9,4,0.005802707930367505
5,8,0,5,0.019987105093488073
5,8,1,5,0.0038684719535783366
5,8,2,5,0.0851063829787234
5,8,3,5,0.3778207607994842
5,8,4,5,0.03352675693101225
5,8,5,5,0.8439716312056738
5,8,6,5,0.03352675693101225
5,8,7,5,0.06318504190844616
5,8,8,5,0.0051579626047711154
5,8,9,5,0.004513217279174726
5,8,0,6,0.0070921985815602835
5,8,1,6,0.003223726627981947
5,8,2,6,0.06769825918762089
5,8,3,6,0.10058027079303675
5,8,4,6,0.07027724049000644
5,8,5,6,0.026434558349451968
5,8,6,6,0.927143778207608
5,8,7,6,0.004513217279174726
5,8,8,6,0.012250161186331399
5,8,9,6,0.004513217279174726
5,8,0,7,0.02256608639587363
5,8,1,7,0.007736943907156673
5,8,2,7,0.04642166344294004
5,8,3,7,0.047066408768536426
5,8,4,7,0.08575112830431979
5,8,5,7,0.0670535138620245
5,8,6,7,0.010315925209542231
5,8,7,7,0.9078014184397163
5,8,8,7,0.004513217279174726
5,8,9,7,0.018697614442295292
5,8,0,8,0.014829142488716958
5,8,1,8,0.0051579626047711154
5,8,2,8,0.0070921985815602835
5,8,3,8,0.008381689232753063
5,8,4,8,0.0025789813023855577
5,8,5,8,0.0012894906511927789
5,8,6,8,0.0019342359767891683
5,8,7,8,0.0006447453255963894
5,8,8,8,0.8781431334622823
5,8,9,8,0.0070921985815602835
5,8,0,9,0.019342359767891684
5,8,1,9,0.03159252095422308
5,8,2,9,0.003223726627981947
5,8,3,9,0.004513217279174726
5,8,4,9,0.0025789813023855577
5,8,5,9,0.004513217279174726
5,8,6,9,0.003223726627981947
5,8,7,9,0.0019342359767891683
5,8,8,9,0.014184397163120567
5,8,9,9,0.9161831076724694
5,9,0,0,0.6741996233521658
5,9,1,0,0.005649717514124294
5,9,2,0,0.026365348399246705
5,9,3,0,0.003766478342749529
5,9,4,0,0.013182674199623353
5,9,5,0,0.0006277463904582549
5,9,6,0,0.0
5,9,7,0,0.0018832391713747645
5,9,8,0,0.015065913370998116
5,9,9,0,0.005021971123666039
5,9,0,1,0.007532956685499058
5,9,1,1,0.8581293157564344
5,9,2,1,0.0
5,9,3,1,0.0
5,9,4,1,0.0
5,9,5,1,0.0006277463904582549
5,9,6,1,0.0006277463904582549
5,9,7,1,0.0
5,9,8,1,0.008160703075957313
5,9,9,1,0.016321406151914627
5,9,0,2,0.053358443188951665
5,9,1,2,0.0025109855618330196
5,9,2,2,0.4325172630257376
5,9,3,2,0.011927181418706842
5,9,4,2,0.013182674199623353
5,9,5,2,0.004394224733207784
5,9,6,2,0.003766478342749529
5,9,7,2,0.005649717514124294
5,9,8,2,0.0025109855618330196
5,9,9,2,0.0006277463904582549
5,9,0,3,0.06340238543628374
5,9,1,3,0.005649717514124294
5,9,2,3,0.08223477715003139
5,9,3,3,0.5530445699937225
5,9,4,3,0.050219711236660386
5,9,5,3,0.14563716258631512
5,9,6,3,0.025109855618330193
5,9,7,3,0.03515379786566227
5,9,8,3,0.01694915254237288
5,9,9,3,0.008160703075957313
5,9,0,4,0.02824858757062147
5,9,1,4,0.0018832391713747645
5,9,2,4,0.12366603892027621
5,9,3,4,0.0583804143126177
5,9,4,4,0.6892655367231638
5,9,5,4,0.053358443188951665
5,9,6,4,0.005021971123666039
5,9,7,4,0.0709353421217828
5,9,8,4,0.003766478342749529
5,9,9,4,0.0006277463904582549
5,9,0,5,0.018832391713747645
5,9,1,5,0.003766478342749529
5,9,2,5,0.07846829880728186
5,9,3,5,0.18957940991839298
5,9,4,5,0.02197112366603892
5,9,5,5,0.7087256748273697
5,9,6,5,0.014438166980539862
5,9,7,5,0.04080351537978657
5,9,8,5,0.0018832391713747645
5,9,9,5,0.0025109855618330196
5,9,0,6,0.02197112366603892
5,9,1,6,0.01820464532328939
5,9,2,6,0.23854362837413684
5,9,3,6,0.20778405524168236
5,9,4,6,0.18832391713747645
5,9,5,6,0.10357815442561205
5,9,6,6,0.9836785938480854
5,9,7,6,0.027620841180163214
5,9,8,6,0.013810420590081607
5,9,9,6,0.013810420590081607
5,9,0,7,0.018832391713747645
5,9,1,7,0.003766478342749529
5,9,2,7,0.026365348399246705
5,9,3,7,0.022598870056497175
5,9,4,7,0.04205900816070308
5,9,5,7,0.04205900816070308
5,9,6,7,0.0025109855618330196
5,9,7,7,0.8210922787193974
5,9,8,7,0.003138731952291274
5,9,9,7,0.004394224733207784
5,9,0,8,0.10671688637790333
5,9,1,8,0.020087884494664157
5,9,2,8,0.016321406151914627
5,9,3,8,0.006905210295040804
5,9,4,8,0.007532956685499058
5,9,5,8,0.0012554927809165098
5,9,6,8,0.0012554927809165098
5,9,7,8,0.003138731952291274
5,9,8,8,0.9353421217827997
5,9,9,8,0.008160703075957313
5,9,0,9,0.07658505963590709
5,9,1,9,0.12429378531073447
5,9,2,9,0.005649717514124294
5,9,3,9,0.006905210295040804
5,9,4,9,0.003766478342749529
5,9,5,9,0.003138731952291274
5,9,6,9,0.0025109855618330196
5,9,7,9,0.02071563088512241
5,9,8,9,0.03766478342749529
5,9,9,9,1.0
