cpu_time,ram_used_mb,net_sent_bytes,net_recv_bytes,gpu_mem_used_mb,gpu_load,client_rank,round,timestamp,participated,data_size,data_variance,local_loss,local_accuracy,tn,fp,fn,tp,precision,recall,f1,confusion_mean
0.17508906804729982,0.014080134013993491,0.13091468051973137,0.0004663732432433007,0.0,0.0,1,1,2025-08-18 18:46:09,0.0,0.04687321801938795,0.9410189813524837,0.7299167799447273,0.16842105984687805,0.9145448493925779,0.0854551506074222,0.0854551506074222,0.008945851791320803,0.1003704983124754,0.1686546720162131,0.0762869477096253,0.16865467218349808
0.2885336583349074,0.033970712471770734,0.07984592355329499,0.0002860628150628421,0.0,0.0,2,1,2025-08-18 18:46:10,0.0,0.49872647785592095,0.9629815163648282,0.5132470254585141,0.4034753441810608,0.3487269096355467,0.6512730903644534,0.6512730903644534,0.2276891316502516,0.4890216861690376,0.4017287338390802,0.3796238621776596,0.4017287342405038
1.0,0.014164232551995639,0.04526926156780531,0.00023286779933340637,0.0,0.0,3,1,2025-08-18 18:46:12,0.0,0.1323702718114427,0.9439540719212908,0.904442337145184,0.18226176500320435,0.7629389249459144,0.23706107505408555,0.23706107505408555,0.027310653305234182,0.1284889343560071,0.1852633205163416,0.0848272603162036,0.18526332070106272
0.5492218263640789,0.014106467899630526,0.03422959764680319,0.00011460212070151956,0.0,0.0,4,1,2025-08-18 18:46:11,0.0,0.04846987264778559,0.9636427368458176,0.8206811149237576,0.1440877020359039,0.9090530870361125,0.0909469129638875,0.0909469129638875,0.00791363812309148,0.1058032927144351,0.1369833166287225,0.0535635740119503,0.13698331676467332
0.14471216949781857,0.014895210248468713,0.04315770201156479,0.0001682724714788827,0.0,0.25,5,1,2025-08-18 18:46:09,0.0,0.05299372742824558,0.99026150833762,0.7393295071927776,0.17765043675899506,0.9044766184057248,0.09552338159427526,0.09552338159427526,0.010666207905036343,0.1926760285202425,0.1760167633593163,0.1244074744871713,0.17601676353408005
0.5056253515635101,0.0,0.001256473504404196,4.669490556184323e-05,0.0,0.0,6,1,2025-08-18 18:46:06,0.0,0.006006462649686371,1.0,0.7807810159496613,0.10000000149011612,0.9880179730404394,0.011982026959560658,0.011982026959560658,0.0006881424454862156,0.01,0.1,0.0181818181818181,0.10000000009375
0.7094037127226721,0.013773046928258465,0.002670886432500513,9.874216105360062e-05,0.0,0.0,7,1,2025-08-18 18:46:09,0.0,0.045200532218209466,0.981991889711609,0.7647775274406875,0.09907640516757964,0.9107172574471626,0.08928274255283741,0.08928274255283741,0.005075050535460841,0.0632625008637801,0.1004740748984386,0.0427224431724875,0.10047407499805668
0.16913557095365245,0.05027775878245707,1.0,1.0,0.0,0.0,8,1,2025-08-18 18:46:16,0.0,1.0,0.9376040032859979,0.39118932211376417,0.5431634187698364,0.0,1.0,1.0,0.6145542127220335,0.5639175364885194,0.5435466113584828,0.5324007546796231,0.5435466119018226
0.01664166509007504,0.0023577322446962,0.04712831924285651,7.245574645195718e-05,0.0,0.0,9,1,2025-08-18 18:46:06,0.0,0.0,0.0,0.7147194725562326,0.0,0.999833582958895,0.00016641704110500916,0.00016641704110500916,0.0,0.0,0.0,0.0,0.0
0.5509563097741791,0.01187615768221032,0.11861250719278267,0.0003479143389821751,0.0,0.0,10,1,2025-08-18 18:46:10,0.0,0.06937844516251664,0.9277627056853784,0.7780872272262664,0.1669403463602066,0.8734398402396405,0.12656015976035945,0.12656015976035945,0.013160724269923874,0.1971141003246266,0.170553469985956,0.0958190174859676,0.17055347015555786
0.10542846426245454,0.03898561872526157,0.03458973977216483,0.00017367506007239894,0.03225806451612903,0.0,1,2,2025-08-18 18:47:04,0.0,0.04687321801938795,0.9410189813524837,0.8618877807554469,0.16842105984687805,0.9145448493925779,0.0854551506074222,0.0854551506074222,0.008945851791320803,0.0640523801050846,0.1714071941961655,0.0767958429762221,0.1714071943661576
0.22023251451648276,0.06659669781568912,0.15479773693931503,0.0005550174329128827,0.03225806451612903,0.0,2,2,2025-08-18 18:47:05,0.0,0.49872647785592095,0.9629815163648282,0.46404204671532207,0.4664278626441956,0.41729073057081045,0.5827092694291895,0.5827092694291895,0.2631284675927917,0.5382561909163,0.465129307838148,0.4638240225109346,0.46512930830292337
0.6046315394550044,0.043520143935922045,0.0794968472474277,0.00021352591384660462,0.03225806451612903,0.0,3,2,2025-08-18 18:47:07,0.0,0.1323702718114427,0.9439540719212908,0.7926050549115693,0.17652124166488647,0.7612747545348644,0.23872524546513563,0.23872524546513563,0.026450475248376414,0.1657113749143261,0.1747960530797619,0.1208862078320624,0.17479605325405964
0.38149259326419427,0.04120955784131799,0.03258179652573507,6.668216465030248e-05,0.03225806451612903,0.0,4,2,2025-08-18 18:47:05,0.0,0.04846987264778559,0.9636427368458176,0.7856212757423922,0.16209867596626282,0.9109668830088201,0.0890331169911799,0.0890331169911799,0.008902842888477916,0.0657514066360892,0.1618661980940229,0.0839538258952201,0.16186619825462017
0.09169323082051177,0.03873926947252804,0.024911171648968063,0.00013669167463609673,0.03225806451612903,0.0,5,2,2025-08-18 18:47:04,0.0,0.05299372742824558,0.99026150833762,0.7862922693285264,0.10816618800163268,0.8964053919121318,0.1035946080878682,0.1035946080878682,0.00649434432927616,0.1440992292870905,0.1015325895478567,0.0224579193937521,0.10153258964870639
0.403431464448764,0.01625013113850309,0.0003702019612656078,1.6976803784919084e-05,0.03225806451612903,0.0,6,2,2025-08-18 18:47:02,0.0,0.006006462649686371,1.0,0.7728005238839797,0.11249999701976776,0.9881843900815444,0.01181560991845565,0.01181560991845565,0.0007741602511719926,0.110691823899371,0.1045454545454545,0.0280138339920948,0.10454545464391096
0.5212825801395756,0.04198470850724672,0.04838076881289912,0.00018694966080110302,0.03225806451612903,0.0,7,2,2025-08-18 18:47:04,0.0,0.045200532218209466,0.981991889711609,0.7050129042810199,0.20403023064136505,0.9211183225162256,0.07888167748377434,0.07888167748377434,0.0104511633908219,0.0632882278297325,0.1953785325382421,0.0924956356595744,0.19537853273204242
0.08020813799043884,0.08300738070855992,0.011761960138906215,9.589015076603624e-05,0.03225806451612903,0.0,8,2,2025-08-18 18:47:06,0.0,1.0,0.9376040032859979,0.3679486884971999,0.572205126285553,0.0635713097021135,0.9364286902978866,0.9364286902978866,0.6474130144940002,0.5693198524150306,0.572731551017016,0.5600493777831955,0.5727315515895295
0.15418151134703775,0.020652986920978392,0.032825244554610826,3.5043400118744875e-05,0.0,0.0,9,2,2025-08-18 18:47:02,0.0,0.0,0.0,0.7711535530438907,0.5,0.9999167914794475,8.320852055250458e-05,8.320852055250458e-05,4.3008902842888476e-05,0.25,0.5,0.3333333333333333,0.4999999999999999
0.37197637352981083,0.04371127697683596,0.10655478787830013,0.0002589841753813197,0.03225806451612903,0.0,10,2,2025-08-18 18:47:05,0.0,0.06937844516251664,0.9277627056853784,0.9032722860837361,0.18773946166038516,0.8765185555000832,0.1234814444999168,0.1234814444999168,0.014752053675110748,0.1153671688620333,0.1877139869406958,0.1005686761015245,0.18771398712737347
0.12192949558352473,0.05766993532482637,0.0007665594958815032,6.580492029355842e-05,0.06451612903225806,0.0,1,3,2025-08-18 18:48:34,0.0,0.04687321801938795,0.9410189813524837,0.8197625480965061,0.20728744566440582,0.9184556498585456,0.08154435014145449,0.08154435014145449,0.010967270224936562,0.1245197504284174,0.2100264106063098,0.1376911769185291,0.2100264108146049
0.28609600597936846,0.0870674712376629,0.08482353035857279,0.0003248818439769127,0.06451612903225806,0.0,2,3,2025-08-18 18:48:35,0.0,0.49872647785592095,0.9629815163648282,0.3797999937221758,0.5519396662712097,0.5107338991512731,0.4892661008487269,0.4892661008487269,0.3114274654853555,0.5758187640949637,0.551795428607037,0.5518846629390491,0.5517954291584117
0.686105381565133,0.05994356903152042,0.07712775589204589,0.0002448439238336259,0.06451612903225806,0.0,3,3,2025-08-18 18:48:36,0.0,0.1323702718114427,0.9439540719212908,0.7274746230401732,0.20579794049263,0.7697620236312198,0.23023797636878016,0.23023797636878016,0.030837383338351038,0.3436951722870616,0.2052289353529173,0.1608414579301128,0.20522893555755703
0.38594599661586737,0.05994994013288422,0.03281317275152608,8.563759887862666e-05,0.06451612903225806,0.0,4,3,2025-08-18 18:48:34,0.0,0.04846987264778559,0.9636427368458176,0.9113783726818715,0.10180109739303589,0.9045598269262772,0.09544017307372275,0.09544017307372275,0.005591157369575502,0.1834312264399053,0.1087817474796436,0.0342884299228357,0.10878174758751405
0.14569660602055967,0.059646250967876506,0.003343889454475219,8.703655243431541e-05,0.06451612903225806,0.0,5,3,2025-08-18 18:48:34,0.0,0.05299372742824558,0.99026150833762,0.7031907504679316,0.21561604738235476,0.9088866699950074,0.09111333000499251,0.09111333000499251,0.012945679755709432,0.2714033189033188,0.2061917637542471,0.114367133537752,0.20619176395902475
0.44805925368561633,0.030467456201863682,0.02675815752093452,2.283540486343885e-05,0.03225806451612903,0.0,6,3,2025-08-18 18:48:31,0.0,0.006006462649686371,1.0,0.8358671320869496,0.10625000298023224,0.9881011815609918,0.011898818439008155,0.011898818439008155,0.0007311513483291041,0.0106249999999999,0.1,0.0192090395480226,0.1000000000941176
0.5985374085508767,0.05665777968816432,0.02174232333922169,0.00012073896668614317,0.06451612903225806,0.0,7,3,2025-08-18 18:48:34,0.0,0.045200532218209466,0.981991889711609,0.9014211318880072,0.12762384116649628,0.9135463471459477,0.08645365285405225,0.08645365285405225,0.006537353232119049,0.1654890605237923,0.1301821086757565,0.068879851204005,0.13018210880482292
0.0914588411589346,0.09858047614213676,0.014383553375477339,0.0003294612913898718,0.06451612903225806,0.0,8,3,2025-08-18 18:48:36,0.0,1.0,0.9376040032859979,0.3511664696116205,0.5977876782417297,0.11957064403394907,0.8804293559660509,0.8804293559660509,0.6763580061072642,0.6131631245186521,0.5978344343785682,0.586289888921689,0.5978344349761753
0.11663228949557879,0.031321608524703524,0.03288560357003457,3.7644217088298835e-05,0.03225806451612903,0.0,9,3,2025-08-18 18:48:31,0.0,0.0,0.0,0.7523829262432149,0.5,0.9999167914794475,8.320852055250458e-05,8.320852055250458e-05,4.3008902842888476e-05,0.25,0.5,0.3333333333333333,0.4999999999999999
0.44604350271131143,0.06169774560701945,0.11047309396289128,0.00030100688522816923,0.06451612903225806,0.0,10,3,2025-08-18 18:48:35,0.0,0.06937844516251664,0.9277627056853784,1.0,0.1072796955704689,0.864286902978865,0.13571309702113496,0.13571309702113496,0.008429744957206142,0.0923560228094594,0.1151537911191087,0.0418304158282615,0.11515379123358378
0.09225576596638473,0.08202538161835321,0.03542571213578364,8.882195724848173e-05,0.06451612903225806,0.0,1,4,2025-08-18 18:49:55,0.0,0.04687321801938795,0.9410189813524837,0.7132464302196647,0.19190283119678497,0.9169578964886005,0.08304210351139957,0.08304210351139957,0.01019310997376457,0.2382544271563405,0.1978999121613409,0.1432153250366352,0.19789991235758392
0.2558128632875328,0.11381165580252307,0.037633846116702147,0.0002319132647249668,0.06451612903225806,0.0,2,4,2025-08-18 18:49:57,0.0,0.49872647785592095,0.9629815163648282,0.3503109952198847,0.5953814387321472,0.5582459643867532,0.4417540356132468,0.4417540356132468,0.3359855490086448,0.5985595337920776,0.5953374842448605,0.583848737998902,0.595337484839744
0.6524939058570286,0.08358927463312013,0.035050480256566055,0.00010461622018245948,0.06451612903225806,0.0,3,4,2025-08-18 18:49:57,0.0,0.1323702718114427,0.9439540719212908,0.6027949677977296,0.3429965674877167,0.809535696455317,0.19046430354468297,0.19046430354468297,0.05139563889725173,0.5294863237798585,0.3445197588021252,0.3195816730264005,0.34451975914564964
0.3363960247412975,0.08058976011104405,0.06441312929303497,0.0002526347812045334,0.06451612903225806,0.0,4,4,2025-08-18 18:49:56,0.0,0.04846987264778559,0.9636427368458176,0.6987936873625781,0.21064996719360352,0.9161258112830754,0.08387418871692462,0.08387418871692462,0.011569394864737001,0.2953230219319536,0.2078032206154007,0.1354242406261754,0.2078032208215981
0.12699231200116187,0.0831522170795636,0.02959201329507913,0.00010808655248358794,0.06451612903225806,0.0,5,4,2025-08-18 18:49:55,0.0,0.05299372742824558,0.99026150833762,0.6755950046812077,0.2535816729068756,0.9132967215842902,0.08670327841570977,0.08670327841570977,0.015225151606382522,0.4416094611467048,0.2526956287587725,0.1990347727413449,0.25269562900965714
0.38880555033081104,0.04747957106347699,0.00011870606366668947,1.326300719094976e-05,0.03225806451612903,0.0,6,4,2025-08-18 18:49:53,0.0,0.006006462649686371,1.0,0.7752328664096759,0.17499999701976776,0.9890164752870694,0.010983524712930605,0.010983524712930605,0.0012042492796008773,0.1649727371864776,0.1563789152024446,0.1100125901695489,0.1563789153498723
0.508016125994592,0.08273682127064397,0.07305050440017223,0.00015687602386637954,0.06451612903225806,0.0,7,4,2025-08-18 18:49:55,0.0,0.045200532218209466,0.981991889711609,0.6719003706912628,0.2191435694694519,0.9226992844067232,0.07730071559327675,0.07730071559327675,0.01126833254483678,0.4080745905038357,0.2158461621418285,0.1252412243410222,0.21584616235588494
0.07523907742389846,0.12156273772171965,0.0034233621581164766,9.988992129127896e-05,0.06451612903225806,0.0,8,4,2025-08-18 18:49:57,0.0,1.0,0.9376040032859979,0.3587691080912689,0.5928460359573364,0.10891995340322849,0.8910800465967715,0.8910800465967715,0.6708528665433745,0.6437499632842847,0.5929316143139197,0.591031301617102,0.5929316149066259
0.0,0.048471763915865794,0.0007343680209888416,3.137211316320808e-05,0.03225806451612903,0.0,9,4,2025-08-18 18:49:53,0.0,0.0,0.0,0.7345744037399125,0.5,0.9999167914794475,8.320852055250458e-05,8.320852055250458e-05,4.3008902842888476e-05,0.3333333333333333,0.3333333333333333,0.3333333333333333,0.3333333333333332
0.4350740671048375,0.08563822083171757,0.05867801684418924,0.000297876630034501,0.06451612903225806,0.0,10,4,2025-08-18 18:49:56,0.0,0.06937844516251664,0.9277627056853784,0.6702167250670202,0.30815544724464417,0.8948244300216343,0.10517556997836579,0.10517556997836579,0.024214012300546213,0.3181301452755937,0.3111155334586863,0.248394121939129,0.3111155337680715
0.12474217136527979,0.09592160317297839,0.0009637322795990552,6.343210956650623e-05,0.0967741935483871,0.0,1,5,2025-08-18 18:50:31,0.0,0.04687321801938795,0.9410189813524837,0.5528229547610072,0.3692307770252228,0.9352637710101515,0.06473622898984856,0.06473622898984856,0.019655068599200035,0.5883900588818033,0.3812461275300755,0.3492739396306257,0.38124612790813067
0.31506656663797217,0.1312395912131469,0.07587530632200327,0.0002704192681196706,0.0967741935483871,0.25,2,5,2025-08-18 18:50:32,0.0,0.49872647785592095,0.9629815163648282,0.36196066292433804,0.6000304818153381,0.563321684140456,0.43667831585954403,0.43667831585954403,0.33860909208206097,0.6186287847116269,0.6005231614230332,0.5900519163971953,0.6005231620230981
0.6786986686365049,0.09993624651235294,0.003012920853235042,0.00010098357835277045,0.0967741935483871,0.0,3,5,2025-08-18 18:50:33,0.0,0.1323702718114427,0.9439540719212908,0.38738403653661957,0.5551090836524963,0.8710267931436179,0.12897320685638208,0.12897320685638208,0.08317921809814631,0.6195356598669629,0.5566918150671145,0.5598198072927738,0.5566918156222007
0.36156947306920995,0.09696986171736863,0.00047281228748596654,6.340119346582802e-05,0.0967741935483871,0.0,4,5,2025-08-18 18:50:31,0.0,0.04846987264778559,0.9636427368458176,0.6116858726390553,0.3077525496482849,0.9264436678315859,0.07355633216841405,0.07355633216841405,0.01690249881725517,0.4600544939410382,0.303011952407914,0.2385464094688728,0.30301195270857784
0.12924245263704393,0.0974375005574714,0.0009164510508504585,6.412772183176583e-05,0.0967741935483871,0.0,5,5,2025-08-18 18:50:31,0.0,0.05299372742824558,0.99026150833762,0.5616353814676298,0.33954155445098877,0.9232817440505908,0.07671825594940922,0.07671825594940922,0.02038621994752914,0.5212278493443219,0.3351331767019566,0.3094223756146026,0.3351331770347115
0.41979186197463425,0.05760962223191576,0.056808899333234075,0.00011036275039602076,0.03225806451612903,0.0,6,5,2025-08-18 18:50:28,0.0,0.006006462649686371,1.0,0.7323276489046515,0.2562499940395355,0.9900981860542519,0.009901813945748045,0.009901813945748045,0.0017633650165584276,0.2129107981220657,0.2297962821492233,0.1752406554019457,0.22979628236559327
0.5345021563644683,0.09516981321205026,0.0008289304784860349,6.440210222528489e-05,0.0967741935483871,0.0,7,5,2025-08-18 18:50:31,0.0,0.045200532218209466,0.981991889711609,0.5891880325381653,0.32493701577186584,0.9331003494757864,0.06689965052421368,0.06689965052421368,0.01664444540019784,0.5723357334938772,0.3234476988930806,0.2769667737596114,0.3234476992138105
0.0783330207960534,0.13736179488366584,0.0017966866924466727,9.974306981305749e-05,0.0967741935483871,0.0,8,5,2025-08-18 18:50:32,0.0,1.0,0.9376040032859979,0.30980506128019264,0.6417303085327148,0.21592611083374938,0.7840738891662506,0.7840738891662506,0.7261623155993291,0.6536423506807004,0.641744185859033,0.6248185491849204,0.6417441865005333
0.07111381958708214,0.05868506414212485,0.0004044054033390607,1.7456003345431256e-05,0.03225806451612903,0.0,9,5,2025-08-18 18:50:28,0.0,0.0,0.0,0.5911163735029579,0.5,0.9999167914794475,8.320852055250458e-05,8.320852055250458e-05,4.3008902842888476e-05,0.3333333333333333,0.3333333333333333,0.3333333333333333,0.3333333333333332
0.383742733882613,0.10266859951724044,0.11147203566815418,0.0002759377920907301,0.0967741935483871,0.0,10,5,2025-08-18 18:50:31,0.0,0.06937844516251664,0.9277627056853784,0.5206205756737663,0.3798576891422272,0.9057247462140123,0.09427525378598768,0.09427525378598768,0.029848178572964602,0.5910819626405465,0.380972286553116,0.3607419962478874,0.38097228693198243
0.10908494278048245,0.12253666675019889,0.014282955016437771,6.527161755685939e-05,0.12903225806451613,0.0,1,6,2025-08-18 18:50:59,0.0,0.04687321801938795,0.9410189813524837,0.4565223877020333,0.46396762132644653,0.944915959394242,0.05508404060575803,0.05508404060575803,0.0246441013289751,0.5617473269970713,0.4567164634558647,0.445857455061189,0.45671646390892773
0.26120382522002666,0.15652861622651562,0.11181910000684069,0.0003216665695063794,0.0967741935483871,0.0,2,6,2025-08-18 18:51:00,0.0,0.49872647785592095,0.9629815163648282,0.2896386711524155,0.6629067659378052,0.6319687135962723,0.36803128640372773,0.36803128640372773,0.37409143692744395,0.665349116514472,0.6642523272215974,0.6574873617923607,0.6642523278853423
0.6531501968780105,0.123877146477142,0.0016890464482743357,9.900881242195013e-05,0.12903225806451613,0.0,3,6,2025-08-18 18:51:01,0.0,0.1323702718114427,0.9439540719212908,0.3531891171642367,0.5875430703163147,0.8804293559660509,0.11957064403394907,0.11957064403394907,0.08803922411939272,0.6507376176597048,0.5872751389041564,0.5872527967989903,0.5872751394897436
0.3384586536444252,0.12437961400470017,0.0002696036022260405,6.453736016575204e-05,0.12903225806451613,0.0,4,6,2025-08-18 18:51:00,0.0,0.04846987264778559,0.9636427368458176,0.46825658451161334,0.47768205404281616,0.9444999167914795,0.055500083208520554,0.055500083208520554,0.02623543073416197,0.6177880073204733,0.4710486697813146,0.4411711341695383,0.47104867024870584
0.12221076315646122,0.12333730182158285,0.002914334461376266,5.528571703779932e-05,0.12903225806451613,0.0,5,6,2025-08-18 18:50:59,0.0,0.05299372742824558,0.99026150833762,0.4247496644110387,0.5236389636993408,0.9446663338325845,0.05533366616741554,0.05533366616741554,0.031439507978151475,0.6507084067439769,0.5169974430780284,0.5224185965644778,0.5169974435913566
0.3866022876237517,0.07347833676877279,0.04179459424657865,8.752348101999713e-05,0.06451612903225806,0.0,6,6,2025-08-18 18:50:57,0.0,0.006006462649686371,1.0,0.4766296517316152,0.5,0.9933433183557996,0.006656681644200366,0.006656681644200366,0.003440712227431078,0.6794296021438879,0.4628973559120617,0.452258004157994,0.46289735634673923
0.5107819238387927,0.12063807854378711,0.05184839424899301,0.0001743320272118108,0.12903225806451613,0.0,7,6,2025-08-18 18:50:59,0.0,0.045200532218209466,0.981991889711609,0.3956308450932677,0.5256087183952333,0.9529871858878349,0.04701281411216508,0.04701281411216508,0.026923573179648188,0.6345889893747233,0.5232193269740416,0.5240626888895891,0.5232193274928548
0.07781736356808855,0.16296767600486078,0.0019264585756077147,0.00020295647192724345,0.0967741935483871,0.0,8,6,2025-08-18 18:51:01,0.0,1.0,0.9376040032859979,0.28429551668361464,0.6756376624107361,0.2899816941254785,0.7100183058745215,0.7100183058745215,0.7644402391294998,0.6868649610184734,0.6758581755012953,0.676206072821806,0.6758581761768964
0.06942621411453644,0.07601658355210988,0.0004708003203051752,1.7664687025009134e-05,0.03225806451612903,0.0,9,6,2025-08-18 18:50:57,0.0,0.0,0.0,0.38728939788334593,0.5,0.9999167914794475,8.320852055250458e-05,8.320852055250458e-05,4.3008902842888476e-05,0.3333333333333333,0.3333333333333333,0.3333333333333333,0.3333333333333332
0.3671948246676468,0.12584751575891923,0.07855424062322695,0.0003463182952846628,0.0967741935483871,0.0,10,6,2025-08-18 18:50:59,0.0,0.06937844516251664,0.9277627056853784,0.42222932454107037,0.5079365372657776,0.9251123315027459,0.07488766849725412,0.07488766849725412,0.03986925293535762,0.6180809058901024,0.5059043075077222,0.5025022901299775,0.5059043080108495
0.11138196135391895,0.13793009712531665,0.0490598077364162,8.842004793966507e-05,0.12903225806451613,0.0,1,7,2025-08-18 18:51:20,0.0,0.04687321801938795,0.9410189813524837,0.32881322556616116,0.6307692527770996,0.9620569146280579,0.03794308537194209,0.03794308537194209,0.03350393531461012,0.6619316566859563,0.6283331270998411,0.6345282648527404,0.6283331277230868
0.2695012188093845,0.16419092746671,0.06708502170912588,0.0003187449979922891,0.12903225806451613,0.25,2,7,2025-08-18 18:51:21,0.0,0.49872647785592095,0.9629815163648282,0.3050850829727141,0.6539897918701172,0.6223165252121817,0.3776834747878183,0.3776834747878183,0.36910240419766893,0.6573905737672756,0.6553177563213295,0.6408948064430386,0.6553177569761466
0.6769641852438681,0.1356887436655325,0.033180356762020496,9.472693247801879e-05,0.12903225806451613,0.0,3,7,2025-08-18 18:51:22,0.0,0.1323702718114427,0.9439540719212908,0.33332824569861635,0.614810585975647,0.8883341654185388,0.11166583458146113,0.11166583458146113,0.09212506988946711,0.657537062218456,0.6146489821743641,0.6124270309484918,0.6146489827872463
0.4091505718808342,0.13933556208617048,0.04435180453336445,0.0001515004868609567,0.12903225806451613,0.0,4,7,2025-08-18 18:51:20,0.0,0.04846987264778559,0.9636427368458176,0.39420414433506695,0.5544244050979614,0.9526543518056249,0.0473456481943751,0.0473456481943751,0.030450303212765043,0.66896556441722,0.55802171778382,0.551326447939726,0.5580217183374188
0.1343521469922355,0.1392930880770784,0.09124774156683957,0.00015750207490511318,0.12903225806451613,0.0,5,7,2025-08-18 18:51:20,0.0,0.05299372742824558,0.99026150833762,0.4055135925378298,0.4885386824607849,0.9405891163255118,0.05941088367448827,0.05941088367448827,0.02933207173884994,0.6769559789819765,0.4826960823338163,0.4817498079822565,0.48269608281308607
0.30278454901572965,0.0841720180378622,0.03232225275941299,1.882017628785703e-05,0.06451612903225806,0.0,6,7,2025-08-18 18:51:17,0.0,0.006006462649686371,1.0,0.3664242498081915,0.5687500238418579,0.9942586120818772,0.005741387918122816,0.005741387918122816,0.003913810158702851,0.6913412303656207,0.5327104023427552,0.5258095956489252,0.532710402842598
0.5339864991386863,0.13627403551082007,0.03561684901795882,7.039209673168703e-05,0.12903225806451613,0.25,7,7,2025-08-18 18:51:20,0.0,0.045200532218209466,0.981991889711609,0.3540742929656744,0.5877413749694824,0.9591446164087203,0.04085538359127975,0.04085538359127975,0.030106231990021933,0.6937563629608111,0.5793996540473818,0.5790929573136421,0.5793996546219532
0.08170823174551066,0.17798308769905974,0.06361739627303199,0.0003378279611359109,0.12903225806451613,0.25,8,7,2025-08-18 18:51:22,0.0,1.0,0.9376040032859979,0.2558207752024407,0.7043752670288086,0.3529705441837244,0.6470294558162756,0.6470294558162756,0.7969979785815664,0.7112325937472599,0.7050500757614875,0.7044786844444657,0.7050500764662692
0.07636414775493704,0.08747437224476413,0.0022755348814750133,1.5736295245206125e-05,0.06451612903225806,0.0,9,7,2025-08-18 18:51:17,0.0,0.0,0.0,0.11656319765226959,1.0,1.0,0.0,0.0,8.601780568577695e-05,1.0,1.0,1.0,1.0
0.37328895553684777,0.14159263092931856,0.0656162856671482,0.0002262324312253467,0.12903225806451613,0.0,10,7,2025-08-18 18:51:20,0.0,0.06937844516251664,0.9277627056853784,0.3554792618849752,0.6004378795623779,0.9391745714761192,0.06082542852388084,0.06082542852388084,0.04713775751580577,0.6975607595980872,0.5954161591387483,0.6061432531598601,0.5954161597309131
0.09483405210402604,0.15887318152839325,0.040772514918736645,0.00013700083564287876,0.16129032258064516,0.0,1,8,2025-08-18 18:51:38,0.0,0.04687321801938795,0.9410189813524837,0.2725748976613269,0.6882591247558594,0.9679647195872857,0.032035280412714265,0.032035280412714265,0.0365575674164552,0.7099756572678831,0.6838381358224306,0.6882909800950647,0.6838381365007451
0.2503281454930275,0.19191328846095848,0.06582251230317931,0.0002117405090324383,0.16129032258064516,0.0,2,8,2025-08-18 18:51:39,0.0,0.49872647785592095,0.9629815163648282,0.2622319259510304,0.6959835290908813,0.6679980029955067,0.3320019970044933,0.3320019970044933,0.39271429185841467,0.7060806828092474,0.6968114012693778,0.6949709196533427,0.6968114019656572
0.6323832739467532,0.16056407183034524,0.10657691951728883,0.00030697755717164747,0.16129032258064516,0.0,3,8,2025-08-18 18:51:40,0.0,0.1323702718114427,0.9439540719212908,0.28683795735409395,0.6788174510002136,0.9067232484606423,0.09327675153935763,0.09327675153935763,0.10163003741774547,0.7048274827411601,0.6755850636643005,0.6754718125520046,0.6755850643379505
0.4236358522275995,0.1581158699462831,0.03332521839903747,7.100268972008157e-05,0.16129032258064516,0.0,4,8,2025-08-18 18:51:38,0.0,0.04846987264778559,0.9636427368458176,0.2790542140675865,0.6992952227592468,0.9680479281078382,0.03195207189216176,0.03195207189216176,0.03840695023869941,0.7239289982644775,0.6998218664331657,0.6997033876859897,0.699821867127473
0.1275079692269438,0.16203494676520072,0.05853013725640108,0.00014662347197896995,0.16129032258064516,0.25,5,8,2025-08-18 18:51:38,0.0,0.05299372742824558,0.99026150833762,0.3249148878706711,0.6318051815032959,0.9572308204360126,0.042769179563987354,0.042769179563987354,0.037933852307427636,0.683288992404397,0.6346574705003902,0.6351248397441532,0.6346574711304673
0.3865085317661062,0.10074367742519162,0.00021326852116388277,1.820185427429294e-06,0.06451612903225806,0.0,6,8,2025-08-18 18:51:35,0.0,0.006006462649686371,1.0,0.25993054634923074,0.75,0.9966716591778998,0.003328340822100183,0.003328340822100183,0.0051610683411466175,0.7907248677248677,0.7172706052117818,0.7254204462381042,0.7172706058837186
0.5160791299267387,0.1564398455475133,0.0197404159943343,9.503222897221607e-05,0.16129032258064516,0.0,7,8,2025-08-18 18:51:38,0.0,0.045200532218209466,0.981991889711609,0.2920477137523642,0.6725440621376038,0.9676318855050757,0.03236811449492428,0.03236811449492428,0.034493140079996557,0.7065573765313495,0.6658499998709912,0.6701133511182271,0.6658500005312776
0.07809863114648236,0.20121169853137616,0.07005166731720272,0.0003662514511969352,0.16129032258064516,0.0,8,8,2025-08-18 18:51:40,0.0,1.0,0.9376040032859979,0.2549779930901302,0.7069981098175049,0.3587119321018472,0.6412880678981527,0.6412880678981527,0.7999655928777257,0.7188660852648635,0.706749099913598,0.7070802948421274,0.7067491006200786
0.07069191820148235,0.10277860720078869,0.03826962774583221,7.11881863241508e-05,0.06451612903225806,0.0,9,8,2025-08-18 18:51:35,0.0,0.0,0.0,0.2040664562066399,1.0,1.0,0.0,0.0,8.601780568577695e-05,1.0,1.0,1.0,1.0
0.3737108569224476,0.16486668895136344,0.08208423704192537,0.00022094191349678895,0.16129032258064516,0.0,10,8,2025-08-18 18:51:38,0.0,0.06937844516251664,0.9277627056853784,0.2762195004567925,0.6962233185768127,0.95381927109336,0.04618072890664004,0.04618072890664004,0.05470732441615414,0.7308839090377144,0.6918938979391217,0.6978213150774172,0.6918938986272353
0.10697543594853201,0.18288331412800227,0.03264919742629158,8.092289352520045e-05,0.16129032258064516,0.0,1,9,2025-08-18 18:51:55,0.0,0.04687321801938795,0.9410189813524837,0.24892894126677534,0.7182186245918274,0.9710434348477284,0.02895656515227159,0.02895656515227159,0.03814889682164208,0.7379736524387392,0.7183331582872949,0.719183968088366,0.7183331589997861
0.27170448151644383,0.2090205451029379,0.03747389472582923,0.00023490053295299832,0.16129032258064516,0.0,2,9,2025-08-18 18:51:56,0.0,0.49872647785592095,0.9629815163648282,0.27649138826808817,0.6857709288597107,0.6569312697620237,0.34306873023797635,0.34306873023797635,0.3869941077803105,0.6899474731190338,0.6869646056768353,0.6777384535239921,0.6869646063632749
0.6918713669413065,0.1777715671337817,0.03365015109873528,0.00011427363713181364,0.16129032258064516,0.0,3,9,2025-08-18 18:51:58,0.0,0.1323702718114427,0.9439540719212908,0.2643317049284686,0.700344443321228,0.9131303045431852,0.08686969545681478,0.08686969545681478,0.10494172293664789,0.704818832378911,0.701346604269299,0.6949257490585324,0.7013466049686258
0.43746484153591947,0.18021976901784373,0.07983183978302946,0.00026583982070671155,0.1935483870967742,0.0,4,9,2025-08-18 18:51:56,0.0,0.04846987264778559,0.9636427368458176,0.29370366880768606,0.671887218952179,0.9651356298885005,0.03486437011149942,0.03486437011149942,0.03690163863919831,0.7321554128015182,0.6670575546294969,0.6648495647185308,0.6670575552913378
0.13299268703018072,0.18143792359860195,0.0004325729438701396,6.234231701759952e-05,0.16129032258064516,0.0,5,9,2025-08-18 18:51:55,0.0,0.05299372742824558,0.99026150833762,0.25726601628160434,0.7320916652679443,0.9688800133133633,0.03111998668663671,0.03111998668663671,0.04395509870543202,0.7584685796559143,0.7328903446857336,0.7354770121393983,0.7328903454133523
0.3503656478360857,0.1190852287713841,0.0009395886734295591,2.971037275175459e-05,0.0967741935483871,0.0,6,9,2025-08-18 18:51:52,0.0,0.006006462649686371,1.0,0.21218329803574165,0.8125,0.9975037443834248,0.0024962556165751375,0.0024962556165751375,0.005591157369575502,0.8646589960514248,0.7889462906374671,0.801533160367868,0.7889462913755787
0.5376429776741776,0.1744598686448795,0.07267527252095464,0.00015192171873269726,0.16129032258064516,0.0,7,9,2025-08-18 18:51:55,0.0,0.045200532218209466,0.981991889711609,0.24195372200697807,0.742233395576477,0.9744549841903811,0.025545015809618904,0.025545015809618904,0.03801987011311341,0.7483368544276348,0.7326103258936751,0.7292035995312702,0.7326103266201739
0.07753609598751184,0.21608015015411697,0.0007011705625057844,9.207587684486275e-05,0.16129032258064516,0.0,8,9,2025-08-18 18:51:57,0.0,1.0,0.9376040032859979,0.25907734107140384,0.7038430571556091,0.35163920785488434,0.6483607921451157,0.6483607921451157,0.7963098361360802,0.7134481848490333,0.7042069332649776,0.702693263213769,0.7042069339689166
0.07078567407659123,0.11911920797865767,0.024225090840318212,3.644235367443363e-05,0.06451612903225806,0.25,9,9,2025-08-18 18:51:52,0.0,0.0,0.0,0.0558048225130275,1.0,1.0,0.0,0.0,8.601780568577695e-05,1.0,1.0,1.0,1.0
0.3993062066359599,0.1828030382508184,0.05827159947366939,0.00029522943891392977,0.16129032258064516,0.0,10,9,2025-08-18 18:51:56,0.0,0.06937844516251664,0.9277627056853784,0.238109658564496,0.7493157982826233,0.9618904975869529,0.03810950241304709,0.03810950241304709,0.05887918799191433,0.7467273000104149,0.7442059970954599,0.7421704104128424,0.7442059978356028
0.10739733731666844,0.19650133092307495,0.002388205043599329,6.767147987200503e-05,0.1935483870967742,0.0,1,10,2025-08-18 18:53:01,0.0,0.04687321801938795,0.9410189813524837,0.236401827506639,0.7206477522850037,0.9712930604093859,0.02870693959061408,0.02870693959061408,0.038277923530170746,0.7416470639940813,0.7167272721587705,0.71633009900505,0.7167272728697046
0.26261016311527,0.23114440695877173,0.07544172739454275,0.0002803046913115265,0.1935483870967742,0.0,2,10,2025-08-18 18:53:02,0.0,0.49872647785592095,0.9629815163648282,0.2529363809106982,0.7068058848381042,0.6798968214345149,0.3201031785654851,0.3201031785654851,0.39886456496494777,0.7274450016746257,0.7084956337607711,0.7090078975497396,0.708495634468725
0.5633789611828899,0.19768295785601395,0.0030310285578621643,8.124364806973683e-05,0.1935483870967742,0.0,3,10,2025-08-18 18:53:03,0.0,0.1323702718114427,0.9439540719212908,0.23987565642035918,0.731056272983551,0.9220336162423032,0.0779663837576968,0.0779663837576968,0.10954367554083695,0.7449161119159066,0.7310046178725775,0.7294264198327498,0.7310046186014805
0.40975998498172506,0.19867472596831182,0.0003641660597232338,6.564647527758263e-05,0.1935483870967742,0.0,4,10,2025-08-18 18:53:02,0.0,0.04846987264778559,0.9636427368458176,0.23722710239049785,0.7439311146736145,0.972790813779331,0.027209186220668997,0.027209186220668997,0.040858457700744054,0.7585399367511362,0.7435133750433167,0.7431954605468809,0.7435133757809765
0.12671104442822537,0.2005588730116324,0.0008601159697883008,6.439437320011534e-05,0.1935483870967742,0.0,5,10,2025-08-18 18:53:01,0.0,0.05299372742824558,0.99026150833762,0.23670837926130722,0.736389696598053,0.9692960559161258,0.03070394408387419,0.03070394408387419,0.04417014321964647,0.7640017023801133,0.733652639848619,0.7383705115639998,0.7336526405770145
0.39616538532188467,0.12828042699970824,0.04190625842511257,8.897267323928797e-05,0.0967741935483871,0.0,6,10,2025-08-18 18:52:59,0.0,0.006006462649686371,1.0,0.17830004053634219,0.84375,0.9979197869861874,0.0020802130138126143,0.0020802130138126143,0.005806201883789944,0.8539877975481691,0.851309205500382,0.8491194962627386,0.8513092062937588
0.519032439521157,0.19820411394757265,0.03209389448439317,0.00017647683169636123,0.1935483870967742,0.0,7,10,2025-08-18 18:53:01,0.0,0.045200532218209466,0.981991889711609,0.22497241143599342,0.7548278570175171,0.9757031119986687,0.024296888001331337,0.024296888001331337,0.038665003655756744,0.7555878046557125,0.7456203122685007,0.7422215320156225,0.7456203130078962
0.13332083253412289,0.23474280500904485,0.019829948533879517,0.00012768736031356964,0.1935483870967742,0.25,8,10,2025-08-18 18:53:03,0.0,1.0,0.9376040032859979,0.2421917206942847,0.7265366911888123,0.40139790314528206,0.5986020968547179,0.5986020968547179,0.8220291600361275,0.7380028219812875,0.7269580894025822,0.7275352876512138,0.7269580901292636
0.07964560282491957,0.1269153123474918,0.00027362753658762316,1.8221176837216817e-05,0.0967741935483871,0.0,9,10,2025-08-18 18:52:59,0.0,0.0,0.0,0.05189905485309181,1.0,1.0,0.0,0.0,8.601780568577695e-05,1.0,1.0,1.0,1.0
0.3672885805078289,0.20149584965220158,0.10374507571032501,0.0003495297052426113,0.1935483870967742,0.0,10,10,2025-08-18 18:53:01,0.0,0.06937844516251664,0.9277627056853784,0.2351180440285379,0.7422003149986267,0.9608087868197703,0.03919121318022965,0.03919121318022965,0.05832007225495678,0.7531634408156734,0.7369518112546252,0.7374697090356361,0.7369518119875549
0.10022501404961746,0.22219046110209012,0.032506347756455396,5.3805608717830276e-05,0.22580645161290322,0.0,1,11,2025-08-18 18:53:20,0.0,0.04687321801938795,0.9410189813524837,0.21276007727445512,0.7732793688774109,0.9767016142452987,0.023298385754701282,0.023298385754701282,0.04107350221495849,0.7783768041028882,0.765476672495265,0.7622962953501976,0.7654766732545836
0.25843802736272853,0.25686199472387866,0.06253596391335664,0.0002997818347387954,0.1935483870967742,0.0,2,11,2025-08-18 18:53:21,0.0,0.49872647785592095,0.9629815163648282,0.23703107308646557,0.7234205007553101,0.6980362789149609,0.3019637210850391,0.3019637210850391,0.40824050578469745,0.7368774231731885,0.7244937434291021,0.7233487762498332,0.7244937441530425
0.6351959497285082,0.22541806105299014,0.05650811023970577,9.176671583808071e-05,0.22580645161290322,0.0,3,11,2025-08-18 18:53:22,0.0,0.1323702718114427,0.9439540719212908,0.22189984672253732,0.7488518953323364,0.9271925445165585,0.0728074554834415,0.0728074554834415,0.11221022751709604,0.7667718285120957,0.7457633503833949,0.7450120751361707,0.7457633511270229
0.40291580721643333,0.2238104198088585,0.08360629021419402,0.00018813220165204435,0.22580645161290322,0.0,4,11,2025-08-18 18:53:21,0.0,0.04846987264778559,0.9636427368458176,0.20629786223887486,0.7870007753372192,0.9773672824097187,0.022632717590281244,0.022632717590281244,0.04322394735710292,0.7902152246799792,0.7883011141754006,0.7858910649261805,0.7883011149574806
0.1239452465665614,0.22113710567660885,0.034366411415097,6.790721513967634e-05,0.22580645161290322,0.0,5,11,2025-08-18 18:53:20,0.0,0.05299372742824558,0.99026150833762,0.21441778489743016,0.7793696522712708,0.9743717756698286,0.02562822433017141,0.02562822433017141,0.046793686293062665,0.7953935677816715,0.7807391176800805,0.7818705166656174,0.7807391184552003
0.39044627787235103,0.14587061312506347,0.0329228249628792,2.1563980223047686e-05,0.0967741935483871,0.0,6,11,2025-08-18 18:53:17,0.0,0.006006462649686371,1.0,0.16916884944572047,0.84375,0.9979197869861874,0.0020802130138126143,0.0020802130138126143,0.005806201883789944,0.8913881079510372,0.8152143281555047,0.8302078695650124,0.8152143289182555
0.5082036377098831,0.22021244649867636,0.03365015109873528,5.3708995903210886e-05,0.22580645161290322,0.0,7,11,2025-08-18 18:53:20,0.0,0.045200532218209466,0.981991889711609,0.21649924493087214,0.7699412107467651,0.9772008653686137,0.022799134631386254,0.022799134631386254,0.03943916390692873,0.7760355332365758,0.7659286309873401,0.764714961883743,0.765928631746829
0.1336958559723451,0.25895044175093157,0.038279687581736166,0.00010508382620521733,0.1935483870967742,0.0,8,11,2025-08-18 18:53:22,0.0,1.0,0.9376040032859979,0.2506689273290487,0.7082525491714478,0.36145781328007986,0.6385421867199201,0.6385421867199201,0.8013848866715411,0.7213941939780077,0.708730395914605,0.7017850164235439,0.7087303966230657
0.07308269265002773,0.1435617259908231,0.0014224607968194823,1.8982485816417604e-05,0.0967741935483871,0.0,9,11,2025-08-18 18:53:17,0.0,0.0,0.0,0.07865924556306475,1.0,1.0,0.0,0.0,8.601780568577695e-05,1.0,1.0,1.0,1.0
0.37680480027713914,0.22398413850604473,0.03342984069243862,0.00019111946988007586,0.1935483870967742,0.25,10,11,2025-08-18 18:53:20,0.0,0.06937844516251664,0.9277627056853784,0.20989972083168257,0.7684729099273682,0.9648027958062906,0.03519720419370943,0.03519720419370943,0.060384499591415425,0.7795962982881346,0.7626059694666809,0.7653048111114126,0.7626059702251273
0.09952184509981288,0.23080334066576313,0.043029942095584535,0.00014094263847934984,0.22580645161290322,0.0,1,12,2025-08-18 18:53:36,0.0,0.04687321801938795,0.9410189813524837,0.20001673356207314,0.7757084965705872,0.9770344483275087,0.022965551672491265,0.022965551672491265,0.04124553782633005,0.7849122798605602,0.7720401484903835,0.7726843302316986,0.7720401492561817
0.2676261016128161,0.26420447667561026,0.07016031354496545,0.00022395236880032912,0.22580645161290322,0.0,2,12,2025-08-18 18:53:37,0.0,0.49872647785592095,0.9629815163648282,0.23287462829585825,0.7345476746559143,0.7102679314361791,0.28973206856382094,0.28973206856382094,0.414562814502602,0.754042259733658,0.734613630627254,0.7335744337263226,0.7346136313613075
0.7105756609519726,0.2339702027836616,0.06811414292210065,0.00027554361180708297,0.22580645161290322,0.0,3,12,2025-08-18 18:53:38,0.0,0.1323702718114427,0.9439540719212908,0.2377783310376355,0.739093005657196,0.9243634548177734,0.07563654518222666,0.07563654518222666,0.11074792482043783,0.7569132736126197,0.7393466592247656,0.742071981440924,0.7393466599619851
0.41285392835388,0.23622982006735527,0.033032477174232334,8.45864514555677e-05,0.22580645161290322,0.0,4,12,2025-08-18 18:53:36,0.0,0.04846987264778559,0.9636427368458176,0.2127961617200308,0.7611589431762695,0.9746214012314861,0.025378598768513897,0.025378598768513897,0.0418046535632876,0.7657247823224773,0.7612821013602702,0.7598621917264348,0.7612821021155558
0.1381961372430178,0.2326700733653559,0.04844213381191326,0.00015973576317911345,0.22580645161290322,0.0,5,12,2025-08-18 18:53:36,0.0,0.05299372742824558,0.99026150833762,0.20421424378000735,0.7865329384803772,0.9752038608753536,0.024796139124646364,0.024796139124646364,0.04722377532149155,0.7938522887170069,0.790464147201648,0.7871677810944873,0.7904641479864051
0.389789986857918,0.16285214670013057,0.011079903264617948,2.381312654738707e-05,0.12903225806451613,0.0,6,12,2025-08-18 18:53:33,0.0,0.006006462649686371,1.0,0.14936230757734975,0.893750011920929,0.9985854551506074,0.0014145448493925778,0.0014145448493925778,0.006150273106533053,0.8961787335471547,0.8855826118326119,0.8868334317730389,0.8855826126590196
0.5374554659239599,0.23287947023017944,0.0006740090055651013,6.589380408300827e-05,0.22580645161290322,0.0,7,12,2025-08-18 18:53:36,0.0,0.045200532218209466,0.981991889711609,0.2022087713903927,0.7800167798995972,0.9781993676152438,0.0218006323847562,0.0218006323847562,0.039955270741043394,0.7906815999869513,0.7731517619244916,0.7745218707344645,0.7731517626911651
0.14358709917551168,0.27102877571641976,0.011601002764442906,0.00013367735481997179,0.22580645161290322,0.0,8,12,2025-08-18 18:53:38,0.0,1.0,0.9376040032859979,0.22651430200921177,0.7387767434120178,0.4282742552837411,0.5717257447162589,0.5717257447162589,0.8359210356543805,0.750889201851863,0.7389926433581536,0.7345247996663018,0.738992644096865
0.07312957060504555,0.16101557054699306,0.053258783242727745,9.073489097794563e-05,0.0967741935483871,0.0,9,12,2025-08-18 18:53:33,0.0,0.0,0.0,0.08355686043825712,1.0,1.0,0.0,0.0,8.601780568577695e-05,1.0,1.0,1.0,1.0
0.37389836863773857,0.233925605074115,0.12740178582206968,0.00035045718826295745,0.22580645161290322,0.0,10,12,2025-08-18 18:53:36,0.0,0.06937844516251664,0.9277627056853784,0.21495052856784652,0.7531472444534302,0.9624729572308204,0.037527042769179564,0.037527042769179564,0.05918025031181454,0.7698142683015325,0.7478111116713053,0.7468750644249103,0.7478111124150347
0.06520720044190385,0.25542340003593306,0.06583659607344484,0.0002314224716267003,0.25806451612903225,0.25,1,13,2025-08-18 18:55:08,0.0,0.04687321801938795,0.9410189813524837,0.1737244922515691,0.8170040249824524,0.981194874355134,0.018805125644866034,0.018805125644866034,0.043395982968474474,0.8192906006290149,0.8151069254414821,0.8123848992103258,0.8151069262499765
0.267016688520657,0.28955466426207144,0.06889679815542848,0.00021825607725036992,0.22580645161290322,0.0,2,13,2025-08-18 18:55:09,0.0,0.49872647785592095,0.9629815163648282,0.23576876317413648,0.7287554144859314,0.7038608753536362,0.29613912464636377,0.29613912464636377,0.41125112898369964,0.7633522521410148,0.7285490189640456,0.7275492762814232,0.7285490196920391
0.6524001499993831,0.25739079613707383,0.044233098469697765,0.00015743637819117198,0.25806451612903225,0.0,3,13,2025-08-18 18:55:10,0.0,0.1323702718114427,0.9439540719212908,0.1956810472207433,0.7781285643577576,0.935679813612914,0.06432018638708603,0.06432018638708603,0.11659713560707066,0.7855160279371176,0.7762727979500819,0.7754806268034343,0.776272798724128
0.3820551284100673,0.25773610983099166,0.03322864397435949,8.835821573830866e-05,0.25806451612903225,0.0,4,13,2025-08-18 18:55:09,0.0,0.04846987264778559,0.9636427368458176,0.19049639866011536,0.7862176895141602,0.9772840738891663,0.02271592611083375,0.02271592611083375,0.043180938454260034,0.7959723314720726,0.7860418147358553,0.785636675855568,0.7860418155157062
0.12286705416871142,0.25412624379826376,0.042319717680765194,0.0001208433085259321,0.25806451612903225,0.0,5,13,2025-08-18 18:55:08,0.0,0.05299372742824558,0.99026150833762,0.20195555303662394,0.7700573205947876,0.9733732734231986,0.026626726576801464,0.026626726576801464,0.046277579458948004,0.7933094258608365,0.7747027052971247,0.7706955947160209,0.7747027060662334
0.14668104254766662,0.16962887485075695,0.0001851009806328039,0.0,0.12903225806451613,0.0,6,13,2025-08-18 18:55:05,0.0,0.006006462649686371,1.0,0.15664441065726536,0.8062499761581421,0.9974205358628724,0.0025794641371276418,0.0025794641371276418,0.005548148466732614,0.8393600888631315,0.7978225532637298,0.8015128311810233,0.7978225540089643
0.5122351396759564,0.2560027455199477,0.0011971204725708515,6.677104843975232e-05,0.25806451612903225,0.0,7,13,2025-08-18 18:55:08,0.0,0.045200532218209466,0.981991889711609,0.181959272659692,0.7951301336288452,0.9797803295057413,0.020219670494258612,0.020219670494258612,0.04077243989505828,0.7937327175050171,0.7896302291491082,0.7896307161176569,0.7896302299321178
0.12028876802888713,0.2911911878323856,0.027810416356488392,0.0001802795120797804,0.25806451612903225,0.0,8,13,2025-08-18 18:55:09,0.0,1.0,0.9376040032859979,0.23382367135219523,0.7325806617736816,0.41471126643368283,0.5852887335663172,0.5852887335663172,0.8289105844909896,0.7554645354443085,0.7325726916301984,0.730152064373842,0.7325726923624928
0.07111381958708214,0.17193181562372448,0.04008442214290601,8.76085002968622e-05,0.0967741935483871,0.0,9,13,2025-08-18 18:55:05,0.0,0.0,0.0,0.13478064030926848,0.5,0.9999167914794475,8.320852055250458e-05,8.320852055250458e-05,4.3008902842888476e-05,0.3333333333333333,0.3333333333333333,0.3333333333333333,0.3333333333333332
0.3687417963449926,0.25717630239115935,0.08946212069388725,0.0001977432444503812,0.25806451612903225,0.0,10,13,2025-08-18 18:55:08,0.0,0.06937844516251664,0.9277627056853784,0.18243185713940166,0.7892720103263855,0.9679647195872857,0.032035280412714265,0.032035280412714265,0.062018837899445185,0.800579394155754,0.7841055267016799,0.7854516441091651,0.7841055274815029
0.05934745919935324,0.27666422724274453,0.031697536949777276,0.00010494083923958063,0.25806451612903225,0.25,1,14,2025-08-18 18:55:28,0.0,0.04687321801938795,0.9410189813524837,0.1731734849813982,0.8129554390907288,0.9807788317523715,0.019221168247628557,0.019221168247628557,0.043180938454260034,0.8161595523053761,0.8093127327550571,0.8059445852128547,0.809312733557819
0.26176636037463136,0.3082597931260913,0.08880621939294926,0.00030396323735552253,0.25806451612903225,0.0,2,14,2025-08-18 18:55:30,0.0,0.49872647785592095,0.9629815163648282,0.24124570312315963,0.7242588400840759,0.6988683641204859,0.3011316358795141,0.3011316358795141,0.40867059481312634,0.748100356787627,0.7238303682512727,0.722202983410477,0.7238303689745511
0.6521188824264466,0.2813193786392262,0.0007092184312289498,8.399131651751226e-05,0.2903225806451613,0.0,3,14,2025-08-18 18:55:30,0.0,0.1323702718114427,0.9439540719212908,0.20140443507796965,0.7715269923210144,0.9337660176402064,0.06623398235979364,0.06623398235979364,0.11560793084168423,0.7869238089168834,0.7695632445152896,0.7710469952712944,0.7695632452826457
0.40230639413300595,0.28096896806421734,0.00011870606366668947,6.674013233907411e-05,0.2903225806451613,0.0,4,14,2025-08-18 18:55:29,0.0,0.04846987264778559,0.9636427368458176,0.1798995444651499,0.8089271783828735,0.9796971209851889,0.020302879014811117,0.020302879014811117,0.0444281966367038,0.8151587581528268,0.8080647658815806,0.8064827228277605,0.8080647666832871
0.12844552783832552,0.27870213019897794,0.0011981264561612471,6.980082630621636e-05,0.2903225806451613,0.0,5,14,2025-08-18 18:55:29,0.0,0.05299372742824558,0.99026150833762,0.20978089674479455,0.7614613175392151,0.972291562656016,0.027708437343984024,0.027708437343984024,0.045718463721990454,0.78629311727208,0.7635930851150681,0.7672923880633779,0.7635930858731595
0.3962122632507074,0.18632838100545326,0.04423209248610736,9.094357465752351e-05,0.12903225806451613,0.0,6,14,2025-08-18 18:55:26,0.0,0.006006462649686371,1.0,0.1368287738851785,0.856249988079071,0.9980862040272924,0.0019137959727076053,0.0019137959727076053,0.005892219689475721,0.8717878787878787,0.8473466810966812,0.8510162750792436,0.8473466818880795
0.5148134258048659,0.279825567739461,0.02599260400864341,7.160555368330655e-05,0.25806451612903225,0.0,7,14,2025-08-18 18:55:28,0.0,0.045200532218209466,0.981991889711609,0.1727981587824017,0.8127623796463013,0.9814444999167915,0.01855550008320852,0.01855550008320852,0.04163261795191605,0.8114786526119302,0.8070091902313141,0.8056965421184941,0.80700919103155
0.14236827299774224,0.3167448259223975,0.03749099644686596,0.00023383006296701547,0.25806451612903225,0.0,8,14,2025-08-18 18:55:30,0.0,1.0,0.9376040032859979,0.22163032026555335,0.7421978712081909,0.43576302213346646,0.5642369778665335,0.5642369778665335,0.8397918369102404,0.7572874753873741,0.7425207488499205,0.7404154923510535,0.7425207495921586
0.07317644849020984,0.18872561407860497,0.00016900524318647314,1.7672416050178687e-05,0.12903225806451613,0.0,9,14,2025-08-18 18:55:26,0.0,0.0,0.0,0.027730805625761183,1.0,1.0,0.0,0.0,8.601780568577695e-05,1.0,1.0,1.0,1.0
0.3710388148835023,0.2788618324731639,0.0498515168220576,0.00021583689237230041,0.25806451612903225,0.0,10,14,2025-08-18 18:55:29,0.0,0.06937844516251664,0.9277627056853784,0.16932028973903884,0.818281352519989,0.9723747711765685,0.02762522882343152,0.02762522882343152,0.06429830975011827,0.8130158001728143,0.8157867135154726,0.8115441192728591,0.8157867143267875
0.07134820924865927,0.29153904996684904,0.014960987956364457,8.854757685496266e-05,0.2903225806451613,0.0,1,15,2025-08-18 18:55:45,0.0,0.04687321801938795,0.9410189813524837,0.16231837610667102,0.8259109258651733,0.9821101680812115,0.017889831918788485,0.017889831918788485,0.04386908089974625,0.826671604279287,0.821046956226352,0.8204523639621429,0.8210469570407641
0.27822051376251294,0.3248998356680588,0.09336533702462245,0.00023426675288909513,0.2903225806451613,0.0,2,15,2025-08-18 18:55:47,0.0,0.49872647785592095,0.9629815163648282,0.20711409756325921,0.7673195600509644,0.7457979697120986,0.2542020302879015,0.2542020302879015,0.4329276160165154,0.7703720454113977,0.7675337660683638,0.7630228033866165,0.7675337668353118
0.7119819988515818,0.2960536123932363,0.03081528934100027,0.00021322834637757692,0.2903225806451613,0.25,3,15,2025-08-18 18:55:48,0.0,0.1323702718114427,0.9439540719212908,0.19195221048944,0.7789896726608276,0.9359294391745715,0.06407056082542853,0.06407056082542853,0.11672616231559933,0.7965161695847828,0.7771260889640995,0.7775584969346128,0.7771260897389966
0.44379336207542935,0.2948745339008427,0.0003038070442994934,6.571603650410858e-05,0.2903225806451613,0.0,4,15,2025-08-18 18:55:46,0.0,0.04846987264778559,0.9636427368458176,0.1730641432079181,0.823022723197937,0.981194874355134,0.018805125644866034,0.018805125644866034,0.04520235688787579,0.8369575617325331,0.8189508444889265,0.8217185644713207,0.8189508453014579
0.13702418899625401,0.29410193167545956,0.0021427450475427845,6.733526727712955e-05,0.2903225806451613,0.0,5,15,2025-08-18 18:55:45,0.0,0.05299372742824558,0.99026150833762,0.21286703924554295,0.767192006111145,0.9729572308204361,0.027042769179563986,0.027042769179563986,0.04606253494473356,0.7986204476487241,0.7687387517313515,0.7703791186707688,0.768738752494556
0.3935402212466889,0.20267832606532252,0.027975397665313283,5.232163588527646e-05,0.12903225806451613,0.0,6,15,2025-08-18 18:55:42,0.0,0.006006462649686371,1.0,0.11317068787765862,0.931249976158142,0.9990847062739224,0.0009152937260775504,0.0009152937260775504,0.0064083265235903835,0.932684639921482,0.9202092352092353,0.9251014110973544,0.9202092360683393
0.5484717794854516,0.29208526572377197,0.001368137682938116,6.347461920493876e-05,0.2903225806451613,0.0,7,15,2025-08-18 18:55:45,0.0,0.045200532218209466,0.981991889711609,0.1986105286213748,0.7783375382423401,0.9780329505741387,0.02196704942586121,0.02196704942586121,0.03986925293535762,0.7923930814767346,0.7711266620367114,0.7696218295112163,0.7711266628013792
0.14105569096232728,0.33203207127478523,0.05399415724730698,0.00021406308109588843,0.2903225806451613,0.0,8,15,2025-08-18 18:55:47,0.0,1.0,0.9376040032859979,0.22124861103068305,0.7484700083732605,0.4493260109835247,0.5506739890164752,0.5506739890164752,0.8468022880736312,0.7705039904060158,0.7483387624661392,0.7486621303990809,0.7483387632141933
0.0701762609757004,0.20500250384283597,0.0012041623577036212,1.5179805432998444e-05,0.12903225806451613,0.0,9,15,2025-08-18 18:55:42,0.0,0.0,0.0,0.01451676951493198,1.0,1.0,0.0,0.0,8.601780568577695e-05,1.0,1.0,1.0,1.0
0.38730545657792215,0.2959249161456876,0.07422348126657358,0.0002626477333116869,0.2903225806451613,0.0,10,15,2025-08-18 18:55:46,0.0,0.06937844516251664,0.9277627056853784,0.16085477918735,0.8292282223701477,0.9740389415876186,0.025961058412381426,0.025961058412381426,0.06515848780697604,0.8306419403805272,0.825664515195877,0.8233736976893697,0.8256645160170211
0.07022313893071824,0.3137274723165028,0.0018992970186670316,7.329048117026871e-05,0.3225806451612903,0.0,1,16,2025-08-18 18:56:02,0.0,0.04687321801938795,0.9410189813524837,0.15524346341952666,0.8307692408561707,0.9826094192045265,0.017390580795473457,0.017390580795473457,0.04412713431680358,0.8266884620413167,0.8267035962926821,0.8232720062427035,0.8267035971126971
0.26303206448777233,0.3446876270238335,0.07777259137348952,0.0002938923175595974,0.2903225806451613,0.0,2,16,2025-08-18 18:56:03,0.0,0.49872647785592095,0.9629815163648282,0.2432185224101828,0.7275360226631165,0.7023631219836911,0.2976368780163089,0.2976368780163089,0.41047696873252765,0.7619609194538655,0.7270025213688027,0.72420856340304,0.727002522095251
0.5433620851127966,0.31600662764437876,0.0022866007009693656,8.599699854901078e-05,0.3225806451612903,0.0,3,16,2025-08-18 18:56:04,0.0,0.1323702718114427,0.9439540719212908,0.17518714831878157,0.8019517660140991,0.9425861208187718,0.05741387918122816,0.05741387918122816,0.1201668745430304,0.8086028171803674,0.799833068384436,0.7973724237786264,0.7998330691819754
0.3982748921494693,0.3134722035218599,0.002058242425949548,7.162874075881521e-05,0.3225806451612903,0.0,4,16,2025-08-18 18:56:03,0.0,0.04846987264778559,0.9636427368458176,0.16895913166591253,0.8269381523132324,0.9816109169578965,0.018389083042103512,0.018389083042103512,0.04541740140209023,0.8343023257532851,0.8278982900416088,0.8275036249740813,0.8278982908629783
0.1273204575116528,0.314171325711514,0.003847887233263451,5.78826694947685e-05,0.3225806451612903,0.0,5,16,2025-08-18 18:56:02,0.0,0.05299372742824558,0.99026150833762,0.17596039961546076,0.8051576018333435,0.9773672824097187,0.022632717590281244,0.022632717590281244,0.04834200679540665,0.8250041394317927,0.805869908709828,0.8063937366433691,0.8058699095099026
0.22398274890088787,0.20687305920324708,0.04263257857737825,9.227683149927108e-05,0.16129032258064516,0.5,6,16,2025-08-18 18:56:00,0.0,0.006006462649686371,1.0,0.10909438154900467,0.925000011920929,0.99900149775337,0.000998502246630055,0.000998502246630055,0.006365317620747495,0.9269414065466696,0.917195165945166,0.9200303523240364,0.9171951668010251
0.5189386836460481,0.3117052847436333,0.051082840736701905,0.00021509877046860829,0.3225806451612903,0.0,7,16,2025-08-18 18:56:02,0.0,0.045200532218209466,0.981991889711609,0.16977527474989412,0.8136020302772522,0.9815277084373439,0.018472291562656017,0.018472291562656017,0.04167562685475894,0.8187908652226801,0.8073949621461184,0.8070210163625029,0.8073949629467404
0.12436714793033195,0.35125453356954545,0.020872147533529433,0.00014981555937399455,0.2903225806451613,0.0,8,16,2025-08-18 18:56:04,0.0,1.0,0.9376040032859979,0.1994592510156256,0.7719618082046509,0.500832085205525,0.499167914794475,0.499167914794475,0.8734247989333792,0.7841709387144421,0.7723229400366189,0.7709689256632771,0.772322940808648
0.08208325519355603,0.20926392117503495,0.03261700595139892,2.1104103225459393e-05,0.12903225806451613,0.0,9,16,2025-08-18 18:56:00,0.0,0.0,0.0,0.012221077686970032,1.0,1.0,0.0,0.0,8.601780568577695e-05,1.0,1.0,1.0,1.0
0.36035064693728186,0.31489423334625954,0.10604173624719833,0.0003772150733999435,0.2903225806451613,0.0,10,16,2025-08-18 18:56:03,0.0,0.06937844516251664,0.9277627056853784,0.160421341534589,0.8117132186889648,0.9713762689299384,0.028623731070061574,0.028623731070061574,0.06378220291600362,0.8184660875625258,0.8091952531325504,0.8054526135156008,0.8091952539373092
0.10097506092824485,0.33161242806495633,0.057693158909191876,8.106201597825238e-05,0.3225806451612903,0.0,1,17,2025-08-18 18:56:24,0.0,0.04687321801938795,0.9410189813524837,0.1454929979366211,0.8421052694320679,0.9837743384922616,0.016225661507738392,0.016225661507738392,0.04472925895660402,0.8427997537589373,0.83931046901229,0.8391724463870952,0.8393104698447996
0.25867241700684224,0.3635524581620392,0.03656850949447313,0.00021609581471548038,0.3225806451612903,0.0,2,17,2025-08-18 18:56:26,0.0,0.49872647785592095,0.9629815163648282,0.18559769534816994,0.7890404462814331,0.7696788151106674,0.23032118488933268,0.23032118488933268,0.4452711711324244,0.7905530830766034,0.7893281654386279,0.7874002193224864,0.7893281662273539
0.6558222388645656,0.33578040257715297,0.035135988861749685,9.344391429987331e-05,0.3225806451612903,0.0,3,17,2025-08-18 18:56:27,0.0,0.1323702718114427,0.9439540719212908,0.1749653654942873,0.7993685603141785,0.9418372441337993,0.0581627558662007,0.0581627558662007,0.11977979441744441,0.8076432186363771,0.7987206128277444,0.8003632824493373,0.7987206136241701
0.3832739546118489,0.3365058586524441,0.09163705721632269,0.00017760913388370047,0.3548387096774194,0.0,4,17,2025-08-18 18:56:25,0.0,0.04846987264778559,0.9636427368458176,0.1601538259183861,0.8300704956054688,0.9819437510401066,0.01805624895989349,0.01805624895989349,0.045589437013461784,0.8481478127967137,0.8269614174857575,0.8324489542095677,0.8269614183062293
0.1253515844487072,0.3333334749133637,0.0022322775870879993,5.317182865392708e-05,0.3225806451612903,0.0,5,17,2025-08-18 18:56:25,0.0,0.05299372742824558,0.99026150833762,0.20675620480039208,0.7621776461601257,0.9723747711765685,0.02762522882343152,0.02762522882343152,0.04576147262483334,0.7994412817544782,0.7631676758487583,0.7630085298168593,0.7631676766064357
0.39888430525036006,0.22185449169017252,0.0001589454072825164,1.560876632990853e-05,0.16129032258064516,0.0,6,17,2025-08-18 18:56:22,0.0,0.006006462649686371,1.0,0.12719612706877048,0.8687499761581421,0.9982526210683974,0.001747378931602596,0.001747378931602596,0.005978237495161499,0.9162891604010024,0.8645995670995671,0.8731462351414014,0.8645995679068247
0.5149540596000659,0.33353565119664147,0.0760080961559355,0.00014112813508341908,0.3225806451612903,0.0,7,17,2025-08-18 18:56:25,0.0,0.045200532218209466,0.981991889711609,0.15744099877585316,0.8178001642227173,0.981860542519554,0.018139457480445997,0.018139457480445997,0.04184766246613049,0.8233676879210519,0.8109329504263387,0.8109851894348182,0.8109329512304675
0.128914307126553,0.3754668424524323,0.07067034722529605,0.00024220059722563936,0.3225806451612903,0.0,8,17,2025-08-18 18:56:26,0.0,1.0,0.9376040032859979,0.20379471597998872,0.7671722173690796,0.49026460309535697,0.5097353969046431,0.5097353969046431,0.8679626682723324,0.7762285706971614,0.7678561052732857,0.7669487764097921,0.7678561060408498
0.07055128440628239,0.22504938665407173,0.0013882573547460294,2.0590123051684244e-05,0.16129032258064516,0.0,9,17,2025-08-18 18:56:22,0.0,0.0,0.0,0.009229286741241566,1.0,1.0,0.0,0.0,8.601780568577695e-05,1.0,1.0,1.0,1.0
0.36981998875157424,0.3371909644190979,0.033296044874916,0.00018457298556146605,0.3225806451612903,0.0,10,17,2025-08-18 18:56:25,0.0,0.06937844516251664,0.9277627056853784,0.24648005081281663,0.7339901328086853,0.9595606590114828,0.040439340988517224,0.040439340988517224,0.057674938712313446,0.7875008351216517,0.7266950070038927,0.7360020175670873,0.7266950077266335
0.10303768984010422,0.35409689425798113,0.0003289566340593852,4.864261990457011e-05,0.3548387096774194,0.25,1,18,2025-08-18 18:56:42,0.0,0.04687321801938795,0.9410189813524837,0.15273135139348823,0.8461538553237915,0.9841903810950241,0.01580961890497587,0.01580961890497587,0.04494430347081846,0.8543873420980528,0.8426878581375566,0.8433565456116752,0.8426878589734206
0.26298518655894954,0.38892260853277366,0.06357011504428339,0.00019704763218512158,0.3225806451612903,0.0,2,18,2025-08-18 18:56:43,0.0,0.49872647785592095,0.9629815163648282,0.18942209313677488,0.7851535677909851,0.7652687635213846,0.2347312364786154,0.2347312364786154,0.4429916992817513,0.7927811482867042,0.785527308967905,0.7814055631835762,0.7855273097528329
0.6192105756419517,0.36116202093034216,0.05771931448254216,0.0002101599233852651,0.3548387096774194,0.0,3,18,2025-08-18 18:56:44,0.0,0.1323702718114427,0.9439540719212908,0.18482658402883573,0.792479932308197,0.9398402396405392,0.06015976035946081,0.06015976035946081,0.11874758074921508,0.810046440147798,0.7910899347048176,0.7919578408195106,0.7910899354936366
0.40783798985633385,0.35874609929319,0.0009496485093335158,6.546484318609817e-05,0.3548387096774194,0.0,4,18,2025-08-18 18:56:43,0.0,0.04846987264778559,0.9636427368458176,0.15407023928822255,0.8402506113052368,0.9829422532867366,0.017057746713263437,0.017057746713263437,0.046105543847576445,0.8422858766257892,0.8404492937023145,0.8379371529134609,0.8404492945361364
0.12502343894694798,0.36047394198305205,0.06481250477842206,0.00010344913738185727,0.3548387096774194,0.0,5,18,2025-08-18 18:56:42,0.0,0.05299372742824558,0.99026150833762,0.21265147342419746,0.7621776461601257,0.9723747711765685,0.02762522882343152,0.02762522882343152,0.04576147262483334,0.8189782394763707,0.7653201530247071,0.7667906966901337,0.7653201537845059
0.3931651978051923,0.23811014444985748,0.0023057143891868836,1.8796989212348378e-05,0.16129032258064516,0.0,6,18,2025-08-18 18:56:40,0.0,0.006006462649686371,1.0,0.09879063045797905,0.925000011920929,0.99900149775337,0.000998502246630055,0.000998502246630055,0.006365317620747495,0.9345225563909776,0.9049116161616162,0.9109005694994734,0.904911617007398
0.5168760547429204,0.35851589016391144,0.002582359876545694,7.290402991179115e-05,0.3548387096774194,0.25,7,18,2025-08-18 18:56:42,0.0,0.045200532218209466,0.981991889711609,0.2384291424236369,0.724601149559021,0.9727076052587785,0.027292394741221502,0.027292394741221502,0.03711668315341276,0.770789340434117,0.7175402185375579,0.7110536897397302,0.7175402192490863
0.131351959479909,0.4034406495805054,0.09074676173882251,0.00023156159407975222,0.3548387096774194,0.25,8,18,2025-08-18 18:56:44,0.0,1.0,0.9376040032859979,0.17483324034131542,0.800433337688446,0.5632384756199035,0.4367615243800965,0.4367615243800965,0.9056814760655456,0.805564026012814,0.8010101296543493,0.8013798872940695,0.8010101304550548
0.0728483029797189,0.2428230604987044,0.0004939379428842757,1.7227997102929496e-05,0.16129032258064516,0.0,9,18,2025-08-18 18:56:40,0.0,0.0,0.0,0.03217106721775638,1.0,1.0,0.0,0.0,8.601780568577695e-05,1.0,1.0,1.0,1.0
0.37169510593941096,0.3601711022982262,0.032206564646517485,0.00017307606062175873,0.3548387096774194,0.0,10,18,2025-08-18 18:56:43,0.0,0.06937844516251664,0.9277627056853784,0.15988522186543014,0.8237547874450684,0.9732068563820935,0.026793143617906474,0.026793143617906474,0.06472839877854716,0.835199976312162,0.8203358549434601,0.8213276107140048,0.8203358557593046
0.14250890678202754,0.36654007996156945,0.0009516604765143071,6.425138623447865e-05,0.3870967741935484,0.0,1,19,2025-08-18 18:57:04,0.0,0.04687321801938795,0.9410189813524837,0.1426545670375943,0.8469635844230652,0.9842735896155766,0.015726410384423364,0.015726410384423364,0.044987312373661346,0.850634689223352,0.8434628971255718,0.8413219272907554,0.8434628979622061
0.3135664728850833,0.3944268153710041,0.12808384269635795,0.00035851083248962973,0.3548387096774194,0.0,2,19,2025-08-18 18:57:05,0.0,0.49872647785592095,0.9629815163648282,0.1711940981776956,0.8064934015274048,0.7887335663171908,0.21126643368280912,0.21126643368280912,0.45512020988344587,0.8099118929081783,0.8069969552704531,0.8033024620007374,0.8069969560768342
0.7318113631889206,0.3696882535154676,0.04422203265020341,0.00017240363543200778,0.3870967741935484,0.0,3,19,2025-08-18 18:57:06,0.0,0.1323702718114427,0.9439540719212908,0.15976294798747737,0.8203214406967163,0.9479114661341321,0.05208853386586786,0.05208853386586786,0.12291944432497527,0.8331339794565145,0.8199098282776518,0.8201322167484163,0.819909829095205
0.4636227264127682,0.36828066485415917,0.03586834491555774,9.134548396634018e-05,0.3870967741935484,0.0,4,19,2025-08-18 18:57:04,0.0,0.04846987264778559,0.9636427368458176,0.13883757615333425,0.8527799248695374,0.9843567981361291,0.01564320186387086,0.01564320186387086,0.04683669519590555,0.8600246849989477,0.8511518610174631,0.8530717883661945,0.8511518618619218
0.13894618412164514,0.371122176062413,0.00404807796775219,8.709065561050227e-05,0.3870967741935484,0.0,5,19,2025-08-18 18:57:04,0.0,0.05299372742824558,0.99026150833762,0.1498055134887674,0.8459885120391846,0.9821101680812115,0.017889831918788485,0.017889831918788485,0.050793514257451294,0.8554781055058267,0.8471267402065502,0.8475773520031883,0.8471267410475822
0.14607162945987337,0.2548296133888271,0.025212966726086763,2.3013172442338527e-05,0.1935483870967742,0.0,6,19,2025-08-18 18:57:00,0.0,0.006006462649686371,1.0,0.0829276886507528,0.931249976158142,0.9990847062739224,0.0009152937260775504,0.0009152937260775504,0.0064083265235903835,0.9386335200746964,0.9211652236652236,0.9279210070289532,0.9211652245253551
0.5722388898962915,0.3687122007865337,0.02932240969285309,0.0001726857448506964,0.3548387096774194,0.0,7,19,2025-08-18 18:57:04,0.0,0.045200532218209466,0.981991889711609,0.1975819374416624,0.7674223184585571,0.9769512398069562,0.023048760193043766,0.023048760193043766,0.03931013719840007,0.8165239594445379,0.7570921557586531,0.7611769830675905,0.7570921565094333
0.15760360020567143,0.40800915399843946,0.007746073646046686,0.00012311564192578014,0.3548387096774194,0.0,8,19,2025-08-18 18:57:06,0.0,1.0,0.9376040032859979,0.20665123522200476,0.7635230422019958,0.4824430021634215,0.5175569978365785,0.5175569978365785,0.8639198314051009,0.7909341127435642,0.7643510767647104,0.7666870718092704,0.7643510775287705
0.07359834987580967,0.25927494318039435,0.03329101495696402,2.1057729074442086e-05,0.16129032258064516,0.0,9,19,2025-08-18 18:57:01,0.0,0.0,0.0,0.023113869072251395,1.0,1.0,0.0,0.0,8.601780568577695e-05,1.0,1.0,1.0,1.0
0.40732233261308853,0.36878483134208107,0.11020449634425564,0.00027202304084235243,0.3548387096774194,0.0,10,19,2025-08-18 18:57:04,0.0,0.06937844516251664,0.9277627056853784,0.14025727586496237,0.8429118990898132,0.9761191546014312,0.023880845398568815,0.023880845398568815,0.06623371037804826,0.848488206332337,0.8387655907389119,0.8366305538116381,0.8387655915730885
0.03398649914741808,0.38622550895543245,0.002717161677658714,6.947234273651044e-05,0.3870967741935484,0.0,1,20,2025-08-18 18:58:44,0.0,0.04687321801938795,0.9410189813524837,0.14094874682051836,0.8429149985313416,0.9838575470128141,0.016142452987185887,0.016142452987185887,0.04477226785944691,0.8466094847698804,0.8392426033448999,0.8396874970748966,0.839242604177349
0.24568723043042925,0.41785972618705297,0.0676151750612644,0.0002109521484651441,0.3870967741935484,0.0,2,20,2025-08-18 18:58:45,0.0,0.49872647785592095,0.9629815163648282,0.1881979338550442,0.7842389941215515,0.7644366783158596,0.23556332168414046,0.23556332168414046,0.4425616102533224,0.7941369159641994,0.7845227902392539,0.7795687332347012,0.7845227910231782
0.6485561597311374,0.39089000463391443,0.02948537903449719,0.00018180985906335152,0.3870967741935484,0.0,3,20,2025-08-18 18:58:46,0.0,0.1323702718114427,0.9439540719212908,0.12930967753834682,0.8679678440093994,0.9618072890664005,0.0381927109335996,0.0381927109335996,0.13010193109973764,0.8694837832935323,0.8668591406176679,0.8671493862398328,0.8668591414820384
0.32875492215982394,0.39049669530972264,0.0026024795483536073,6.138391789657517e-05,0.3870967741935484,0.0,4,20,2025-08-18 18:58:44,0.0,0.04846987264778559,0.9636427368458176,0.14247041829744278,0.8472983837127686,0.9837743384922616,0.016225661507738392,0.016225661507738392,0.04653563287600533,0.860213822864648,0.8446592719626416,0.8461707750666342,0.8446592728006699
0.1245546596499888,0.3937820599129877,0.0005371952372712896,4.35028181668186e-05,0.3870967741935484,0.0,5,20,2025-08-18 18:58:44,0.0,0.05299372742824558,0.99026150833762,0.15509443982476165,0.8280802369117737,0.9800299550673989,0.0199700449326011,0.0199700449326011,0.04971829168637908,0.8481103913924315,0.8280534701368063,0.8269433479711408,0.82805347095891
0.45396587284825796,0.26037417053569495,0.031348460643909976,4.806680752943855e-05,0.1935483870967742,0.0,6,20,2025-08-18 18:58:42,0.0,0.006006462649686371,1.0,0.10290917366707548,0.8999999761581421,0.9986686636711599,0.0013313363288400732,0.0013313363288400732,0.006193282009375941,0.9127683548335724,0.8941612554112555,0.8981694164199772,0.8941612562459405
0.5071254453033014,0.390796986554003,0.0013077786675143755,5.644507081323199e-05,0.3870967741935484,0.0,7,20,2025-08-18 18:58:44,0.0,0.045200532218209466,0.981991889711609,0.15781455395911587,0.8186398148536682,0.982026959560659,0.01797304043934099,0.01797304043934099,0.041933680271816265,0.828833225847099,0.811604857893727,0.8116533434312956,0.8116048586985305
0.13974310892582087,0.42876875068223885,0.05156671884368222,0.00019323335826394811,0.3870967741935484,0.0,8,20,2025-08-18 18:58:46,0.0,1.0,0.9376040032859979,0.2004140314250168,0.7759151458740234,0.509402562822433,0.490597437177567,0.490597437177567,0.8778547159261967,0.7834163826958715,0.7761421382219625,0.77210278979815,0.7761421389978095
0.08644290267012025,0.2641543573448818,0.0005824644988390949,1.1307563823053321e-05,0.16129032258064516,0.0,9,20,2025-08-18 18:58:42,0.0,0.0,0.0,0.01192791347376333,1.0,1.0,0.0,0.0,8.601780568577695e-05,1.0,1.0,1.0,1.0
0.3705700356127382,0.3898527893318881,0.07025889993682423,0.00022658796638314605,0.3870967741935484,0.0,10,20,2025-08-18 18:58:44,0.0,0.06937844516251664,0.9277627056853784,0.14626090851397813,0.8423645496368408,0.9760359460808787,0.023964053919121316,0.023964053919121316,0.06619070147520537,0.8478969020489799,0.8402356873906125,0.8381909978320119,0.8402356882262402
0.06473842113621299,0.4114852269025277,0.06127345450741008,0.0002142099325741099,0.41935483870967744,0.0,1,21,2025-08-18 19:00:09,0.0,0.04687321801938795,0.9410189813524837,0.1342088605003868,0.8518218398094177,0.9847728407388917,0.015227159261108337,0.015227159261108337,0.04524536579071868,0.854795749451309,0.8486766142361735,0.8490911817130462,0.8486766150779751
0.2544065253879235,0.4431139225129662,0.07737723982246401,0.00021880483803740806,0.3870967741935484,0.0,2,21,2025-08-18 19:00:10,0.0,0.49872647785592095,0.9629815163648282,0.17670664292219987,0.7983385324478149,0.7798302546180729,0.2201697453819271,0.2201697453819271,0.4505182572792568,0.8043923068182591,0.7981287497730929,0.7938297221438626,0.798128750570613
0.6281173823278345,0.41390879386131646,0.033858389701947184,0.00014185466344935688,0.41935483870967744,0.0,3,21,2025-08-18 19:00:12,0.0,0.1323702718114427,0.9439540719212908,0.15423903922534804,0.82233065366745,0.9484939257779996,0.051506074222000334,0.051506074222000334,0.1232205066448755,0.8389013896156641,0.8197646330734484,0.8189551490597392,0.8197646338908634
0.33559909992511566,0.41080989015796515,0.03298217799471255,7.423728675353872e-05,0.41935483870967744,0.0,4,21,2025-08-18 19:00:10,0.0,0.04846987264778559,0.9636427368458176,0.12282574911194725,0.8786217570304871,0.9871026793143618,0.01289732068563821,0.01289732068563821,0.048255988989720874,0.8858948287746712,0.8802485782414535,0.8805435459082653,0.8802485791147555
0.1271329457963618,0.4152123212003495,0.0416195531018498,0.0001419435472388067,0.41935483870967744,0.0,5,21,2025-08-18 19:00:10,0.0,0.05299372742824558,0.99026150833762,0.1419714899586932,0.8438395261764526,0.981860542519554,0.018139457480445997,0.018139457480445997,0.050664487548922624,0.8557870741682978,0.8446105599974748,0.8449984960898258,0.8446105608360113
0.3772267016496414,0.2750459674963398,0.015135023117502908,3.774855892808778e-05,0.1935483870967742,0.0,6,21,2025-08-18 19:00:07,0.0,0.006006462649686371,1.0,0.08664303983516664,0.931249976158142,0.9990847062739224,0.0009152937260775504,0.0009152937260775504,0.0064083265235903835,0.9251138716356108,0.9267207792207792,0.9237193135076204,0.9267207800857443
0.4847177948545163,0.41308862074575015,0.00020522065244071738,5.214773281896155e-05,0.41935483870967744,0.0,7,21,2025-08-18 19:00:09,0.0,0.045200532218209466,0.981991889711609,0.17765623942095365,0.8035264611244202,0.9805292061907139,0.019470793809286072,0.019470793809286072,0.041159520020644276,0.8201623189984071,0.7965507225248449,0.7954762567527762,0.7965507233147215
0.13763360208186434,0.4585188208705389,0.04889180847682013,0.00018786555028369484,0.3870967741935484,0.0,8,21,2025-08-18 19:00:11,0.0,1.0,0.9376040032859979,0.1935087488386231,0.7794123291969299,0.517140955233816,0.4828590447661841,0.4828590447661841,0.8818545438905854,0.7995855714129518,0.7791277762774886,0.7812103801264408,0.7791277770563202
0.07045752856610027,0.2806181327491175,0.07859246799966199,0.00013615064287422814,0.1935483870967742,0.0,9,21,2025-08-18 19:00:07,0.0,0.0,0.0,0.008728085829567982,1.0,1.0,0.0,0.0,8.601780568577695e-05,1.0,1.0,1.0,1.0
0.3629758109513558,0.4133638523246662,0.0659653619730155,0.00018422904394142103,0.3870967741935484,0.0,10,21,2025-08-18 19:00:10,0.0,0.06937844516251664,0.9277627056853784,0.12401641590342095,0.8686370849609375,0.9800299550673989,0.0199700449326011,0.0199700449326011,0.06825512881166401,0.8697756302900338,0.865625402820686,0.8657523775824905,0.8656254036815688
0.053909619333670736,0.43533820566849624,0.03612990064906061,6.480014702151678e-05,0.41935483870967744,0.0,1,22,2025-08-18 19:00:25,0.0,0.04687321801938795,0.9410189813524837,0.12397518444336898,0.8777328133583069,0.9874355133965718,0.01256448660342819,0.01256448660342819,0.04662165068169111,0.8793286354133741,0.8758126042504152,0.8741250995251466,0.8758126051191222
0.2595630976763037,0.46212698794290313,0.03777468381935754,0.00020482303150569004,0.41935483870967744,0.0,2,22,2025-08-18 19:00:26,0.0,0.49872647785592095,0.9629815163648282,0.16025405434006945,0.8146482706069946,0.7976368780163089,0.20236312198369114,0.20236312198369114,0.4597221624876349,0.825579719178587,0.8161575050037253,0.8123523482877444,0.8161575058192593
0.6224920307293976,0.43833517175002695,0.03739844595654956,0.00010447709772940756,0.45161290322580644,0.0,3,22,2025-08-18 19:00:27,0.0,0.1323702718114427,0.9439540719212908,0.12764482128415472,0.8633754253387451,0.9603927442170078,0.03960725578299218,0.03960725578299218,0.12937077975140854,0.8698433286093611,0.862252103934454,0.862582714508236,0.8622521047942299
0.3351771985744426,0.43640387855661433,0.036143984419326154,0.0001269028642588602,0.45161290322580644,0.0,4,22,2025-08-18 19:00:25,0.0,0.04846987264778559,0.9636427368458176,0.14623138236104158,0.8332028388977051,0.9823597936428691,0.01764020635713097,0.01764020635713097,0.04580448152767623,0.8527273305087849,0.8345202290816187,0.8359768950172102,0.8345202299095624
0.12952372020124872,0.44176367376393205,0.042655716199957346,0.00010851164886791326,0.41935483870967744,0.0,5,22,2025-08-18 19:00:25,0.0,0.05299372742824558,0.99026150833762,0.11935475197859303,0.887535810470581,0.9869362622732568,0.013063737726743218,0.013063737726743218,0.053288030622338826,0.8904859147479842,0.8883909079522434,0.8878116197159382,0.888390908834245
0.44637164821088765,0.29212221811168204,0.0011106058837968235,2.015729764218938e-05,0.22580645161290322,0.0,6,22,2025-08-18 19:00:22,0.0,0.006006462649686371,1.0,0.09102864668249229,0.8999999761581421,0.9986686636711599,0.0013313363288400732,0.0013313363288400732,0.006193282009375941,0.9091740715424926,0.8919693786605551,0.8942939762169113,0.8919693794932867
0.5115319707698102,0.4326648915362466,0.0755443377207631,0.000127853534354715,0.41935483870967744,0.0,7,22,2025-08-18 19:00:25,0.0,0.045200532218209466,0.981991889711609,0.13504382062653975,0.8530646562576294,0.9854385089033117,0.0145614910966883,0.0145614910966883,0.043697045288374696,0.8526446634216885,0.8463473339562023,0.8450517986021346,0.8463473347954524
0.1386180386111542,0.4798849464041716,0.04519381279852563,0.00024292712559157716,0.41935483870967744,0.0,8,22,2025-08-18 19:00:27,0.0,1.0,0.9376040032859979,0.17435842364385795,0.8006614446640015,0.563488101181561,0.436511898818439,0.436511898818439,0.9058105027740743,0.8052209027376923,0.8007780602272607,0.8005220030510545,0.8007780610277341
0.0701762609757004,0.2968941730331667,0.0015874421056443727,2.378607495929364e-05,0.1935483870967742,0.0,9,22,2025-08-18 19:00:22,0.0,0.0,0.0,0.006438018936669315,1.0,1.0,0.0,0.0,8.601780568577695e-05,1.0,1.0,1.0,1.0
0.3651321957295923,0.4360466721401506,0.027888883076539254,0.00017029361156072032,0.41935483870967744,0.0,10,22,2025-08-18 19:00:25,0.0,0.06937844516251664,0.9277627056853784,0.13826911699895342,0.8385331034660339,0.9755366949575637,0.024463305042436344,0.024463305042436344,0.06593264805814804,0.8562925681803986,0.8364355171949297,0.8352611520640597,0.8364355180267804
0.051893868341902405,0.45857701026299474,0.0196247278814388,5.4601698310294044e-05,0.45161290322580644,0.0,1,23,2025-08-18 19:00:42,0.0,0.04687321801938795,0.9410189813524837,0.11875165655296051,0.8777328133583069,0.9874355133965718,0.01256448660342819,0.01256448660342819,0.04662165068169111,0.8797940331138004,0.8734370410270657,0.8726819981113204,0.8734370418934366
0.2901275079454418,0.46950599754245376,0.10601558067384804,0.00025976867143602913,0.41935483870967744,0.0,2,23,2025-08-18 19:00:45,0.0,0.49872647785592095,0.9629815163648282,0.17890639204819359,0.7954424023628235,0.7766683308370778,0.22333166916292227,0.22333166916292227,0.44888391897122704,0.8107440993243717,0.7962016772939886,0.7953073532231193,0.7962016780895823
0.6237108569137159,0.45765235108506236,0.0732909344782768,0.00024014467653053875,0.45161290322580644,0.0,3,23,2025-08-18 19:00:45,0.0,0.1323702718114427,0.9439540719212908,0.13898676578082428,0.8401262760162354,0.953652854052255,0.04634714594774505,0.04634714594774505,0.12588705862113458,0.8607979516709694,0.8384084883320915,0.840381974071199,0.8384084891680942
0.3441308831629531,0.4611241765882413,0.0021065296382885403,6.803474405497393e-05,0.45161290322580644,0.0,4,23,2025-08-18 19:00:43,0.0,0.04846987264778559,0.9636427368458176,0.19677413289009402,0.7642912864685059,0.9749542353136961,0.025045764686303876,0.025045764686303876,0.04197668917465915,0.8247742437341573,0.7659818847487433,0.7739156141980521,0.765981885508677
0.1268516782234253,0.46417975680231865,0.002230265619907208,5.672718023192061e-05,0.45161290322580644,0.0,5,23,2025-08-18 19:00:43,0.0,0.05299372742824558,0.99026150833762,0.13715884694256092,0.8524355292320251,0.982859044766184,0.01714095523381594,0.01714095523381594,0.051180594383037285,0.8653122114624863,0.8530552417047531,0.855340242768688,0.8530552425516751
0.3886649165356111,0.30873762572837615,0.02281973176453546,5.162215910743208e-05,0.22580645161290322,0.0,6,23,2025-08-18 19:00:40,0.0,0.006006462649686371,1.0,0.0701329024657288,0.925000011920929,0.99900149775337,0.000998502246630055,0.000998502246630055,0.006365317620747495,0.9321428571428572,0.9204329004329004,0.9238138106192866,0.9204329012919893
0.5117194824501744,0.45873543831690794,0.0022453553737631434,7.345665521141405e-05,0.45161290322580644,0.0,7,23,2025-08-18 19:00:43,0.0,0.045200532218209466,0.981991889711609,0.11964198859291478,0.8757346868515015,0.9876851389582293,0.012314861041770677,0.012314861041770677,0.04485828566513268,0.8741964952907135,0.8695866719398285,0.8688804689633567,0.8695866728021184
0.13500843800776005,0.499859623399951,0.05115828950598158,0.00018776893746907545,0.41935483870967744,0.0,8,23,2025-08-18 19:00:44,0.0,1.0,0.9376040032859979,0.18206426068615988,0.7943133115768433,0.5497586952903978,0.4502413047096023,0.4502413047096023,0.8987140338049976,0.8018802123113211,0.7949666334423903,0.7918719527777849,0.7949666342370545
0.07130133130237314,0.31371982699486617,0.002445546108251882,1.8511015281074985e-05,0.1935483870967742,0.0,9,23,2025-08-18 19:00:40,0.0,0.0,0.0,0.003216068008364722,1.0,1.0,0.0,0.0,8.601780568577695e-05,1.0,1.0,1.0,1.0
0.40563472714054283,0.45926848713101237,0.050468184762970145,0.00022283938917591376,0.41935483870967744,0.0,10,23,2025-08-18 19:00:43,0.0,0.06937844516251664,0.9277627056853784,0.10281982961292263,0.8960043787956238,0.9841903810950241,0.01580961890497587,0.01580961890497587,0.07040557395380843,0.896104420318264,0.8938433374749198,0.8937920506858872,0.8938433383638604
0.06469154319865855,0.46355708782903027,0.0017926627580850901,5.169172033395804e-05,0.4838709677419355,0.0,1,24,2025-08-18 19:01:00,0.0,0.04687321801938795,0.9410189813524837,0.109793240960825,0.8817813992500305,0.9878515559993344,0.012148444000665668,0.012148444000665668,0.04683669519590555,0.8812039987511285,0.878032627042867,0.8758057588005649,0.8780326279137919
0.31825426587213845,0.4920325130044797,0.07068744894633279,0.0002510735181202841,0.45161290322580644,0.25,2,24,2025-08-18 19:01:02,0.0,0.49872647785592095,0.9629815163648282,0.1587524174786334,0.8215837478637695,0.8052088533865868,0.1947911466134132,0.1947911466134132,0.46363597264633777,0.8274463470931707,0.8219967860221196,0.8219353818232834,0.8219967868434893
0.6433995874558548,0.467157184839667,0.0018992970186670316,0.00010018748876030668,0.4838709677419355,0.0,3,24,2025-08-18 19:01:03,0.0,0.1323702718114427,0.9439540719212908,0.1378702879453233,0.842135488986969,0.9542353136961225,0.04576468630387752,0.04576468630387752,0.1261881209410348,0.8502449185227077,0.8410424129183319,0.8401171782734552,0.841042413756959
0.35814738418656406,0.4690816821916249,0.029277140431285285,0.00017291761560578293,0.4838709677419355,0.0,4,24,2025-08-18 19:01:01,0.0,0.04846987264778559,0.9636427368458176,0.1328997570317169,0.8582615256309509,0.9849392577799967,0.015060742220003328,0.015060742220003328,0.04713775751580577,0.8635781892954062,0.8576241008561485,0.8557492619691931,0.857624101707023
0.1291955746994895,0.47062136502120944,0.0034847271571306127,7.168284393500206e-05,0.4838709677419355,0.0,5,24,2025-08-18 19:01:01,0.0,0.05299372742824558,0.99026150833762,0.116620349805845,0.8796561360359192,0.9860209685471792,0.013979031452820768,0.013979031452820768,0.05281493269106705,0.8876109550764552,0.8810471080328179,0.8807075356526781,0.8810471089075244
0.3994468404093306,0.32559301149644004,0.05359176381114871,0.00010703540506052899,0.22580645161290322,0.0,6,24,2025-08-18 19:00:58,0.0,0.006006462649686371,1.0,0.07880988336487878,0.912500023841858,0.9988350807122649,0.001164919287735064,0.001164919287735064,0.006279299815061718,0.9104890066074278,0.9127233469145236,0.908970940005514,0.9127233477659933
0.5217513594452666,0.46518469185743516,0.027372813494666276,0.00015444910996314048,0.45161290322580644,0.0,7,24,2025-08-18 19:01:01,0.0,0.045200532218209466,0.981991889711609,0.11613553424872392,0.8849706053733826,0.9886004326843069,0.011399567315693127,0.011399567315693127,0.045331383596404456,0.8855688146711591,0.8799267336335527,0.8803505978594733,0.8799267345060849
0.1269454340723391,0.5093228326256455,0.01349526986515796,0.0002720964665814632,0.45161290322580644,0.0,8,24,2025-08-18 19:01:02,0.0,1.0,0.9376040032859979,0.17411566535176679,0.799825131893158,0.5617407222499584,0.4382592777500416,0.4382592777500416,0.9049073158143736,0.8152059796310054,0.7997028101203554,0.7982771618148121,0.799702810919754
0.07191074440326395,0.33132190584276716,0.012866530121160664,3.314978895220485e-05,0.22580645161290322,0.0,9,24,2025-08-18 19:00:58,0.0,0.0,0.0,0.00751429033359449,1.0,1.0,0.0,0.0,8.601780568577695e-05,1.0,1.0,1.0,1.0
0.3791486967706667,0.46626565538882625,0.10663526656553178,0.00037136420134659327,0.45161290322580644,0.0,10,24,2025-08-18 19:01:01,0.0,0.06937844516251664,0.9277627056853784,0.12317192734365869,0.8560481667518616,0.9781161590946913,0.021883840905308705,0.021883840905308705,0.06726592404627758,0.8618878753767942,0.8538651667182895,0.851575755441087,0.8538651675674717
0.050159384940533944,0.48469130527302073,0.0008218885933532652,4.7618524069604584e-05,0.4838709677419355,0.0,1,25,2025-08-18 19:01:17,0.0,0.04687321801938795,0.9410189813524837,0.11594699486539907,0.8696356415748596,0.9866034281910467,0.013396571808953237,0.013396571808953237,0.04619156165326223,0.8811821565103702,0.8655412098109624,0.8671307602364294,0.8655412106695012
0.2939714982005899,0.5110816813421447,0.06433265060580332,0.0003038782180786575,0.45161290322580644,0.0,2,25,2025-08-18 19:01:18,0.0,0.49872647785592095,0.9629815163648282,0.15215944244804264,0.8305769562721252,0.8151106673323348,0.18488933266766516,0.18488933266766516,0.4687540320846415,0.839855911254781,0.8303037027498803,0.8292411881207131,0.8303037035795511
0.5306581661311494,0.4887951440314885,0.03564702852567069,0.00010024159193649353,0.4838709677419355,0.0,3,25,2025-08-18 19:01:19,0.0,0.1323702718114427,0.9439540719212908,0.12926873202354355,0.858208954334259,0.9589781993676152,0.04102180063238475,0.04102180063238475,0.12863962840307944,0.8664676796982871,0.8571211401864482,0.85825749141105,0.8571211410411088
0.3336302268621701,0.4901313763575224,0.000933552771887185,6.472285676982126e-05,0.5161290322580645,0.0,4,25,2025-08-18 19:01:17,0.0,0.04846987264778559,0.9636427368458176,0.16751678693539684,0.8175411224365234,0.9806124147112665,0.019387585288733567,0.019387585288733567,0.04490129456797557,0.8426269801100815,0.8228479267535015,0.8174201230447935,0.8228479275698293
0.12933620849468944,0.49198069471338757,0.06835557898379561,0.00019784758629017013,0.4838709677419355,0.0,5,25,2025-08-18 19:01:17,0.0,0.05299372742824558,0.99026150833762,0.1441562038990304,0.8438395261764526,0.981860542519554,0.018139457480445997,0.018139457480445997,0.050664487548922624,0.8629487123601376,0.8440414614435188,0.8439680391630937,0.8440414622814942
0.4653572098054049,0.3262254494918197,0.06147666319267,0.0001405677807586266,0.22580645161290322,0.0,6,25,2025-08-18 19:01:15,0.0,0.006006462649686371,1.0,0.06287469887417894,0.9375,0.999167914794475,0.0008320852055250458,0.0008320852055250458,0.006451335426433271,0.9370445798163192,0.9376713564213564,0.9361505547292812,0.9376713572958794
0.5129851865720471,0.4887743317670335,0.0408992688511265,9.36835140801294e-05,0.4838709677419355,0.0,7,25,2025-08-18 19:01:17,0.0,0.045200532218209466,0.981991889711609,0.10354428573652019,0.8984047174453735,0.989931769013147,0.010068230986853053,0.010068230986853053,0.04601952604189067,0.89922235067216,0.894986822058026,0.8948122042837335,0.8949868229454776
0.13833677102948602,0.5262665643326208,0.10297248031290114,0.0001723843128690839,0.4838709677419355,0.0,8,25,2025-08-18 19:01:19,0.0,1.0,0.9376040032859979,0.15075212139847044,0.830197274684906,0.6282243301714096,0.37177566982859045,0.37177566982859045,0.9392714291858415,0.8348470130319665,0.8301495139318933,0.829992572521778,0.830149514761727
0.08733358332648415,0.33172540892914104,0.0013902693219268207,3.077697822515265e-05,0.22580645161290322,0.0,9,25,2025-08-18 19:01:15,0.0,0.0,0.0,0.008503005987176102,1.0,1.0,0.0,0.0,8.601780568577695e-05,1.0,1.0,1.0,1.0
0.36630414397635613,0.48436425540301253,0.033119997746596755,0.00017277076412756145,0.4838709677419355,0.0,10,25,2025-08-18 19:01:17,0.0,0.06937844516251664,0.9277627056853784,0.09589609894596877,0.9036672115325928,0.9853553003827592,0.014644699617240806,0.014644699617240806,0.07100769859360888,0.9035861476222266,0.9018130440423026,0.9020120572422664,0.9018130449391675
0.05058128630867038,0.5080035899032485,0.03440564477512243,0.00010380467253965661,0.5161290322580645,0.0,1,26,2025-08-18 19:01:41,0.0,0.04687321801938795,0.9410189813524837,0.09632504449111338,0.9093117117881776,0.9906806456981195,0.009319354301880512,0.009319354301880512,0.04829899789256376,0.9102401184645024,0.9075584874821744,0.906434727884616,0.9075584883823673
0.25923495216581277,0.5354536924992174,0.0776820528503539,0.00021671800124162924,0.4838709677419355,0.0,2,26,2025-08-18 19:01:42,0.0,0.49872647785592095,0.9629815163648282,0.12920158101030457,0.8538221120834351,0.8404060575802962,0.1595939424197038,0.1595939424197038,0.48182873854887964,0.8557128565920833,0.8536859388404201,0.8535449833825053,0.8536859396934552
0.6334145883983171,0.5138038405848502,0.06018196231183077,0.0002566500097801152,0.5161290322580645,0.0,3,26,2025-08-18 19:01:43,0.0,0.1323702718114427,0.9439540719212908,0.1133525951760221,0.8714121580123901,0.9626393742719255,0.037360625728074554,0.037360625728074554,0.13053202012816653,0.876350213555116,0.8700396443907552,0.870327728593684,0.8700396452582961
0.3273017063401237,0.5116109074954309,0.033139111434814274,6.968875544125788e-05,0.5161290322580645,0.0,4,26,2025-08-18 19:01:41,0.0,0.04846987264778559,0.9636427368458176,0.09803916634444142,0.9060297608375549,0.9900149775336995,0.00998502246630055,0.00998502246630055,0.04976130058922197,0.9079076256353296,0.9056991382572336,0.9062351540669156,0.9056991391558005
0.1282111381767484,0.5169698532225668,0.08682845565423136,0.00016538181606547055,0.5161290322580645,0.0,5,26,2025-08-18 19:01:41,0.0,0.05299372742824558,0.99026150833762,0.11800056140103407,0.873925507068634,0.9853553003827592,0.014644699617240806,0.014644699617240806,0.05247086146832394,0.8933044361353728,0.8731585965128753,0.8777728405122032,0.8731585973797648
0.3926964185060502,0.3418146850488515,0.03764088800183491,6.290653585497675e-05,0.25806451612903225,0.0,6,26,2025-08-18 19:01:38,0.0,0.006006462649686371,1.0,0.0627304948404603,0.931249976158142,0.9990847062739224,0.0009152937260775504,0.0009152937260775504,0.0064083265235903835,0.9341569630471231,0.9314466089466088,0.9319465941361824,0.9314466098155098
0.5077817363242833,0.5117281357605248,0.0006659611368419359,4.945416754737298e-05,0.5161290322580645,0.0,7,26,2025-08-18 19:01:41,0.0,0.045200532218209466,0.981991889711609,0.10394849240563363,0.8975650668144226,0.9898485604925944,0.010151439507405558,0.010151439507405558,0.04597651713904778,0.8977062866817731,0.8929201111631585,0.8937978253107968,0.892920112048572
0.10308456776674406,0.5504597599114162,0.05069251910362838,0.00018261367768098482,0.4838709677419355,0.0,8,26,2025-08-18 19:01:43,0.0,1.0,0.9376040032859979,0.14967759449816323,0.8310335874557495,0.6303045431852222,0.36969545681477783,0.36969545681477783,0.9403466517569137,0.8361788410099225,0.8309832099643089,0.828991299933632,0.8309832107949762
0.07045752856610027,0.34711289294298586,0.03866296732967692,6.439050868753056e-05,0.22580645161290322,0.0,9,26,2025-08-18 19:01:38,0.0,0.0,0.0,0.003766887338714929,1.0,1.0,0.0,0.0,8.601780568577695e-05,1.0,1.0,1.0,1.0
0.3658822426256831,0.5059771549294698,0.06814231046263174,0.00019455115705535657,0.4838709677419355,0.0,10,26,2025-08-18 19:01:41,0.0,0.06937844516251664,0.9277627056853784,0.10811156928120229,0.8856047987937927,0.9826094192045265,0.017390580795473457,0.017390580795473457,0.06958840479979356,0.8877251112514895,0.8832639634172187,0.8823598260408467,0.8832639642956394
0.1061785111410819,0.5342138761738223,0.0005110396639210021,5.49572334680934e-05,0.5161290322580645,0.0,1,27,2025-08-18 19:01:58,0.0,0.04687321801938795,0.9410189813524837,0.11666001317904934,0.8850202560424805,0.9881843900815444,0.01181560991845565,0.01181560991845565,0.047008730807277105,0.8930736568892309,0.8824148504851518,0.8840283826150495,0.8824148513604146
0.2530939433546915,0.5616376448841544,0.07687726597803736,0.0002638766483136455,0.5161290322580645,0.0,2,27,2025-08-18 19:01:59,0.0,0.49872647785592095,0.9629815163648282,0.1925391546205421,0.770901620388031,0.7497087701780663,0.25029122982193375,0.25029122982193375,0.43494903445013117,0.8046711052534906,0.773393940394775,0.7712694830753162,0.7733939411675771
0.6784174010635684,0.535880556290592,0.0034253741252972683,0.00011108541424937379,0.5483870967741935,0.0,3,27,2025-08-18 19:02:00,0.0,0.1323702718114427,0.9439540719212908,0.11426358906620372,0.8705511093139648,0.9624729572308204,0.037527042769179564,0.037527042769179564,0.13044600232248074,0.875678769843202,0.8703583642106093,0.8687341950234968,0.8703583650784651
0.41182261388485275,0.5367686878207054,0.03156776506661623,0.00018693420275076391,0.5483870967741935,0.0,4,27,2025-08-18 19:01:58,0.0,0.04846987264778559,0.9636427368458176,0.09841735199592472,0.9028974175453186,0.9896821434514894,0.010317856548510567,0.010317856548510567,0.04958926497785041,0.9063785376069264,0.9019634529851316,0.9024155107395276,0.9019634538799962
0.12549221824390713,0.5392394009295862,0.0020652843110823176,8.200882156152239e-05,0.5161290322580645,0.0,5,27,2025-08-18 19:01:58,0.0,0.05299372742824558,0.99026150833762,0.10641237192504745,0.8832378387451172,0.9864370111499418,0.013562988850058246,0.013562988850058246,0.05302997720528149,0.8971036213233792,0.8843998079286497,0.8865107779587168,0.8843998088066861
0.3963060191083529,0.3596376287440309,0.020113635906371094,9.589015076603624e-05,0.25806451612903225,0.0,6,27,2025-08-18 19:01:55,0.0,0.006006462649686371,1.0,0.060392924716621735,0.949999988079071,0.99933433183558,0.0006656681644200366,0.0006656681644200366,0.006537353232119049,0.9435042735042736,0.9495541549953316,0.9442353562952476,0.9495541558808973
0.5149540596349926,0.5350276781880248,0.03961865174055281,0.00012486626612668347,0.5161290322580645,0.0,7,27,2025-08-18 19:01:58,0.0,0.045200532218209466,0.981991889711609,0.14887760270871206,0.8219982981681824,0.9823597936428691,0.01764020635713097,0.01764020635713097,0.042105715883187816,0.8501830387226954,0.8145622428260417,0.8163337788063375,0.8145622436337802
0.099193699587139,0.5727658352662547,0.023585285276826566,0.00014238410167347114,0.5161290322580645,0.0,8,27,2025-08-18 19:02:00,0.0,1.0,0.9376040032859979,0.15881829557431373,0.8182232975959778,0.6021800632384756,0.3978199367615244,0.3978199367615244,0.9258096425960174,0.8249101300720983,0.8185756772031357,0.8172080564683247,0.8185756780214002
0.07027001685080929,0.3643518190131504,0.00037824982998877323,2.6379162903678048e-05,0.22580645161290322,0.0,9,27,2025-08-18 19:01:55,0.0,0.0,0.0,0.005504329871881062,1.0,1.0,0.0,0.0,8.601780568577695e-05,1.0,1.0,1.0,1.0
0.36485092813919245,0.5316378275223934,0.061131610821164285,0.00028425422317316713,0.5161290322580645,0.25,10,27,2025-08-18 19:01:58,0.0,0.06937844516251664,0.9277627056853784,0.09424407333180629,0.897646427154541,0.9844400066566816,0.015559993343318356,0.015559993343318356,0.0705346006623371,0.8981634547352734,0.8954577809319518,0.8942373283272846,0.8954577818224979
0.10744421525422289,0.5554606497419067,0.035538382297907956,0.00010312838283732089,0.5483870967741935,0.0,1,28,2025-08-18 19:02:47,0.0,0.04687321801938795,0.9410189813524837,0.09754466554502626,0.9060728549957275,0.9903478116159095,0.009652188384090531,0.009652188384090531,0.048126962281192204,0.9100078606564224,0.9019779086071033,0.9024596012406942,0.9019779095017829
0.2885336583349074,0.5718946933397782,0.04069505418227618,0.0002555795397941324,0.5161290322580645,0.0,2,28,2025-08-18 19:02:49,0.0,0.49872647785592095,0.9629815163648282,0.13622259763009242,0.8453624248504639,0.8312531203195207,0.16874687968047927,0.16874687968047927,0.4770977592361619,0.8454552148398582,0.8456905468938889,0.8426578906479211,0.8456905477389342
0.7065441589858993,0.5597560462813793,0.06456603879877511,0.00021456933224449403,0.5483870967741935,0.0,3,28,2025-08-18 19:02:49,0.0,0.1323702718114427,0.9439540719212908,0.14120465859404893,0.8378300666809082,0.9529039773672824,0.04709602263271759,0.04709602263271759,0.1254999784955486,0.8479958596727677,0.8369167804801496,0.8357983970736278,0.8369167813146615
0.39204012748506833,0.5609546628179551,0.0013198504705991235,6.93216267457042e-05,0.5483870967741935,0.0,4,28,2025-08-18 19:02:47,0.0,0.04846987264778559,0.9636427368458176,0.10229001918731534,0.888018786907196,0.9881011815609918,0.011898818439008155,0.011898818439008155,0.048772095823835536,0.8947390183725472,0.8881577233580804,0.888983668895375,0.88815772423924
0.12586724168322083,0.564644804727867,0.03504444435502368,7.915294676137324e-05,0.5483870967741935,0.0,5,28,2025-08-18 19:02:47,0.0,0.05299372742824558,0.99026150833762,0.09982078972453906,0.8982807993888855,0.9881843900815444,0.01181560991845565,0.01181560991845565,0.05393316416498215,0.9031056080891506,0.8985012169999782,0.898982255283219,0.898501217892022
0.20766922930820622,0.37528930109442776,0.03213815776237058,2.083745185710988e-05,0.25806451612903225,0.0,6,28,2025-08-18 19:02:44,0.0,0.006006462649686371,1.0,0.05973946141903981,0.949999988079071,0.99933433183558,0.0006656681644200366,0.0006656681644200366,0.006537353232119049,0.95313668787353,0.9334848484848484,0.9407777777777776,0.9334848493569272
0.5179542471145753,0.5597097496114689,0.04081778418030445,9.771033619346553e-05,0.5483870967741935,0.0,7,28,2025-08-18 19:02:47,0.0,0.045200532218209466,0.981991889711609,0.14207588764658316,0.8345927596092224,0.9836079214511566,0.016392078548843402,0.016392078548843402,0.04275084942583115,0.8492418372709677,0.8270803601435304,0.824162861954384,0.8270803609636831
0.10195949745098594,0.6010208203345169,0.11156559214206098,0.0002049080507825551,0.5161290322580645,0.0,8,28,2025-08-18 19:02:49,0.0,1.0,0.9376040032859979,0.1563835363500641,0.8219105005264282,0.6101680812115161,0.38983191878848394,0.38983191878848394,0.9299384972689346,0.8279834297267744,0.8221824327172917,0.8201135021083223,0.8221824335391615
0.07425464089679151,0.38103093764348256,0.0025853778273168806,2.5490325009179666e-05,0.25806451612903225,0.0,9,28,2025-08-18 19:02:44,0.0,0.0,0.0,0.0100894504044548,1.0,1.0,0.0,0.0,8.601780568577695e-05,1.0,1.0,1.0,1.0
0.37971123195146644,0.5554249715742695,0.03282625053820122,0.00017167710706606998,0.5161290322580645,0.0,10,28,2025-08-18 19:02:47,0.0,0.06937844516251664,0.9277627056853784,0.10856383320017494,0.879584014415741,0.981694125478449,0.018305874521551007,0.018305874521551007,0.06911530686852178,0.8810811750509062,0.8782297189195003,0.87613868439963,0.8782297197929079
0.10205325330863144,0.5614490602837857,0.0687790980753522,0.00022523925149105939,0.5806451612903226,0.0,1,29,2025-08-18 19:03:06,0.0,0.04687321801938795,0.9410189813524837,0.09740477375013856,0.9085020422935486,0.990597437177567,0.009402562822433017,0.009402562822433017,0.048255988989720874,0.9113835062967224,0.9060616164013078,0.9066875175316884,0.9060616173000238
0.3198949934158614,0.5877132885459067,0.1516057510069896,0.00033264178524714205,0.5483870967741935,0.0,2,29,2025-08-18 19:03:06,0.0,0.49872647785592095,0.9629815163648282,0.16924574104549522,0.8079414963722229,0.7903145282076884,0.20968547179231153,0.20968547179231153,0.45593737903746073,0.8296467177576338,0.8076430670354554,0.8089624059918863,0.8076430678424829
0.6646352896928028,0.5627954863720018,0.05643769138837807,0.00019007991599477122,0.5806451612903226,0.0,3,29,2025-08-18 19:03:08,0.0,0.1323702718114427,0.9439540719212908,0.1652040617640527,0.8134328126907349,0.9459976701614246,0.05400232983857547,0.05400232983857547,0.12193023955958883,0.8462429665699552,0.811814876635301,0.8158009293664386,0.811814877444787
0.39944684041369644,0.5637452052152987,0.03471649370455469,6.912840111646542e-05,0.5806451612903226,0.0,4,29,2025-08-18 19:03:07,0.0,0.04846987264778559,0.9636427368458176,0.10386337296192902,0.9028974175453186,0.9896821434514894,0.010317856548510567,0.010317856548510567,0.04958926497785041,0.9082770523072404,0.9044997569409392,0.903929845430342,0.9044997578383013
0.12811738231910288,0.5690387409684329,0.04258328538144886,0.00012374169296451378,0.5806451612903226,0.0,5,29,2025-08-18 19:03:06,0.0,0.05299372742824558,0.99026150833762,0.09491189384808413,0.8925501704216003,0.9875187219171243,0.012481278082875686,0.012481278082875686,0.05358909294223904,0.8992750035148183,0.8933567343085486,0.8946044916870598,0.8933567351954803
0.34075567220913,0.3916812954232981,0.00043458491105093094,1.6667642778137037e-05,0.2903225806451613,0.0,6,29,2025-08-18 19:03:03,0.0,0.006006462649686371,1.0,0.06819787868375327,0.925000011920929,0.99900149775337,0.000998502246630055,0.000998502246630055,0.006365317620747495,0.9229590017825312,0.9308080808080808,0.9221267161742852,0.9308080816762258
0.5222201387509575,0.5648168244646895,0.029437091822158198,0.00017125587519432943,0.5483870967741935,0.0,7,29,2025-08-18 19:03:06,0.0,0.045200532218209466,0.981991889711609,0.11172318690862634,0.8774139285087585,0.9878515559993344,0.012148444000665668,0.012148444000665668,0.04494430347081846,0.8838584065239514,0.8717852823260912,0.871499886084939,0.8717852831905564
0.09249015561595578,0.603526786870944,0.007107274066145433,0.00010467805238381589,0.5483870967741935,0.0,8,29,2025-08-18 19:03:08,0.0,1.0,0.9376040032859979,0.1666667362793457,0.8100505471229553,0.5841238142785822,0.4158761857214179,0.4158761857214179,0.9164767106791106,0.8284425833987779,0.8108526885999773,0.8119891006593658,0.8108526894105215
0.07181698856308184,0.3976425225993584,0.07408163758032779,9.789583279753476e-05,0.25806451612903225,0.0,9,29,2025-08-18 19:03:03,0.0,0.0,0.0,0.0023296241896397837,1.0,1.0,0.0,0.0,8.601780568577695e-05,1.0,1.0,1.0,1.0
0.35894430898528246,0.5575490967689596,0.10810400260750946,0.0002624622367076177,0.5483870967741935,0.0,10,29,2025-08-18 19:03:06,0.0,0.06937844516251664,0.9277627056853784,0.088235681078006,0.9069513082504272,0.9858545515060743,0.014145448493925778,0.014145448493925778,0.0712657520106662,0.9075688655213984,0.9052845056662508,0.9047657801163614,0.9052845065665671
0.1064597787140184,0.584526038903644,0.0015331189917630063,6.228434932882788e-05,0.5806451612903226,0.25,1,30,2025-08-18 19:03:27,0.0,0.04687321801938795,0.9410189813524837,0.08303610802020489,0.9133602976799012,0.991096688300882,0.00890331169911799,0.00890331169911799,0.0485140424067782,0.9133475869596834,0.9120633354953668,0.9097033239759812,0.9120633364000249
0.27376711042393737,0.6015886978360766,0.08136998869274445,0.0002830910048851497,0.5483870967741935,0.0,2,30,2025-08-18 19:03:29,0.0,0.49872647785592095,0.9629815163648282,0.15625917783900806,0.8230317831039429,0.8067898152770844,0.19321018472291562,0.19321018472291562,0.4644531418003527,0.8343528607072207,0.8238905426112695,0.8214844138876429,0.8238905434345312
0.6568066753960383,0.5828517134652378,0.0031839380636023065,8.07258033833769e-05,0.5806451612903226,0.0,3,30,2025-08-18 19:03:29,0.0,0.1323702718114427,0.9439540719212908,0.10086134448449471,0.8938002586364746,0.9692128473955733,0.030787152604426694,0.030787152604426694,0.13392972345275472,0.8977576783546075,0.8945734214391565,0.8935713397329812,0.8945734223311551
0.3902118882173227,0.5873021401378961,0.027107233826801816,8.403382615594479e-05,0.6129032258064516,0.0,4,30,2025-08-18 19:03:28,0.0,0.04846987264778559,0.9636427368458176,0.08834006031781537,0.915426790714264,0.9910134797803295,0.008986520219670495,0.008986520219670495,0.05027740742333663,0.9172206116927556,0.9152193083142202,0.9152260410388684,0.915219309222231
0.12769548095096647,0.5866888154466079,0.0019827936566698726,5.062125034797521e-05,0.5806451612903226,0.0,5,30,2025-08-18 19:03:28,0.0,0.05299372742824558,0.99026150833762,0.1853822955595495,0.7944126129150391,0.9761191546014312,0.023880845398568815,0.023880845398568815,0.047696873252763325,0.8320373594743102,0.7931799717998839,0.7949680141313503,0.793179972587373
0.4747327957795152,0.3946748635841013,0.021048194661848676,8.934366644742642e-05,0.2903225806451613,0.0,6,30,2025-08-18 19:03:26,0.0,0.006006462649686371,1.0,0.055200703218923876,0.956250011920929,0.9994175403561325,0.000582459643867532,0.000582459643867532,0.006580362134961937,0.956282702804442,0.9580339105339104,0.9570384698044272,0.9580339114273067
0.5170635664582115,0.5846921122791937,0.04424315830560172,0.00013479419895697192,0.5806451612903226,0.0,7,30,2025-08-18 19:03:27,0.0,0.045200532218209466,0.981991889711609,0.1082999426318021,0.8816120624542236,0.9882675986020969,0.011732401397903146,0.011732401397903146,0.045159347985032905,0.8786981816391577,0.8750423210271476,0.8717822927456214,0.8750423218948498
0.1079598724745475,0.6207992674082912,0.05326381316067972,0.0002569862223749907,0.5806451612903226,0.0,8,30,2025-08-18 19:03:29,0.0,1.0,0.9376040032859979,0.157329646161592,0.8207701444625854,0.6076718255949409,0.39232817440505907,0.39232817440505907,0.9286482301836481,0.8309621759870469,0.8207274181753246,0.8186583977770263,0.82072741899574
0.08892743295884775,0.39916903848612434,0.00023338819297179624,1.700771988559729e-05,0.25806451612903225,0.0,9,30,2025-08-18 19:03:26,0.0,0.0,0.0,0.001981874700316894,1.0,1.0,0.0,0.0,8.601780568577695e-05,1.0,1.0,1.0,1.0
0.37235139692546604,0.5764317669909841,0.03323669184308266,0.00018407446343803,0.5806451612903226,0.0,10,30,2025-08-18 19:03:28,0.0,0.06937844516251664,0.9277627056853784,0.09773169218574519,0.88724684715271,0.982859044766184,0.01714095523381594,0.01714095523381594,0.06971743150832223,0.8960716727786362,0.8844254040168307,0.8841255594236564,0.8844254048964095
0.09947496717099012,0.6056738480305439,0.0003591361417712554,4.834505243554239e-05,0.6129032258064516,0.0,1,31,2025-08-18 19:03:44,0.0,0.04687321801938795,0.9410189813524837,0.08104054224985102,0.9238866567611694,0.9921783990680646,0.00782160093193543,0.00782160093193543,0.04907315814373575,0.9252788614400554,0.9216309449403428,0.922669141328864,0.9216309458544995
0.2581567597766945,0.6312827023323754,0.03407165822311106,0.00019542453689951584,0.5806451612903226,0.0,2,31,2025-08-18 19:03:45,0.0,0.49872647785592095,0.9629815163648282,0.11975109054134755,0.8662449717521667,0.8538026293892494,0.14619737061075055,0.14619737061075055,0.4887531719065847,0.867511532001586,0.866238745088865,0.8656865302522666,0.8662387459544431
0.6486967935263374,0.6085348972829802,0.030807241472277105,0.00019956729439039528,0.6129032258064516,0.0,3,31,2025-08-18 19:03:46,0.0,0.1323702718114427,0.9439540719212908,0.11956969056519948,0.8696900010108948,0.962223331669163,0.03777666833083708,0.03777666833083708,0.13031697561395209,0.8835088416972783,0.8684381483740463,0.8704831248050183,0.8684381492399907
0.3931651978117411,0.6130265237444577,0.007415105044806509,7.697336166355983e-05,0.6129032258064516,0.0,4,31,2025-08-18 19:03:45,0.0,0.04846987264778559,0.9636427368458176,0.08148470746145776,0.9240407347679138,0.9919287735064071,0.008071226493592943,0.008071226493592943,0.050750505354608406,0.9276348572893732,0.9231068730972758,0.9247513449481336,0.9231068740131169
0.12422651413949787,0.6133688642577392,0.002676922334042887,6.919796234299137e-05,0.6129032258064516,0.0,5,31,2025-08-18 19:03:44,0.0,0.05299372742824558,0.99026150833762,0.09691863915525745,0.8968481421470642,0.9880179730404394,0.011982026959560658,0.011982026959560658,0.053847146359296376,0.9071724128406056,0.8975412787035821,0.8990003856733324,0.8975412795946692
0.20654415899026518,0.4091627480853779,0.0008369783472092004,1.7575803235559297e-05,0.2903225806451613,0.0,6,31,2025-08-18 19:03:42,0.0,0.006006462649686371,1.0,0.06477182568666377,0.912500023841858,0.9988350807122649,0.001164919287735064,0.001164919287735064,0.006279299815061718,0.9175282234105764,0.9184072871572873,0.9119505917116276,0.918407288013544
0.519407462951739,0.604269657289963,0.0012293119474635129,5.0725592187764144e-05,0.6129032258064516,0.0,7,31,2025-08-18 19:03:44,0.0,0.045200532218209466,0.981991889711609,0.11877159892804603,0.8656591176986694,0.9866866367115993,0.013313363288400732,0.013313363288400732,0.04434217883101802,0.8798278887972352,0.8615205637747587,0.8614180926059222,0.8615205646290299
0.1010219388516103,0.6448455029156284,0.05333020807764584,0.0001992117592325959,0.5806451612903226,0.25,8,31,2025-08-18 19:03:46,0.0,1.0,0.9376040032859979,0.16005795124371494,0.8178431391716003,0.601264769512398,0.39873523048760195,0.39873523048760195,0.9253365446647456,0.8234032609865187,0.8178133594082073,0.8171649724699732,0.8178133602257096
0.07083255199668227,0.4141891223213235,0.001771537102686781,1.637007530910932e-05,0.2903225806451613,0.0,9,31,2025-08-18 19:03:42,0.0,0.0,0.0,0.002643909725580326,1.0,1.0,0.0,0.0,8.601780568577695e-05,1.0,1.0,1.0,1.0
0.3690230639004657,0.601931463089449,0.0444111575651978,0.00018305036760306447,0.5806451612903226,0.0,10,31,2025-08-18 19:03:45,0.0,0.06937844516251664,0.9277627056853784,0.087584454610192,0.9146141409873962,0.9870194707938093,0.012980529206190713,0.012980529206190713,0.07186787665046665,0.9194139446252984,0.911705568392878,0.9129703114494028,0.9117055692995871
0.09792799548491264,0.6310168150354595,0.00025551983196050104,4.475105573170111e-05,0.6129032258064516,0.0,1,32,2025-08-18 19:04:01,0.0,0.04687321801938795,0.9410189813524837,0.08497832194157873,0.9149797558784484,0.991263105341987,0.008736894658012981,0.008736894658012981,0.04860006021246398,0.9168206611205844,0.9124673501500272,0.9124596030310788,0.9124673510550974
0.2490155634510638,0.6601569584531987,0.0754045060016981,0.00027822558354091725,0.5806451612903226,0.25,2,32,2025-08-18 19:04:02,0.0,0.49872647785592095,0.9629815163648282,0.12757325195562158,0.8562609553337097,0.8430687302379763,0.15693126976202362,0.15693126976202362,0.48320502343985205,0.8607230421271177,0.8565542766923029,0.8549128067764601,0.8565542775482038
0.6521188823915198,0.6271244968422698,0.0020833920157094397,9.367578505495984e-05,0.6451612903225806,0.0,3,32,2025-08-18 19:04:04,0.0,0.1323702718114427,0.9439540719212908,0.10503259385975153,0.8849024176597595,0.9666333832584456,0.033366616741554334,0.033366616741554334,0.13259644746462518,0.8945123667982896,0.8837635253118323,0.8857052193902246,0.883763526193058
0.4124789049058346,0.6351656762435647,0.029198673711234423,0.00016832271014248477,0.6451612903225806,0.0,4,32,2025-08-18 19:04:03,0.0,0.04846987264778559,0.9636427368458176,0.0853913191210791,0.916992962360382,0.9911798968214345,0.008820103178565485,0.008820103178565485,0.05036342522902241,0.9225111558181616,0.9168665906055984,0.9181187600545252,0.9168665915152426
0.12647665476664824,0.6359871235794038,0.0005905123675622603,6.175491110471363e-05,0.6451612903225806,0.25,5,32,2025-08-18 19:04:02,0.0,0.05299372742824558,0.99026150833762,0.09270414747916758,0.9054441452026368,0.9890164752870694,0.010983524712930605,0.010983524712930605,0.05436325319341104,0.910812653862866,0.9059814730525292,0.906488852792558,0.9059814739519974
0.396118507390879,0.4255963669431584,0.05386639733132673,0.00010727500484078507,0.3225806451612903,0.0,6,32,2025-08-18 19:03:59,0.0,0.006006462649686371,1.0,0.048510861929331905,0.975000023841858,0.99966716591779,0.0003328340822100183,0.0003328340822100183,0.006709388843490602,0.981140350877193,0.9734126984126984,0.9761627356256511,0.9734126993206487
0.5183761485001751,0.6270612105687228,0.028656448556011155,0.00016904537399583782,0.6129032258064516,0.0,7,32,2025-08-18 19:04:02,0.0,0.045200532218209466,0.981991889711609,0.12600608751203582,0.8623005747795105,0.9863538026293892,0.013646197370610751,0.013646197370610751,0.04417014321964647,0.8806531124718531,0.8586541977564183,0.8603464509386773,0.8586541986078423
0.10735045938566276,0.6716376831107626,0.009489443208202388,0.00011080716934326995,0.6129032258064516,0.0,8,32,2025-08-18 19:04:03,0.0,1.0,0.9376040032859979,0.15233212570612606,0.8263199925422668,0.6200698951572641,0.37993010484273587,0.37993010484273587,0.9350565567072384,0.8324758553133771,0.8269245482680919,0.8259574460413208,0.8269245490947018
0.07172323265304617,0.43068220479183283,0.002282576766607783,1.7502377496448562e-05,0.2903225806451613,0.0,9,32,2025-08-18 19:03:59,0.0,0.0,0.0,0.010317001713139205,1.0,1.0,0.0,0.0,8.601780568577695e-05,1.0,1.0,1.0,1.0
0.37342958933204773,0.6249103267483046,0.10676101451433125,0.00035781522022437014,0.6129032258064516,0.0,10,32,2025-08-18 19:04:02,0.0,0.06937844516251664,0.9277627056853784,0.10139025095415455,0.8916256427764893,0.9835247129306041,0.016475287069395907,0.016475287069395907,0.07006150273106533,0.8939058662597358,0.8899289234757447,0.8890435008655857,0.8899289243607896
0.10533470840480905,0.6495044769729285,0.05729579539098558,9.133775494117062e-05,0.6451612903225806,0.0,1,33,2025-08-18 19:04:21,0.0,0.04687321801938795,0.9410189813524837,0.08100503891881301,0.9117408990859984,0.990930271259777,0.009069728740222998,0.009069728740222998,0.048428024601092426,0.9117110592610348,0.9094563957019772,0.9078402784126104,0.9094563966040572
0.25918807423699003,0.6756272667847727,0.06521087428021874,0.00030902188432899375,0.6129032258064516,0.25,2,33,2025-08-18 19:04:23,0.0,0.49872647785592095,0.9629815163648282,0.12269706452599984,0.8620532155036926,0.8494757863205192,0.15052421367948077,0.15052421367948077,0.4865167089587545,0.8658300839314451,0.8619793236066056,0.860889545417125,0.8619793244679276
0.5720982561185549,0.6524721359881854,0.047977369393150456,0.00011178102651463339,0.6451612903225806,0.0,3,33,2025-08-18 19:04:23,0.0,0.1323702718114427,0.9439540719212908,0.0840332913427636,0.9075775146484376,0.9732068563820935,0.026793143617906474,0.026793143617906474,0.13599415078921337,0.913474729033957,0.9060244035169458,0.9070797762865712,0.9060244044203696
0.4151978248474076,0.6563253780930105,0.06795519751481814,0.0001913667986855015,0.6774193548387096,0.0,4,33,2025-08-18 19:04:23,0.0,0.04846987264778559,0.9636427368458176,0.08119070962561074,0.9240407347679138,0.9919287735064071,0.008071226493592943,0.008071226493592943,0.050750505354608406,0.9284380404541236,0.9225298693745456,0.9240065955271024,0.922529870289819
0.12474217136527979,0.6540330558223161,0.05623247073593735,0.00014010403924845355,0.6451612903225806,0.0,5,33,2025-08-18 19:04:22,0.0,0.05299372742824558,0.99026150833762,0.09116737624830469,0.9104584455490112,0.989598934930937,0.010401065069063072,0.010401065069063072,0.05466431551331125,0.9139007288214208,0.9115542081792868,0.9110244061716803,0.9115542090842834
0.390446277874534,0.44208180409203096,0.03448612346235408,2.4068184377982256e-05,0.3225806451612903,0.0,6,33,2025-08-18 19:04:19,0.0,0.006006462649686371,1.0,0.045283065842002306,0.975000023841858,0.99966716591779,0.0003328340822100183,0.0003328340822100183,0.006709388843490602,0.9677777777777776,0.976010101010101,0.9712317001142724,0.9760101019203449
0.5111569472693746,0.6509783250884202,0.08567861641040911,0.00016190761925175733,0.6451612903225806,0.0,7,33,2025-08-18 19:04:21,0.0,0.045200532218209466,0.981991889711609,0.11299849349371006,0.8757346868515015,0.9876851389582293,0.012314861041770677,0.012314861041770677,0.04485828566513268,0.8848756287825885,0.8723108983601217,0.8723344988278512,0.8723108992250861
0.09356834800289114,0.6885206769847362,0.09562075223428955,0.00019020358039748404,0.6129032258064516,0.0,8,33,2025-08-18 19:04:23,0.0,1.0,0.9376040032859979,0.13309114664348828,0.8533470034599304,0.6789815277084373,0.32101847229156266,0.32101847229156266,0.9655068599200034,0.8565190247121371,0.8533696179218262,0.8532926490977772,0.8533696187748715
0.07486405399768233,0.4472695795625263,0.0015814062041019986,2.1502148021691277e-05,0.2903225806451613,0.0,9,33,2025-08-18 19:04:19,0.0,0.0,0.0,0.002512837842707929,1.0,1.0,0.0,0.0,8.601780568577695e-05,1.0,1.0,1.0,1.0
0.33836489780424306,0.64483700811381,0.06022924354057937,0.00022731449474908388,0.6129032258064516,0.25,10,33,2025-08-18 19:04:22,0.0,0.06937844516251664,0.9277627056853784,0.11775046077287994,0.8686370849609375,0.9800299550673989,0.0199700449326011,0.0199700449326011,0.06825512881166401,0.8848372631184693,0.8677035130086919,0.8653922589454506,0.8677035138716289
0.06459778734101305,0.6738412347024547,0.03289163947157694,5.458237574737016e-05,0.6774193548387096,0.0,1,34,2025-08-18 19:05:19,0.0,0.04687321801938795,0.9410189813524837,0.07771636416563488,0.9174088835716248,0.9915127309036446,0.008487269096355467,0.008487269096355467,0.04872908692099265,0.9229126710856472,0.9157198101587232,0.9129839588645492,0.9157198110670101
0.3339114944482041,0.6840570833692592,0.0673848048190638,0.00033780477406040224,0.6451612903225806,0.0,2,34,2025-08-18 19:05:21,0.0,0.49872647785592095,0.9629815163648282,0.12910225654456867,0.8496303558349609,0.8358295889499084,0.16417041105009153,0.16417041105009153,0.47946324889252073,0.8582132499867174,0.8488748880425614,0.8499565082678734,0.8488748888907897
0.6684324019885673,0.676039689413056,0.039379227646038635,9.851029029851409e-05,0.6774193548387096,0.0,3,34,2025-08-18 19:05:21,0.0,0.1323702718114427,0.9439540719212908,0.09751201244243476,0.8935132026672363,0.9691296388750208,0.0308703611249792,0.0308703611249792,0.13388671454991183,0.894168482450745,0.8933946758269775,0.8920542299584054,0.8933946767178034
0.39363397709996856,0.6807929557705401,0.057816894890810544,0.00018111811131067668,0.6774193548387096,0.0,4,34,2025-08-18 19:05:19,0.0,0.04846987264778559,0.9636427368458176,0.08923863864978003,0.9044635891914368,0.9898485604925944,0.010151439507405558,0.010151439507405558,0.049675282783536195,0.9142257705632072,0.904331900214656,0.9056051362746912,0.904331901111865
0.13055503467900767,0.682002190809389,0.0644322429812525,0.00018419812784074282,0.6774193548387096,0.0,5,34,2025-08-18 19:05:19,0.0,0.05299372742824558,0.99026150833762,0.07664305483864467,0.920487105846405,0.990763854218672,0.009236145781328009,0.009236145781328009,0.0552664401531117,0.924477589195954,0.9206467994059644,0.9216173692953232,0.9206468003199951
0.4026814175679538,0.45882420899591014,0.061820709580585324,0.0001305548286514731,0.3225806451612903,0.0,6,34,2025-08-18 19:05:16,0.0,0.006006462649686371,1.0,0.04804986745623414,0.956250011920929,0.9994175403561325,0.000582459643867532,0.000582459643867532,0.006580362134961937,0.9543531543052004,0.961111111111111,0.9559134856288556,0.9611111120072141
0.5198293643373388,0.6756637944325918,0.03399822142101218,5.541324595309691e-05,0.6451612903225806,0.0,7,34,2025-08-18 19:05:19,0.0,0.045200532218209466,0.981991889711609,0.07334827377080114,0.9235936403274536,0.9924280246297221,0.007571975370277917,0.007571975370277917,0.04730979312717733,0.9224118726764317,0.919511686059136,0.9199953185463045,0.9195116869709112
0.18390211886353106,0.7168130391809993,0.03903618724171371,0.00011637979649051633,0.6451612903225806,0.0,8,34,2025-08-18 19:05:21,0.0,1.0,0.9376040032859979,0.15688822048994847,0.8220245838165283,0.6103344982526211,0.3896655017473789,0.3896655017473789,0.9300245150746205,0.833356897579853,0.8228046222483467,0.8211408735503609,0.8228046230708381
0.07205137819846388,0.46372273646448897,0.001256473504404196,2.0168891179943704e-05,0.2903225806451613,0.25,9,34,2025-08-18 19:05:16,0.0,0.0,0.0,0.0016940757077893165,1.0,1.0,0.0,0.0,8.601780568577695e-05,1.0,1.0,1.0,1.0
0.37553909619019327,0.6718088533674031,0.03306969856707698,0.00019116970854367795,0.6451612903225806,0.0,10,34,2025-08-18 19:05:19,0.0,0.06937844516251664,0.9277627056853784,0.07536552525985343,0.9233716726303101,0.9883508071226493,0.011649192877350641,0.011649192877350641,0.07255601909595286,0.9258641027661056,0.9213541302055598,0.9218598248700042,0.9213541311218589
0.06651978245767248,0.6770603398515364,0.03611682286238547,0.00010351483409579845,0.6774193548387096,0.0,1,35,2025-08-18 19:05:41,0.0,0.04687321801938795,0.9410189813524837,0.07902930483506135,0.9303643703460692,0.9928440672324846,0.0071559327675153935,0.0071559327675153935,0.04941722936647886,0.930185074773742,0.9295200456079624,0.9292368523508964,0.9295200465299318
0.26125070315321525,0.6983317483448941,0.10524197929283377,0.00022528949015466148,0.6451612903225806,0.0,2,35,2025-08-18 19:05:41,0.0,0.49872647785592095,0.9629815163648282,0.1406973640507653,0.8382745385169983,0.8235979364286903,0.1764020635713097,0.1764020635713097,0.47314094017461616,0.8543445493436851,0.8376897595942943,0.8382473271411468,0.8376897604313456
0.6439152446641733,0.6781149694972904,0.06995408690893434,0.0002556413719954888,0.7096774193548387,0.0,3,35,2025-08-18 19:05:44,0.0,0.1323702718114427,0.9439540719212908,0.07829421339302085,0.9156142473220824,0.9755366949575637,0.024463305042436344,0.024463305042436344,0.13719840006881426,0.9168020504839096,0.9150571842046402,0.9149598064478864,0.9150571851170676
0.3935402212423231,0.6833184603511497,0.033009339551653236,6.6345952055427e-05,0.7096774193548387,0.0,4,35,2025-08-18 19:05:42,0.0,0.04846987264778559,0.9636427368458176,0.08931244942010125,0.9028974175453186,0.9896821434514894,0.010317856548510567,0.010317856548510567,0.04958926497785041,0.9141352159702548,0.9041460264164484,0.905572243529972,0.9041460273134616
0.12746109129812103,0.6812181206015508,0.04434476264823168,0.00013544343707121422,0.6774193548387096,0.0,5,35,2025-08-18 19:05:41,0.0,0.05299372742824558,0.99026150833762,0.09701372978650478,0.9018624424934388,0.9886004326843069,0.011399567315693127,0.011399567315693127,0.05414820867919659,0.9104269281255624,0.9023199927039572,0.902768164794901,0.9023199935997904
0.18891805736216857,0.47607417830843857,0.0008148467082204955,1.596816600029266e-05,0.3225806451612903,0.0,6,35,2025-08-18 19:05:38,0.0,0.006006462649686371,1.0,0.04569383541577501,0.96875,0.9995839573972375,0.0004160426027625229,0.0004160426027625229,0.006666379940647714,0.961207729468599,0.96489898989899,0.9627637989398128,0.9648989907993574
0.5145790361694839,0.6791275498740434,0.00031990278174582416,6.271331022573797e-05,0.6774193548387096,0.0,7,35,2025-08-18 19:05:42,0.0,0.045200532218209466,0.981991889711609,0.0878805370791423,0.9059613943099976,0.9906806456981195,0.009319354301880512,0.009319354301880512,0.04640660616747667,0.9082095623373986,0.9022517986389944,0.903233094562375,0.9022517995336519
0.2089349334147984,0.7120483048410602,0.068173495953934,0.00020985462689106782,0.6774193548387096,0.0,8,35,2025-08-18 19:05:43,0.0,1.0,0.9376040032859979,0.1518591169205635,0.8267000913619995,0.6207355633216841,0.3792644366783159,0.3792644366783159,0.9354006279299815,0.8393078451536189,0.8265385395055727,0.8253433326946059,0.8265385403317972
0.07153572097268196,0.4807348513261022,0.0012544615372234048,1.873515701099197e-05,0.3225806451612903,0.0,9,35,2025-08-18 19:05:38,0.0,0.0,0.0,0.0030291298607822374,1.0,1.0,0.0,0.0,8.601780568577695e-05,1.0,1.0,1.0,1.0
0.34192762046462544,0.6735345723568106,0.03283429840692439,0.0001712133655558969,0.6451612903225806,0.0,10,35,2025-08-18 19:05:41,0.0,0.06937844516251664,0.9277627056853784,0.0720105481051421,0.9157088398933411,0.9871858878349143,0.012814112165085705,0.012814112165085705,0.07195389445615243,0.9196173910148426,0.9144417362755716,0.9112384459841256,0.9144417371849921
0.06347271703180371,0.7003063650275806,0.00027362753658762316,4.9303451556566734e-05,0.7096774193548387,0.0,1,36,2025-08-18 19:06:01,0.0,0.04687321801938795,0.9410189813524837,0.0745665158306921,0.934412956237793,0.9932601098352472,0.00673989016475287,0.00673989016475287,0.0496322738806933,0.9344562573635414,0.9328098011339346,0.9330315556078548,0.9328098020591734
0.261297581082038,0.7219056728711284,0.11334718908065172,0.00031740401212537197,0.6774193548387096,0.0,2,36,2025-08-18 19:06:02,0.0,0.49872647785592095,0.9629815163648282,0.1079319864409894,0.8769910931587219,0.8657846563488101,0.1342153436511899,0.1342153436511899,0.4949464539159606,0.8787152064603914,0.8775236973080582,0.8773211412806173,0.8775236981849127
0.5526907931493524,0.7001385926916671,0.0020532125079975694,8.739595210469954e-05,0.7096774193548387,0.0,3,36,2025-08-18 19:06:02,0.0,0.1323702718114427,0.9439540719212908,0.08424849742653819,0.9024110436439514,0.9717091030121484,0.028290896987851557,0.028290896987851557,0.13521999053804137,0.9039315847813756,0.9014428779740612,0.9015369002850148,0.9014428788729149
0.3533189574217724,0.7032629808004737,0.03275985562123511,0.00018106787264707462,0.7096774193548387,0.0,4,36,2025-08-18 19:06:01,0.0,0.04846987264778559,0.9636427368458176,0.07622046004523288,0.92717307806015,0.992261607588617,0.007738392411382925,0.007738392411382925,0.05092254096597996,0.9342574486748731,0.9265288317045556,0.9288085611549516,0.9265288326237888
0.12980498780038033,0.7028199768856442,0.006116380229605695,8.226774390470235e-05,0.7096774193548387,0.0,5,36,2025-08-18 19:06:01,0.0,0.05299372742824558,0.99026150833762,0.11949373981753329,0.8717765212059021,0.9851056748211017,0.01489432517889832,0.01489432517889832,0.05234183475979528,0.8908573494443885,0.870928007914436,0.87410888725259,0.8709280087791123
0.4293549596662185,0.4930285285176868,0.04239717841722566,8.923159558246793e-05,0.3548387096774194,0.0,6,36,2025-08-18 19:05:58,0.0,0.006006462649686371,1.0,0.05049219039351343,0.956250011920929,0.9994175403561325,0.000582459643867532,0.000582459643867532,0.006580362134961937,0.9476176236044656,0.9609126984126984,0.9515392012254272,0.9609126993086695
0.5184230264202662,0.6988053335462697,0.00030984294584186745,4.924934838037988e-05,0.7096774193548387,0.0,7,36,2025-08-18 19:06:01,0.0,0.045200532218209466,0.981991889711609,0.08396593740063844,0.9101595282554626,0.991096688300882,0.00890331169911799,0.00890331169911799,0.04662165068169111,0.914975881823531,0.9060071796559884,0.90685006025495,0.9060071805543736
0.16810425649663133,0.732826165348769,0.009995452954171412,0.00012164712714356542,0.6774193548387096,0.0,8,36,2025-08-18 19:06:02,0.0,1.0,0.9376040032859979,0.1206108633358539,0.864940881729126,0.7043601264769512,0.29563987352304877,0.29563987352304877,0.9786245752870845,0.869366043940013,0.8653449397895233,0.8654641432778662,0.8653449406545389
0.0720513781635371,0.49883684926101596,0.0008953253954521494,1.8626950658618254e-05,0.3225806451612903,0.0,9,36,2025-08-18 19:05:58,0.0,0.0,0.0,0.006019345513381643,1.0,1.0,0.0,0.0,8.601780568577695e-05,1.0,1.0,1.0,1.0
0.3697262328764654,0.6964756341475743,0.1061433405898283,0.0003748538562106456,0.6774193548387096,0.0,10,36,2025-08-18 19:06:01,0.0,0.06937844516251664,0.9277627056853784,0.06401509925814633,0.9365079402923584,0.9903478116159095,0.009652188384090531,0.009652188384090531,0.07358823276418218,0.9360748538348708,0.9354327613867768,0.9349206998915236,0.935432762317072
0.06173823363043525,0.7227131037839671,0.049233842897554655,8.570329559256784e-05,0.7419354838709677,0.0,1,37,2025-08-18 19:06:21,0.0,0.04687321801938795,0.9410189813524837,0.06405830927483838,0.9384615421295166,0.9936761524380097,0.006323847561990348,0.006323847561990348,0.04984731839490775,0.938004085808059,0.9367569786520016,0.9366883700042012,0.9367569795811568
0.26223513967595635,0.7435457557634046,0.06530744870489673,0.00030628967393155743,0.6774193548387096,0.0,2,37,2025-08-18 19:06:22,0.0,0.49872647785592095,0.9629815163648282,0.11459273049551787,0.8679978847503662,0.8561324679647195,0.1438675320352804,0.1438675320352804,0.4899574211861855,0.8733798961852985,0.8685324594723675,0.8695249686440457,0.8685324603402375
0.536002250121723,0.7201884486835393,0.03318538667997248,8.466760621984798e-05,0.7419354838709677,0.0,3,37,2025-08-18 19:06:23,0.0,0.1323702718114427,0.9439540719212908,0.08777499561025763,0.9061423540115356,0.972790813779331,0.027209186220668997,0.027209186220668997,0.13577910627499892,0.910006323633662,0.9048527933674968,0.9054334359557112,0.9048527942697515
0.34033377084972527,0.7251787200117568,0.03598403302845324,0.0001254150269137216,0.7419354838709677,0.0,4,37,2025-08-18 19:06:21,0.0,0.04846987264778559,0.9636427368458176,0.08813604299490056,0.9146437048912048,0.990930271259777,0.009069728740222998,0.009069728740222998,0.050234398520493745,0.9189949337425368,0.9154300792168704,0.9149926491033288,0.9154300801250821
0.13575848489184472,0.7270093498036215,0.12154897329314764,0.0002809191488125058,0.7419354838709677,0.25,5,37,2025-08-18 19:06:21,0.0,0.05299372742824558,0.99026150833762,0.08683018638840921,0.90329509973526,0.9887668497254118,0.011233150274588119,0.011233150274588119,0.054234226484882374,0.9175050397966712,0.9019919122153032,0.904831429985341,0.9019919131108227
0.3976654790747735,0.4906194027219893,0.025696844833067084,9.790742633528909e-05,0.3548387096774194,0.0,6,37,2025-08-18 19:06:19,0.0,0.006006462649686371,1.0,0.04763125744822335,0.949999988079071,0.99933433183558,0.0006656681644200366,0.0006656681644200366,0.006537353232119049,0.947121212121212,0.9568434343434344,0.9498141141567468,0.956843435235477
0.5123757734711564,0.72135690867366,0.05046516681219896,0.0001220760880404755,0.7096774193548387,0.0,7,37,2025-08-18 19:06:21,0.0,0.045200532218209466,0.981991889711609,0.08179686743261627,0.9118387699127196,0.991263105341987,0.008736894658012981,0.008736894658012981,0.04670766848737689,0.9140471844053776,0.9092932424939928,0.9083157890072304,0.9092932433956212
0.13922745169785603,0.7581224109436834,0.036315001629693415,9.408542338894606e-05,0.7096774193548387,0.0,8,37,2025-08-18 19:06:23,0.0,1.0,0.9376040032859979,0.14411952911487677,0.8378758430480957,0.6450324513230155,0.35496754867698455,0.35496754867698455,0.947959227560105,0.8488868830463184,0.838413540067908,0.8385321317968291,0.8384135409060027
0.0712544533822821,0.4956479006583896,0.002480755533915731,1.8453047592303353e-05,0.3225806451612903,0.0,9,37,2025-08-18 19:06:18,0.0,0.0,0.0,0.0020301325730522,1.0,1.0,0.0,0.0,8.601780568577695e-05,1.0,1.0,1.0,1.0
0.35988186759666424,0.7168767501946373,0.05057481902355209,0.00021194146368684665,0.7096774193548387,0.0,10,37,2025-08-18 19:06:22,0.0,0.06937844516251664,0.9277627056853784,0.06914665885494226,0.9293924570083618,0.9892661008487269,0.010733899151273091,0.010733899151273091,0.07302911702722463,0.9312573143903398,0.9281823190506658,0.9283438790123852,0.9281823199737516
0.05081567596151581,0.7428721179792056,0.03452636280596991,0.000105675096630688,0.7419354838709677,0.0,1,38,2025-08-18 19:06:38,0.0,0.04687321801938795,0.9410189813524837,0.07001549888104393,0.934412956237793,0.9932601098352472,0.00673989016475287,0.00673989016475287,0.0496322738806933,0.9340538018218254,0.9330278358921968,0.9329779751053456,0.9330278368176503
0.2623288955379677,0.7592411763431663,0.06923380265821104,0.0002117134574443449,0.7096774193548387,0.0,2,38,2025-08-18 19:06:39,0.0,0.49872647785592095,0.9629815163648282,0.11946223971997681,0.8655590415000916,0.853220169745382,0.14677983025461808,0.14677983025461808,0.48845210958668445,0.8701189138106169,0.8658912820262211,0.8632091055494691,0.8658912828914519
0.4496531032917848,0.7441990060232394,0.06135091524387054,0.0001684270519822737,0.7419354838709677,0.0,3,38,2025-08-18 19:06:39,0.0,0.1323702718114427,0.9439540719212908,0.07243334121541989,0.9222158193588256,0.9774504909302713,0.02254950906972874,0.02254950906972874,0.13818760483420067,0.9235252756012736,0.9216337476633052,0.9209008626096074,0.9216337485822902
0.3452559534721624,0.7486362657530791,0.03396301199534833,7.319000384306453e-05,0.7741935483870968,0.0,4,38,2025-08-18 19:06:38,0.0,0.04846987264778559,0.9636427368458176,0.06312515923990399,0.9428347945213318,0.9939257779996672,0.006074222000332834,0.006074222000332834,0.05178271902283773,0.945311134150156,0.94280251494039,0.943636598303202,0.9428025158757649
0.12666416648193923,0.7477230745576013,0.062312635556288805,0.0004751186352226478,0.7419354838709677,0.0,5,38,2025-08-18 19:06:38,0.0,0.05299372742824558,0.99026150833762,0.06464191891537925,0.939828097820282,0.9930104842735896,0.006989515726410384,0.006989515726410384,0.056427680529869684,0.9427761458432654,0.9405452531476138,0.9408996359955916,0.9405452540813956
0.2058409900426435,0.5056985254298263,0.001808758495531421,2.6974297841733484e-05,0.3548387096774194,0.0,6,38,2025-08-18 19:06:35,0.0,0.006006462649686371,1.0,0.03726690441255763,0.975000023841858,0.99966716591779,0.0003328340822100183,0.0003328340822100183,0.006709388843490602,0.9663419913419912,0.979978354978355,0.971835909287881,0.9799783558918429
0.5157978623363386,0.7399256959684944,0.019429567064902037,8.113157720477834e-05,0.7419354838709677,0.0,7,38,2025-08-18 19:06:38,0.0,0.045200532218209466,0.981991889711609,0.07585271139532648,0.9261125326156616,0.9926776501913795,0.007322349808620403,0.007322349808620403,0.04743881983570599,0.927067351676454,0.9238301362674418,0.9236622167490516,0.923830137183483
0.07856741044453296,0.7751213588624782,0.028234941431635366,0.00019052047042943565,0.7096774193548387,0.25,8,38,2025-08-18 19:06:40,0.0,1.0,0.9376040032859979,0.14563121095617784,0.8355571031570435,0.6399567315693127,0.3600432684306873,0.3600432684306873,0.9453356844866887,0.8451985937757817,0.8357154693234605,0.8345177182262555,0.8357154701588583
0.07078567411151798,0.5106582154714977,0.07157170852229058,9.49162935946728e-05,0.3225806451612903,0.0,9,38,2025-08-18 19:06:35,0.0,0.0,0.0,0.0018066444541111437,1.0,1.0,0.0,0.0,8.601780568577695e-05,1.0,1.0,1.0,1.0
0.38828989310939493,0.7384752085580032,0.07622639459505137,0.0001990687722669592,0.7096774193548387,0.0,10,38,2025-08-18 19:06:38,0.0,0.06937844516251664,0.9277627056853784,0.07669088148749689,0.9173508286476136,0.9874355133965718,0.01256448660342819,0.01256448660342819,0.07208292116468108,0.91985598321311,0.9157220202532445,0.9162207853611608,0.9157220211639403
0.05995687229151235,0.7650214642404947,0.03319645249946683,8.544437324938788e-05,0.7741935483870968,0.0,1,39,2025-08-18 19:06:55,0.0,0.04687321801938795,0.9410189813524837,0.06296245178138347,0.940081000328064,0.9938425694791146,0.0061574305208853385,0.0061574305208853385,0.04993333620059352,0.9420438236639814,0.9376896270398036,0.9389491382731598,0.9376896279698897
0.2526720419865551,0.7890825656510141,0.03571644139340799,0.00022719083034637103,0.7419354838709677,0.0,2,39,2025-08-18 19:06:56,0.0,0.49872647785592095,0.9629815163648282,0.09375304077153643,0.893605649471283,0.8837576967881511,0.11624230321184889,0.11624230321184889,0.5042363769300245,0.8955234180583137,0.8936542766513578,0.8932106587128613,0.8936542775443302
0.5300487530302586,0.7646897422294863,0.03286145996386507,0.00010060485611946245,0.7741935483870968,0.0,3,39,2025-08-18 19:06:57,0.0,0.1323702718114427,0.9439540719212908,0.08052572088969888,0.9098737239837646,0.9739557330670661,0.02604426693293393,0.02604426693293393,0.13638123091479937,0.9160535379131176,0.908138779847558,0.9084438012106744,0.9081387807530912
0.3611475717185369,0.7718037140123031,0.062338791129639096,0.00024262955812254946,0.7741935483870968,0.0,4,39,2025-08-18 19:06:56,0.0,0.04846987264778559,0.9636427368458176,0.06552383863059806,0.9404855370521544,0.9936761524380097,0.006323847561990348,0.006323847561990348,0.05165369231430906,0.943331108540768,0.9404109338204588,0.9408940061189148,0.940410934753462
0.12680480028587088,0.7681896005786659,0.0005009798280170454,6.239642019378637e-05,0.7741935483870968,0.0,5,39,2025-08-18 19:06:56,0.0,0.05299372742824558,0.99026150833762,0.06757728986572956,0.93767911195755,0.9927608587119321,0.007239141288067898,0.007239141288067898,0.05629865382134102,0.939332439318321,0.9383049599108088,0.9382198662202994,0.9383049608423678
0.39264954057722745,0.5224082253467048,0.0,2.9733559827263243e-05,0.3870967741935484,0.0,6,39,2025-08-18 19:06:53,0.0,0.006006462649686371,1.0,0.04530318347385315,0.96875,0.9995839573972375,0.0004160426027625229,0.0004160426027625229,0.006666379940647714,0.9633459595959596,0.9787878787878788,0.9690522843429172,0.9787878797000132
0.5128445527768472,0.7658204003515149,0.07492163387830818,0.00016450843622131127,0.7419354838709677,0.0,7,39,2025-08-18 19:06:55,0.0,0.045200532218209466,0.981991889711609,0.07505909341770887,0.9151973128318788,0.991595939424197,0.008404060575802962,0.008404060575802962,0.04687970409874844,0.9155686551574428,0.911691107783066,0.9100718336187676,0.9116911086870798
0.16374460901897564,0.8021662594117095,0.011485314651547405,0.0001540317426039847,0.7419354838709677,0.0,8,39,2025-08-18 19:06:57,0.0,1.0,0.9376040032859979,0.13289151996374676,0.8460866212844849,0.663088700282909,0.33691129971709105,0.33691129971709105,0.9572921594770117,0.8587639404854983,0.8458827731768505,0.8465932390044092,0.8458827740224116
0.0698949934202273,0.5270650757035502,0.00028771130685316263,3.056829454557477e-05,0.3548387096774194,0.0,9,39,2025-08-18 19:06:53,0.0,0.0,0.0,0.0017478305320290587,1.0,1.0,0.0,0.0,8.601780568577695e-05,1.0,1.0,1.0,1.0
0.3801331333370663,0.7584859884615107,0.032448000708212445,0.00020138361530523978,0.7419354838709677,0.0,10,39,2025-08-18 19:06:56,0.0,0.06937844516251664,0.9277627056853784,0.08959250973108507,0.902572512626648,0.9851888833416542,0.014811116658345815,0.014811116658345815,0.0709216807879231,0.9108156533773776,0.8999554351026923,0.9015421588701982,0.899955435997715
0.06126945431601269,0.7879332189649848,0.0017473934965172848,4.3653534157624854e-05,0.7741935483870968,0.0,1,40,2025-08-18 19:07:14,0.0,0.04687321801938795,0.9410189813524837,0.05808080371991595,0.9506072998046876,0.9949242802462972,0.005075719753702779,0.005075719753702779,0.05049245193755107,0.9502241645569968,0.9496720475425284,0.948901587276245,0.9496720484844868
0.27648603036114444,0.8117840740304989,0.03279204709612777,0.000199605939516243,0.7419354838709677,0.0,2,40,2025-08-18 19:07:16,0.0,0.49872647785592095,0.9629815163648282,0.11288396780959256,0.8740187287330627,0.8623731070061574,0.13762689299384256,0.13762689299384256,0.49318308889940216,0.8761068863789048,0.8736402343748064,0.872907323658908,0.8736402352477805
0.5171573223333202,0.7904655193870491,0.002827819872602238,7.896358564471924e-05,0.8064516129032258,0.0,3,40,2025-08-18 19:07:16,0.0,0.1323702718114427,0.9439540719212908,0.08436562429001462,0.9072904586791992,0.973123647861541,0.02687635213845898,0.02687635213845898,0.13595114188637047,0.9104470136959067,0.9067965862096924,0.9072718098552498,0.9067965871138826
0.3392087005230525,0.793211039334755,0.0009838519514069686,6.182833684382436e-05,0.8064516129032258,0.0,4,40,2025-08-18 19:07:15,0.0,0.04846987264778559,0.9636427368458176,0.07799159107951195,0.9138606190681458,0.9908470627392245,0.009152937260775504,0.009152937260775504,0.05019138961765086,0.9199798499260796,0.9129141852647744,0.9142428719740144,0.9129141861705042
0.12872679540253035,0.7903368231395004,0.029121212974773956,0.00015651275968341061,0.7741935483870968,0.0,5,40,2025-08-18 19:07:15,0.0,0.05299372742824558,0.99026150833762,0.07053085984755247,0.93194842338562,0.992095190547512,0.007904809452487935,0.007904809452487935,0.05595458259859791,0.9392605873939182,0.9318612322266742,0.933171052072838,0.9318612331518397
0.39279017436587865,0.5391293932460378,0.002802670282842346,1.4808812224859989e-05,0.3870967741935484,0.0,6,40,2025-08-18 19:07:12,0.0,0.006006462649686371,1.0,0.03574517297937139,0.96875,0.9995839573972375,0.0004160426027625229,0.0004160426027625229,0.006666379940647714,0.9598484848484848,0.969246031746032,0.9632528180354268,0.9692460326499888
0.5153759609507389,0.786469564611675,0.028921022240285216,8.084173876092018e-05,0.7741935483870968,0.0,7,40,2025-08-18 19:07:15,0.0,0.045200532218209466,0.981991889711609,0.10538442642815468,0.8874894976615906,0.9888500582459644,0.011149941754035613,0.011149941754035613,0.04546041030493312,0.8930087839627555,0.8829678155884849,0.8825245897078497,0.8829678164640283
0.10331895741740657,0.8274531607246236,0.0862600749256578,0.00022514263867644,0.7419354838709677,0.0,8,40,2025-08-18 19:07:16,0.0,1.0,0.9376040032859979,0.1224253980916709,0.8631162643432617,0.700366117490431,0.29963388250956896,0.29963388250956896,0.9765601479506257,0.8665850914755481,0.862880565934834,0.861994658298053,0.8628805667973866
0.07162947681286405,0.5447941518386362,0.0014938856317375751,1.5713108169697473e-05,0.3548387096774194,0.25,9,40,2025-08-18 19:07:12,0.0,0.0,0.0,0.0012682225221486126,1.0,1.0,0.0,0.0,8.601780568577695e-05,1.0,1.0,1.0,1.0
0.36963247703628327,0.7838854458985186,0.0317387822769835,0.00017833566224963827,0.7419354838709677,0.0,10,40,2025-08-18 19:07:15,0.0,0.06937844516251664,0.9277627056853784,0.0595545655316256,0.9430760741233826,0.9913463138625396,0.008653686137460476,0.008653686137460476,0.07410433959829685,0.9427899014594412,0.9417374057188684,0.9409715063150144,0.9417374066554349
0.06225389084748548,0.8091889120749786,0.013684394780152346,0.00020168891179943706,0.8064516129032258,0.0,1,41,2025-08-18 19:07:31,0.0,0.04687321801938795,0.9410189813524837,0.056814426005823336,0.9481781125068665,0.9946746546846397,0.005325345315360293,0.005325345315360293,0.05036342522902241,0.9479092124646398,0.9475743036388338,0.946837867688038,0.9475743045787084
0.3371929495400159,0.806928445311103,0.12407801603940237,0.0005099301645863062,0.7741935483870968,0.0,2,41,2025-08-18 19:07:33,0.0,0.49872647785592095,0.9629815163648282,0.10504639302401055,0.8814114928245544,0.8705275420203029,0.12947245797969711,0.12947245797969711,0.49739796137800524,0.8852483946893199,0.881727484190766,0.881543556393477,0.8817274850718209
0.671198199885158,0.8091184052198858,0.005599304664142319,0.0002768382235229828,0.8064516129032258,0.0,3,41,2025-08-18 19:07:34,0.0,0.1323702718114427,0.9439540719212908,0.07428954557320212,0.922502875328064,0.9775336994508238,0.022466300549176237,0.022466300549176237,0.13823061373704357,0.9243311517532328,0.9219458278368916,0.9220734865755296,0.9219458287561878
0.3353647102722702,0.819023344140137,0.005498706305102751,0.00020927881451593628,0.8387096774193549,0.0,4,41,2025-08-18 19:07:31,0.0,0.04846987264778559,0.9636427368458176,0.060989563314058214,0.94440096616745,0.9940921950407722,0.005907804959227825,0.005907804959227825,0.051868736828523505,0.9468099625257764,0.9457661534758351,0.945298541227157,0.9457661544141397
0.13144571534410326,0.8138500098327331,0.035133976894568895,0.00028949836675070756,0.8064516129032258,0.0,5,41,2025-08-18 19:07:31,0.0,0.05299372742824558,0.99026150833762,0.08892595290832557,0.911174774169922,0.9896821434514894,0.010317856548510567,0.010317856548510567,0.05470732441615414,0.9205606213488072,0.9114178523583324,0.9115541112825506,0.9114178532631998
0.4053065816409666,0.5564944671232056,0.048540720203772036,0.00023386097906769369,0.3870967741935484,0.0,6,41,2025-08-18 19:07:28,0.0,0.006006462649686371,1.0,0.04715264505819067,0.949999988079071,0.99933433183558,0.0006656681644200366,0.0006656681644200366,0.006537353232119049,0.9416298613667036,0.9533910533910536,0.9453491436100132,0.953391054280046
0.5215169697749578,0.8093804698559834,0.0009134331000792715,5.183470729959473e-05,0.8064516129032258,0.0,7,41,2025-08-18 19:07:31,0.0,0.045200532218209466,0.981991889711609,0.059837236246008674,0.9370276927947998,0.9937593609585622,0.006240639041437843,0.006240639041437843,0.04799793557266354,0.934761467125596,0.9345677576345948,0.9342039513219872,0.9345677585612859
0.13566472902765045,0.8323232306071107,0.04416770953632204,0.00039199683403671006,0.7741935483870968,0.25,8,41,2025-08-18 19:07:34,0.0,1.0,0.9376040032859979,0.13366500186143296,0.8479872345924377,0.6672491263105342,0.3327508736894658,0.3327508736894658,0.9594426046191562,0.8600735996481437,0.8477910870740674,0.8489594755826634,0.847791087921536
0.07533283326844642,0.5621133537859845,0.0012373598161866783,1.89515697157394e-05,0.3548387096774194,0.0,9,41,2025-08-18 19:07:28,0.0,0.0,0.0,0.0007406473409273125,1.0,1.0,0.0,0.0,8.601780568577695e-05,1.0,1.0,1.0,1.0
0.37389836863773857,0.8029626470821842,0.07308973776019766,0.00024696554124266763,0.7741935483870968,0.0,10,41,2025-08-18 19:07:31,0.0,0.06937844516251664,0.9277627056853784,0.06651438525617526,0.9255610108375549,0.9886836412048594,0.011316358795140622,0.011316358795140622,0.07272805470732442,0.9299534223051232,0.9231705649210544,0.9234874138644902,0.9231705658391623
0.08845865364442519,0.8041638120593056,0.0634534209477975,0.00023818923316264233,0.8387096774193549,0.0,1,42,2025-08-18 19:07:53,0.0,0.04687321801938795,0.9410189813524837,0.05843391842991799,0.9473684430122375,0.9945914461640872,0.005408553835912797,0.005408553835912797,0.05032041632617952,0.948137440235475,0.946049289197834,0.9467590583196605,0.9460492901362024
0.26429776859218157,0.8282431772937345,0.037786755622442283,0.00023071913033627115,0.7741935483870968,0.25,2,42,2025-08-18 19:07:54,0.0,0.49872647785592095,0.9629815163648282,0.14828592664494628,0.8327871561050415,0.8175237144283575,0.18247628557164253,0.18247628557164253,0.4700012902670853,0.849084918574557,0.8334190180086942,0.8332346238787597,0.8334190188414773
0.6365085317530086,0.8098251727311766,0.09125176550120115,0.000403397146161798,0.8387096774193549,0.0,3,42,2025-08-18 19:07:55,0.0,0.1323702718114427,0.9439540719212908,0.0699401753681168,0.9279563426971436,0.9791146613413213,0.02088533865867865,0.02088533865867865,0.13904778289105846,0.931015057503176,0.927079282801782,0.9277478708351092,0.9270792837261981
0.35341271327941787,0.8164137410215254,0.036126882698289425,0.00014755095499931607,0.8387096774193549,0.0,4,42,2025-08-18 19:07:53,0.0,0.04846987264778559,0.9636427368458176,0.06330173043096542,0.945184051990509,0.9941754035613247,0.0058245964386753205,0.0058245964386753205,0.05191174573136639,0.9472661126212902,0.944738638094368,0.9452990478917476,0.9447386390316674
0.13421151319703556,0.8143172239327451,0.08769963744351403,0.000160535717284162,0.8387096774193549,0.0,5,42,2025-08-18 19:07:53,0.0,0.05299372742824558,0.99026150833762,0.06515845133500335,0.934097409248352,0.9923448161091696,0.007655183890830421,0.007655183890830421,0.056083609307126574,0.938497625228974,0.9337935531637538,0.9345540679771854,0.9337935540908395
0.3937746108951684,0.5731119984403544,0.00020522065244071738,2.620139532477837e-06,0.41935483870967744,1.0,6,42,2025-08-18 19:07:50,0.0,0.006006462649686371,1.0,0.0373000440832739,0.956250011920929,0.9994175403561325,0.000582459643867532,0.000582459643867532,0.006580362134961937,0.9458874458874458,0.9556096681096682,0.948935476387448,0.955609669001022
0.5160322520066476,0.8082617044565005,0.07304245653144906,0.00015667893372455597,0.8064516129032258,0.0,7,42,2025-08-18 19:07:53,0.0,0.045200532218209466,0.981991889711609,0.09233297209829713,0.9042820930480956,0.9905142286570144,0.009485771342985522,0.009485771342985522,0.04632058836179089,0.908911655638446,0.9010952057638308,0.9011247149852764,0.9010952066573352
0.08873992122609337,0.8500629252444699,0.04395947093311014,0.00015495922562433086,0.8064516129032258,0.0,8,42,2025-08-18 19:07:55,0.0,1.0,0.9376040032859979,0.11830158795557451,0.8665754199028015,0.707938092860709,0.2920619071392911,0.2920619071392911,0.9804739581093286,0.8684454753451127,0.8669202002384975,0.8664991695111828,0.8669202011050877
0.07528595534835536,0.5786293722214034,0.02896025560031065,0.00013132386665584345,0.3870967741935484,0.0,9,42,2025-08-18 19:07:50,0.0,0.0,0.0,0.0012912705162959463,1.0,1.0,0.0,0.0,8.601780568577695e-05,1.0,1.0,1.0,1.0
0.3478811175386265,0.80308072482746,0.03237758185688475,0.000202585478719105,0.8064516129032258,0.0,10,42,2025-08-18 19:07:53,0.0,0.06937844516251664,0.9277627056853784,0.08149138566662055,0.912972092628479,0.9867698452321517,0.013230154767848227,0.013230154767848227,0.07173884994193798,0.9130424006893014,0.912578360091486,0.9101346104242444,0.9125783609990488
0.12075754733676095,0.8282193918486431,0.030170453859556644,0.00016828792952922178,0.8387096774193549,0.0,1,43,2025-08-18 19:08:13,0.0,0.04687321801938795,0.9410189813524837,0.05429466725039277,0.9481781125068665,0.9946746546846397,0.005325345315360293,0.005325345315360293,0.05036342522902241,0.9469852882699274,0.9467943688104024,0.9464490002267484,0.9467943697495107
0.2577817363373808,0.846617008886837,0.06604081074229518,0.00020751659677727862,0.8064516129032258,0.0,2,43,2025-08-18 19:08:14,0.0,0.49872647785592095,0.9629815163648282,0.10689328571313005,0.8754668235778809,0.8638708603761025,0.1361291396238975,0.1361291396238975,0.49395724915057415,0.881371934465039,0.8763936927673385,0.8739454531858236,0.876393693643063
0.712825801605318,0.8283544591975555,0.05411085134379288,0.00014037069061680307,0.8387096774193549,0.0,3,43,2025-08-18 19:08:15,0.0,0.1323702718114427,0.9439540719212908,0.07809689272334935,0.9118828773498536,0.9744549841903811,0.025545015809618904,0.025545015809618904,0.13663928433185668,0.9144145410294288,0.911142256584314,0.9109497533531588,0.9111422574928383
0.34984999060157207,0.8341903880467946,0.0009496485093335158,4.58756288938708e-05,0.8709677419354839,0.0,4,43,2025-08-18 19:08:14,0.0,0.04846987264778559,0.9636427368458176,0.061330008804735596,0.9436178803443909,0.9940089865202196,0.005991013479780329,0.005991013479780329,0.05182572792568062,0.9450667693839137,0.9434655454352466,0.9439821877275872,0.9434655463712809
0.12741421336929828,0.8326345650937551,0.0006176739245029435,6.206407211149567e-05,0.8387096774193549,0.0,5,43,2025-08-18 19:08:13,0.0,0.05299372742824558,0.99026150833762,0.05322328574782108,0.9570200443267822,0.9950074887668497,0.004992511233150275,0.004992511233150275,0.05745989419809901,0.957892282367008,0.9578111294941148,0.9572135116875148,0.9578111304450379
0.3918057378409546,0.5889675460343929,0.00014083770265539428,1.546964387685661e-05,0.41935483870967744,0.0,6,43,2025-08-18 19:08:11,0.0,0.006006462649686371,1.0,0.03940923388780785,0.981249988079071,0.9997503744383425,0.00024962556165751375,0.00024962556165751375,0.006752397746333491,0.9734848484848484,0.985,0.977856071964018,0.9850000009182371
0.5261110069218308,0.8281284974691863,0.002975699460390402,6.269012315022931e-05,0.8387096774193549,0.0,7,43,2025-08-18 19:08:13,0.0,0.045200532218209466,0.981991889711609,0.08954531031697188,0.9093198776245116,0.9910134797803295,0.008986520219670495,0.008986520219670495,0.04657864177884822,0.90840213400139,0.9067921755791722,0.905816433764582,0.9067921764783224
0.10622538906990465,0.8651025471238512,0.050579848941504066,0.00020195942768037135,0.8064516129032258,0.0,8,43,2025-08-18 19:08:15,0.0,1.0,0.9376040032859979,0.11798019472009566,0.8671455979347229,0.7091862206689965,0.2908137793310035,0.2908137793310035,0.981119091651972,0.8704134393763161,0.8671244120915291,0.8649587591756761,0.8671244129583239
0.07059816236130022,0.5965750658028587,0.0003591361417712554,1.6157527116946664e-05,0.3870967741935484,0.0,9,43,2025-08-18 19:08:11,0.0,0.0,0.0,0.004631935707758971,1.0,1.0,0.0,0.0,8.601780568577695e-05,1.0,1.0,1.0,1.0
0.3784455278295938,0.8230906552507856,0.04551975148181383,0.00018450342433494008,0.8064516129032258,0.0,10,43,2025-08-18 19:08:13,0.0,0.06937844516251664,0.9277627056853784,0.0469274862349539,0.9567596912384032,0.9934265268763521,0.006573473123647862,0.006573473123647862,0.07517956216936907,0.9560414498055408,0.95658796737544,0.9560397713331966,0.9565879683267687
0.10317832363530417,0.8516913787530567,0.014614929601268345,7.063556102452789e-05,0.8709677419354839,0.0,1,44,2025-08-18 19:09:17,0.0,0.04687321801938795,0.9410189813524837,0.08091977189046393,0.9133602976799012,0.991096688300882,0.00890331169911799,0.00890331169911799,0.0485140424067782,0.9241714252040418,0.9101673941197316,0.9141895745702032,0.910167395022525
0.22820176259098382,0.8696001199466018,0.03578786622832608,0.00020019334542912892,0.8064516129032258,0.0,2,44,2025-08-18 19:09:18,0.0,0.49872647785592095,0.9629815163648282,0.09738709126492165,0.8894901275634766,0.8792644366783159,0.12073556332168414,0.12073556332168414,0.5019138961765085,0.8934691399978751,0.8900133505355214,0.8884347745345377,0.8900133514248556
0.6429308081501639,0.8529371414397247,0.03267635898323226,8.185810557071615e-05,0.8709677419354839,0.0,3,44,2025-08-18 19:09:19,0.0,0.1323702718114427,0.9439540719212908,0.07018268922314054,0.9256601333618164,0.9783657846563488,0.02163421534365119,0.02163421534365119,0.13866070276547246,0.927731114024528,0.9248431772102635,0.9252007949175576,0.9248431781324488
0.344646540388735,0.8585441353799578,0.0011407853915086938,6.560010112656531e-05,0.8709677419354839,0.25,4,44,2025-08-18 19:09:18,0.0,0.04846987264778559,0.9636427368458176,0.06278482904973011,0.9365701079368591,0.9932601098352472,0.00673989016475287,0.00673989016475287,0.05143864780009462,0.9396994746645966,0.9358179043913,0.93684997263396,0.9358179053197506
0.13313332082538065,0.8576296699642072,0.06883643914000474,0.00017013130203215974,0.8709677419354839,0.0,5,44,2025-08-18 19:09:18,0.0,0.05299372742824558,0.99026150833762,0.05727185999937298,0.9477077126502992,0.9939257779996672,0.006074222000332834,0.006074222000332834,0.05690077846114146,0.9492099716815258,0.9483149858463528,0.9481715874936416,0.948314986787849
0.5098443652514231,0.582214603328858,0.061959535316059924,0.0001601995046892865,0.41935483870967744,0.0,6,44,2025-08-18 19:09:16,0.0,0.006006462649686371,1.0,0.03766866671099682,0.975000023841858,0.99966716591779,0.0003328340822100183,0.0003328340822100183,0.006709388843490602,0.9706060606060608,0.9755303030303032,0.9716684293940346,0.9755303039399299
0.5221732608308665,0.852028622385247,0.0011146298181584063,4.856146514028983e-05,0.8387096774193549,0.0,7,44,2025-08-18 19:09:17,0.0,0.045200532218209466,0.981991889711609,0.08217137269202784,0.9042820930480956,0.9905142286570144,0.009485771342985522,0.009485771342985522,0.04632058836179089,0.9114197173695044,0.900677784337734,0.9011872890735798,0.9006777852308296
0.10561597597992846,0.8888242812017257,0.04054214467653604,0.00011594310656843668,0.8387096774193549,0.0,8,44,2025-08-18 19:09:19,0.0,1.0,0.9376040032859979,0.11175794309240167,0.8718211650848389,0.7193376601764021,0.28066233982359795,0.28066233982359795,0.9863661777988043,0.8758517298378778,0.8717708441932508,0.8710880042234512,0.8717708450646902
0.10135008433263173,0.5880411878960968,0.0035018288781673394,5.040870215581255e-05,0.3870967741935484,0.0,9,44,2025-08-18 19:09:16,0.0,0.0,0.0,0.0029794419735522494,1.0,1.0,0.0,0.0,8.601780568577695e-05,1.0,1.0,1.0,1.0
0.38594599661586737,0.8481133682271476,0.07214511916881612,0.00024040359887371872,0.8387096774193549,0.0,10,44,2025-08-18 19:09:18,0.0,0.06937844516251664,0.9277627056853784,0.05837369467092934,0.9430760741233826,0.9913463138625396,0.008653686137460476,0.008653686137460476,0.07410433959829685,0.9451427614339049,0.9431583185402096,0.9423336191814696,0.9431583194781812
0.0972717044639308,0.874066686742715,0.03285844201309388,5.580742623674402e-05,0.8709677419354839,0.0,1,45,2025-08-18 19:09:50,0.0,0.04687321801938795,0.9410189813524837,0.08264486112768497,0.9109311699867249,0.9908470627392245,0.009152937260775504,0.009152937260775504,0.04838501569824954,0.92084499837607,0.9072614173159772,0.9089582322333136,0.9072614182158926
0.261297581082038,0.8967129789103804,0.03361494167307143,0.00020841702820953133,0.8387096774193549,0.0,2,45,2025-08-18 19:09:51,0.0,0.49872647785592095,0.9629815163648282,0.0906223277081547,0.8966541886329651,0.8871692461308038,0.11283075386919621,0.11283075386919621,0.5059997419465829,0.898651488099983,0.8970759925876648,0.8962726493329886,0.8970759934840563
0.6640258766093754,0.8768950310081505,0.032630083738074064,0.00010066282380823408,0.9032258064516129,0.0,3,45,2025-08-18 19:09:52,0.0,0.1323702718114427,0.9439540719212908,0.05952638608856996,0.9417336583137512,0.9831086703278415,0.01689132967215843,0.01689132967215843,0.1411122102275171,0.941629201625673,0.9417435894952212,0.9410975465278222,0.9417435904342564
0.3351303206368882,0.8830822199125801,0.08137602459428682,0.0002059862497937075,0.9032258064516129,0.0,4,45,2025-08-18 19:09:50,0.0,0.04846987264778559,0.9636427368458176,0.06050259394353175,0.9404855370521544,0.9936761524380097,0.006323847561990348,0.006323847561990348,0.05165369231430906,0.943318374297397,0.9392186687502232,0.940265225155518,0.9392186696820518
0.12774235888852092,0.8790726734542965,0.03561483705077803,7.759554818970869e-05,0.9032258064516129,0.0,5,45,2025-08-18 19:09:50,0.0,0.05299372742824558,0.99026150833762,0.05905992175958611,0.9426934123039246,0.9933433183557996,0.006656681644200366,0.006656681644200366,0.056599716141241235,0.9444455915738332,0.9435387475783804,0.9434731011116688,0.9435387485151331
0.3994468404071477,0.5971331742823273,0.033501265527356716,2.123936116592654e-05,0.41935483870967744,0.0,6,45,2025-08-18 19:09:48,0.0,0.006006462649686371,1.0,0.03524518618199968,0.96875,0.9995839573972375,0.0004160426027625229,0.0004160426027625229,0.006666379940647714,0.9617127799736496,0.9669191919191918,0.9630812592572732,0.9669191928211716
0.5124695293113384,0.8746337147640929,0.03330107479286798,5.3446209047446145e-05,0.8709677419354839,0.0,7,45,2025-08-18 19:09:50,0.0,0.045200532218209466,0.981991889711609,0.08193085584172474,0.9143576622009276,0.9915127309036446,0.008487269096355467,0.008487269096355467,0.04683669519590555,0.9144868596821768,0.9108593210713388,0.910247582373436,0.9108593219745289
0.09595912242633292,0.9138720538434519,0.040930454342428764,0.00013329863258666378,0.8387096774193549,0.0,8,45,2025-08-18 19:09:52,0.0,1.0,0.9376040032859979,0.13068284196676194,0.8519785404205322,0.6759860209685472,0.32401397903145285,0.32401397903145285,0.9639585394176594,0.859228282332386,0.852352781172869,0.8518959542967833,0.8523527820248975
0.07444215261208251,0.6025694227060108,0.03004772386152837,0.00012428272472638237,0.3870967741935484,0.0,9,45,2025-08-18 19:09:47,0.0,0.0,0.0,0.00011157766643141245,1.0,1.0,0.0,0.0,8.601780568577695e-05,1.0,1.0,1.0,1.0
0.37797674852390295,0.8699883323897025,0.03176896178469537,0.00020109377686138163,0.8387096774193549,0.0,10,45,2025-08-18 19:09:50,0.0,0.06937844516251664,0.9277627056853784,0.07895321572679095,0.9102353453636169,0.9863538026293892,0.013646197370610751,0.013646197370610751,0.07152380542772353,0.921140118210294,0.9075322456632392,0.9096664642867284,0.9075322465657971
0.09811550720893536,0.8928121659153723,0.00021125655398309144,4.5523958248656224e-05,0.9032258064516129,0.0,1,46,2025-08-18 19:10:04,0.0,0.04687321801938795,0.9410189813524837,0.04865291214964515,0.9538461565971376,0.9952571143285073,0.004742885671492761,0.004742885671492761,0.050664487548922624,0.9542981908123714,0.9523495880536932,0.9527845089495134,0.9523495889983119
0.2563285205133147,0.9165470669360652,0.07385026135453679,0.0002592160461364062,0.8709677419354839,0.0,2,46,2025-08-18 19:10:05,0.0,0.49872647785592095,0.9629815163648282,0.10831839993640255,0.8763051629066467,0.8648693626227326,0.13513063737726744,0.13513063737726744,0.49447335598468883,0.8808601417814547,0.8762986956279691,0.8754464161180305,0.8762986965035998
0.6720888805240586,0.8949239736474258,0.04331966536961849,0.00016465915221211753,0.9032258064516129,0.0,3,46,2025-08-18 19:10:06,0.0,0.1323702718114427,0.9439540719212908,0.07345142160123314,0.9179104566574097,0.9762023631219837,0.02379763687801631,0.02379763687801631,0.13754247129155736,0.922302285335976,0.9166164167238412,0.917258116372474,0.9166164176378255
0.3548190511615637,0.9047244265053108,0.03309786610760805,6.668602916288725e-05,0.9354838709677419,0.0,4,46,2025-08-18 19:10:05,0.0,0.04846987264778559,0.9636427368458176,0.05204255324772904,0.9553641080856324,0.9952571143285073,0.004742885671492761,0.004742885671492761,0.05247086146832394,0.956610171452747,0.9571454835937312,0.9561820268587424,0.9571454845433227
0.12853928368723933,0.9035504448940083,0.020734327781645225,0.00013157892448643864,0.9032258064516129,0.0,5,46,2025-08-18 19:10:04,0.0,0.05299372742824558,0.99026150833762,0.07655809220362482,0.9133237600326538,0.989931769013147,0.010068230986853053,0.010068230986853053,0.05483635112468281,0.921058206806752,0.912915701458761,0.9146482279381594,0.9129157023651204
0.40216576034217183,0.6113504993456879,0.01189776792360963,3.328891140525677e-05,0.45161290322580644,0.0,6,46,2025-08-18 19:10:02,0.0,0.006006462649686371,1.0,0.03934608149603026,0.981249988079071,0.9997503744383425,0.00024962556165751375,0.00024962556165751375,0.006752397746333491,0.9751515151515152,0.985,0.9787556221889055,0.9850000009182371
0.519407462951739,0.8975119150214006,0.02968053985103395,0.0001557437216790403,0.9032258064516129,0.0,7,46,2025-08-18 19:10:04,0.0,0.045200532218209466,0.981991889711609,0.06478319892832911,0.9395465850830078,0.9940089865202196,0.005991013479780329,0.005991013479780329,0.048126962281192204,0.9392915517864172,0.937191537304573,0.936915251761449,0.9371915382338627
0.11063191447638308,0.9313772919506232,0.010557797781202593,0.00010984104119707606,0.8709677419354839,0.0,8,46,2025-08-18 19:10:06,0.0,1.0,0.9376040032859979,0.11788095327072226,0.8671836256980896,0.7093526377101015,0.29064736228989846,0.29064736228989846,0.9812051094576577,0.8743249630095484,0.8678601580281169,0.8665464452395375,0.867860158895647
0.07139508717748203,0.6188488609107873,0.03493076820930897,2.1285735316943846e-05,0.41935483870967744,0.0,9,46,2025-08-18 19:10:01,0.0,0.0,0.0,0.0057257356637288965,1.0,1.0,0.0,0.0,8.601780568577695e-05,1.0,1.0,1.0,1.0
0.3769454340723391,0.8916789593527981,0.13739925074342188,0.0003559525251585083,0.8709677419354839,0.0,10,46,2025-08-18 19:10:04,0.0,0.06937844516251664,0.9277627056853784,0.0473212328423897,0.954023003578186,0.9930936927941422,0.00690630720585788,0.00690630720585788,0.0750075265579975,0.9560220405371606,0.9535827596521176,0.9535593714627308,0.9535827606004632
0.10383461463882263,0.91860408319639,0.06986053043502755,0.00010312065381215134,0.9354838709677419,0.0,1,47,2025-08-18 19:10:22,0.0,0.04687321801938795,0.9410189813524837,0.08766962017409799,0.9052631855010986,0.9902646030953569,0.009735396904643036,0.009735396904643036,0.048083953378349316,0.9182009622875148,0.9018801102957557,0.9041774957388314,0.9018801111903313
0.260172510764097,0.9397608118651994,0.06443928486638525,0.0003033410508293737,0.8709677419354839,0.0,2,47,2025-08-18 19:10:23,0.0,0.49872647785592095,0.9629815163648282,0.0923509589768433,0.8974925875663757,0.8881677483774338,0.11183225162256615,0.11183225162256615,0.5065158487806976,0.8995895591428209,0.8982498571918918,0.8969707848016665,0.898249858089456
0.5836771047909928,0.9223545381992124,0.04786972914897812,0.00011083422093136338,0.9354838709677419,0.0,3,47,2025-08-18 19:10:24,0.0,0.1323702718114427,0.9439540719212908,0.05373443593994176,0.9446039199829102,0.9839407555333666,0.01605924446663338,0.01605924446663338,0.14154229925594597,0.9443816556798798,0.9441148513878972,0.9441637873525082,0.9441148523292986
0.35308456776892694,0.9265106199888633,0.056789785645016556,0.0001569262625299816,0.9354838709677419,0.0,4,47,2025-08-18 19:10:22,0.0,0.04846987264778559,0.9636427368458176,0.05251518845966025,0.961628794670105,0.9959227824929273,0.004077217507072724,0.004077217507072724,0.05281493269106705,0.9625106885775704,0.9620727629999566,0.962100015892056,0.962072763954446
0.12671104441949368,0.9278944232050803,0.06281462136789624,0.00016454708134715904,0.9354838709677419,0.0,5,47,2025-08-18 19:10:22,0.0,0.05299372742824558,0.99026150833762,0.05982834888319884,0.9426934123039246,0.9933433183557996,0.006656681644200366,0.006656681644200366,0.056599716141241235,0.9444445638310146,0.9430988231966424,0.9429529521318564,0.9430988241329616
0.39175885990994896,0.6287695152144025,0.06126339467150612,0.00012923702986006465,0.45161290322580644,1.0,6,47,2025-08-18 19:10:19,0.0,0.006006462649686371,1.0,0.03862302742655526,0.962499976158142,0.9995007488766849,0.0004992511233150275,0.0004992511233150275,0.0066233710378048255,0.9564935064935064,0.9647005772005772,0.9596160361377752,0.9647005781001955
0.5138289893083199,0.9174640807923612,0.08743305179205917,0.00013378942568493027,0.9032258064516129,0.0,7,47,2025-08-18 19:10:22,0.0,0.045200532218209466,0.981991889711609,0.07103333944180988,0.9311503171920776,0.9931769013146946,0.0068230986853053755,0.0068230986853053755,0.047696873252763325,0.9337845174827428,0.9283337518248788,0.929913613271244,0.92833375274539
0.09127132943927778,0.955192044108409,0.040012997307987914,0.00010795515905570558,0.9032258064516129,0.0,8,47,2025-08-18 19:10:24,0.0,1.0,0.9376040032859979,0.11277840789262732,0.8728475570678711,0.7216674987518722,0.2783325012481278,0.2783325012481278,0.9875704270784053,0.8730025803089946,0.8732710688975562,0.8716907126935418,0.8732710697704951
0.07552034501866417,0.6355007961753005,0.0034927750258537784,3.233824130940198e-05,0.41935483870967744,0.0,9,47,2025-08-18 19:10:19,0.0,0.0,0.0,0.003438460196019998,1.0,1.0,0.0,0.0,8.601780568577695e-05,1.0,1.0,1.0,1.0
0.36616351021608295,0.9131916202177982,0.03538044287421584,0.00018718539606877433,0.9032258064516129,0.0,10,47,2025-08-18 19:10:22,0.0,0.06937844516251664,0.9277627056853784,0.04389329814108305,0.9638752341270448,0.9945082376435347,0.0054917623564653024,0.0054917623564653024,0.07573867790632662,0.9636579038906432,0.963794481701067,0.9631629330254468,0.9637944826595622
0.10570973183539104,0.9430100735607363,0.04361039462724284,0.0001229340098342957,0.9354838709677419,0.0,1,48,2025-08-18 19:10:36,0.0,0.04687321801938795,0.9410189813524837,0.04821934074830008,0.9538461565971376,0.9952571143285073,0.004742885671492761,0.004742885671492761,0.050664487548922624,0.9533453539519694,0.9519839866540192,0.952153699857374,0.9519839875982787
0.2598912431824288,0.9666311442370628,0.149321162273201,0.0002963424185383451,0.9032258064516129,0.0,2,48,2025-08-18 19:10:37,0.0,0.49872647785592095,0.9629815163648282,0.10183080034197149,0.8857556581497192,0.8752704276917956,0.12472957230820436,0.12472957230820436,0.4998494688400499,0.889832234109045,0.8856433040911321,0.8851414246995306,0.8856433049761002
0.6548846802706472,0.9451206070725171,0.039424496907606445,0.00015262892453571118,0.967741935483871,0.0,3,48,2025-08-18 19:10:38,0.0,0.1323702718114427,0.9439540719212908,0.07300974226848185,0.9164752960205078,0.9757863205192212,0.024213679480778832,0.024213679480778832,0.13732742677734291,0.9214499697567018,0.9155167944935012,0.9157005490155412,0.915516795406388
0.36128820549627344,0.9502654837938296,0.03532913771110566,7.177559223703668e-05,0.967741935483871,0.0,4,48,2025-08-18 19:10:37,0.0,0.04846987264778559,0.9636427368458176,0.06844511985942058,0.9295223355293274,0.9925112331502746,0.0074887668497254116,0.0074887668497254116,0.05105156767450862,0.9339391705869488,0.9321397531292576,0.9307748913528976,0.9321397540540342
0.12638289890900278,0.9527846172730752,0.045659583200878824,0.0001292640814481581,0.9354838709677419,0.0,5,48,2025-08-18 19:10:36,0.0,0.05299372742824558,0.99026150833762,0.06782899547689242,0.9290831089019775,0.9917623564653021,0.008237643534697954,0.008237643534697954,0.05578254698722636,0.9348292609078028,0.9290761620148086,0.9304166135341616,0.929076162937209
0.296409150551763,0.6454486338447346,0.0022161818496416684,2.6831310876096788e-05,0.45161290322580644,0.0,6,48,2025-08-18 19:10:34,0.0,0.006006462649686371,1.0,0.03548525797235929,0.975000023841858,0.99966716591779,0.0003328340822100183,0.0003328340822100183,0.006709388843490602,0.9684848484848484,0.9755303030303032,0.9704400266820714,0.9755303039399299
0.5127976748218293,0.943324381228017,0.000539207204452081,5.217091989447021e-05,0.9354838709677419,0.0,7,48,2025-08-18 19:10:36,0.0,0.045200532218209466,0.981991889711609,0.06366441508275807,0.9403862357139587,0.9940921950407722,0.005907804959227825,0.005907804959227825,0.0481699711840351,0.9412575167074572,0.9367333575714896,0.9369662297432844,0.9367333585003383
0.09094318393096977,0.9816389106096253,0.010290206146157345,0.00011971487085117764,0.9032258064516129,0.0,8,48,2025-08-18 19:10:38,0.0,1.0,0.9376040032859979,0.10383446481969126,0.8838332295417786,0.745714761191546,0.254285238808454,0.254285238808454,1.0,0.884422528874713,0.8840892559564237,0.8831005883088545,0.8840892568401767
0.07186386644824613,0.6531992910238403,0.07160490598077364,9.253961835503582e-05,0.41935483870967744,0.0,9,48,2025-08-18 19:10:34,0.0,0.0,0.0,0.0001094361757673134,1.0,1.0,0.0,0.0,8.601780568577695e-05,1.0,1.0,1.0,1.0
0.37028876802233834,0.938840824828267,0.12868039096546258,0.0002722085374464217,0.9032258064516129,0.0,10,48,2025-08-18 19:10:36,0.0,0.06937844516251664,0.9277627056853784,0.05587287748221393,0.947454869747162,0.9920119820269596,0.00798801797304044,0.00798801797304044,0.07444841082103995,0.9493647759138222,0.9460660801840618,0.9462348480784591,0.9460660811249336
0.06501968871788118,0.9641710496304549,0.033447948397065747,7.3371635934549e-05,0.967741935483871,0.0,1,49,2025-08-18 19:11:48,0.0,0.04687321801938795,0.9410189813524837,0.054389342799827524,0.94898784160614,0.9946746546846397,0.005325345315360293,0.005325345315360293,0.05036342522902241,0.9507836078781734,0.9469746472734072,0.9465176403845832,0.9469746482126922
0.3333489592892336,0.9542746055120221,0.04239416046645447,0.0002738857359082143,0.9032258064516129,0.0,2,49,2025-08-18 19:11:51,0.0,0.49872647785592095,0.9629815163648282,0.11326935743653463,0.873485267162323,0.8619570644033949,0.1380429355966051,0.1380429355966051,0.4929680443851877,0.8771931094057358,0.873127622019191,0.8729593349394278,0.873127622891653
0.5855990999163839,0.9418972545225264,0.07739735949427193,0.00026764454808380175,0.967741935483871,0.0,3,49,2025-08-18 19:11:52,0.0,0.1323702718114427,0.9439540719212908,0.06047633771287453,0.940011501312256,0.9826094192045265,0.017390580795473457,0.017390580795473457,0.14085415681045976,0.940325463804057,0.9398676910607,0.9396617150239444,0.9398676919978656
0.3627414213159737,0.9713304686030002,0.0016437771867065304,7.605747218096801e-05,1.0,0.25,4,49,2025-08-18 19:11:49,0.0,0.04846987264778559,0.9636427368458176,0.05451123849212879,0.9420517086982728,0.9938425694791146,0.0061574305208853385,0.0061574305208853385,0.05173971011999484,0.9450562349769224,0.9426367343768705,0.9430057891612936,0.9426367353120749
0.1261485092736207,0.9734121197885984,0.03288761553721536,5.6108858218356514e-05,0.967741935483871,0.0,5,49,2025-08-18 19:11:48,0.0,0.05299372742824558,0.99026150833762,0.0667325015246582,0.934097409248352,0.9923448161091696,0.007655183890830421,0.007655183890830421,0.056083609307126574,0.9401496607014934,0.9338047279641396,0.9346263735846284,0.9338047288912367
0.406056628519594,0.6634397746159182,0.035270790662862705,2.946690845891373e-05,0.4838709677419355,0.0,6,49,2025-08-18 19:11:46,0.0,0.006006462649686371,1.0,0.03075398482755775,0.975000023841858,0.99966716591779,0.0003328340822100183,0.0003328340822100183,0.006709388843490602,0.9725,0.9755303030303032,0.9731378616951358,0.9755303039399299
0.5201575098478296,0.9639918093120867,0.0738703810263447,0.00012059597972050647,0.967741935483871,0.0,7,49,2025-08-18 19:11:48,0.0,0.045200532218209466,0.981991889711609,0.045638772507323074,0.961376965045929,0.9961724080545847,0.0038275919454152105,0.0038275919454152105,0.04924519375510731,0.9598156021806452,0.9595495623601284,0.9593140875086597,0.9595495633115849
0.11227264202119748,0.9745499984921727,0.08054508214862,0.00021905989586800325,0.9354838709677419,0.0,8,49,2025-08-18 19:11:52,0.0,1.0,0.9376040032859979,0.13705717957059385,0.8455163836479187,0.6619237809951739,0.3380762190048261,0.3380762190048261,0.9566900348372113,0.8586828153025742,0.8454115904494094,0.8452010718160498,0.8454115912944995
0.0724732795840637,0.6696405552032574,0.0025833658601360893,2.1223903115587437e-05,0.45161290322580644,0.0,9,49,2025-08-18 19:11:45,0.0,0.0,0.0,0.0,1.0,1.0,0.0,0.0,8.601780568577695e-05,1.0,1.0,1.0,1.0
0.36264766544086485,0.9623162096534079,0.03323065594154028,0.0001910499086535499,0.9354838709677419,0.0,10,49,2025-08-18 19:11:48,0.0,0.06937844516251664,0.9277627056853784,0.04170844584014168,0.9594964385032654,0.9938425694791146,0.0061574305208853385,0.0061574305208853385,0.0753946066835835,0.961983520085648,0.9593132003859106,0.9590348816150136,0.95931320133995
0.06023813986444884,0.9587772752158635,0.06391416143219872,0.0002278787135864611,0.967741935483871,0.0,1,50,2025-08-18 19:13:09,0.0,0.04687321801938795,0.9410189813524837,0.039739615950539625,0.9684210419654846,0.9967548676984523,0.0032451323015476783,0.0032451323015476783,0.05143864780009462,0.9674488345328414,0.9670379321798884,0.9671491779852476,0.9670379331390755
0.25975060939596056,0.9808595125427872,0.06969353715902186,0.00021803193552045295,0.9354838709677419,0.0,2,50,2025-08-18 19:13:10,0.0,0.49872647785592095,0.9629815163648282,0.07583036615774798,0.9195183515548706,0.9121318022965552,0.08786819770344484,0.08786819770344484,0.5189024127994495,0.9203208069576932,0.9199421236053328,0.9196772918606112,0.9199421245245729
0.5499249953051518,0.9600540439291687,0.027021725221618186,0.00011735751817446454,1.0,0.0,3,50,2025-08-18 19:13:11,0.0,0.1323702718114427,0.9439540719212908,0.05422072734350763,0.944316864013672,0.9838575470128141,0.016142452987185887,0.016142452987185887,0.1414992903531031,0.9449159886915172,0.9441961692743244,0.9440488440066028,0.9441961702158058
0.3283330207916875,0.9687471993700255,0.033655181016687255,5.6615109366962114e-05,1.0,0.0,4,50,2025-08-18 19:13:10,0.0,0.04846987264778559,0.9636427368458176,0.04392598813983567,0.9577133655548096,0.9955067398901648,0.0044932601098352475,0.0044932601098352475,0.052599888176852606,0.958780221758721,0.9584824159976968,0.9583319811425778,0.9584824169486216
0.131492593272926,0.9679695002635512,0.0453165427965539,0.00014198605687723925,1.0,0.0,5,50,2025-08-18 19:13:10,0.0,0.05299372742824558,0.99026150833762,0.06369787528887406,0.9441260695457458,0.9935097353969047,0.006490264603095357,0.006490264603095357,0.05668573394692701,0.9484931925174964,0.9436096308515104,0.9447167701557552,0.9436096317883437
0.39808738044291,0.6792074010111362,0.0001287658995706462,1.6791307180849858e-05,0.4838709677419355,0.0,6,50,2025-08-18 19:13:07,0.0,0.006006462649686371,1.0,0.024933772219511378,0.987500011920929,0.999833582958895,0.00016641704110500916,0.00016641704110500916,0.00679540664917638,0.9833333333333334,0.9912878787878788,0.9868353252733773,0.9912878797119924
0.5289236826861224,0.9588172007844101,0.030862570569748865,0.00017554934867601509,0.967741935483871,0.0,7,50,2025-08-18 19:13:09,0.0,0.045200532218209466,0.981991889711609,0.046462073446561974,0.9605373740196228,0.9960891995340323,0.003910800465967715,0.003910800465967715,0.04920218485226442,0.9591352408608592,0.9580893035439118,0.9581804280813462,0.9580893044939253
0.18708981809442293,1.0,0.05183028654436589,0.00020074210621616703,0.9354838709677419,0.0,8,50,2025-08-18 19:13:11,0.0,1.0,0.9376040032859979,0.11038934456392521,0.8747861981391907,0.72591113330005,0.2740888666999501,0.2740888666999501,0.9897638811233925,0.8821681430461654,0.8747895086988638,0.8752437821614999,0.8747895095733206
0.07205137819846388,0.6859157460071246,0.040719197788445675,9.3776262382164e-05,0.45161290322580644,0.0,9,50,2025-08-18 19:13:07,0.0,0.0,0.0,0.000488338419879893,1.0,1.0,0.0,0.0,8.601780568577695e-05,1.0,1.0,1.0,1.0
0.39766547908350525,0.9576296274901982,0.06430649503245303,0.0001730490090336653,0.9354838709677419,0.0,10,50,2025-08-18 19:13:10,0.0,0.06937844516251664,0.9277627056853784,0.04746116153343852,0.9562123417854308,0.9932601098352472,0.00673989016475287,0.00673989016475287,0.07509354436368328,0.9567407733810456,0.9550450955702836,0.9546020933853626,0.9550450965200808
