client_rank,round,data_size,data_variance,local_loss,local_accuracy,cpu_time,ram_used_mb,net_sent_bytes,net_recv_bytes,gpu_mem_used_mb,gpu_load,timestamp,confusion_mean,classification_score,class_label,p_select,mlp_label
1,1,0.1774987928536938,0.3709906432236168,0.2243665373078657,0.1287612726205903,0.8777702762213466,0.9829674644845428,0.9376945784518684,0.9997347794427038,0.967741935483871,1.0,2025-08-20 13:08:41,0.1353284671532846,2,0,0.257284,0
2,1,0.0834379526798648,0.3701856151481338,0.2310880712441236,0.1418036684492615,0.6197346405586487,0.98614137146983,0.972892259342224,0.9998605260082418,0.967741935483871,1.0,2025-08-20 13:08:41,0.1396825396825396,5,1,0.36086714,0
3,1,0.0001931434089811,1.0,0.2112102939003608,0.2411347523464307,0.9771773270336604,0.9995016277258074,0.9573584334209816,0.9998730521354998,1.0,1.0,2025-08-20 13:08:36,0.0703125,7,1,0.66763234,1
4,1,0.0014485755673587,0.1034464942367306,0.1958228030088409,0.1050102914647331,0.9819033081894288,1.0,0.959307413795477,0.9998411739570796,1.0,1.0,2025-08-20 13:08:38,0.0775,5,1,0.38791388,0
5,1,0.1231289232254949,0.4559574396808745,0.2248163506538207,0.1437282732510654,0.9458420172063062,0.9854937646067808,0.9264048490474384,0.999678692305728,0.967741935483871,1.0,2025-08-20 13:08:40,0.1278217821782178,4,0,0.39725953,0
6,1,0.0736842105263157,0.4325252988576529,0.2323717108561312,0.1448665789727628,0.5815598673207358,0.9902399787192268,0.960314354210958,0.9998272913962252,0.967741935483871,1.0,2025-08-20 13:08:40,0.1366666666666667,7,1,0.3877652,0
7,1,0.030420086914534,0.4309667809957699,0.2344715209677501,0.13440894996532,0.8126926350971121,0.989293902678464,0.9539678762407297,0.9997831655373264,0.967741935483871,1.0,2025-08-20 13:08:41,0.1225925925925925,5,1,0.28623793,0
8,1,0.095702559150169,0.4243175686296738,0.2369733267245456,0.1443934962754884,0.93506912848245,0.988714777470248,0.5568665666281853,0.6475193057096627,0.967741935483871,1.0,2025-08-20 13:08:42,0.1228048780487805,6,1,0.33338562,0
9,1,0.132399806856591,0.3769752693519847,0.2159775960584808,0.1173510832426341,0.9293597910002368,0.9855713507590776,0.0417870439022087,0.0460301166445381,0.967741935483871,1.0,2025-08-20 13:08:45,0.1359803921568627,3,0,0.13222426,0
10,1,0.0,0.0,0.2406927264485128,0.1356382971842832,0.977705697595991,0.9996833218273596,0.994376277113149,0.9948479151536068,1.0,1.0,2025-08-20 13:08:36,0.08,5,1,0.6824729,1
11,1,1.0,0.386290557412367,0.2239923331469021,0.1340296252152786,0.909942172777346,0.9713857520156566,0.0,0.0,0.967741935483871,1.0,2025-08-20 13:08:46,0.1490086206896551,2,0,0.0150609175,0
12,1,0.1770159343312409,0.4243082917376383,0.234308859045444,0.1461284346599354,0.9124519329550804,0.983159450626706,0.9531762873398876,0.9997880383559644,0.967741935483871,0.9821428571428572,2025-08-20 13:08:41,0.1390225563909774,8,1,0.57499534,1
13,1,0.0116851762433606,0.4111577818951144,0.2148657732106379,0.1742506608087932,0.9427892094989434,0.9913376644351412,0.8966184895500432,0.999677976299724,0.967741935483871,1.0,2025-08-20 13:08:41,0.1053846153846153,4,0,0.18829201,0
14,1,0.2915499758570739,0.3942908460267859,0.228784647640814,0.1337165705258969,0.7369008131038606,0.9852202338351628,0.9458926861118924,0.999739596571986,0.967741935483871,1.0,2025-08-20 13:08:43,0.1398617511520737,4,0,0.18846595,0
15,1,0.0033800096571704,0.5044761004068941,0.2551198580811511,0.2340425542235752,0.5404497020584842,0.9915320256635992,0.9848506601163096,0.9998145067112436,0.967741935483871,1.0,2025-08-20 13:08:43,0.0566666666666666,6,1,0.73462635,1
16,1,0.0525350072428778,0.3623868412440311,0.2229012721725595,0.1026975657891843,0.930416532124898,0.9881075470742104,0.9871762598063606,0.9998193357739592,0.967741935483871,1.0,2025-08-20 13:08:41,0.1333333333333333,4,0,0.7675817,1
17,1,0.7864799613713183,0.3960707208402803,0.2286445458645163,0.1376329799275044,0.9670795784808696,0.9780585569609028,0.9655122907697784,0.9999075835139458,1.0,0.1071428571428572,2025-08-20 13:08:38,0.1439153439153439,9,1,0.9978765,1
18,1,0.0136166103331723,0.3496031551740573,0.2154136741479332,0.1174955967639578,0.8200311151511249,0.9940622842629948,0.9236495296683588,0.9997682209008996,0.967741935483871,1.0,2025-08-20 13:08:41,0.1121428571428571,1,0,0.18163584,0
19,1,0.7737324963785611,0.3672139173995845,0.2280638673237814,0.1357058850465638,0.7938327413561121,0.9749570901076072,0.9262091643377892,0.9997713315492056,0.967741935483871,1.0,2025-08-20 13:08:42,0.1467641681901279,3,0,0.028334074,0
20,1,0.9696764847899564,0.3740074369751152,0.2322320995177901,0.1375669281530029,0.7873895558732816,0.974735415386759,0.8508076173469087,0.9995847960739322,0.967741935483871,1.0,2025-08-20 13:08:43,0.1432621082621082,4,0,0.0040248404,0
1,2,0.1774987928536938,0.3709906432236168,0.3107119813492167,0.1240790426143735,0.94810226906163,0.9580393504297322,0.985410180718271,0.9998955585908906,0.967741935483871,1.0,2025-08-20 13:08:59,0.0965625,6,1,0.57151556,1
2,2,0.0834379526798648,0.3701856151481338,0.3090653359095903,0.1183752414729989,0.7502862007239108,0.964727197588179,0.9285416474095868,0.9998572164693792,0.967741935483871,1.0,2025-08-20 13:08:59,0.0946236559139785,3,0,0.14061335,0
3,2,0.0001931434089811,1.0,0.3126061344776586,0.1205673761732153,0.9907681920906304,0.982656328179924,0.9381528150081322,0.9998660114097944,0.967741935483871,1.0,2025-08-20 13:08:56,0.1224489795918367,6,1,0.80123913,1
4,2,0.0014485755673587,0.1034464942367306,0.2445769950655912,0.0350034304882443,0.9923826577019664,0.9830699890429352,0.999519146617998,0.9999495573770218,0.967741935483871,1.0,2025-08-20 13:08:58,0.0442857142857142,4,0,0.5063021,1
5,2,0.1231289232254949,0.4559574396808745,0.3155493343954857,0.1361636230353922,0.9733613174033868,0.9608518484504937,0.976589618680318,0.999919636281679,0.967741935483871,1.0,2025-08-20 13:08:59,0.0890344827586206,6,1,0.5518002,1
6,2,0.0736842105263157,0.4325252988576529,0.3084338970403367,0.1086499301872358,0.7157806675020693,0.9645957761465334,0.9967382603924314,0.999928459066772,0.967741935483871,1.0,2025-08-20 13:08:59,0.0938554216867469,6,1,0.5364065,1
7,2,0.030420086914534,0.4309667809957699,0.3094183694987561,0.1147393459538736,0.8853876185139127,0.9687133840862884,0.9683767609165518,0.999944418045038,0.967741935483871,1.0,2025-08-20 13:08:59,0.0769767441860465,4,0,0.24259676,0
8,2,0.095702559150169,0.4243175686296738,0.3051658637158541,0.1142217247956777,0.9730384242817346,0.96196536807504,0.9992192278419024,0.999929592742945,0.967741935483871,1.0,2025-08-20 13:08:59,0.0915454545454545,5,1,0.7183596,1
9,2,0.132399806856591,0.3769752693519847,0.313376775986956,0.121262787364834,0.9796430563300044,0.9613066774759482,0.9346816239274216,0.9998707410272316,0.967741935483871,0.9821428571428572,2025-08-20 13:08:59,0.0845731707317073,4,0,0.23129764,0
10,2,0.0,0.0,0.2498290134042518,0.0678191485921416,0.9904599759299542,0.982509468677362,0.9990274764932512,0.9999809104843724,0.967741935483871,1.0,2025-08-20 13:08:56,0.0533333333333333,4,0,0.58957523,1
11,2,1.0,0.386290557412367,0.3054160688134314,0.1185445506849464,0.9636158158923206,0.9422157338383296,0.9918304092072114,0.9998814492948016,0.967741935483871,1.0,2025-08-20 13:09:00,0.1017762512266928,4,0,0.3071616,0
12,2,0.1770159343312409,0.4243082917376383,0.3047331339587241,0.1250014390717088,0.9052161916222612,0.9591449530999626,0.9609063250411528,0.999754843522059,0.967741935483871,1.0,2025-08-20 13:09:06,0.09245,4,0,0.2651512,0
13,2,0.0116851762433606,0.4111577818951144,0.3105764569938479,0.1267277511105753,0.972876977720396,0.9696962739646208,0.9994522794810324,0.9999291551837204,0.967741935483871,1.0,2025-08-20 13:08:59,0.0721052631578947,7,1,0.58027226,1
14,2,0.2915499758570739,0.3942908460267859,0.3037903487266243,0.1226331070185564,0.8315084979615059,0.958125249384061,0.9285672142560736,0.999836850076378,0.967741935483871,1.0,2025-08-20 13:08:59,0.0979032258064516,4,0,0.14048207,0
15,2,0.0033800096571704,0.5044761004068941,0.3026016088592386,0.1914893654864425,0.7455455426069956,0.9704804482896212,0.9655073740685308,0.9998932793051114,0.967741935483871,1.0,2025-08-20 13:08:58,0.06375,3,0,0.30712384,0
16,2,0.0525350072428778,0.3623868412440311,0.3097610221511718,0.1046352596758007,0.9608125165208664,0.9643903311820328,0.9548646825482672,0.9998163484377982,0.967741935483871,1.0,2025-08-20 13:08:59,0.0861538461538461,3,0,0.27760804,0
17,2,0.7864799613713183,0.3960707208402803,0.3033759286532113,0.1203457429607079,0.969794816097574,0.9605905889580656,0.9970430958697742,0.999910097490582,0.967741935483871,0.1071428571428572,2025-08-20 13:09:01,0.0977245508982036,7,1,0.99710524,1
18,2,0.0136166103331723,0.3496031551740573,0.3146372015356797,0.1036725853799628,0.8982593125334627,0.9707808967059136,0.9997472815558804,0.9999497562675784,0.967741935483871,1.0,2025-08-20 13:08:58,0.0713636363636363,4,0,0.3546988,0
19,2,0.7737324963785611,0.3672139173995845,0.3059371591424271,0.1170530822134876,0.8511609475415596,0.9493144709257768,0.9601176861610592,0.999838886715678,0.967741935483871,1.0,2025-08-20 13:09:01,0.1017490494296578,2,0,0.078127466,0
20,2,0.9696764847899564,0.3740074369751152,0.3045389205278702,0.1185773016933314,0.8358235242352339,0.9479757139509402,0.990969986488905,0.9998459871085504,0.967741935483871,1.0,2025-08-20 13:09:02,0.1021015228426396,4,0,0.081351966,0
1,3,0.1774987928536938,0.3709906432236168,0.2602566234999864,0.132272947146421,0.9404115419510276,0.9447990360316424,0.8631623042415398,0.9995771387875012,0.935483870967742,1.0,2025-08-20 13:09:19,0.0960621761658031,4,0,0.09631325,0
2,3,0.0834379526798648,0.3701856151481338,0.2610015987562166,0.1220744642319858,0.7112454868343756,0.9486213415754106,0.9961836564917174,0.9999020822011488,0.935483870967742,1.0,2025-08-20 13:09:18,0.0967032967032966,4,0,0.5262879,1
3,3,0.0001931434089811,1.0,0.346284672443692,0.1205673761732153,0.9893445269564338,0.9724050598838424,0.9987344410989024,0.9999812207536408,0.967741935483871,0.9821428571428572,2025-08-20 13:09:14,0.0918367346938775,7,1,0.8988232,1
4,3,0.0014485755673587,0.1034464942367306,0.1310713422010714,0.0,0.9922505650639466,0.9723254944929666,0.9480629180425236,0.9998208433643786,0.967741935483871,1.0,2025-08-20 13:09:16,0.0516666666666666,4,0,0.2516423,0
5,3,0.1231289232254949,0.4559574396808745,0.2712479920269501,0.1437282732510654,0.9630874453223012,0.9473589832097232,0.9675763219534644,0.9999130689154984,0.935483870967742,1.0,2025-08-20 13:09:19,0.0902797202797203,7,1,0.481739,0
6,3,0.0736842105263157,0.4325252988576529,0.2635113332599788,0.1156146734477881,0.701705462764159,0.9518411668957304,0.8942378228060204,0.9997062267143908,0.935483870967742,1.0,2025-08-20 13:09:18,0.0986075949367088,4,0,0.09904983,0
7,3,0.030420086914534,0.4309667809957699,0.251803107919636,0.1114610759237417,0.8621686676225787,0.9510498673118456,0.9671761024719208,0.9997881457568648,0.935483870967742,1.0,2025-08-20 13:09:18,0.0769767441860465,3,0,0.24128252,0
8,3,0.095702559150169,0.4243175686296738,0.2458048882298538,0.1196095445962178,0.9645698182997182,0.9460851452602778,0.968985448530988,0.999804323514743,0.935483870967742,1.0,2025-08-20 13:09:18,0.0941121495327102,6,1,0.51718,1
9,3,0.132399806856591,0.3769752693519847,0.2645564565457103,0.1236098082212194,0.9711891273081096,0.947759976945829,0.998502372800022,0.9999136496759238,0.935483870967742,1.0,2025-08-20 13:09:19,0.0850920245398773,6,1,0.67974335,1
10,3,0.0,0.0,0.2013886199001309,0.0678191485921416,0.9883318167142734,0.9730075401072904,0.9614422454771264,0.9999055230077788,0.967741935483871,0.9821428571428572,2025-08-20 13:09:14,0.0533333333333333,5,1,0.3855117,0
11,3,1.0,0.386290557412367,0.2527337956821373,0.1235667411706968,0.9557489652744394,0.9217915750938952,0.8941031051918399,0.9996802834301812,0.935483870967742,1.0,2025-08-20 13:09:19,0.1000096432015429,4,0,0.019705687,0
12,3,0.1770159343312409,0.4243082917376383,0.2542860318150985,0.1279357467094089,0.917897085159204,0.946161939717143,0.9200396876124696,0.9997493302758286,0.935483870967742,1.0,2025-08-20 13:09:19,0.0978306878306878,4,0,0.19013423,0
13,3,0.0116851762433606,0.4111577818951144,0.2617303895598756,0.1346482401026145,0.9657733290276468,0.9550083444698492,0.9665575814549896,0.999911684637224,0.935483870967742,1.0,2025-08-20 13:09:18,0.0805882352941176,7,1,0.3670187,0
14,3,0.2915499758570739,0.3942908460267859,0.2480716924657297,0.125135822498363,0.8059852643314077,0.941015127716307,0.9601127694598118,0.999848361861797,0.935483870967742,1.0,2025-08-20 13:09:18,0.0991830065359477,5,1,0.22545128,0
15,3,0.0033800096571704,0.5044761004068941,0.2285088580298288,0.1276595742960708,0.7066515983193606,0.957421432145368,0.9265621834873572,0.9998036711537172,0.935483870967742,1.0,2025-08-20 13:09:18,0.0566666666666666,3,0,0.16178022,0
16,3,0.0525350072428778,0.3623868412440311,0.2568811025233267,0.1162613987414816,0.9530337276570516,0.9523779363983558,0.9470481109050468,0.9995590238356012,0.935483870967742,1.0,2025-08-20 13:09:18,0.0848484848484848,3,0,0.24435984,0
17,3,0.7864799613713183,0.3960707208402803,0.2483959536947689,0.1243351084471504,0.9704259253817816,0.9513990049971816,0.9914577232526536,0.999870128444317,0.967741935483871,0.1250000000000001,2025-08-20 13:09:18,0.1002457002457002,9,1,0.99649286,1
18,3,0.0136166103331723,0.3496031551740573,0.2577415759183601,0.1036725853799628,0.6074500249521679,0.9559338364293902,0.8238601611498001,0.9736883784349492,0.935483870967742,1.0,2025-08-20 13:09:38,0.0747619047619047,2,0,0.031044524,0
19,3,0.7737324963785611,0.3672139173995845,0.2557894693713679,0.1231355128230667,0.8000851263809395,0.9344246590959472,0.933631416540963,0.9996887004785386,0.935483870967742,1.0,2025-08-20 13:09:22,0.1007277289836888,3,0,0.04402432,0
20,3,0.9696764847899564,0.3740074369751152,0.2499798230759375,0.1237562944026384,0.7998209410884973,0.9237767513886338,0.987755447213312,0.9997851663763262,0.935483870967742,0.9821428571428572,2025-08-20 13:09:23,0.1026224489795918,4,0,0.08217379,0
1,4,0.1774987928536938,0.3709906432236168,0.2302119855741353,0.1539282518299171,0.962162796842494,0.9215132941496874,0.9612308273234856,0.9998918114928032,0.9032258064516128,1.0,2025-08-20 13:09:49,0.1002162162162162,4,0,0.4954298,0
2,4,0.0834379526798648,0.3701856151481338,0.2319867170601203,0.1405705941962658,0.7594299468663993,0.9284604215619834,0.99949554645201,0.9999220229683587,0.9032258064516128,1.0,2025-08-20 13:09:49,0.1023255813953488,5,1,0.52188843,1
3,4,0.0001931434089811,1.0,0.3578002374067104,0.2411347523464307,0.9891390495140466,0.9569127678305644,0.9995948638172087,0.9999549194664292,0.967741935483871,1.0,2025-08-20 13:09:47,0.1224489795918367,9,1,0.9842154,1
4,4,0.0014485755673587,0.1034464942367306,0.0519681954663363,0.0350034304882443,0.9982681187076904,0.956864078561521,0.967553705127726,0.9999507149200616,0.967741935483871,1.0,2025-08-20 13:09:47,0.0619999999999999,4,0,0.3828242,0
5,4,0.1231289232254949,0.4559574396808745,0.2447874746886759,0.1605385873011397,0.9705286641029752,0.9228381964544712,0.9674986380737544,0.9999167921467188,0.9032258064516128,1.0,2025-08-20 13:09:50,0.0970676691729323,6,1,0.5931275,1
6,4,0.0736842105263157,0.4325252988576529,0.2364671947532293,0.1392947843643209,0.7129186602875652,0.9276774347801304,0.9591343459115662,0.9998659795873052,0.9032258064516128,1.0,2025-08-20 13:09:49,0.1025,4,0,0.3180175,0
7,4,0.030420086914534,0.4309667809957699,0.2161061725427963,0.13440894996532,0.884477647002087,0.9323302288316476,0.9992152944809044,0.999920563111673,0.9032258064516128,1.0,2025-08-20 13:09:49,0.0788095238095238,4,0,0.48875654,0
8,4,0.095702559150169,0.4243175686296738,0.2105853942038632,0.1379281189825782,0.9721431297149948,0.9226755030432772,0.9938049564281936,0.9999003757201728,0.9032258064516128,1.0,2025-08-20 13:09:49,0.1118888888888888,6,1,0.83910537,1
9,4,0.132399806856591,0.3769752693519847,0.2347055416127563,0.1455153416039317,0.977338773593974,0.9227752566676588,0.9950400317815568,0.999893685041847,0.9032258064516128,1.0,2025-08-20 13:09:50,0.0956551724137931,6,1,0.7593708,1
10,4,0.0,0.0,0.1716456013176515,0.0678191485921416,0.9892564652010858,0.9570101463686512,0.9578943538569554,0.9998724952419412,0.967741935483871,1.0,2025-08-20 13:09:47,0.08,3,0,0.4081221,0
11,4,1.0,0.386290557412367,0.2209132001754092,0.1426091928806244,0.9593154665806792,0.8950674999524982,0.9600616357668382,0.9998424508344532,0.935483870967742,1.0,2025-08-20 13:09:52,0.1048634984833164,4,0,0.11555082,0
12,4,0.1770159343312409,0.4243082917376383,0.2230818350802852,0.1455415844509369,0.933645463350304,0.9224451196726814,0.9651376381347216,0.999909886666592,0.935483870967742,1.0,2025-08-20 13:09:49,0.106878612716763,7,1,0.48883167,0
13,4,0.0116851762433606,0.4111577818951144,0.2380447701806202,0.1900916226235267,0.9737135644463074,0.9349907213295416,0.947208395365714,0.9998318738346506,0.935483870967742,1.0,2025-08-20 13:09:49,0.0913333333333333,6,1,0.36949283,0
14,4,0.2915499758570739,0.3942908460267859,0.216062196606012,0.1387220014855101,0.831009481315318,0.921319724616661,0.9704319420379924,0.999805131010403,0.935483870967742,1.0,2025-08-20 13:09:50,0.1095667870036101,5,1,0.2855577,0
15,4,0.0033800096571704,0.5044761004068941,0.1885666916997779,0.1063829799275044,0.6800569466048212,0.9382616110052,0.9678251070365862,0.9998790307856328,0.935483870967742,1.0,2025-08-20 13:09:51,0.0728571428571428,3,0,0.39697498,0
16,4,0.0525350072428778,0.3623868412440311,0.2261160112390805,0.1472644443346366,0.9599612528262902,0.9265334348814672,0.9602170035262582,0.9998847667892868,0.9032258064516128,1.0,2025-08-20 13:09:49,0.0903225806451612,3,0,0.39370757,0
17,4,0.7864799613713183,0.3960707208402803,0.2162099819102981,0.1434840352941876,0.9810080136209804,0.9284952561609738,0.9971247131104822,0.9999353406800324,0.967741935483871,0.1250000000000001,2025-08-20 13:09:48,0.1099730458221024,9,1,0.9983308,1
18,4,0.0136166103331723,0.3496031551740573,0.2105614444836443,0.0967610796879652,0.8958376141068902,0.9340113940806516,0.9980559363267522,0.9999134388519336,0.935483870967742,1.0,2025-08-20 13:09:49,0.0785,4,0,0.39633787,0
19,4,0.7737324963785611,0.3672139173995845,0.2262280763121869,0.1403015039560566,0.843778436605473,0.9118839026151284,0.9976960337954376,0.9998789114512988,0.9032258064516128,1.0,2025-08-20 13:09:51,0.1063311258278145,4,0,0.17963856,0
20,4,0.9696764847899564,0.3740074369751152,0.2181347874110338,0.1426380228228365,0.8504270995416259,0.8974952339935017,0.992447946883893,0.999843851023972,0.9032258064516128,1.0,2025-08-20 13:09:52,0.1089599133261105,4,0,0.111480705,0
1,5,0.1774987928536938,0.3709906432236168,0.2398736950608208,0.2054327576442842,0.9585082337725338,0.9068503030610112,0.9786713499884948,0.9998818232090482,0.9032258064516128,1.0,2025-08-20 13:10:02,0.1373333333333333,5,1,0.8682441,1
2,5,0.0834379526798648,0.3701856151481338,0.2430196093340846,0.1874274643181361,0.7473214547772782,0.91225322853397,0.9597695837127388,0.999865251647868,0.9032258064516128,1.0,2025-08-20 13:10:02,0.1466666666666666,2,0,0.30429202,0
3,5,0.0001931434089811,1.0,0.3929836025032239,0.3617021366043186,0.9695893386551868,0.9477643312707028,0.8948327436569637,0.9997278341844656,0.935483870967742,0.9821428571428572,2025-08-20 13:10:03,0.1224489795918367,6,1,0.63668036,1
4,5,0.0014485755673587,0.1034464942367306,0.0201807045216857,0.1050102914647331,0.9990606745522116,0.9486312377683056,0.998731491078154,0.9999851269641736,0.935483870967742,1.0,2025-08-20 13:09:59,0.0775,5,1,0.6832549,1
5,5,0.1231289232254949,0.4559574396808745,0.2552337214267653,0.2042454264684158,0.8843602313019768,0.9082599167769764,0.9245650194406368,0.9995464340633652,0.9032258064516128,1.0,2025-08-20 13:10:21,0.131734693877551,4,0,0.2919862,0
6,5,0.0736842105263157,0.4325252988576529,0.252319539088043,0.2159069198070337,0.7238529955614833,0.9147288601485856,0.9625514532785548,0.999887889371026,0.9032258064516128,1.0,2025-08-20 13:10:02,0.1469811320754717,6,1,0.38805774,0
7,5,0.030420086914534,0.4309667809957699,0.2195685010377922,0.13440894996532,0.8877799630154576,0.918827863245698,0.9507494036041388,0.9998641617276176,0.9032258064516128,1.0,2025-08-20 13:10:02,0.1003030303030303,2,0,0.26512268,0
8,5,0.095702559150169,0.4243175686296738,0.2206155860753507,0.1745652839246441,0.9716441130715404,0.908315731304904,0.9994965297922596,0.999938499062072,0.9032258064516128,1.0,2025-08-20 13:10:02,0.1598412698412698,6,1,0.97639775,1
9,5,0.132399806856591,0.3769752693519847,0.2401324828226404,0.1908910997198435,0.9740071036487412,0.9096885311832996,0.9649862037362996,0.999864985134522,0.9032258064516128,1.0,2025-08-20 13:10:03,0.1429896907216494,6,1,0.8676512,1
10,5,0.0,0.0,0.1947991772535448,0.2034574457764248,0.9900930519270827,0.9468293389659824,0.9199521703302648,0.9999118198828024,0.935483870967742,1.0,2025-08-20 13:09:59,0.08,5,1,0.21399435,0
11,5,1.0,0.386290557412367,0.2269862933932479,0.1916801475886073,0.9625884286848272,0.872499825827005,0.994037024727074,0.99989060621603,0.9032258064516128,1.0,2025-08-20 13:10:04,0.1514014598540146,6,1,0.6468494,1
12,5,0.1770159343312409,0.4243082917376383,0.230557008676675,0.188969308384077,0.95620395103787,0.9104418293864676,0.9996597642736754,0.9999349627879748,0.9032258064516128,1.0,2025-08-20 13:10:02,0.144453125,6,1,0.95121515,1
13,5,0.0116851762433606,0.4111577818951144,0.2483468281594395,0.1742506608087932,0.9709249420259192,0.9211123004135816,0.9970293291062814,0.999934708208062,0.9032258064516128,1.0,2025-08-20 13:10:02,0.1245454545454545,6,1,0.9092537,1
14,5,0.2915499758570739,0.3942908460267859,0.2233507585598767,0.1952118882716367,0.834766783103738,0.9040156375681648,0.9582778565542578,0.9998450364116898,0.9032258064516128,1.0,2025-08-20 13:10:02,0.1438388625592417,4,0,0.29995456,0
15,5,0.0033800096571704,0.5044761004068941,0.2039866332360995,0.170212771117876,0.2646109137876489,0.9243285631044594,0.891239618385316,0.9995018746230526,0.9032258064516128,1.0,2025-08-20 13:10:17,0.085,2,0,0.2135071,0
16,5,0.0525350072428778,0.3623868412440311,0.2360079813464375,0.1976443722012481,0.960592362110498,0.9134676893260456,0.9924971138963676,0.9999103679817388,0.9032258064516128,1.0,2025-08-20 13:10:02,0.1217391304347826,6,1,0.8554762,1
17,5,0.7864799613713183,0.3960707208402803,0.2226507401163443,0.1882978763311575,0.9828279566719698,0.918617668108608,0.9949053141673764,0.9999451579179086,0.935483870967742,0.0714285714285715,2025-08-20 13:10:01,0.1581395348837209,8,1,0.99976903,1
18,5,0.0136166103331723,0.3496031551740573,0.2048932895387223,0.1658761366079404,0.8953679513829961,0.9228132580483758,0.9642762320761656,0.9999429024989962,0.9032258064516128,1.0,2025-08-20 13:10:02,0.1207692307692307,3,0,0.39351514,0
19,5,0.7737324963785611,0.3672139173995845,0.2352897349588477,0.196935718316039,0.8436463439701871,0.8898454768856602,0.928514113882601,0.999828210270597,0.9032258064516128,1.0,2025-08-20 13:10:04,0.151758034026465,4,0,0.03487944,0
20,5,0.9696764847899564,0.3740074369751152,0.2252595430873603,0.1877384008233172,0.8358528781493262,0.8821395094021749,0.9464207398258702,0.9998299605074956,0.9032258064516128,1.0,2025-08-20 13:10:05,0.155922480620155,2,0,0.020839987,0
1,6,0.1774987928536938,0.3709906432236168,0.2493588468830936,0.2101149957351736,0.9602988229039632,0.8865480654130433,0.9942179593329806,0.9999043813759836,0.8709677419354839,1.0,2025-08-20 13:10:32,0.1180891719745223,7,1,0.8451733,1
2,6,0.0834379526798648,0.3701856151481338,0.2549606292245419,0.1985251487644421,0.7488478586272006,0.8870765221136367,0.9570447478813936,0.9998711189192891,0.8709677419354839,1.0,2025-08-20 13:10:31,0.1173333333333333,3,0,0.27225265,0
3,6,0.0001931434089811,1.0,0.4018738530840174,0.3617021366043186,0.9937916458818504,0.9301099189937234,0.9671062853142068,0.9999728156387168,0.935483870967742,1.0,2025-08-20 13:10:28,0.1224489795918367,8,1,0.9639959,1
4,6,0.0014485755673587,0.1034464942367306,0.0,0.0700068609764887,0.9990019667130916,0.9328179132175136,0.9987904914931236,0.9999777401688994,0.935483870967742,1.0,2025-08-20 13:10:29,0.0516666666666666,5,1,0.5914532,1
5,6,0.1231289232254949,0.4559574396808745,0.2661810322772852,0.2076075022139067,0.9718349135534644,0.8872451532405677,0.9995181632777485,0.9999271463890982,0.8709677419354839,1.0,2025-08-20 13:10:32,0.1142477876106194,7,1,0.8938903,1
6,6,0.0736842105263157,0.4325252988576529,0.2571264032413372,0.1894409035016075,0.7201690785774307,0.8896392402257282,0.9982103207459224,0.99992104442682,0.8709677419354839,1.0,2025-08-20 13:10:31,0.1112857142857142,6,1,0.61051726,1
7,6,0.030420086914534,0.4309667809957699,0.2246652957631565,0.1442437519710432,0.8838905685890178,0.8953038210388311,0.9684505114352636,0.9999256547099232,0.8709677419354839,1.0,2025-08-20 13:10:31,0.08275,3,0,0.28615487,0
8,6,0.095702559150169,0.4243175686296738,0.2308865012439193,0.1648672018159339,0.9732292247633166,0.8894555668855968,0.9994021291283082,0.9999447879814732,0.8709677419354839,1.0,2025-08-20 13:10:31,0.125875,6,1,0.9230113,1
9,6,0.132399806856591,0.3769752693519847,0.2506571996338023,0.1861970580070726,0.9701323861807146,0.8889148389058136,0.9178704390220878,0.999703390535053,0.8709677419354839,0.9821428571428572,2025-08-20 13:10:34,0.1118548387096774,3,0,0.30650702,0
10,6,0.0,0.0,0.1722045371089726,0.1356382971842832,0.9919276719406712,0.9305417888516616,0.9398500602787572,0.9998772924821676,0.935483870967742,1.0,2025-08-20 13:10:28,0.08,3,0,0.30361617,0
11,6,1.0,0.386290557412367,0.2352547503846029,0.1883320259878888,0.953796929580048,0.8526409376207336,0.9875686125659084,0.9998179713847404,0.8709677419354839,1.0,2025-08-20 13:10:35,0.1208741258741258,3,0,0.37428766,0
12,6,0.1770159343312409,0.4243082917376383,0.2423239230925031,0.1930773406937917,0.9445210907933034,0.8848383991285016,0.9998623323650708,0.9999277589720128,0.8709677419354839,1.0,2025-08-20 13:10:31,0.1192903225806451,7,1,0.8546404,1
13,6,0.0116851762433606,0.4111577818951144,0.2598817654217474,0.1900916226235267,0.9691343528924392,0.9016658855271742,0.9983175048331172,0.9999083313424388,0.8709677419354839,1.0,2025-08-20 13:10:32,0.1141666666666666,7,1,0.8688317,1
14,6,0.2915499758570739,0.3942908460267859,0.2315028182761745,0.1962844817750784,0.8283089206583938,0.8861692391490223,0.9240939994611296,0.9998251712228912,0.8709677419354839,1.0,2025-08-20 13:10:32,0.1243852459016393,4,0,0.16948526,0
15,6,0.0033800096571704,0.5044761004068941,0.1983683394834423,0.2340425542235752,0.7588281915058522,0.9017957235779568,0.9616428468880232,0.999868481630508,0.8709677419354839,0.9821428571428572,2025-08-20 13:10:31,0.0849999999999999,3,0,0.42364508,0
16,6,0.0525350072428778,0.3623868412440311,0.2397356367760091,0.178267481843119,0.963865324209776,0.8952943206936519,0.9935571546853212,0.9999051451157212,0.8709677419354839,1.0,2025-08-20 13:10:31,0.096551724137931,5,1,0.7201016,1
17,6,0.7864799613713183,0.3960707208402803,0.2327855587519282,0.1875,0.979496286728104,0.8973828132422145,0.9902708315715154,0.9998995682245128,0.935483870967742,0.1250000000000001,2025-08-20 13:10:31,0.1234493192133131,7,1,0.99869084,1
18,6,0.0136166103331723,0.3496031551740573,0.2163978196477149,0.1520531252239454,0.8800745589587441,0.901180576227603,0.9500571320684956,0.999838317888686,0.8709677419354839,1.0,2025-08-20 13:10:32,0.0923529411764705,1,0,0.24283427,0
19,6,0.7737324963785611,0.3672139173995845,0.2438062718166344,0.1900422899517998,0.8544926174799576,0.870463981024644,0.8885187159149686,0.9997861290066204,0.8709677419354839,1.0,2025-08-20 13:10:33,0.1207218045112782,4,0,0.024576496,0
20,6,0.9696764847899564,0.3740074369751152,0.2343820160406521,0.1877384008233172,0.7052572871074579,0.8600211224341151,0.8377695089788798,0.9994132728578752,0.8709677419354839,1.0,2025-08-20 13:10:44,0.1237023370233702,2,0,0.0022965306,0
1,7,0.1774987928536938,0.3709906432236168,0.3229737476633568,0.2569372634586514,0.9679014882394832,0.8663930831153532,0.9951865494787312,0.999904090995771,0.8709677419354839,1.0,2025-08-20 13:10:55,0.12875,6,1,0.9131632,1
2,7,0.0834379526798648,0.3701856151481338,0.3280720954422507,0.2416827799579804,0.7463380984583512,0.872945946202712,0.9523129146008328,0.9998884462645848,0.8709677419354839,1.0,2025-08-20 13:10:55,0.1189189189189189,2,0,0.25372425,0
3,7,0.0001931434089811,1.0,0.4426626379368247,0.3617021366043186,0.9908709308172916,0.9212892443425444,0.9998249654355902,0.9999696333898104,0.935483870967742,1.0,2025-08-20 13:10:52,0.1224489795918367,9,1,0.9883483,1
4,7,0.0014485755673587,0.1034464942367306,0.0673990901170242,0.1750171524412218,0.9989139049544118,0.9236346420586614,0.9486961891631972,0.9999464427509046,0.935483870967742,1.0,2025-08-20 13:10:52,0.0775,4,0,0.39046693,0
5,7,0.1231289232254949,0.4559574396808745,0.3377010273254966,0.2420686613774368,0.9695012768910392,0.875162693411194,0.9683049770783388,0.9999235981815676,0.8709677419354839,1.0,2025-08-20 13:10:55,0.1253398058252427,8,1,0.8020839,1
6,7,0.0736842105263157,0.4325252988576529,0.3282312425592004,0.2674459956811033,0.7313675991328558,0.8732016638271191,0.9565638944993912,0.99984268552531,0.8709677419354839,1.0,2025-08-20 13:10:55,0.12171875,3,0,0.33613288,0
7,7,0.030420086914534,0.4309667809957699,0.2909666222537632,0.2196438818173516,0.894252502417848,0.8785594626604767,0.9968218443136384,0.9999234470247444,0.8709677419354839,1.0,2025-08-20 13:10:54,0.1103333333333333,4,0,0.70404226,1
8,7,0.095702559150169,0.4243175686296738,0.3118469365206842,0.2295210070837254,0.9715854052310536,0.872951883918449,0.9987442745013974,0.9999208813365636,0.8709677419354839,1.0,2025-08-20 13:10:55,0.1291025641025641,6,1,0.93403316,1
9,7,0.132399806856591,0.3769752693519847,0.3218234254359128,0.2362668578357551,0.9756949540610276,0.8684665334507153,0.9565501277358984,0.9998843888972292,0.8709677419354839,1.0,2025-08-20 13:10:55,0.1155833333333333,3,0,0.6211495,1
10,7,0.0,0.0,0.223877407185715,0.2034574457764248,0.9901957906479344,0.9208447073577006,0.9998957659335538,0.9999753733712752,0.935483870967742,1.0,2025-08-20 13:10:52,0.08,5,1,0.7365653,1
11,7,1.0,0.386290557412367,0.307301475798312,0.2408557341283649,0.9622215046820412,0.8320437934244944,0.958094955267852,0.9998553071200352,0.8709677419354839,1.0,2025-08-20 13:10:56,0.1341655886157826,3,0,0.15654536,0
12,7,0.1770159343312409,0.4243082917376383,0.3169194545671917,0.2429605462806755,0.942172777176566,0.8672774069124511,0.913854477443158,0.999845040389501,0.8709677419354839,1.0,2025-08-20 13:10:55,0.1302112676056338,5,1,0.32524872,0
13,7,0.0116851762433606,0.4111577818951144,0.3331148602527184,0.2296940514143779,0.968928875451419,0.8858478108037925,0.9976183499157276,0.9999280732190922,0.8709677419354839,1.0,2025-08-20 13:10:55,0.1141666666666666,6,1,0.86850584,1
14,7,0.2915499758570739,0.3942908460267859,0.3068636781822963,0.2424059700843833,0.8327120086894346,0.864266193338358,0.965870226620594,0.9999202289755378,0.8709677419354839,1.0,2025-08-20 13:10:55,0.1280590717299578,4,0,0.3015045,0
15,7,0.0033800096571704,0.5044761004068941,0.2668470470224863,0.2553191485921416,0.7376786919886018,0.8876916694639905,0.9966153428612448,0.9999272537899988,0.8709677419354839,1.0,2025-08-20 13:10:54,0.06375,5,1,0.6727865,1
16,7,0.0525350072428778,0.3623868412440311,0.3135114829457301,0.2305851116810194,0.9638946781238684,0.8765905161220857,0.924799054420016,0.9998499330971944,0.8709677419354839,0.9821428571428572,2025-08-20 13:10:55,0.1098039215686274,3,0,0.3144964,0
17,7,0.7864799613713183,0.3960707208402803,0.3078439819180838,0.2388297798718301,0.9467960196056732,0.8812801240111724,0.9860001848679668,0.9999397719616344,0.935483870967742,0.2321428571428572,2025-08-20 13:10:53,0.1316129032258064,6,1,0.99688995,1
18,7,0.0136166103331723,0.3496031551740573,0.2864306433318875,0.2419026992199132,0.8885431649458864,0.8896170727536433,0.9985476064514988,0.9999242306535376,0.8709677419354839,1.0,2025-08-20 13:10:55,0.1207692307692307,4,0,0.7036047,1
19,7,0.7737324963785611,0.3672139173995845,0.3149546783729847,0.246000690366356,0.8754953473980416,0.844997118228629,0.9992831449581197,0.9999122614198384,0.8709677419354839,0.9821428571428572,2025-08-20 13:10:56,0.1338,5,1,0.2655669,0
20,7,0.9696764847899564,0.3740074369751152,0.3078406305920463,0.2370467053471895,0.8372618663264765,0.8371589376080664,0.9904438994554262,0.999832725086233,0.8709677419354839,1.0,2025-08-20 13:10:58,0.1373907103825137,3,0,0.049636018,0
1,8,0.1774987928536938,0.3709906432236168,0.3864972335672044,0.30727123804665,0.9656999442232792,0.8416621012230111,0.9907398848705236,0.999898168034994,0.8387096774193549,0.9821428571428572,2025-08-20 13:11:08,0.1373333333333333,6,1,0.9265584,1
2,8,0.0834379526798648,0.3701856151481338,0.3966982613269431,0.3082688542971263,0.7407608536107403,0.8494891981075312,0.960455955206885,0.9998791620534002,0.8387096774193549,1.0,2025-08-20 13:11:08,0.1466666666666666,5,1,0.29234943,0
3,8,0.0001931434089811,1.0,0.4889190703499224,0.3617021366043186,0.9925294273024998,0.9053646865836126,0.9563741098312392,0.9999047274455524,0.935483870967742,1.0,2025-08-20 13:11:04,0.1224489795918367,8,1,0.93209445,1
4,8,0.0014485755673587,0.1034464942367306,0.1077211006445407,0.1750171524412218,0.9279214489076272,0.9067331321371342,0.8843385365143734,0.999288600301343,0.9032258064516128,1.0,2025-08-20 13:11:26,0.0775,2,0,0.11805622,0
5,8,0.1231289232254949,0.4559574396808745,0.4022747861136212,0.3084694188530424,0.9711450964301368,0.8511070277220072,0.9487876398064,0.9998341411869964,0.8387096774193549,0.9821428571428572,2025-08-20 13:11:08,0.1358947368421052,5,1,0.8023636,1
6,8,0.0736842105263157,0.4325252988576529,0.3894809763561188,0.3398792770828122,0.713931370542455,0.8510642761687008,0.9979703857250464,0.99993027692646,0.8387096774193549,1.0,2025-08-20 13:11:07,0.1198461538461538,5,1,0.6715474,1
7,8,0.030420086914534,0.4309667809957699,0.3510280248815932,0.236035231968011,0.8844336161090781,0.8544911298443844,0.9464817069213388,0.999838079220018,0.8387096774193549,1.0,2025-08-20 13:11:08,0.1225925925925926,2,0,0.330714,0
8,8,0.095702559150169,0.4243175686296738,0.3774329592514412,0.2747786804727865,0.9724219919573068,0.8526179784532171,0.8797551876114862,0.9997844304812666,0.8387096774193549,1.0,2025-08-20 13:11:07,0.1598412698412698,5,1,0.4014367,0
9,8,0.132399806856591,0.3769752693519847,0.388219242972844,0.3082421748778051,0.9765315407869388,0.8475166889396981,0.994017357922084,0.9999188248082078,0.8387096774193549,1.0,2025-08-20 13:11:08,0.1475531914893617,7,1,0.9546594,1
10,8,0.0,0.0,0.2822476979991776,0.2712765943685664,0.9931311826695396,0.9049431087662853,0.999876099128564,0.999980297901458,0.935483870967742,1.0,2025-08-20 13:11:04,0.16,6,1,0.8964258,1
11,8,1.0,0.386290557412367,0.3710206464468838,0.2917053976378269,0.9624416590836102,0.8036492409224202,0.955488120266446,0.9997627792552696,0.8387096774193549,1.0,2025-08-20 13:11:09,0.1446443514644351,3,0,0.15694785,0
12,8,0.1770159343312409,0.4243082917376383,0.3819708181854845,0.2934306020765579,0.9458420172008386,0.845881442025727,0.9607155570327512,0.9998563851068524,0.8387096774193549,1.0,2025-08-20 13:11:08,0.1422307692307692,5,1,0.78460157,1
13,8,0.0116851762433606,0.4111577818951144,0.3965798205603995,0.2930579310120018,0.9741098423692514,0.8651505171354559,0.9567035288148192,0.9998714848779134,0.8387096774193549,1.0,2025-08-20 13:11:07,0.1245454545454545,6,1,0.73628306,1
14,8,0.2915499758570739,0.3942908460267859,0.3718734363139288,0.3028287104960264,0.8258285143981692,0.843240346065907,0.9761097486385656,0.9999096320866794,0.8387096774193549,1.0,2025-08-20 13:11:08,0.1431603773584905,6,1,0.39283088,0
15,8,0.0033800096571704,0.5044761004068941,0.3363634395382519,0.3617021366043186,0.7449878181230546,0.8683588628720177,0.9992152944809044,0.999944422022849,0.8387096774193549,1.0,2025-08-20 13:11:07,0.102,5,1,0.7604962,1
16,8,0.0525350072428778,0.3623868412440311,0.3787351537661441,0.2809650395476309,0.9627792291696556,0.8527846303415691,0.9372117583893672,0.9998395231654592,0.8387096774193549,1.0,2025-08-20 13:11:07,0.1272727272727272,3,0,0.5111572,1
17,8,0.7864799613713183,0.3960707208402803,0.3734443908289042,0.2956116850294373,0.9775589279988748,0.8658543343741489,0.9518763115300578,0.999910996475898,0.9032258064516128,0.1071428571428572,2025-08-20 13:11:07,0.1497247706422018,8,1,0.9979425,1
18,8,0.0136166103331723,0.3496031551740573,0.3524163729973566,0.2626372162959058,0.8853729415568665,0.8678482193186352,0.929140501621528,0.9998529721449002,0.8387096774193549,1.0,2025-08-20 13:11:08,0.1427272727272727,2,0,0.3089429,0
19,8,0.7737324963785611,0.3672139173995845,0.3777207645923658,0.300337111440937,0.8769043355697242,0.8246901304080714,0.92073687584936,0.9998261060085076,0.8387096774193549,1.0,2025-08-20 13:11:08,0.1391334488734835,3,0,0.03380227,0
20,8,0.9696764847899564,0.3740074369751152,0.3725210596357535,0.2848444858264696,0.8553732350995613,0.8140576607616743,0.918203791366666,0.9997819881052308,0.8387096774193549,1.0,2025-08-20 13:11:09,0.1434664764621968,2,0,0.0134005705,0
1,9,0.1774987928536938,0.3709906432236168,0.5005452699420068,0.4032569006237228,0.9811254293156229,0.8347165572015783,0.9858644839135368,0.9998780601997164,0.8064516129032258,1.0,2025-08-20 13:11:37,0.1227814569536423,6,1,0.90154105,1
2,9,0.0834379526798648,0.3701856151481338,0.5085430460510922,0.3970502975288843,0.7788328881274595,0.8416569552027057,0.9592169464925236,0.9998656534067925,0.8064516129032258,1.0,2025-08-20 13:11:37,0.1313432835820895,5,1,0.3210087,0
3,9,0.0001931434089811,1.0,0.5258487215309323,0.3617021366043186,0.9904159450504434,0.8949930805819278,0.9592149798120246,0.9999080250509816,0.9032258064516128,0.9821428571428572,2025-08-20 13:11:33,0.1224489795918367,7,1,0.93677664,1
4,9,0.0014485755673587,0.1034464942367306,0.2714306801658216,0.1750171524412218,0.9978424868658698,0.8973729170493194,0.9587183929860308,0.9999006303000852,0.9032258064516128,1.0,2025-08-20 13:11:34,0.0775,4,0,0.43228674,0
5,9,0.1231289232254949,0.4559574396808745,0.5108991099950877,0.4084908529368317,0.968620659293306,0.8347240783081785,0.9269299527406676,0.999740010264344,0.8064516129032258,1.0,2025-08-20 13:11:37,0.1229523809523809,5,1,0.48205575,0
6,9,0.0736842105263157,0.4325252988576529,0.4989155446118867,0.4262420450056257,0.7006193677349735,0.8441579210711322,0.9617677310997088,0.9998612261030012,0.8064516129032258,1.0,2025-08-20 13:11:37,0.1097183098591549,5,1,0.476365,0
7,9,0.030420086914534,0.4309667809957699,0.4604178406738118,0.2950440440023502,0.8765374115670236,0.8430677564618181,0.957307299728008,0.9998395191876482,0.8064516129032258,1.0,2025-08-20 13:11:37,0.1324,3,0,0.42886886,0
8,9,0.095702559150169,0.4243175686296738,0.4950707153804928,0.3868452741143791,0.9697507852175504,0.837627621303574,0.9261560639643164,0.9998545354246756,0.8064516129032258,1.0,2025-08-20 13:11:37,0.125875,5,1,0.47402325,0
9,9,0.132399806856591,0.3769752693519847,0.5040664509918071,0.4138581700078571,0.9756215692607608,0.8399282882278056,0.9632427414739484,0.9998747108827424,0.8064516129032258,1.0,2025-08-20 13:11:37,0.1333653846153846,7,1,0.83947843,1
10,9,0.0,0.0,0.3935434374307991,0.2712765943685664,0.9885079402354774,0.8945996079524222,0.9814945198447896,0.9999560093866796,0.9032258064516128,1.0,2025-08-20 13:11:33,0.16,6,1,0.7350579,1
11,9,1.0,0.386290557412367,0.48405396668927,0.3851389878093487,0.9624856899640608,0.7859888909297038,0.9915206570286212,0.9998843133188176,0.8387096774193549,1.0,2025-08-20 13:11:38,0.1285130111524163,5,1,0.4158405,0
12,9,0.1770159343312409,0.4243082917376383,0.497220304944717,0.3861546813875834,0.9548243167884812,0.8384779021971132,0.9433114179569728,0.9998137509271284,0.8387096774193549,1.0,2025-08-20 13:11:37,0.1240939597315436,5,1,0.5594191,1
13,9,0.0116851762433606,0.4111577818951144,0.513037378616478,0.3247398546414687,0.9705139871431951,0.8498236894273825,0.9523974818622892,0.9998421326095628,0.8387096774193549,1.0,2025-08-20 13:11:36,0.137,6,1,0.7713723,1
14,9,0.2915499758570739,0.3942908460267859,0.4900954266589015,0.3950716871146361,0.8351190301466587,0.8289708276067363,0.9584253575916816,0.9998385923576544,0.8064516129032258,0.9821428571428572,2025-08-20 13:11:37,0.1308189655172414,4,0,0.2870913,0
15,9,0.0033800096571704,0.5044761004068941,0.4536285854296993,0.4042553253414513,0.7375025684671414,0.8542639132555149,0.989910929040201,0.9999423973169824,0.8387096774193549,1.0,2025-08-20 13:11:36,0.102,6,1,0.6998529,1
16,9,0.0525350072428778,0.3623868412440311,0.4999677792479904,0.3778495560156561,0.9631755070973838,0.8424767558221282,0.99268689856452,0.9998869307185432,0.8064516129032258,1.0,2025-08-20 13:11:37,0.1191489361702127,5,1,0.8765868,1
17,9,0.7864799613713183,0.3960707208402803,0.4907208576631855,0.385239367103377,0.9829306953931634,0.8532822109203301,0.960364504563682,0.9999312514901876,0.9032258064516128,0.1071428571428572,2025-08-20 13:11:35,0.1322528363047001,9,1,0.99824697,1
18,9,0.0136166103331723,0.3496031551740573,0.4641614762068061,0.3732213073678661,0.8925059441684922,0.8507737239453034,0.9240054988386752,0.9998513054420356,0.8387096774193549,1.0,2025-08-20 13:11:36,0.1308333333333333,3,0,0.2539103,0
19,9,0.7737324963785611,0.3672139173995845,0.4892778257152499,0.3840043848676662,0.8721343235455512,0.8145524704064248,0.934259770960389,0.999836969410712,0.8064516129032258,1.0,2025-08-20 13:11:38,0.1238888888888889,1,0,0.03727816,0
20,9,0.9696764847899564,0.3740074369751152,0.4875518928059565,0.3756925977255811,0.8487098952063624,0.79785244697224,0.8860259483825036,0.9996641454504144,0.8064516129032258,1.0,2025-08-20 13:11:39,0.1260275689223057,2,0,0.0064847707,0
1,10,0.1774987928536938,0.3709906432236168,0.5797142579724291,0.4969014684093685,0.9824903865942968,0.8135778933301243,0.9212678795840864,0.9998416194719264,0.8064516129032258,0.9821428571428572,2025-08-20 13:11:49,0.1227814569536424,4,0,0.41955236,0
2,10,0.0834379526798648,0.3701856151481338,0.58917145483117,0.5080270773145642,0.7471306543028724,0.8167042985895154,0.9969477118655734,0.9999232680232436,0.8064516129032258,1.0,2025-08-20 13:11:49,0.123943661971831,4,0,0.6445095,1
3,10,0.0001931434089811,1.0,0.5493016280997327,0.3617021366043186,0.9922065341873404,0.879024583726542,0.9998210320745924,0.9999756756849214,0.9032258064516128,1.0,2025-08-20 13:11:46,0.1224489795918367,6,1,0.98547345,1
4,10,0.0014485755673587,0.1034464942367306,0.3689706157878701,0.3850377353706881,0.9978865177452098,0.8810192603664599,0.9660983615584764,0.9999491834627752,0.9032258064516128,1.0,2025-08-20 13:11:47,0.0775,4,0,0.57740235,1
5,10,0.1231289232254949,0.4559574396808745,0.5879568443615681,0.5043097125504388,0.9725834385213792,0.813812631025594,0.966355013363594,0.9999227469299852,0.8064516129032258,1.0,2025-08-20 13:11:49,0.1265686274509804,7,1,0.8508347,1
6,10,0.0736842105263157,0.4325252988576529,0.5756488542700088,0.5126048129284392,0.7725951800924838,0.8198287246103275,0.9589494779446616,0.9998560310816615,0.8064516129032258,1.0,2025-08-20 13:11:49,0.1067123287671232,4,0,0.4255534,0
7,10,0.030420086914534,0.4309667809957699,0.5388309412034674,0.41633990576247,0.8893650747044999,0.8238968515856075,0.9850306113819668,0.9998997432482026,0.8064516129032258,1.0,2025-08-20 13:11:49,0.1182142857142857,4,0,0.66669065,1
8,10,0.095702559150169,0.4243175686296738,0.5780707186398619,0.4956791952788618,0.9737429183665508,0.8161184439701309,0.9994925964312616,0.9999272259453208,0.8064516129032258,1.0,2025-08-20 13:11:49,0.125875,8,1,0.9547934,1
9,10,0.132399806856591,0.3769752693519847,0.5849463727040134,0.4920922201131648,0.969780139137794,0.8159023111173038,0.9986862574266772,0.99988758705738,0.8064516129032258,0.9821428571428572,2025-08-20 13:11:51,0.1308490566037735,6,1,0.9507793,1
10,10,0.0,0.0,0.4540134974860507,0.4069148915528496,0.992573458185428,0.8790574390869534,0.9585561418448644,0.9998996676697912,0.9032258064516128,1.0,2025-08-20 13:11:46,0.16,4,0,0.52049696,1
11,10,1.0,0.386290557412367,0.5633700452368733,0.4812929732683214,0.9462529720845024,0.7637699586418306,0.9370711407336898,0.999785277755038,0.8064516129032258,1.0,2025-08-20 13:11:54,0.1267848410757946,3,0,0.035806958,0
12,10,0.1770159343312409,0.4243082917376383,0.5796986048276445,0.4853342100136625,0.9337188481519376,0.815773264761953,0.9678378904598296,0.999924536944995,0.8064516129032258,1.0,2025-08-20 13:11:49,0.1232666666666666,6,1,0.71984524,1
13,10,0.0116851762433606,0.4111577818951144,0.5893926423496425,0.4673085918207951,0.9744033815716852,0.8306227001247712,0.9687032298793836,0.9999242425869712,0.8064516129032258,1.0,2025-08-20 13:11:49,0.137,7,1,0.87529767,1
14,10,0.2915499758570739,0.3942908460267859,0.5700751495015817,0.4980405987676631,0.8296298470659291,0.8070095921818492,0.9600488523435948,0.9998010457983694,0.8064516129032258,1.0,2025-08-20 13:11:49,0.1308189655172414,4,0,0.23859961,0
15,10,0.0033800096571704,0.5044761004068941,0.5457716600365414,0.5531915182601062,0.7530161153031287,0.8348915218919621,0.9685773623274484,0.9999237851386908,0.8064516129032258,1.0,2025-08-20 13:11:49,0.085,5,1,0.581545,1
16,10,0.0525350072428778,0.3623868412440311,0.5862984284109809,0.5096124492573615,0.965934775590694,0.8218546732197937,0.9212049458081188,0.9998442567607077,0.8064516129032258,1.0,2025-08-20 13:11:49,0.1191489361702127,4,0,0.32517856,0
17,10,0.7864799613713183,0.3960707208402803,0.5729606820896667,0.4848404305547328,0.8980685120481217,0.8350336312219344,0.9510267055544958,0.9996060853191164,0.9032258064516128,0.1071428571428572,2025-08-20 13:12:07,0.1287066246056782,6,1,0.99749005,1
18,10,0.0136166103331723,0.3496031551740573,0.5426329797231391,0.4354248424264987,0.8919775735945429,0.8308028108354604,0.9606801567837694,0.9998839632714378,0.8064516129032258,1.0,2025-08-20 13:11:49,0.1308333333333333,2,0,0.4266843,0
19,10,0.7737324963785611,0.3672139173995845,0.566125203068135,0.4814585150228739,0.8783426776554993,0.7919194814078245,0.99753673267502,0.999903550013457,0.8064516129032258,1.0,2025-08-20 13:11:50,0.1227522935779816,3,0,0.18112408,0
20,10,0.9696764847899564,0.3740074369751152,0.5684932418722399,0.4774381690713286,0.8645169812420499,0.769324493789941,0.9894772759901744,0.9998781636228058,0.8064516129032258,1.0,2025-08-20 13:11:51,0.1249316770186335,3,0,0.06049615,0
1,11,0.1774987928536938,0.3709906432236168,0.6469873464044109,0.5764993704303815,0.9811694601758262,0.7916126994280792,0.8765150814894065,0.9996289895556204,0.7741935483870968,1.0,2025-08-20 13:12:18,0.1166037735849056,5,1,0.15814906,0
2,11,0.0834379526798648,0.3701856151481338,0.6608493300316096,0.5918762235343396,0.7270966037576043,0.7976054379975805,0.9853649470667944,0.9998716996797146,0.7741935483870968,1.0,2025-08-20 13:12:18,0.123943661971831,5,1,0.5885791,1
3,11,0.0001931434089811,1.0,0.5958760686579218,0.4822695046928614,0.9927055508307948,0.8624152094192756,0.9990264931530018,0.9999788420225834,0.9032258064516128,1.0,2025-08-20 13:12:14,0.0703125,6,1,0.8703783,1
4,11,0.0014485755673587,0.1034464942367306,0.4860109367459996,0.4900480268354212,0.9966389761338406,0.8645266611353546,0.9378617462942824,0.999788686739179,0.9032258064516128,1.0,2025-08-20 13:12:15,0.0775,3,0,0.396691,0
5,11,0.1231289232254949,0.4559574396808745,0.6537036081326343,0.5925638734403375,0.9705726949850488,0.7959250644440081,0.9680837255222028,0.9999115732585124,0.7741935483870968,1.0,2025-08-20 13:12:18,0.1132456140350877,7,1,0.79848254,1
6,11,0.0736842105263157,0.4325252988576529,0.6452485394987543,0.6031464510616017,0.6681979628401609,0.8034972353995529,0.8961946699025116,0.9997119149843112,0.7741935483870968,1.0,2025-08-20 13:12:19,0.1025,4,0,0.09839052,0
7,11,0.030420086914534,0.4309667809957699,0.6057307654805694,0.5146879096503567,0.8732057416176904,0.8033903565162868,0.969140816290408,0.9998050633876138,0.7741935483870968,1.0,2025-08-20 13:12:18,0.1141379310344827,3,0,0.46732792,0
8,11,0.095702559150169,0.4243175686296738,0.6490963930975475,0.5764964599482737,0.9703525405821984,0.799803184515704,0.9714693660012076,0.999801905005574,0.7741935483870968,1.0,2025-08-20 13:12:18,0.1157471264367816,6,1,0.8198447,1
9,11,0.132399806856591,0.3769752693519847,0.6500511531897568,0.5789320160534432,0.9784248686416124,0.7967199266573353,0.9997502315766288,0.9999115533694566,0.7741935483870968,1.0,2025-08-20 13:12:18,0.1195689655172413,7,1,0.9449092,1
10,11,0.0,0.0,0.5224919189362867,0.4069148915528496,0.9917809023396252,0.8632587609016461,0.9619211321786296,0.9998875631905132,0.9032258064516128,1.0,2025-08-20 13:12:15,0.16,5,1,0.53353196,1
11,11,1.0,0.386290557412367,0.6339150087573318,0.563322000993962,0.9609005782722846,0.7428410940597507,0.933358047951604,0.99973244844538,0.7741935483870968,1.0,2025-08-20 13:12:19,0.1166591676040495,3,0,0.03578499,0
12,11,0.1770159343312409,0.4243082917376383,0.6473906907539683,0.5716028400096345,0.9246044559262752,0.7925259201084306,0.9439466557581456,0.9998725071753746,0.7741935483870968,1.0,2025-08-20 13:12:18,0.118525641025641,5,1,0.42278296,0
13,11,0.0116851762433606,0.4111577818951144,0.6498970330618633,0.5940363186773528,0.9744914433324154,0.8106308070859908,0.9666755822849288,0.9999091308824766,0.8064516129032258,1.0,2025-08-20 13:12:17,0.1053846153846153,7,1,0.724775,1
14,11,0.2915499758570739,0.3942908460267859,0.6392439032457051,0.5759823394532796,0.809889335721728,0.7915743021996466,0.9604716886508768,0.999851265663924,0.7741935483870968,1.0,2025-08-20 13:12:19,0.1233739837398373,5,1,0.22887938,0
15,11,0.0033800096571704,0.5044761004068941,0.6264272881232162,0.5744681126286725,0.6958200017611686,0.8170530404271356,0.9403495971254998,0.9997843907031552,0.8064516129032258,1.0,2025-08-20 13:12:19,0.0849999999999999,4,0,0.40081617,0
16,11,0.0525350072428778,0.3623868412440311,0.661135377969856,0.5968085205463222,0.9605776851425164,0.8011886515210053,0.9714791994037024,0.999807704654206,0.7741935483870968,1.0,2025-08-20 13:12:18,0.1037037037037037,4,0,0.6994734,1
17,11,0.7864799613713183,0.3960707208402803,0.6429363288820538,0.5694148689157666,0.9814776763448744,0.813211734193009,0.9997403981741338,0.9999318322506128,0.8709677419354839,0.0357142857142857,2025-08-20 13:12:17,0.1221556886227545,9,1,0.9998575,1
18,11,0.0136166103331723,0.3496031551740573,0.6066227903841505,0.4838053984398264,0.8777262453392729,0.8119537301521955,0.9688212307093228,0.9997830621142368,0.7741935483870968,1.0,2025-08-20 13:12:19,0.098125,2,0,0.37994283,0
19,11,0.7737324963785611,0.3672139173995845,0.6338014315005255,0.5653961398987256,0.8633868553198556,0.7809034353248168,0.9339578855037948,0.9997253599859408,0.7741935483870968,1.0,2025-08-20 13:12:19,0.1165166908563135,2,0,0.032312095,0
20,11,0.9696764847899564,0.3740074369751152,0.6373511396914738,0.5615967965552311,0.8503390377774784,0.7532004287822457,0.9919661101616416,0.9998580677209616,0.7741935483870968,1.0,2025-08-20 13:12:20,0.1168060394889663,4,0,0.055510152,0
1,12,0.1774987928536938,0.3709906432236168,0.6988231236224377,0.6414652763961972,0.9803328734492311,0.7786855005731874,0.9912895720699902,0.9998907732840976,0.7419354838709677,1.0,2025-08-20 13:12:30,0.1130487804878049,6,1,0.91072494,1
2,12,0.0834379526798648,0.3701856151481338,0.7127601033871822,0.6559961493674942,0.7540435025150647,0.7809224360151752,0.9309685311453356,0.9997534115100511,0.7741935483870968,1.0,2025-08-20 13:12:30,0.1222222222222222,3,0,0.14484051,0
3,12,0.0001931434089811,1.0,0.6173470337040305,0.5425531887371329,0.9902544984846624,0.8572501884235126,0.9423644612967113,0.9999631256907966,0.8709677419354839,1.0,2025-08-20 13:12:28,0.0703125,5,1,0.40294755,0
4,12,0.0014485755673587,0.1034464942367306,0.5710061642227207,0.5950583506388445,0.9981213491016891,0.858885039489768,0.9973921816583444,0.9999763598684362,0.8709677419354839,1.0,2025-08-20 13:12:28,0.0775,5,1,0.8522765,1
5,12,0.1231289232254949,0.4559574396808745,0.7021653356878714,0.6413138666492125,0.5905274899403972,0.7786855005731874,0.6451223373604394,0.9980294440762316,0.7741935483870968,1.0,2025-08-20 13:13:52,0.1152678571428571,5,1,0.00028006165,0
6,12,0.0736842105263157,0.4325252988576529,0.695451607889091,0.6505066567253223,0.7129186602766302,0.7847684924218914,0.985214496008622,0.9999016207750574,0.7741935483870968,1.0,2025-08-20 13:12:30,0.1011688311688311,6,1,0.75070447,1
7,12,0.030420086914534,0.4309667809957699,0.6562690890841416,0.5802532455756145,0.8779610766957525,0.7901140199760591,0.9462171883942252,0.9998935219515904,0.7741935483870968,1.0,2025-08-20 13:12:31,0.1103333333333333,3,0,0.34172404,0
8,12,0.095702559150169,0.4243175686296738,0.703756929466858,0.629297068122615,0.9717028209120272,0.7811781536395822,0.9792564374369432,0.999900232518972,0.7419354838709677,1.0,2025-08-20 13:12:30,0.1118888888888888,7,1,0.85670227,1
9,12,0.132399806856591,0.3769752693519847,0.7001671688427791,0.6321311662444097,0.9752399682982802,0.7785774341467739,0.8898845755215145,0.9997386856532364,0.7741935483870968,1.0,2025-08-20 13:12:30,0.1146280991735537,5,1,0.19573851,0
10,12,0.0,0.0,0.5545197244797212,0.4069148915528496,0.9883464936743952,0.8561148971745973,0.9385727012946656,0.9998564805743196,0.8709677419354839,1.0,2025-08-20 13:12:28,0.08,3,0,0.27187195,0
11,12,1.0,0.386290557412367,0.6867846700579157,0.6252623637926713,0.959403528341324,0.7256284478336046,0.9969113282763422,0.9998905226819962,0.7741935483870968,1.0,2025-08-20 13:12:32,0.1152333333333333,4,0,0.34946963,0
12,12,0.1770159343312409,0.4243082917376383,0.6992370123880642,0.6338101263563171,0.9583761411317804,0.7788002964107696,0.999122860497452,0.9999084466989616,0.7741935483870968,1.0,2025-08-20 13:12:31,0.1162893081761006,7,1,0.93434864,1
13,12,0.0116851762433606,0.4111577818951144,0.6995031158494047,0.6494797092829375,0.9666245927140216,0.8001491554193135,0.9620342163073212,0.999841607538493,0.7741935483870968,1.0,2025-08-20 13:12:32,0.1141666666666666,6,1,0.74441147,1
14,12,0.2915499758570739,0.3942908460267859,0.6900356606634029,0.6206736977015471,0.8473889687960934,0.7724647537193852,0.930059924754804,0.9998531034126676,0.7741935483870968,1.0,2025-08-20 13:12:30,0.1228744939271255,3,0,0.14940679,0
15,12,0.0033800096571704,0.5044761004068941,0.6906412698002704,0.5957447069972389,0.7297237796115281,0.8046515273388266,0.9610567760993252,0.9998710990302336,0.7741935483870968,1.0,2025-08-20 13:12:30,0.085,2,0,0.526172,1
16,12,0.0525350072428778,0.3623868412440311,0.7136294864050956,0.658814595563287,0.9635571080461954,0.7841588869395588,0.9766840193442694,0.9999264383387164,0.7741935483870968,1.0,2025-08-20 13:12:30,0.1076923076923077,6,1,0.7893851,1
17,12,0.7864799613713183,0.3960707208402803,0.6952714945494922,0.6293882632286587,0.9743153198136888,0.8025479925770636,0.9982516210364012,0.999907917650081,0.8709677419354839,0.1071428571428572,2025-08-20 13:12:31,0.1203539823008849,10,1,0.999774,1
18,12,0.0136166103331723,0.3496031551740573,0.6639987999800596,0.5736549886051393,0.8876625473372177,0.800919475074261,0.9668506168493384,0.9999041108848268,0.7741935483870968,1.0,2025-08-20 13:12:31,0.098125,3,0,0.39669544,0
19,12,0.7737324963785611,0.3672139173995845,0.6851491412119746,0.6225710086489181,0.8724425396981967,0.7548716978383548,0.9661986622639246,0.9998390856062348,0.7741935483870968,1.0,2025-08-20 13:12:32,0.1166860465116279,3,0,0.06494301,0
20,12,0.9696764847899564,0.3740074369751152,0.6907593427383463,0.6233130522316414,0.8528781518822905,0.7420022927499699,0.9585236916166312,0.9998545950918424,0.7741935483870968,1.0,2025-08-20 13:12:32,0.1172144522144522,2,0,0.023545375,0
1,13,0.1774987928536938,0.3709906432236168,0.7330865905914975,0.6800936476723,0.9785569612857832,0.7561843288639487,0.9479537672748298,0.9996053335128122,0.7419354838709677,1.0,2025-08-20 13:14:03,0.1097041420118343,4,0,0.5763201,1
2,13,0.0834379526798648,0.3701856151481338,0.7483676155765833,0.6855899314393901,0.7473801626273332,0.7649650228958318,0.9577812697282636,0.9998556452339816,0.7419354838709677,1.0,2025-08-20 13:14:03,0.1205479452054794,4,0,0.31327596,0
3,13,0.0001931434089811,1.0,0.6279175247244845,0.4822695046928614,0.9912818856911306,0.8421501814565928,0.968626529339923,0.9998674473996134,0.8709677419354839,0.9821428571428572,2025-08-20 13:14:00,0.0703125,6,1,0.58976394,1
4,13,0.0014485755673587,0.1034464942367306,0.6208955975397465,0.6300617487883987,0.9988698740723382,0.8434172899948698,0.9993431287133386,0.9999818333365552,0.8709677419354839,1.0,2025-08-20 13:14:00,0.0775,5,1,0.8718839,1
5,13,0.1231289232254949,0.4559574396808745,0.7332640065223344,0.66568883091496,0.952857604139692,0.7625661857380818,0.950620586031455,0.999779271260227,0.7419354838709677,1.0,2025-08-20 13:14:07,0.1103418803418803,4,0,0.57148033,1
6,13,0.0736842105263157,0.4325252988576529,0.73092858184235,0.6881162299089422,0.6511873660697103,0.7689539803279519,0.9861054022746628,0.9998923484973062,0.7419354838709677,1.0,2025-08-20 13:14:04,0.1025,6,1,0.79715294,1
7,13,0.030420086914534,0.4309667809957699,0.6838447397264666,0.6294272636889029,0.949144333230612,0.7654491446522558,0.8992951417091634,0.9998388509153778,0.7419354838709677,1.0,2025-08-20 13:14:03,0.1067741935483871,2,0,0.22448792,0
8,13,0.095702559150169,0.4243175686296738,0.7368363157291208,0.671322036695876,0.9632782458100342,0.7651712595557638,0.9108444729394596,0.999757978037232,0.7419354838709677,1.0,2025-08-20 13:14:05,0.1131460674157303,6,1,0.286701,0
9,13,0.132399806856591,0.3769752693519847,0.7337138607381191,0.6634247992220088,0.9754307687795204,0.7594746150776812,0.9538793756182752,0.9998376695054714,0.7419354838709677,1.0,2025-08-20 13:14:04,0.11096,4,0,0.64337176,1
10,13,0.0,0.0,0.5811298253947895,0.4747340401449912,0.9914139783368392,0.8413865912128141,0.9661465452307014,0.9999736191565656,0.8709677419354839,1.0,2025-08-20 13:14:00,0.08,5,1,0.58943146,1
11,13,1.0,0.386290557412367,0.7211661282253921,0.6576972938208008,0.9546628702263736,0.7075097061859914,0.9775444420625758,0.9998205927622772,0.7419354838709677,1.0,2025-08-20 13:14:06,0.115489977728285,4,0,0.15452299,0
12,13,0.1770159343312409,0.4243082917376383,0.7306617835939042,0.6672612027043424,0.9358616843262876,0.7577784076154767,0.999140560621943,0.9999273532352771,0.7419354838709677,1.0,2025-08-20 13:14:04,0.1155625,7,1,0.9149796,1
13,13,0.0116851762433606,0.4111577818951144,0.7292435187627819,0.7049230998885222,0.9644083717373544,0.779645827131719,0.944876895634166,0.9997936550252842,0.7419354838709677,1.0,2025-08-20 13:14:05,0.1141666666666666,6,1,0.58764833,1
14,13,0.2915499758570739,0.3942908460267859,0.7236780288301297,0.6635774378392167,0.7751489711461408,0.7527551001019703,0.9557644388765534,0.9997998166547292,0.7419354838709677,0.9821428571428572,2025-08-20 13:14:06,0.1190196078431372,4,0,0.19901478,0
15,13,0.0033800096571704,0.5044761004068941,0.7440873183094681,0.5957447069972389,0.7368567822245207,0.7844882322391047,0.9653588896908576,0.999873505605969,0.7419354838709677,1.0,2025-08-20 13:14:03,0.085,5,1,0.5447987,1
16,13,0.0525350072428778,0.3623868412440311,0.7465655013046825,0.697568376279545,0.9619719963680884,0.7692762003686134,0.9744705204426604,0.9998759798044936,0.7419354838709677,1.0,2025-08-20 13:14:03,0.1037037037037037,6,1,0.7471859,1
17,13,0.7864799613713183,0.3960707208402803,0.7289441063902155,0.6648936225257346,0.9820354008329162,0.7846608218431936,0.9660118276165208,0.9999367249583064,0.8709677419354839,0.1071428571428572,2025-08-20 13:14:02,0.1201767304860088,9,1,0.99924266,1
18,13,0.0136166103331723,0.3496031551740573,0.6961278400917232,0.6289470341411194,0.8403293509888351,0.7807965564415507,0.928215178446755,0.9997845418599784,0.7419354838709677,1.0,2025-08-20 13:14:07,0.1046666666666666,1,0,0.20162322,0
19,13,0.7737324963785611,0.3672139173995845,0.716379331158493,0.6579842673566278,0.8481521707237883,0.7371361367796363,0.919196965018654,0.9996702315014478,0.7419354838709677,1.0,2025-08-20 13:14:05,0.1155107913669064,2,0,0.019238427,0
20,13,0.9696764847899564,0.3740074369751152,0.7250573855833535,0.6622633875062447,0.8503537147399922,0.7154971213954107,0.9582876899567528,0.999846599691465,0.7419354838709677,1.0,2025-08-20 13:14:05,0.1168060394889663,4,0,0.021842415,0
1,14,0.1774987928536938,0.3709906432236168,0.746893154729589,0.6877022299984556,0.9664484691857268,0.7330153620581548,0.9024978809017624,0.999667335654943,0.7096774193548387,1.0,2025-08-20 13:14:19,0.1090588235294117,5,1,0.19534397,0
2,14,0.0834379526798648,0.3701856151481338,0.7672613087253092,0.700386822475338,0.7582117591909928,0.7386090861301293,0.9994188459125496,0.999932973882408,0.7096774193548387,0.9821428571428572,2025-08-20 13:14:19,0.1189189189189189,5,1,0.75804514,1
3,14,0.0001931434089811,1.0,0.6578652194142277,0.6028369051200944,0.9933953679486548,0.826176142733186,0.9997698983816188,1.0,0.8709677419354839,1.0,2025-08-20 13:14:15,0.0703125,6,1,0.91736156,1
4,14,0.0014485755673587,0.1034464942367306,0.6376860270762418,0.5950583506388445,0.9991047054342852,0.8273411225607864,0.971526399735678,0.9998727418662314,0.8709677419354839,1.0,2025-08-20 13:14:16,0.0775,4,0,0.6993715,1
5,14,0.1231289232254949,0.4559574396808745,0.7500373116001747,0.6883827653926345,0.9657146211912608,0.7394558043942263,0.9683502107298154,0.9999137133209018,0.7096774193548387,1.0,2025-08-20 13:14:20,0.1058196721311475,6,1,0.7468879,1
6,14,0.0736842105263157,0.4325252988576529,0.7472538718467432,0.7006527758626088,0.722576100046957,0.7425062068921837,0.8967276403177369,0.9997439960310992,0.7096774193548387,1.0,2025-08-20 13:14:19,0.1038666666666666,4,0,0.0985887,0
7,14,0.030420086914534,0.4309667809957699,0.6989098494011144,0.6294272636889029,0.9836205125164909,0.748715078314512,0.9975111658285328,0.999929712077279,0.7096774193548387,0.9821428571428572,2025-08-20 13:14:19,0.0973529411764705,5,1,0.9163666,1
8,14,0.095702559150169,0.4243175686296738,0.7536594819992258,0.6864079062664362,0.9724806997977936,0.7358840704545598,0.9714349490924752,0.9998218537284064,0.7096774193548387,0.9821428571428572,2025-08-20 13:14:19,0.1118888888888888,7,1,0.8333963,1
9,14,0.132399806856591,0.3769752693519847,0.7493732177369706,0.6868950562938982,0.9746969207741192,0.7376756772162723,0.9847867430000924,0.9998988323294532,0.7096774193548387,1.0,2025-08-20 13:14:20,0.1058778625954198,7,1,0.85967946,1
10,14,0.0,0.0,0.5686717204186498,0.4747340401449912,0.991824933219905,0.8251148750071252,0.962005699440086,0.9999249347261082,0.8709677419354839,1.0,2025-08-20 13:14:16,0.08,4,0,0.54252154,1
11,14,1.0,0.386290557412367,0.7374368161372724,0.6766351541223165,0.9626911674055936,0.6944241682447796,0.9605788727380716,0.999861663662226,0.7419354838709677,1.0,2025-08-20 13:14:20,0.1157477678571428,3,0,0.09245859,0
12,14,0.1770159343312409,0.4243082917376383,0.7472361752104721,0.6825195668478238,0.9365955323344228,0.7361069327185554,0.9406259157356074,0.9998190414159353,0.7419354838709677,1.0,2025-08-20 13:14:19,0.1162893081761006,5,1,0.42297593,0
13,14,0.0116851762433606,0.4111577818951144,0.7434620099146734,0.7603664904941069,0.9680335808850208,0.7598748171183553,0.9687887804810894,0.9999130132261425,0.7419354838709677,0.9821428571428572,2025-08-20 13:14:20,0.1053846153846153,6,1,0.8183156,1
14,14,0.2915499758570739,0.3942908460267859,0.7395700168997767,0.67787864143352,0.8203833621981462,0.7358484441601378,0.99928216161787,0.9998988164182088,0.7096774193548387,1.0,2025-08-20 13:14:20,0.1214,5,1,0.56478745,1
15,14,0.0033800096571704,0.5044761004068941,0.7776424293897315,0.7234042732086372,0.7407168227314004,0.765676361241125,0.9403869640549806,0.9998188107028896,0.7419354838709677,1.0,2025-08-20 13:14:18,0.085,5,1,0.39778787,0
16,14,0.0525350072428778,0.3623868412440311,0.7567131530668,0.7053191194873206,0.9598878680301242,0.7426875051460203,0.93276411044091,0.999790086928698,0.7096774193548387,1.0,2025-08-20 13:14:19,0.1018181818181818,3,0,0.3196982,0
17,14,0.7864799613713183,0.3960707208402803,0.7454308730918529,0.6848404499579469,0.9826665101116564,0.7634940527839178,0.9974914990235432,0.9999481770765586,0.8387096774193549,0.1071428571428572,2025-08-20 13:14:18,0.1208888888888888,10,1,0.99981356,1
18,14,0.0136166103331723,0.3496031551740573,0.7152754779274464,0.6358585236637719,0.8911996947180031,0.7625768736264084,0.970981629237459,0.9998041524688642,0.7419354838709677,1.0,2025-08-20 13:14:19,0.098125,3,0,0.44627833,0
19,14,0.7737324963785611,0.3672139173995845,0.7323395309739514,0.6713656292501125,0.8606862946437948,0.7214661091019641,0.9709491790092256,0.9997886708279344,0.7096774193548387,1.0,2025-08-20 13:14:20,0.1156772334293948,2,0,0.06175299,0
20,14,0.9696764847899564,0.3740074369751152,0.7414238723761097,0.6797425141753415,0.8589690903194666,0.6926428535236779,0.9901793809283124,0.9998784221805296,0.7096774193548387,1.0,2025-08-20 13:14:20,0.1169418604651162,4,0,0.05470559,0
1,15,0.1774987928536938,0.3709906432236168,0.7731486894368768,0.7216484116917042,0.9532832359815128,0.7294004807174661,0.9521132965301856,0.9998327012193662,0.7096774193548387,1.0,2025-08-20 13:14:32,0.1084210526315789,4,0,0.5039115,1
2,15,0.0834379526798648,0.3701856151481338,0.7962124947917788,0.741078337501575,0.7486570581527948,0.7304225595196625,0.9198862865335486,0.9998214798141598,0.7096774193548387,1.0,2025-08-20 13:14:31,0.1173333333333333,3,0,0.100795,0
3,15,0.0001931434089811,1.0,0.6678434248623046,0.6028369051200944,0.9901517597634688,0.8193513322650723,0.9680630753769636,0.9999726883487604,0.8387096774193549,1.0,2025-08-20 13:14:29,0.0703125,6,1,0.6805417,1
4,15,0.0014485755673587,0.1034464942367306,0.6788312377140822,0.6650652116153332,0.9975342707022892,0.8200571287423443,0.9995555302072292,0.9999774935446092,0.8387096774193549,1.0,2025-08-20 13:14:29,0.062,5,1,0.8491006,1
5,15,0.1231289232254949,0.4559574396808745,0.7738924385982151,0.7169602717898742,0.9731558399664672,0.7250580312751362,0.9996705810164198,0.9999258496226688,0.7096774193548387,1.0,2025-08-20 13:14:31,0.1049593495934959,7,1,0.9446404,1
6,15,0.0736842105263157,0.4325252988576529,0.7751873378483121,0.725725803092562,0.7146945724619487,0.7348291362919519,0.9902747649325132,0.999908068806904,0.7096774193548387,1.0,2025-08-20 13:14:31,0.1052702702702702,7,1,0.78559417,1
7,15,0.030420086914534,0.4309667809957699,0.7251467679009624,0.6556534239299581,0.9841195291654128,0.7371084274395303,0.9414735550306704,0.9996938199214668,0.7096774193548387,1.0,2025-08-20 13:14:32,0.0919444444444444,3,0,0.34974214,0
8,15,0.095702559150169,0.4243175686296738,0.7768624695592568,0.713347005269137,0.973610825726139,0.7282841901589091,0.9975062491272856,0.9999261400028816,0.7096774193548387,1.0,2025-08-20 13:14:31,0.1038144329896907,7,1,0.93012804,1
9,15,0.132399806856591,0.3769752693519847,0.7750079397307335,0.7174062870035463,0.9759004315027312,0.7294448156616357,0.935194927537657,0.9997610369739932,0.7096774193548387,1.0,2025-08-20 13:14:32,0.1035074626865671,4,0,0.38228968,0
10,15,0.0,0.0,0.583067913590186,0.4747340401449912,0.9877740922301615,0.8189796312599358,0.8932652992992718,0.9997961212681866,0.8387096774193549,1.0,2025-08-20 13:14:29,0.08,3,0,0.05085586,0
11,15,1.0,0.386290557412367,0.7630046955245197,0.6996535103389381,0.9589045116976992,0.6803197182830976,0.9875312456364276,0.9998528846330552,0.7096774193548387,1.0,2025-08-20 13:14:34,0.1152333333333333,4,0,0.23362027,0
12,15,0.1770159343312409,0.4243082917376383,0.7697713088829645,0.7130363598121666,0.9536648369357918,0.7314256376315006,0.9996764810579168,0.9999254597971776,0.7096774193548387,1.0,2025-08-20 13:14:32,0.1170253164556962,6,1,0.94232583,1
13,15,0.0116851762433606,0.4111577818951144,0.7626228895752273,0.7603664904941069,0.9711304194676228,0.7489078561521069,0.9974531487538127,0.9999236459153013,0.7096774193548387,1.0,2025-08-20 13:14:32,0.1053846153846153,7,1,0.9438517,1
14,15,0.2915499758570739,0.3942908460267859,0.765455516168733,0.7075537229722931,0.7861420142660132,0.7223852674980524,0.9587321597495236,0.9997982295080872,0.7096774193548387,1.0,2025-08-20 13:14:34,0.1185546875,3,0,0.19054277,0
15,15,0.0033800096571704,0.5044761004068941,0.8135228907369522,0.8085106506829027,0.7317492001049046,0.753513148477728,0.9519461286877716,0.9998509752837114,0.7096774193548387,1.0,2025-08-20 13:14:31,0.085,4,0,0.5642117,1
16,15,0.0525350072428778,0.3623868412440311,0.7819924710212728,0.7479483041461565,0.9644964335049192,0.7315594341594411,0.9969201783385876,0.9999167125904962,0.7096774193548387,1.0,2025-08-20 13:14:31,0.0949152542372881,6,1,0.8851547,1
17,15,0.7864799613713183,0.3960707208402803,0.7711059131726394,0.7142287519930336,0.9838993747605116,0.7524336717567405,0.9992644614933792,0.9999601264212024,0.8387096774193549,0.1071428571428572,2025-08-20 13:14:30,0.1182608695652173,10,1,0.99983186,1
18,15,0.0136166103331723,0.3496031551740573,0.7445765710411079,0.6842390796770996,0.8866791909964205,0.748854020862758,0.9257627278645192,0.9998352151960024,0.7096774193548387,1.0,2025-08-20 13:14:32,0.0872222222222222,1,0,0.19560114,0
19,15,0.7737324963785611,0.3672139173995845,0.7578438782108909,0.6951547458062541,0.8462881967961928,0.700311611321878,0.9254165920966976,0.9997940130282862,0.7096774193548387,1.0,2025-08-20 13:14:35,0.1153448275862069,2,0,0.01966668,0
20,15,0.9696764847899564,0.3740074369751152,0.7680284354292503,0.7067164096085752,0.8487098952063624,0.6806874608110761,0.9428551480812082,0.9998048525636236,0.7096774193548387,1.0,2025-08-20 13:14:34,0.1148059360730593,2,0,0.014489682,0
1,16,0.1774987928536938,0.3709906432236168,0.7871372469267344,0.7403772993778813,0.9564534593595972,0.7060905921248473,0.8714725126900059,0.9996837282146224,0.6774193548387097,1.0,2025-08-20 13:14:45,0.1084210526315789,4,0,0.09982557,0
2,16,0.0834379526798648,0.3701856151481338,0.8092841580866674,0.7546421542845273,0.7364458273424801,0.7058384371298825,0.999792515207357,0.9999332284623206,0.6774193548387097,1.0,2025-08-20 13:14:45,0.1173333333333333,5,1,0.7499775,1
3,16,0.0001931434089811,1.0,0.6951333953948509,0.6028369051200944,0.9912525317715708,0.8038843744656056,0.9606309897712948,0.9999148469970748,0.8387096774193549,1.0,2025-08-20 13:14:42,0.0703125,4,0,0.56133,1
4,16,0.0014485755673587,0.1034464942367306,0.6942620914949404,0.6650652116153332,0.9971967006164146,0.8051475245267244,0.972192121084585,0.999954382461926,0.8387096774193549,1.0,2025-08-20 13:14:43,0.062,5,1,0.65793306,1
5,16,0.1231289232254949,0.4559574396808745,0.7878891496191028,0.7396542062675487,0.9726568233175452,0.7027274699314074,0.998727557717156,0.9999308019975296,0.6774193548387097,0.9821428571428572,2025-08-20 13:14:45,0.1041129032258064,7,1,0.94849765,1
6,16,0.0736842105263157,0.4325252988576529,0.7905890105707465,0.7466200247895464,0.7065195056813409,0.7107299273540272,0.9680453752524726,0.9999180372016035,0.6774193548387097,1.0,2025-08-20 13:14:45,0.1081944444444444,5,1,0.63009423,1
7,16,0.030420086914534,0.4309667809957699,0.7406897684945866,0.688436059553897,0.985968826135962,0.7138408945525021,0.9977648676129022,0.9999188804975636,0.6774193548387097,1.0,2025-08-20 13:14:45,0.0973529411764705,5,1,0.92541695,1
8,16,0.095702559150169,0.4243175686296738,0.7913108535033521,0.7295104646707573,0.9735374409255304,0.7063075166731059,0.9981523036712024,0.999923283934488,0.6774193548387097,1.0,2025-08-20 13:14:45,0.1007,6,1,0.92622966,1
9,16,0.132399806856591,0.3769752693519847,0.788635003576672,0.7314884283112039,0.9792614553675238,0.710442937760072,0.9971669967412105,0.9999197158379016,0.6774193548387097,1.0,2025-08-20 13:14:45,0.1050757575757575,6,1,0.9230955,1
10,16,0.0,0.0,0.5897991745459186,0.4747340401449912,0.96081251651164,0.8025060327191887,0.9581382222388296,0.9997770635750484,0.8387096774193549,1.0,2025-08-20 13:14:49,0.08,2,0,0.37101457,0
11,16,1.0,0.386290557412367,0.7780358423706659,0.7174403719828973,0.9643203099774784,0.6548861066952099,0.922034884978691,0.9997956479086618,0.6774193548387097,1.0,2025-08-20 13:14:46,0.1156187290969899,3,0,0.021128535,0
12,16,0.1770159343312409,0.4243082917376383,0.7848041926968741,0.7329896549823962,0.9360818387311888,0.7102367011001399,0.9996086305807016,0.9999281328862591,0.6774193548387097,1.0,2025-08-20 13:14:45,0.1162893081761006,7,1,0.9293201,1
13,16,0.0116851762433606,0.4111577818951144,0.7793269815964281,0.7762074684781853,0.9732145478028532,0.7318725497026392,0.940325996959512,0.9998165274392992,0.7096774193548387,1.0,2025-08-20 13:14:45,0.1053846153846153,6,1,0.4844905,0
14,16,0.2915499758570739,0.3942908460267859,0.7806691876744318,0.7225699996817874,0.7824434203180799,0.6955733141637479,0.9580084213258968,0.9997521266770552,0.6774193548387097,1.0,2025-08-20 13:14:48,0.1199604743083004,3,0,0.16978116,0
15,16,0.0033800096571704,0.5044761004068941,0.8306833761466937,0.8085106506829027,0.7396307276844454,0.7364643832059231,0.9667640829073832,0.9999255433312116,0.7096774193548387,1.0,2025-08-20 13:14:45,0.085,6,1,0.67831177,1
16,16,0.0525350072428778,0.3623868412440311,0.7945707946015491,0.7653875248716867,0.964555141344039,0.7113664504810342,0.9683000603770912,0.9998868869626206,0.6774193548387097,1.0,2025-08-20 13:14:45,0.096551724137931,4,0,0.64609975,1
17,16,0.7864799613713183,0.3960707208402803,0.7863142307306441,0.7313830041815221,0.983752605162712,0.7356600206474169,0.994095041801794,0.9999252012394542,0.8387096774193549,0.1071428571428572,2025-08-20 13:14:44,0.1160739687055476,10,1,0.99978083,1
18,16,0.0136166103331723,0.3496031551740573,0.755598796289514,0.6980620587224046,0.9079607831530576,0.7281092254685253,0.9985151562232656,0.999930432061094,0.6774193548387097,1.0,2025-08-20 13:14:45,0.0872222222222222,3,0,0.7510037,1
19,16,0.7737324963785611,0.3672139173995845,0.7724288082560979,0.7182679837395893,0.875965010132871,0.6731077687489312,0.9996725476969188,0.9999065214383732,0.6774193548387097,1.0,2025-08-20 13:14:46,0.1153448275862069,3,0,0.16226687,0
20,16,0.9696764847899564,0.3740074369751152,0.7830775241306459,0.7235481157021416,0.846963336951539,0.6608558860971949,0.9629084057891208,0.9997456189780416,0.6774193548387097,1.0,2025-08-20 13:14:47,0.1149371428571428,2,0,0.021989632,0
1,17,0.1774987928536938,0.3709906432236168,0.8043092576284585,0.7573503902245057,0.9557636422362698,0.686126012578457,0.963561343714784,0.9997834081838054,0.6451612903225806,1.0,2025-08-20 13:14:59,0.1090588235294117,4,0,0.6443704,1
2,17,0.0834379526798648,0.3701856151481338,0.8279653281208225,0.7756044165854535,0.7453400651605077,0.6853651932686888,0.9276359910398037,0.9998497859181826,0.6451612903225806,1.0,2025-08-20 13:14:59,0.1157894736842105,3,0,0.11127071,0
3,17,0.0001931434089811,1.0,0.707777335486751,0.6028369051200944,0.990782869053144,0.7874966748791873,0.9397330427890676,0.9998675309336472,0.8387096774193549,1.0,2025-08-20 13:14:56,0.0703125,4,0,0.35758305,0
4,17,0.0014485755673587,0.1034464942367306,0.7349911246566896,0.6650652116153332,0.9970792849381748,0.7872132479146743,0.9995456968047342,0.9999638297633672,0.8387096774193549,1.0,2025-08-20 13:14:57,0.062,5,1,0.8331652,1
5,17,0.1231289232254949,0.4559574396808745,0.8025737407440947,0.7531025092495123,0.9481022690670976,0.6832343450145355,0.9976665335879528,0.9998258951845176,0.6451612903225806,1.0,2025-08-20 13:15:04,0.100859375,5,1,0.9088535,1
6,17,0.0736842105263157,0.4325252988576529,0.8105381670721243,0.761942484216779,0.6670384829820039,0.6888130268733097,0.9992290612443974,0.9999304439945276,0.6774193548387097,1.0,2025-08-20 13:15:00,0.1112857142857142,7,1,0.826372,1
7,17,0.030420086914534,0.4309667809957699,0.756007412847106,0.6982709019829827,0.9766342795081324,0.6902879554623818,0.9663953303138232,0.9999229299092972,0.6451612903225806,1.0,2025-08-20 13:14:59,0.1003030303030303,5,1,0.70072734,1
8,17,0.095702559150169,0.4243175686296738,0.8087660716901566,0.761837318796618,0.9689141984912972,0.6848893843142967,0.9989940429247686,0.999910244669594,0.6451612903225806,1.0,2025-08-20 13:15:00,0.095,7,1,0.91217726,1
9,17,0.132399806856591,0.3769752693519847,0.8063249985003327,0.7526116079340002,0.9727889159596658,0.6862412042637549,0.9325310588017802,0.999851615711304,0.6451612903225806,1.0,2025-08-20 13:15:01,0.1066923076923076,5,1,0.36131394,0
10,17,0.0,0.0,0.6071461694236109,0.4747340401449912,0.9929257052280922,0.7876882651736345,0.9993126451656044,0.999980146744635,0.8387096774193549,1.0,2025-08-20 13:14:56,0.08,5,1,0.82664245,1
11,17,1.0,0.386290557412367,0.7952468428899477,0.7385754522436455,0.9645991722195344,0.6280579236045576,0.9971591300192144,0.9999044847990732,0.6774193548387097,1.0,2025-08-20 13:15:00,0.1177185017026106,5,1,0.36211026,0
12,17,0.1770159343312409,0.4243082917376383,0.8001484228736299,0.7517691850572487,0.9625150438826808,0.6861845980403953,0.9946929126734858,0.9999092701058664,0.6774193548387097,1.0,2025-08-20 13:14:59,0.1107185628742515,6,1,0.9283237,1
13,17,0.0116851762433606,0.4111577818951144,0.7942026800452147,0.7762074684781853,0.970440602342245,0.7103008284300996,0.9993863956843164,0.9999290796053087,0.6774193548387097,1.0,2025-08-20 13:15:00,0.1053846153846153,6,1,0.94812375,1
14,17,0.2915499758570739,0.3942908460267859,0.7967161950082264,0.7468820975340068,0.8155546423225511,0.6755085851452602,0.9276812246912804,0.999834244610086,0.6774193548387097,1.0,2025-08-20 13:15:00,0.1176356589147286,3,0,0.10159393,0
15,17,0.0033800096571704,0.5044761004068941,0.849272466454478,0.7872340563143363,0.7453547421257551,0.7160568500655524,0.9653952732800888,0.9998912466436224,0.6774193548387097,1.0,2025-08-20 13:14:59,0.085,4,0,0.6496702,1
16,17,0.0525350072428778,0.3623868412440311,0.816472834176684,0.7847644152298157,0.9630580914082087,0.6898291679597692,0.9538990424232652,0.9998459950641728,0.6451612903225806,1.0,2025-08-20 13:14:59,0.0982456140350877,4,0,0.47686332,0
17,17,0.7864799613713183,0.3960707208402803,0.8029048681045279,0.750265953387271,0.9868641207016768,0.7165203877407545,0.9600409856215988,0.999928817069774,0.8064516129032258,0.0178571428571429,2025-08-20 13:14:57,0.112863070539419,8,1,0.9994981,1
18,17,0.0136166103331723,0.3496031551740573,0.7813105783472235,0.6980620587224046,0.9085185076410992,0.7088068991506691,0.998434522322807,0.9999259570235696,0.6774193548387097,1.0,2025-08-20 13:14:59,0.0872222222222222,3,0,0.74138314,1
19,17,0.7737324963785611,0.3672139173995845,0.7905036334964506,0.7398944180575108,0.809625150440221,0.6494000532019331,0.925648660395578,0.999776848773247,0.6451612903225806,1.0,2025-08-20 13:15:04,0.1153448275862068,2,0,0.013717042,0
20,17,0.9696764847899564,0.3740074369751152,0.8005369927797418,0.7487957071811814,0.6955411395198816,0.634252940356833,0.8711460437271742,0.9994561337728336,0.6774193548387097,1.0,2025-08-20 13:15:13,0.1111270718232044,3,0,0.0010573122,0
1,18,0.1774987928536938,0.3709906432236168,0.8104120223426776,0.7673001643581586,0.9670355475878608,0.6718873702411188,0.8951297124123107,0.9996428721164748,0.6451612903225806,1.0,2025-08-20 13:15:24,0.1077906976744186,5,1,0.16069831,0
2,18,0.0834379526798648,0.3701856151481338,0.837238018133269,0.7842360010338034,0.7126544750060583,0.6775262209526947,0.9252346741505416,0.999776637949257,0.6451612903225806,1.0,2025-08-20 13:15:24,0.1142857142857142,3,0,0.09779536,0
3,18,0.0001931434089811,1.0,0.7132937816237332,0.6028369051200944,0.9924707194579124,0.7717704368258713,1.0,0.99999919250434,0.8387096774193549,1.0,2025-08-20 13:15:20,0.0555555555555555,6,1,0.80385303,1
4,18,0.0014485755673587,0.1034464942367306,0.7342941305805568,0.6650652116153332,0.989461942642875,0.7721397627447131,0.9319322045898388,0.9998858646651594,0.8064516129032258,1.0,2025-08-20 13:15:23,0.062,4,0,0.16906014,0
5,18,0.1231289232254949,0.4559574396808745,0.8108002448552368,0.7531025092495123,0.9660668682369152,0.6738301908302669,0.9681682927836592,0.9999130172039536,0.6451612903225806,1.0,2025-08-20 13:15:24,0.100859375,6,1,0.7112643,1
6,18,0.0736842105263157,0.4325252988576529,0.816211267266443,0.7730860734336628,0.6636187512903935,0.6819933624255015,0.9184899433792684,0.9998082933702538,0.6451612903225806,0.9821428571428572,2025-08-20 13:15:24,0.1052702702702703,5,1,0.20045516,0
7,18,0.030420086914534,0.4309667809957699,0.7678123975093231,0.7343318399757435,0.9702791557839818,0.6824149402428288,0.9966772932969628,0.9999295370535892,0.6451612903225806,1.0,2025-08-20 13:15:23,0.0894594594594594,5,1,0.87358785,1
8,18,0.095702559150169,0.4243175686296738,0.8157543017002861,0.7639924984587382,0.9692517685740965,0.6739263818252063,0.9986783907046812,0.9999155033359116,0.6451612903225806,1.0,2025-08-20 13:15:24,0.0977669902912621,7,1,0.92117065,1
9,18,0.132399806856591,0.3769752693519847,0.8162678719806123,0.7713877747850837,0.9753720609390336,0.6757084882417395,0.9681633760824118,0.999911445968556,0.6451612903225806,1.0,2025-08-20 13:15:24,0.0963194444444444,6,1,0.66751194,1
10,18,0.0,0.0,0.6103818338429512,0.4747340401449912,0.9917662253794182,0.7711624147344021,0.9998515156223264,0.9999813082654858,0.8064516129032258,1.0,2025-08-20 13:15:20,0.08,5,1,0.8226691,1
11,18,1.0,0.386290557412367,0.8033075381018949,0.7457948060959209,0.96081251651164,0.614517952485607,0.9607647240452256,0.9998606294313314,0.6451612903225806,1.0,2025-08-20 13:15:25,0.111516129032258,4,0,0.076647796,0
12,18,0.1770159343312409,0.4243082917376383,0.8050527615708184,0.7523560676049372,0.9533712977401924,0.6737917936018342,0.8873092074080922,0.9997290911727836,0.6451612903225806,1.0,2025-08-20 13:15:24,0.1141358024691358,3,0,0.17409416,0
13,18,0.0116851762433606,0.4111577818951144,0.7942811501182869,0.8158098810996915,0.94465318343269,0.6891301008936658,0.9602612538374852,0.9997764828146228,0.6451612903225806,1.0,2025-08-20 13:15:29,0.1053846153846153,4,0,0.6682101,1
14,18,0.2915499758570739,0.3942908460267859,0.8029103650966259,0.7479547072067936,0.6211729826526251,0.6659148199051232,0.8898127916833015,0.9996317501565468,0.6451612903225806,1.0,2025-08-20 13:15:34,0.1140977443609022,3,0,0.017963503,0
15,18,0.0033800096571704,0.5044761004068941,0.869223094269726,0.8510638394200355,0.7440925235573398,0.6917236951275896,0.9686471794851624,0.9999297757222572,0.6774193548387097,1.0,2025-08-20 13:15:23,0.0728571428571428,7,1,0.7042056,1
16,18,0.0525350072428778,0.3623868412440311,0.8212756930866649,0.7905774888049923,0.9591246660996954,0.6796143176535414,0.9198499029443172,0.9998282301596526,0.6451612903225806,1.0,2025-08-20 13:15:24,0.0949152542372881,3,0,0.22879116,0
17,18,0.7864799613713183,0.3960707208402803,0.8101602846264856,0.7617021430720566,0.9792467784036432,0.7114646207145525,0.98533446351906,0.9999206744903848,0.8064516129032258,0.1071428571428572,2025-08-20 13:15:23,0.1136490250696378,10,1,0.99966156,1
18,18,0.0136166103331723,0.3496031551740573,0.7878912339804189,0.7395311252130797,0.901532274643676,0.688901696761649,0.9701231731996516,0.9998187430801004,0.6451612903225806,1.0,2025-08-20 13:15:23,0.0826315789473684,2,0,0.45744783,0
19,18,0.7737324963785611,0.3672139173995845,0.7980122999183001,0.7457065214719848,0.8306425573153512,0.6452420687951662,0.9469674770045884,0.9997611125524046,0.6451612903225806,1.0,2025-08-20 13:15:26,0.1124369747899159,2,0,0.025475167,0
20,18,0.9696764847899564,0.3740074369751152,0.8081134622491053,0.7539746837211433,0.8514398097801127,0.6192162690244412,0.9897162276708013,0.999860112315884,0.6451612903225806,1.0,2025-08-20 13:15:25,0.1128731762065095,5,1,0.042406037,0
1,19,0.1774987928536938,0.3709906432236168,0.8176071763007056,0.7772498738144314,0.9678134264753356,0.650855189405215,0.8796607869475349,0.999665597351478,0.6129032258064516,1.0,2025-08-20 13:15:46,0.1077906976744186,5,1,0.11941202,0
2,19,0.0834379526798648,0.3701856151481338,0.8431380071873069,0.792867520804773,0.7468224381392916,0.6573482794874881,0.9636754111837254,0.9998852202597558,0.6129032258064516,1.0,2025-08-20 13:15:46,0.1157894736842105,3,0,0.33584708,0
3,19,0.0001931434089811,1.0,0.7280979374355859,0.6028369051200944,0.9884785863157466,0.7687144924598928,0.9997305647716388,0.9999835040172312,0.8064516129032258,1.0,2025-08-20 13:15:43,0.0703125,6,1,0.8850912,1
4,19,0.0014485755673587,0.1034464942367306,0.7398651788100519,0.6650652116153332,0.994877740921971,0.7683914807237996,0.998931109148801,0.999947827029179,0.8064516129032258,1.0,2025-08-20 13:15:44,0.062,5,1,0.8234192,1
5,19,0.1231289232254949,0.4559574396808745,0.8190459986561796,0.7665507475540956,0.9723192532398722,0.6571543141067459,0.9625485032578064,0.9998792097871338,0.6129032258064516,1.0,2025-08-20 13:15:46,0.100859375,5,1,0.6715161,1
6,19,0.0736842105263157,0.4325252988576529,0.8246840121016792,0.7800507924401975,0.6752282267305929,0.6632064298336173,0.9678723073685618,0.9999215257419672,0.6129032258064516,1.0,2025-08-20 13:15:46,0.1081944444444444,6,1,0.6331801,1
7,19,0.030420086914534,0.4309667809957699,0.7736389434793449,0.7343318399757435,0.9710276807464292,0.6627717890416684,0.9985820233602308,0.99992244859415,0.6129032258064516,1.0,2025-08-20 13:15:46,0.0894594594594594,5,1,0.87834287,1
8,19,0.095702559150169,0.4243175686296738,0.8230043847094646,0.7693803182592783,0.9628232600469452,0.6525034992938077,0.9996479641906816,0.9999095962863792,0.6129032258064516,1.0,2025-08-20 13:15:47,0.0977669902912621,7,1,0.9171876,1
9,19,0.132399806856591,0.3769752693519847,0.8224289579418493,0.7784288777776025,0.9754894766193238,0.6557581592131181,0.9598925012439254,0.9998538830636496,0.6129032258064516,1.0,2025-08-20 13:15:47,0.0976760563380281,4,0,0.579276,1
10,19,0.0,0.0,0.6060088438020195,0.4747340401449912,0.8747174685180845,0.7689468550690675,0.8788731314076909,0.9994307831824828,0.8064516129032258,1.0,2025-08-20 13:16:07,0.08,2,0,0.015954914,0
11,19,1.0,0.386290557412367,0.80988155238776,0.7515494113194212,0.9647019109403864,0.585218887952929,0.9075532331244064,0.999776729438913,0.6451612903225806,1.0,2025-08-20 13:15:47,0.1118770226537216,4,0,0.0126726,0
12,19,0.1770159343312409,0.4243082917376383,0.8135193350617661,0.7629195653990505,0.9556462265552962,0.6545650741976958,0.9995338967217404,0.999926597451162,0.6451612903225806,1.0,2025-08-20 13:15:46,0.1141358024691358,6,1,0.9454379,1
13,19,0.0116851762433606,0.4111577818951144,0.8020624183044034,0.8078894244463424,0.9730824551627832,0.6810876628517503,0.9377024451738644,0.9998033250841486,0.6451612903225806,1.0,2025-08-20 13:15:45,0.1053846153846153,6,1,0.46123108,0
14,19,0.2915499758570739,0.3942908460267859,0.8086618944941872,0.758680609902521,0.7340094519615954,0.6455801227444596,0.970834128200035,0.9997325836909584,0.6129032258064516,1.0,2025-08-20 13:15:51,0.1107664233576642,4,0,0.2635344,0
15,19,0.0033800096571704,0.5044761004068941,0.867496548312987,0.8297872450514691,0.7390583262407244,0.6827680364053228,0.9682066430533894,0.9999199385953252,0.6451612903225806,1.0,2025-08-20 13:15:45,0.0728571428571428,7,1,0.70351446,1
16,19,0.0525350072428778,0.3623868412440311,0.8293960582500108,0.8022036359553458,0.9627351982766468,0.6603032826859376,0.9986833074059288,0.999921517786345,0.6129032258064516,1.0,2025-08-20 13:15:45,0.0949152542372881,5,1,0.8978386,1
17,19,0.7864799613713183,0.3960707208402803,0.8169756352568777,0.7718085011431082,0.986042210932128,0.6962015244887231,0.9597027165757732,0.9999133115619776,0.8064516129032258,0.1071428571428572,2025-08-20 13:15:44,0.1149295774647887,9,1,0.99910706,1
18,19,0.0136166103331723,0.3496031551740573,0.7913887309638934,0.7257080814903946,0.9076672439574582,0.6781425558461958,0.9990402599164948,0.9999268798757522,0.6451612903225806,1.0,2025-08-20 13:15:45,0.0872222222222222,4,0,0.75657916,1
19,19,0.7737324963785611,0.3672139173995845,0.804863534259191,0.7578713665217981,0.8440572988549614,0.6202937665068498,0.9843058896180904,0.9998779925769272,0.6129032258064516,1.0,2025-08-20 13:15:47,0.1125946704067321,3,0,0.058810372,0
20,19,0.9696764847899564,0.3740074369751152,0.8158503866699699,0.7640089911906822,0.8556374203810685,0.5958248358023674,0.923524645456673,0.9996758441929566,0.6129032258064516,1.0,2025-08-20 13:15:48,0.113638418079096,3,0,0.008955837,0
1,20,0.1774987928536938,0.3709906432236168,0.8231790827966248,0.7801762665577329,0.9660228373548416,0.6300276618383801,0.8678961042025995,0.9995741832738292,0.5806451612903225,1.0,2025-08-20 13:16:18,0.1059428571428571,5,1,0.0909478,0
2,20,0.0834379526798648,0.3701856151481338,0.8486541059307364,0.7977998178167557,0.7354184401414794,0.6354448378291078,0.9947283129224676,0.9997794900398392,0.6129032258064516,1.0,2025-08-20 13:16:18,0.1113924050632911,5,1,0.723404,1
3,20,0.0001931434089811,1.0,0.7162024465354426,0.6028369051200944,0.9924707194688476,0.7523370849140851,0.9708891952540066,0.9999438730849126,0.8064516129032258,1.0,2025-08-20 13:16:15,0.0703125,6,1,0.6562328,1
4,20,0.0014485755673587,0.1034464942367306,0.7171397552103593,0.7000686097648875,0.9762820324652118,0.7535986515843409,0.9374477600492456,0.9996192041402332,0.8064516129032258,1.0,2025-08-20 13:16:21,0.062,3,0,0.2050404,0
5,20,0.1231289232254949,0.4559574396808745,0.8258510092196512,0.779998985858679,0.9713799277920838,0.6320745903767837,0.9656017747324824,0.9997792513711714,0.6129032258064516,1.0,2025-08-20 13:16:18,0.100859375,8,1,0.71286,1
6,20,0.0736842105263157,0.4325252988576529,0.8312935218346605,0.7870155114467322,0.6628995802311033,0.6402345951902919,0.8928631131372291,0.999574620833054,0.6129032258064516,1.0,2025-08-20 13:16:19,0.0986075949367088,4,0,0.06702046,0
7,20,0.030420086914534,0.4309667809957699,0.7726532040562039,0.7310535376069215,0.9682537352851376,0.6433249783075452,0.9543090953073036,0.9996458833195024,0.6129032258064516,1.0,2025-08-20 13:16:18,0.0894594594594594,3,0,0.39550945,0
8,20,0.095702559150169,0.4243175686296738,0.8289451209837384,0.7747681380598184,0.9698241700178172,0.6319000215341157,0.9684977117672394,0.9996721567620362,0.6129032258064516,1.0,2025-08-20 13:16:18,0.0987254901960784,7,1,0.69922596,1
9,20,0.132399806856591,0.3769752693519847,0.827472008841125,0.7752995274153187,0.968591305368962,0.6358501858900873,0.9944657610758528,0.9997288286372488,0.6129032258064516,1.0,2025-08-20 13:16:20,0.0963194444444444,6,1,0.8792445,1
10,20,0.0,0.0,0.6135261950626855,0.4747340401449912,0.9875099069482274,0.7528382281222884,0.9599092180281668,0.9998897668978808,0.8064516129032258,1.0,2025-08-20 13:16:16,0.08,4,0,0.43959907,0
11,20,1.0,0.386290557412367,0.8156253369525883,0.7583503025219781,0.9563507206389162,0.5640319306601473,0.8925602443403852,0.9995266484307892,0.6129032258064516,1.0,2025-08-20 13:16:20,0.1088247639034627,2,0,0.008417604,0
12,20,0.1770159343312409,0.4243082917376383,0.8166839064122995,0.7640932658170475,0.9569965068823914,0.633392367422683,0.9403967974574754,0.999734668063992,0.6129032258064516,1.0,2025-08-20 13:16:18,0.1134355828220858,4,0,0.4730275,0
13,20,0.0116851762433606,0.4111577818951144,0.8027384257229722,0.7841279898089146,0.9000792555851356,0.6606152106859883,0.9649449034458208,0.9995255306658608,0.6129032258064516,1.0,2025-08-20 13:16:33,0.1053846153846153,5,1,0.53620046,1
14,20,0.2915499758570739,0.3942908460267859,0.8145743692812061,0.7669038213724593,0.7972818269891528,0.6230639088220205,0.9853010299505772,0.9997295128207636,0.6129032258064516,1.0,2025-08-20 13:16:20,0.1103636363636363,5,1,0.39226934,0
15,20,0.0033800096571704,0.5044761004068941,0.8811181151668275,0.8936170281571683,0.6849884052016098,0.6627575385238997,0.9374349766260024,0.9996500480877588,0.6129032258064516,1.0,2025-08-20 13:16:19,0.06375,4,0,0.58077085,1
16,20,0.0525350072428778,0.3623868412440311,0.8320091729880629,0.7963905623801691,0.9590219273785018,0.6393320623982672,0.9297137889869824,0.999623177973555,0.6129032258064516,1.0,2025-08-20 13:16:18,0.0903225806451612,4,0,0.24312171,0
17,20,0.7864799613713183,0.3960707208402803,0.8222387088844787,0.773670239531384,0.9605483312338918,0.6824299824560291,0.9835290508209908,0.9997124917669254,0.7741935483870968,0.0535714285714286,2025-08-20 13:16:22,0.1127071823204419,10,1,0.99969727,1
18,20,0.0136166103331723,0.3496031551740573,0.8070056446445754,0.7602655937810372,0.9048932984961666,0.659779180310218,0.9682371266011236,0.9996682704405592,0.6129032258064516,1.0,2025-08-20 13:16:18,0.0826315789473684,2,0,0.44388723,0
19,20,0.7737324963785611,0.3672139173995845,0.8103653285622167,0.7617912038245547,0.8289693838621615,0.5991004756506153,0.95452936352319,0.9994228832495724,0.6129032258064516,1.0,2025-08-20 13:16:20,0.1099583911234396,2,0,0.027541326,0
20,20,0.9696764847899564,0.3740074369751152,0.8208056287400811,0.766274769172898,0.844160037576155,0.569847725300686,0.9851387788094108,0.9996944921715484,0.6129032258064516,1.0,2025-08-20 13:16:21,0.1123687150837989,5,1,0.03063599,0
1,21,0.1774987928536938,0.3709906432236168,0.8326137195093573,0.7924671031441228,0.9687674288911056,0.6080719682815141,0.915780840991915,0.9998137907052396,0.5806451612903225,1.0,2025-08-20 13:16:44,0.106551724137931,5,1,0.24608624,0
2,21,0.0834379526798648,0.3701856151481338,0.8590481823311817,0.8101305603467123,0.7423606422568287,0.613540604475296,0.9994837463690162,0.9999337734224458,0.5806451612903225,1.0,2025-08-20 13:16:44,0.1099999999999999,5,1,0.75800896,1
3,21,0.0001931434089811,1.0,0.7404960046318596,0.6631205568256757,0.9915460709781052,0.7360855569419023,0.985679615946632,0.9999743908519254,0.8064516129032258,1.0,2025-08-20 13:16:41,0.0703125,6,1,0.8357026,1
4,21,0.0014485755673587,0.1034464942367306,0.7388410217469692,0.7000686097648875,1.0,0.7378197657848236,0.9996961478629066,0.9999816980909768,0.7741935483870968,1.0,2025-08-20 13:16:41,0.062,5,1,0.84397846,1
5,21,0.1231289232254949,0.4559574396808745,0.8343325410682783,0.7816800156467519,0.972700854199619,0.6102966324443122,0.9603320543354488,0.9999149345089198,0.5806451612903225,1.0,2025-08-20 13:16:44,0.100859375,6,1,0.6464024,1
6,21,0.0736842105263157,0.4325252988576529,0.8415187240986816,0.7995520574003989,0.716808054714005,0.6212992197049827,0.9671888858951642,0.9999261797809929,0.5806451612903225,1.0,2025-08-20 13:16:44,0.0998717948717948,6,1,0.6351218,1
7,21,0.030420086914534,0.4309667809957699,0.7870747365221697,0.7441666177274491,0.9736695335615,0.6227579185377068,0.9973725148533544,0.999928634090462,0.5806451612903225,1.0,2025-08-20 13:16:44,0.0894594594594594,5,1,0.8732847,1
8,21,0.095702559150169,0.4243175686296738,0.836104493405842,0.7769232530445584,0.972950362521346,0.6130873588407046,0.9658859600645858,0.9999239164064582,0.5806451612903225,1.0,2025-08-20 13:16:44,0.0941121495327102,6,1,0.59676987,1
9,21,0.132399806856591,0.3769752693519847,0.8370753357760481,0.7948580318569731,0.9772360348727804,0.6126012578457017,0.9993795123025698,0.999917333129033,0.5806451612903225,1.0,2025-08-20 13:16:45,0.0969930069930069,6,1,0.9175092,1
10,21,0.0,0.0,0.6136105503912381,0.5425531887371329,0.9920304106614376,0.7371044689623723,0.9764588344271354,0.9999876250295652,0.8064516129032258,1.0,2025-08-20 13:16:41,0.08,5,1,0.66762054,1
11,21,1.0,0.386290557412367,0.8246342530839889,0.7690224583147818,0.9643056330174422,0.5452798326672537,0.8825783574677809,0.9997577831244864,0.6129032258064516,1.0,2025-08-20 13:16:45,0.1085968586387434,3,0,0.007138378,0
12,21,0.1770159343312409,0.4243082917376383,0.8278760684127028,0.7711356623571698,0.9617811958800134,0.612224014972544,0.9623538018884066,0.999903522168779,0.5806451612903225,1.0,2025-08-20 13:16:44,0.1134355828220858,3,0,0.73353714,1
13,21,0.0116851762433606,0.4111577818951144,0.8119405335394835,0.8078894244463424,0.972495376757232,0.6385815351291096,0.9055629524594324,0.9997976129473616,0.6129032258064516,1.0,2025-08-20 13:16:44,0.1053846153846153,6,1,0.26915652,0
14,21,0.2915499758570739,0.3942908460267859,0.8229369699253329,0.7751270328423976,0.839360671617386,0.6016865487779389,0.9624806527805913,0.9998842456960284,0.5806451612903225,1.0,2025-08-20 13:16:45,0.1111721611721611,3,0,0.21339826,0
15,21,0.0033800096571704,0.5044761004068941,0.8871915762131338,0.9148936225257346,0.745941820530623,0.6418975514443692,0.9615504129045708,0.9998793490105234,0.6129032258064516,1.0,2025-08-20 13:16:44,0.06375,5,1,0.7264024,1
16,21,0.0525350072428778,0.3623868412440311,0.8399584570441793,0.8060790398979237,0.964951419260832,0.6178414899074667,0.9995869970952128,0.9999338291118016,0.5806451612903225,1.0,2025-08-20 13:16:44,0.0918032786885245,5,1,0.893186,1
17,21,0.7864799613713183,0.3960707208402803,0.8319098593018307,0.7868351262334301,0.9856899638974088,0.6609318888586285,0.998645940476448,0.9999451579179086,0.7741935483870968,0.1071428571428572,2025-08-20 13:16:42,0.1108695652173913,10,1,0.9998003,1
18,21,0.0136166103331723,0.3496031551740573,0.8161704383065476,0.7810001270263748,0.7278304517630056,0.6391040541139661,0.9314611846103318,0.9995854921908806,0.5806451612903225,1.0,2025-08-20 13:16:59,0.0826315789473684,2,0,0.21147321,0
19,21,0.7737324963785611,0.3672139173995845,0.8207260143117765,0.7703065630207339,0.8520122112361357,0.5764112762763713,0.9626409372412584,0.9998696670182255,0.5806451612903225,1.0,2025-08-20 13:16:45,0.1110373443983402,2,0,0.03729576,0
20,21,0.9696764847899564,0.3740074369751152,0.829998581714734,0.7791143933300547,0.860759679450896,0.5466162145557956,0.922409537613748,0.9996913934566756,0.5806451612903225,1.0,2025-08-20 13:16:46,0.1114966740576496,3,0,0.0083797425,0
1,22,0.1774987928536938,0.3709906432236168,0.8389327264926523,0.8030021428909601,0.9611354096305582,0.5987814223916803,0.9151711700372293,0.9996868786410396,0.5483870967741935,1.0,2025-08-20 13:17:12,0.1047457627118643,5,1,0.2218388,0
2,22,0.0834379526798648,0.3701856151481338,0.8659425956471771,0.8298597483946428,0.7279185135271531,0.6061817954385675,0.9636911446277172,0.9998885457098632,0.5483870967741935,1.0,2025-08-20 13:17:11,0.1073170731707316,5,1,0.37348595,0
3,22,0.0001931434089811,1.0,0.7419582453997661,0.6631205568256757,0.9920010567394858,0.7204436344520517,0.973478330130922,0.999977246920319,0.7741935483870968,1.0,2025-08-20 13:17:07,0.0703125,6,1,0.73885065,1
4,22,0.0014485755673587,0.1034464942367306,0.7499478884127361,0.735072072591822,0.997798455983796,0.7222506792746803,0.9488525402628664,0.9998841860288612,0.7741935483870968,1.0,2025-08-20 13:17:07,0.062,5,1,0.34774426,0
5,22,0.1231289232254949,0.4559574396808745,0.8410561593658523,0.7951283186287155,0.9677987495292248,0.6027517749811576,0.920828326492563,0.9998129672983352,0.5483870967741935,1.0,2025-08-20 13:17:11,0.100859375,6,1,0.29775152,0
6,22,0.0736842105263157,0.4325252988576529,0.8468407115858314,0.8037309276107478,0.49467226347685,0.6138671788408312,0.9187170949769012,0.9996343357337832,0.5806451612903225,1.0,2025-08-20 13:17:17,0.0961728395061728,4,0,0.2253048,0
7,22,0.030420086914534,0.4309667809957699,0.793122470010664,0.7507231577877129,0.9625884286843146,0.61597110945031,0.9199295535045264,0.9997129253483388,0.5483870967741935,1.0,2025-08-20 13:17:11,0.0871052631578947,3,0,0.21667935,0
8,22,0.095702559150169,0.4243175686296738,0.8407828832493951,0.7823110728450986,0.9670649015176724,0.6024030331435375,0.9170326331295195,0.999838763403533,0.5483870967741935,1.0,2025-08-20 13:17:11,0.0959047619047619,4,0,0.23145063,0
9,22,0.132399806856591,0.3769752693519847,0.8423093713896295,0.8034637453532537,0.9745795050924622,0.6024335134176542,0.9619132654566336,0.999869977287494,0.5483870967741935,1.0,2025-08-20 13:17:11,0.0963194444444444,6,1,0.59041584,1
10,22,0.0,0.0,0.626974984711363,0.5425531887371329,0.9687967828104946,0.7213006447567594,0.9996184639831966,0.9999014656404231,0.7741935483870968,1.0,2025-08-20 13:17:12,0.08,5,1,0.7945371,1
11,22,1.0,0.386290557412367,0.829185333407948,0.7737307775592258,0.952255848768637,0.5386018817017019,0.9134680247251072,0.9996650523913526,0.5806451612903225,1.0,2025-08-20 13:17:13,0.1078066528066528,2,0,0.012806792,0
12,22,0.1770159343312409,0.4243082917376383,0.8320109916954856,0.7811122776035945,0.9538556374183992,0.6047500142505178,0.9604451384641404,0.9998428685046222,0.5806451612903225,1.0,2025-08-20 13:17:11,0.1100595238095238,4,0,0.6686755,1
13,22,0.0116851762433606,0.4111577818951144,0.8154591397900111,0.83165085908377,0.9677106877623436,0.6185694538568235,0.9258571285284708,0.9998551599410234,0.5806451612903225,1.0,2025-08-20 13:17:11,0.1053846153846153,5,1,0.377731,0
14,22,0.2915499758570739,0.3942908460267859,0.8276021792487996,0.7829927724321205,0.7966066868228714,0.5941234823198576,0.9996086305807016,0.9999032994113556,0.5806451612903225,1.0,2025-08-20 13:17:12,0.1091726618705035,5,1,0.5668694,1
15,22,0.0033800096571704,0.5044761004068941,0.896547885897198,0.9574468112628672,0.7272286963928902,0.6237507046089341,0.9993165785266024,0.9999339365127023,0.5806451612903225,1.0,2025-08-20 13:17:10,0.06375,6,1,0.91930676,1
16,22,0.0525350072428778,0.3623868412440311,0.846864416087072,0.8099543791631214,0.956820383362298,0.6100844580686431,0.976878720713669,0.9998739192983268,0.5483870967741935,1.0,2025-08-20 13:17:11,0.0888888888888888,5,1,0.6507102,1
17,22,0.7864799613713183,0.3960707208402803,0.8373912799947384,0.7914893751880496,0.9807291513769596,0.6621982057014738,0.9256820939640608,0.9998786688048196,0.7741935483870968,0.0535714285714286,2025-08-20 13:17:09,0.112396694214876,9,1,0.9979184,1
18,22,0.0136166103331723,0.3496031551740573,0.8200087079302704,0.7533541042583847,0.8026242404748165,0.6193761915016246,0.9233230607055268,0.9995829265026998,0.5806451612903225,1.0,2025-08-20 13:17:18,0.0826315789473684,1,0,0.14191663,0
19,22,0.7737324963785611,0.3672139173995845,0.8252981834678739,0.7788219868942933,0.8548008336544736,0.5744799352709815,0.952257847546861,0.999888239418406,0.5483870967741935,1.0,2025-08-20 13:17:11,0.1093732970027247,4,0,0.031786527,0
20,22,0.9696764847899564,0.3740074369751152,0.8347223575041968,0.7837538958419948,0.7818416649506983,0.5371400160872511,0.9120490647450888,0.9997122809429354,0.5483870967741935,1.0,2025-08-20 13:17:17,0.109553376906318,4,0,0.003955753,0
1,23,0.1774987928536938,0.3709906432236168,0.8509716909300458,0.8147077138641657,0.9666245927140216,0.5817833256274978,0.9469969772120732,0.9997146755852374,0.5483870967741935,1.0,2025-08-20 13:17:29,0.1041573033707865,5,1,0.45130414,0
2,23,0.0834379526798648,0.3701856151481338,0.8763936854600891,0.8409574166716038,0.7346405612540043,0.5853222042067528,0.895800350462465,0.9997209605268276,0.5483870967741935,1.0,2025-08-20 13:17:29,0.1086419753086419,3,0,0.04931866,0
3,23,0.0001931434089811,1.0,0.7577572137369587,0.7234042732086372,0.9883611706320392,0.7179652319034258,0.9447421780199854,0.9999721513442577,0.7741935483870968,1.0,2025-08-20 13:17:27,0.0703125,5,1,0.502275,1
4,23,0.0014485755673587,0.1034464942367306,0.7659289522762691,0.735072072591822,0.9884932632755266,0.7182201578324012,0.9991090937339592,0.999929652410112,0.7741935483870968,1.0,2025-08-20 13:17:29,0.062,5,1,0.8481682,1
5,23,0.1231289232254949,0.4559574396808745,0.8530380286511198,0.8035334675690801,0.9724513458806258,0.5835963081658633,0.9984355056630564,0.9999247278799293,0.5483870967741935,1.0,2025-08-20 13:17:29,0.100859375,8,1,0.9407622,1
6,23,0.0736842105263157,0.4325252988576529,0.8609434593799411,0.8232321925709493,0.704831655271105,0.5916292458625997,0.9990422265969936,0.999928216420293,0.5483870967741935,1.0,2025-08-20 13:17:29,0.0961728395061728,6,1,0.83932126,1
7,23,0.030420086914534,0.4309667809957699,0.8067724005263339,0.776949253351388,0.9755775383711692,0.593712196543141,0.9637580117646828,0.9990438416045152,0.5483870967741935,1.0,2025-08-20 13:17:29,0.0871052631578947,4,0,0.5343045,1
8,23,0.095702559150169,0.4243175686296738,0.854309836447422,0.7920091226151188,0.973067778201978,0.5836339136988644,0.996745143774178,0.9999258138223688,0.5483870967741935,1.0,2025-08-20 13:17:29,0.095,6,1,0.905047,1
9,23,0.132399806856591,0.3769752693519847,0.8557359482858514,0.8128518611174855,0.9765462177474024,0.5856950927550368,0.9037300062343772,0.9997431646685724,0.5483870967741935,1.0,2025-08-20 13:17:30,0.0969930069930069,4,0,0.17386468,0
10,23,0.0,0.0,0.6392505241581206,0.5425531887371329,0.9870255672645531,0.7166791226747905,0.9516727600984128,0.9999010280811986,0.7741935483870968,1.0,2025-08-20 13:17:27,0.08,4,0,0.31690776,0
11,23,1.0,0.386290557412367,0.8422481483847012,0.7914130558794457,0.961472979716518,0.5096677887629917,0.99055305022312,0.9998714252107463,0.5483870967741935,1.0,2025-08-20 13:17:31,0.1083699059561128,4,0,0.20006987,0
12,23,0.1770159343312409,0.4243082917376383,0.8439615955610134,0.7981312247127614,0.9617371649979396,0.5832582542165698,0.9994040958088072,0.9999276277042451,0.5483870967741935,1.0,2025-08-20 13:17:29,0.1100595238095238,5,1,0.945694,1
13,23,0.0116851762433606,0.4111577818951144,0.8273370566633726,0.83165085908377,0.9684445357677448,0.6163194554402143,0.9994040958088072,0.9999133553179,0.5806451612903225,1.0,2025-08-20 13:17:30,0.1053846153846153,8,1,0.95534223,1
14,23,0.2915499758570739,0.3942908460267859,0.840147050873446,0.7958638297960413,0.8268999324853442,0.5740156059003476,0.9301848089664896,0.9998536921287152,0.5483870967741935,1.0,2025-08-20 13:17:30,0.1061188811188811,3,0,0.10210518,0
15,23,0.0033800096571704,0.5044761004068941,0.9063360466370532,0.936170216894301,0.0,0.6194957375117962,0.8797551876114862,0.999437907442222,0.5806451612903225,1.0,2025-08-20 13:17:53,0.0728571428571428,5,1,0.37634048,0
16,23,0.0525350072428778,0.3623868412440311,0.8603334158665487,0.8370820774064062,0.9626618134804806,0.5891753858723534,0.9513531745173276,0.999828898431923,0.5483870967741935,1.0,2025-08-20 13:17:29,0.0918032786885246,3,0,0.37935257,0
17,23,0.7864799613713183,0.3960707208402803,0.8504285513279134,0.8018616866463719,0.9804502891329386,0.6491471065115366,0.9989468425927928,0.9999289602709748,0.7419354838709677,0.1071428571428572,2025-08-20 13:17:29,0.112551724137931,10,1,0.9998093,1
18,23,0.0136166103331723,0.3496031551740573,0.8279079468798884,0.7879116165490273,0.8722223852987634,0.6143659469627396,0.8686562262154577,0.99949916175586,0.5483870967741935,1.0,2025-08-20 13:17:31,0.0872222222222222,1,0,0.059980266,0
19,23,0.7737324963785611,0.3672139173995845,0.8377688150468245,0.7901758422741189,0.8539348930028512,0.548849587368341,0.9560702576941458,0.9998393720086364,0.5483870967741935,1.0,2025-08-20 13:17:30,0.1093732970027247,3,0,0.031780664,0
20,23,0.9696764847899564,0.3740074369751152,0.8474655295426696,0.798211877405837,0.8213520415695954,0.5180039458100312,0.9436850872517804,0.9997997569875624,0.5483870967741935,1.0,2025-08-20 13:17:33,0.1100328227571115,4,0,0.0095837135,0
1,24,0.1774987928536938,0.3709906432236168,0.8547341265847136,0.8188046378338356,0.9685179205557096,0.5582624502023573,0.991111587484832,0.9998987010616858,0.5161290322580645,1.0,2025-08-20 13:18:03,0.1047457627118644,7,1,0.8909462,1
2,24,0.0834379526798648,0.3701856151481338,0.8813153938349109,0.8360251196596212,0.7491120439087077,0.5628162823249244,0.9600940859950716,0.9998807492000424,0.5161290322580645,1.0,2025-08-20 13:18:03,0.1086419753086419,4,0,0.28951186,0
3,24,0.0001931434089811,1.0,0.7671014463863393,0.7836879249142185,0.9917662253775388,0.702565964063361,0.9712923647562988,0.9998761190278834,0.7741935483870968,1.0,2025-08-20 13:18:00,0.0703125,5,1,0.8290017,1
4,24,0.0014485755673587,0.1034464942367306,0.7713213380451207,0.735072072591822,0.9999119382413202,0.7029293522664657,0.9996725476969188,0.999989391177708,0.7419354838709677,1.0,2025-08-20 13:18:00,0.0619999999999999,5,1,0.8536527,1
5,24,0.1231289232254949,0.4559574396808745,0.8554849462265943,0.8060549799124994,0.9727155311621328,0.5647975001425052,0.9994768629872696,0.9999367925810958,0.5161290322580645,1.0,2025-08-20 13:18:03,0.1000775193798449,8,1,0.9412747,1
6,24,0.0736842105263157,0.4325252988576529,0.8635374674725965,0.831589868314267,0.708794434504646,0.5698881017676976,0.9990618934019836,0.999937456875555,0.5161290322580645,1.0,2025-08-20 13:18:03,0.0973749999999999,6,1,0.8376787,1
7,24,0.030420086914534,0.4309667809957699,0.810985793882189,0.776949253351388,0.9739043649289144,0.5717719410471913,0.9304276940081144,0.9998594758661028,0.5161290322580645,1.0,2025-08-20 13:18:03,0.0871052631578947,3,0,0.25766727,0
8,24,0.095702559150169,0.4243175686296738,0.8594327674288955,0.7973969424156588,0.9695599847359684,0.5630181646599826,0.9598158007044648,0.9998665006805636,0.5161290322580645,1.0,2025-08-20 13:18:04,0.0915454545454545,4,0,0.45398685,0
9,24,0.132399806856591,0.3769752693519847,0.859826303019319,0.8167635490703404,0.9578918014501564,0.5620946519390204,0.9621010834442868,0.9997818807043304,0.5161290322580645,1.0,2025-08-20 13:18:08,0.0963194444444444,3,0,0.51515245,1
10,24,0.0,0.0,0.6385208342182077,0.5425531887371329,0.9881703701530202,0.702359727403429,0.9689146480330244,0.9999829153011836,0.7741935483870968,1.0,2025-08-20 13:18:01,0.08,5,1,0.53018534,1
11,24,1.0,0.386290557412367,0.8464996937266047,0.795702847796791,0.9618399037193042,0.4837837024745232,0.9905825504306048,0.999871409299502,0.5483870967741935,1.0,2025-08-20 13:18:05,0.1082567849686847,4,0,0.19024158,0
12,24,0.1770159343312409,0.4243082917376383,0.8463051533371131,0.8028261557395097,0.8202806234810534,0.5630260816142987,0.8224530012527755,0.9993148379435768,0.5161290322580645,1.0,2025-08-20 13:18:20,0.1107185628742514,3,0,0.020994438,0
13,24,0.0116851762433606,0.4111577818951144,0.830657158150925,0.8395713804144993,0.9717908826727576,0.5956645174774684,0.9621207502492768,0.999902802184964,0.5483870967741935,1.0,2025-08-20 13:18:03,0.1053846153846153,7,1,0.76783395,1
14,24,0.2915499758570739,0.3942908460267859,0.8435786656914035,0.8005117403674039,0.818886312266417,0.5534762554706154,0.956267909084294,0.9998287552307222,0.5161290322580645,1.0,2025-08-20 13:18:04,0.1057491289198606,3,0,0.16967893,0
15,24,0.0033800096571704,0.5044761004068941,0.9086370180505792,0.9787234056314336,0.7390142953600176,0.597949350493068,0.9654729571597986,0.9998827381056088,0.5483870967741935,1.0,2025-08-20 13:18:03,0.06375,7,1,0.8111713,1
16,24,0.0525350072428778,0.3623868412440311,0.8632681352947078,0.8467704902467805,0.9621921507565864,0.5696814692600498,0.9924853138133738,0.9999079415169478,0.5161290322580645,0.9821428571428572,2025-08-20 13:18:03,0.0903225806451612,6,1,0.8740292,1
17,24,0.7864799613713183,0.3960707208402803,0.8535778373621296,0.806382958907356,0.9818739542671352,0.6301757088840895,0.986768173602821,0.9999084626102064,0.7419354838709677,0.1071428571428572,2025-08-20 13:18:02,0.1099730458221024,10,1,0.999648,1
18,24,0.0136166103331723,0.3496031551740573,0.839764141438751,0.79482317074906,0.894766196034751,0.5956518503505628,0.9238619311622492,0.9998274226639926,0.5483870967741935,1.0,2025-08-20 13:18:03,0.0826315789473684,2,0,0.16738735,0
19,24,0.7737324963785611,0.3672139173995845,0.8421538412526104,0.7957176589168506,0.8542137552414044,0.5247107936588362,0.9275465070770996,0.999844081737018,0.5161290322580645,1.0,2025-08-20 13:18:04,0.1101234567901234,2,0,0.017048793,0
20,24,0.9696764847899564,0.3740074369751152,0.8510452361886363,0.8034988004933075,0.7941116036056005,0.4922413847703133,0.8742819157828077,0.9996450002454308,0.5161290322580645,1.0,2025-08-20 13:18:09,0.1106380638063806,4,0,0.0017972792,0
1,25,0.1774987928536938,0.3709906432236168,0.8652810152785013,0.8310954744202256,0.9688995215263916,0.5397268809100064,0.991315138916477,0.9998950215863875,0.4838709677419355,1.0,2025-08-20 13:18:30,0.1047457627118644,7,1,0.89317125,1
2,25,0.0834379526798648,0.3701856151481338,0.8903687763410523,0.8409574166716038,0.7369888748734755,0.5417567879966305,0.8967453404422278,0.9997411598517612,0.5161290322580645,1.0,2025-08-20 13:18:30,0.1142857142857142,3,0,0.041407485,0
3,25,0.0001931434089811,1.0,0.7805219949826767,0.7836879249142185,0.992822966514502,0.6867146381318521,0.9654798405415452,0.9999710216458956,0.7419354838709677,0.9821428571428572,2025-08-20 13:18:27,0.0703125,5,1,0.7987051,1
4,25,0.0014485755673587,0.1034464942367306,0.7910628758114947,0.7700754707413763,0.9814336454628008,0.6873099930964158,0.9784166648638762,0.9998120802464524,0.7419354838709677,1.0,2025-08-20 13:18:32,0.062,4,0,0.6430204,1
5,25,0.1231289232254949,0.4559574396808745,0.8663809041360646,0.8211843126825359,0.9723632841164784,0.5417785596209996,0.9996705810164198,0.9999311440892868,0.4838709677419355,1.0,2025-08-20 13:18:30,0.1000775193798449,8,1,0.94293785,1
6,25,0.0736842105263157,0.4325252988576529,0.8746858170155345,0.8371616305840187,0.703716206305957,0.5466106726877743,0.9849126105520276,0.999903343167278,0.5161290322580645,1.0,2025-08-20 13:18:30,0.097375,6,1,0.77456933,1
7,25,0.030420086914534,0.4309667809957699,0.8265749365135728,0.8031754135924432,0.9736842105294812,0.5494892772770744,0.9308770805021328,0.9998962029962942,0.4838709677419355,1.0,2025-08-20 13:18:30,0.0871052631578947,4,0,0.26773044,0
8,25,0.095702559150169,0.4243175686296738,0.8694792459275283,0.8200257467714993,0.9731118090820012,0.5408419839254159,0.984417007066283,0.9999065254161844,0.4838709677419355,1.0,2025-08-20 13:18:30,0.0899107142857142,7,1,0.8087548,1
9,25,0.132399806856591,0.3769752693519847,0.8707715499434376,0.830063352787427,0.9490562714650976,0.5398476144633255,0.8909927999826932,0.999619589987913,0.5161290322580645,1.0,2025-08-20 13:18:37,0.0963194444444444,3,0,0.11653811,0
10,25,0.0,0.0,0.6636612151865299,0.5425531887371329,0.746015205330719,0.6856981011976768,0.7805912234916053,0.9988023606240612,0.7419354838709677,1.0,2025-08-20 13:19:20,0.08,2,0,0.0007881926,0
11,25,1.0,0.386290557412367,0.8576017377524641,0.8081536962217287,0.957759708809232,0.4634917568671661,0.9852597296600986,0.999251912949263,0.5161290322580645,1.0,2025-08-20 13:18:32,0.1090536277602523,3,0,0.14874385,0
12,25,0.1770159343312409,0.4243082917376383,0.8584517280361729,0.8192582203009879,0.9599612528262902,0.5424491256515653,0.999858399004073,0.9999457824342566,0.5161290322580645,1.0,2025-08-20 13:18:30,0.1107185628742514,6,1,0.94939786,1
13,25,0.0116851762433606,0.4111577818951144,0.8446771649747562,0.863332815051927,0.9747556286139224,0.5752815268954772,0.962434435788865,0.99989583703767,0.5161290322580645,1.0,2025-08-20 13:18:30,0.0978571428571428,6,1,0.7223376,1
14,25,0.2915499758570739,0.3942908460267859,0.8557658445662953,0.8133828624087047,0.8776968914197131,0.5305147128679009,0.930055991393806,0.9998389026269228,0.5161290322580645,1.0,2025-08-20 13:18:31,0.1050173010380622,3,0,0.13072398,0
15,25,0.0033800096571704,0.5044761004068941,0.9113807936342624,0.8936170281571683,0.7457069891686758,0.5787392566929932,0.9600488523435948,0.9998710910746113,0.5161290322580645,1.0,2025-08-20 13:18:30,0.0728571428571428,4,0,0.7145954,1
16,25,0.0525350072428778,0.3623868412440311,0.8733753463603122,0.860334371707113,0.9642028942874492,0.5458629163526275,0.9678192069950892,0.9998961234400716,0.5161290322580645,1.0,2025-08-20 13:18:30,0.0949152542372881,6,1,0.6655502,1
17,25,0.7864799613713183,0.3960707208402803,0.8650538811998038,0.8214095839976779,0.9867320280663908,0.6151382458562661,0.999200544377162,0.9999622704614032,0.7419354838709677,0.1071428571428572,2025-08-20 13:18:28,0.1095302013422818,10,1,0.9998068,1
18,25,0.0136166103331723,0.3496031551740573,0.8518957986499612,0.79482317074906,0.8609651568823481,0.5781439017284294,0.9500433653050028,0.9998280233134738,0.5161290322580645,1.0,2025-08-20 13:18:32,0.0785,1,0,0.29215673,0
19,25,0.7737324963785611,0.3672139173995845,0.8538958659421358,0.808963845085774,0.8452608095842569,0.5034177491782201,0.9543553122990298,0.9998150596269912,0.5161290322580645,0.9821428571428572,2025-08-20 13:18:32,0.1093732970027247,2,0,0.02867756,0
20,25,0.9696764847899564,0.3740074369751152,0.8623056712395953,0.8183883742150431,0.858147180560853,0.4693570324721798,0.9905668169866128,0.9998630638517448,0.5161290322580645,1.0,2025-08-20 13:18:32,0.1094341675734493,4,0,0.035242412,0
1,26,0.1774987928536938,0.3709906432236168,0.872374342055769,0.8316808047107901,0.9661696069581088,0.5153925384288962,0.9539806596639728,0.9998442488050854,0.4838709677419355,1.0,2025-08-20 13:19:32,0.1053409090909091,5,1,0.5440096,1
2,26,0.0834379526798648,0.3701856151481338,0.895965286474466,0.8532882238789407,0.7238529955614833,0.5230601086839488,0.8885364160394594,0.9996848340461172,0.4838709677419355,1.0,2025-08-20 13:19:32,0.1128205128205128,3,0,0.032252625,0
3,26,0.0001931434089811,1.0,0.7790451636855583,0.7836879249142185,0.9923826577047,0.6697870022610821,0.9679716247337606,0.9999888581510163,0.7419354838709677,1.0,2025-08-20 13:19:28,0.0703125,6,1,0.7985431,1
4,26,0.0014485755673587,0.1034464942367306,0.8037636249667128,0.735072072591822,0.9988111662304844,0.6714748969212547,0.9994306459955437,0.9999609418724846,0.7419354838709677,1.0,2025-08-20 13:19:28,0.0619999999999999,5,1,0.8419684,1
5,26,0.1231289232254949,0.4559574396808745,0.8728496173056428,0.828748914390174,0.9641295095022184,0.5190679844701025,0.9992615114726306,0.9998943811587953,0.4838709677419355,1.0,2025-08-20 13:19:33,0.0985496183206106,7,1,0.9320693,1
6,26,0.0736842105263157,0.4325252988576529,0.8835256955311916,0.8483052198009025,0.9872016907902852,0.5277869262583207,0.99879737487487,0.9998904510813958,0.4838709677419355,1.0,2025-08-20 13:19:34,0.0949999999999999,7,1,0.9407072,1
7,26,0.030420086914534,0.4309667809957699,0.828263555268327,0.7966188735321793,0.979525640647664,0.5416340752047324,0.9283793962684204,0.9998306287797658,0.4838709677419355,1.0,2025-08-20 13:19:32,0.0871052631578947,3,0,0.25604877,0
8,26,0.095702559150169,0.4243175686296738,0.8751262098657377,0.8254135665720395,0.9730090703614912,0.5205191621962264,0.9991218771572028,0.9999256626655456,0.4838709677419355,1.0,2025-08-20 13:19:31,0.0899107142857142,6,1,0.8976042,1
9,26,0.132399806856591,0.3769752693519847,0.8778021415320773,0.8371043911025657,0.939105292512157,0.5176302655663156,0.9008557026851088,0.9995909616811884,0.4838709677419355,0.9821428571428572,2025-08-20 13:19:41,0.0969930069930069,3,0,0.14371383,0
10,26,0.0,0.0,0.6589564438678892,0.5425531887371329,0.9807291513782408,0.6696076832458246,0.940395814117226,0.999825195089758,0.7419354838709677,1.0,2025-08-20 13:19:30,0.08,3,0,0.16190545,0
11,26,1.0,0.386290557412367,0.8634839484305714,0.8149545227469054,0.96379193941361,0.4416959857874836,0.9915177070078728,0.9998793569661456,0.5161290322580645,1.0,2025-08-20 13:19:32,0.109630021141649,5,1,0.2023949,0
12,26,0.1770159343312409,0.4243082917376383,0.8640604378137596,0.8286480176771043,0.930357824285778,0.5214695925618631,0.9985161395635148,0.9999046956230632,0.4838709677419355,1.0,2025-08-20 13:19:32,0.1087647058823529,6,1,0.9168391,1
13,26,0.0116851762433606,0.4111577818951144,0.8498459110353516,0.8474918370678485,0.9736842105267476,0.5538780409021528,0.9995201299582472,0.9999259570235696,0.5161290322580645,1.0,2025-08-20 13:19:31,0.1053846153846154,8,1,0.9604387,1
14,26,0.2915499758570739,0.3942908460267859,0.8613626407885171,0.8191033826528541,0.9715854052317372,0.5210476188968198,0.9608374912236882,0.9998060379513414,0.4838709677419355,0.9821428571428572,2025-08-20 13:19:35,0.1042955326460481,4,0,0.6372748,1
15,26,0.0033800096571704,0.5044761004068941,0.9199023779160204,0.9574468112628672,0.6505562567882364,0.5603256084971087,0.9629251225733622,0.9998212013673804,0.5161290322580645,1.0,2025-08-20 13:19:34,0.06375,5,1,0.84400064,1
16,26,0.0525350072428778,0.3623868412440311,0.8801021933744345,0.8680851149148886,0.963380984539771,0.523172925282952,0.9988524419288416,0.9999257223327126,0.4838709677419355,1.0,2025-08-20 13:19:31,0.0949152542372881,5,1,0.91228306,1
17,26,0.7864799613713183,0.3960707208402803,0.8716246667691205,0.8273935998886516,0.9825784483529764,0.5942960719239465,0.9971050463054923,0.9999419836246244,0.7096774193548387,0.1071428571428572,2025-08-20 13:19:30,0.1101214574898785,10,1,0.99977875,1
18,26,0.0136166103331723,0.3496031551740573,0.8627816004067448,0.8017346602717124,0.8865911292541434,0.5552646954506013,0.8924825604606752,0.974178233942551,0.4838709677419355,1.0,2025-08-20 13:19:31,0.0785,1,0,0.12334572,0
19,26,0.7737324963785611,0.3672139173995845,0.860196563241714,0.8118022765920403,0.8347374291732429,0.4947894565169201,0.9551990182330948,0.9998162171700308,0.4838709677419355,1.0,2025-08-20 13:19:33,0.1093732970027248,2,0,0.024423508,0
20,26,0.9696764847899564,0.3740074369751152,0.8681886788793823,0.8251857728390707,0.8608477412150435,0.4478248959712203,0.9579956379026532,0.99986543462718,0.4838709677419355,1.0,2025-08-20 13:19:32,0.1093152173913043,3,0,0.016415546,0
1,27,0.1774987928536938,0.3709906432236168,0.8765061592314927,0.8404599829406944,0.9635424311000844,0.5151174242664149,0.9606880235057652,0.999873270915112,0.4516129032258065,1.0,2025-08-20 13:19:53,0.1035754189944134,4,0,0.58430904,1
2,27,0.0834379526798648,0.3701856151481338,0.901857837219494,0.8643858921559016,0.8784307394196467,0.5181223042770554,0.9521024797874412,0.9998680520269057,0.4516129032258065,1.0,2025-08-20 13:19:53,0.1099999999999999,3,0,0.28198153,0
3,27,0.0001931434089811,1.0,0.7943952995527094,0.7234042732086372,0.9916488096992988,0.6541308292534629,0.9998839658505598,0.9999701783499356,0.7419354838709677,1.0,2025-08-20 13:19:49,0.0703125,6,1,0.92261237,1
4,27,0.0014485755673587,0.1034464942367306,0.812781798114546,0.7700754707413763,0.9986056887908312,0.6555451931420175,0.9291788518912584,0.9999105310719956,0.7096774193548387,1.0,2025-08-20 13:19:49,0.062,4,0,0.12808478,0
5,27,0.1231289232254949,0.4559574396808745,0.8760582054627902,0.8354730982198458,0.9630580914082087,0.5174861769977642,0.9682007430118924,0.9998840666945272,0.4516129032258065,1.0,2025-08-20 13:19:53,0.1000775193798449,7,1,0.7434129,1
6,27,0.0736842105263157,0.4325252988576529,0.8886365699128963,0.8552700034848174,0.9934540757932422,0.5236887148566398,0.9574115337944544,0.9997947648345904,0.4838709677419355,1.0,2025-08-20 13:19:54,0.095,5,1,0.63079715,1
7,27,0.030420086914534,0.4309667809957699,0.8335247488837607,0.7966188735321793,0.9859835030930082,0.5240263729582174,0.9969595119485674,0.9999163028759496,0.4516129032258065,1.0,2025-08-20 13:19:52,0.0894594594594594,5,1,0.89829415,1
8,27,0.095702559150169,0.4243175686296738,0.8802600122219182,0.8361892061731198,0.9677987495230738,0.5146459696368968,0.9987324744184034,0.9999160602294704,0.4516129032258065,1.0,2025-08-20 13:19:52,0.0899107142857142,7,1,0.8946858,1
9,27,0.132399806856591,0.3769752693519847,0.8833879846399327,0.8402338061422299,0.972304576276675,0.5151676969263217,0.967336386932588,0.9998909284187316,0.4516129032258065,1.0,2025-08-20 13:19:53,0.096993006993007,5,1,0.65438557,1
10,27,0.0,0.0,0.6680890525389529,0.5425531887371329,0.992265242023214,0.6526297747151479,0.9727359082425546,0.999946395017171,0.7419354838709677,1.0,2025-08-20 13:19:49,0.08,5,1,0.5251574,1
11,27,1.0,0.386290557412367,0.8679156888517332,0.8211276552975044,0.9613849179559588,0.4333420155932331,0.9621089501662828,0.999851679356282,0.4838709677419355,1.0,2025-08-20 13:19:54,0.1084832635983263,2,0,0.062684044,0
12,27,0.1770159343312409,0.4243082917376383,0.8681540008288606,0.8315823657381669,0.9097366953356424,0.5194143512214278,0.9137551600779592,0.9998046735621228,0.4838709677419355,1.0,2025-08-20 13:19:53,0.1074999999999999,4,0,0.1880265,0
13,27,0.0116851762433606,0.4111577818951144,0.854180749090235,0.863332815051927,0.9159890803420166,0.5330988067566456,0.9596319160778096,0.999669459806088,0.4838709677419355,1.0,2025-08-20 13:20:04,0.0978571428571428,4,0,0.53013414,1
14,27,0.2915499758570739,0.3942908460267859,0.8662296653311666,0.8241087651044321,0.9767516951877392,0.5011364787920628,0.907600433456382,0.9997317364171872,0.4838709677419355,1.0,2025-08-20 13:19:54,0.1035836177474402,4,0,0.15557572,0
15,27,0.0033800096571704,0.5044761004068941,0.9189658253329536,0.936170216894301,0.6799688848447744,0.5372278942801589,0.9674003040488052,0.999878346602118,0.4838709677419355,1.0,2025-08-20 13:19:53,0.06375,6,1,0.8543046,1
16,27,0.0525350072428778,0.3623868412440311,0.8882046984221906,0.8719604541800863,0.9565855520058184,0.5190010862061322,0.928585897720814,0.9998202705595756,0.4516129032258065,1.0,2025-08-20 13:19:52,0.096551724137931,2,0,0.2675756,0
17,27,0.7864799613713183,0.3960707208402803,0.8766308735168991,0.8332447037633699,0.9811401062617338,0.5957599167769763,0.9724379561469584,0.9998944806040736,0.7096774193548387,0.1071428571428572,2025-08-20 13:19:51,0.1085106382978723,10,1,0.9993562,1
18,27,0.0136166103331723,0.3496031551740573,0.8719770873108406,0.8086461497943649,0.882466903460289,0.5357786957926138,0.9951059155782728,0.9999123767763612,0.4838709677419355,1.0,2025-08-20 13:19:52,0.0785,3,0,0.7287503,1
19,27,0.7737324963785611,0.3672139173995845,0.8647474392165245,0.8176143800065144,0.8303783720338441,0.4712539347262949,0.9691880166223836,0.9998296661494716,0.4516129032258065,1.0,2025-08-20 13:19:54,0.1081940700808625,3,0,0.029255524,0
20,27,0.9696764847899564,0.3740074369751152,0.8730811653259507,0.8313358802423282,0.9724806998001856,0.439734560355693,0.9911145375055804,0.9998535489275144,0.4516129032258065,1.0,2025-08-20 13:19:54,0.1080236305048335,5,1,0.2494471,0
1,28,0.1774987928536938,0.3709906432236168,0.8790059419317168,0.8480685652668499,0.9686353362448844,0.4931957736131078,0.924459802033941,0.9998275738208156,0.4193548387096774,1.0,2025-08-20 13:20:15,0.1053409090909091,4,0,0.2755523,0
2,28,0.0834379526798648,0.3701856151481338,0.9050894146558616,0.8631528179029059,0.894193794578728,0.5010862061321562,0.962595703589782,0.9998803673301736,0.4516129032258065,1.0,2025-08-20 13:20:14,0.1086419753086419,5,1,0.4008178,0
3,28,0.0001931434089811,1.0,0.79990379650781,0.7836879249142185,0.9809346288248142,0.6536261234158174,0.9986626572606894,0.9999408579040738,0.7096774193548387,1.0,2025-08-20 13:20:14,0.0703125,6,1,0.94031936,1
4,28,0.0014485755673587,0.1034464942367306,0.8033952651914,0.7700754707413763,0.9899462823265492,0.6556124872537035,0.9722294880140656,0.9998353424859584,0.7096774193548387,1.0,2025-08-20 13:20:14,0.062,4,0,0.55024153,1
5,28,0.1231289232254949,0.4559574396808745,0.8811843242909823,0.8337920684317729,0.971981683151264,0.4933663839786179,0.9627107543989726,0.9998822846351396,0.4516129032258065,1.0,2025-08-20 13:20:15,0.1000775193798449,6,1,0.68847114,1
6,28,0.0736842105263157,0.4325252988576529,0.8905631736861399,0.866413592701701,0.9698094930600876,0.5028952301933637,0.8191430779729818,0.9993588961796864,0.4516129032258065,1.0,2025-08-20 13:20:31,0.0961728395061728,4,0,0.044919685,0
7,28,0.030420086914534,0.4309667809957699,0.840443418443698,0.7998971759010013,0.9852790090126344,0.5026438668938304,0.9333314977648676,0.9998009503309022,0.4516129032258065,0.9821428571428572,2025-08-20 13:20:14,0.0871052631578947,3,0,0.29098904,0
8,28,0.095702559150169,0.4243175686296738,0.8852957269867583,0.8394219109889198,0.9710276807471128,0.4972587545680826,0.9711163468516396,0.9998179833181738,0.4516129032258065,1.0,2025-08-20 13:20:14,0.0907207207207207,6,1,0.6697998,1
9,28,0.132399806856591,0.3769752693519847,0.885724635414809,0.8441454940950847,0.9777350515162344,0.4970014535528123,0.9600537690448424,0.999875359265957,0.4516129032258065,1.0,2025-08-20 13:20:15,0.0963194444444444,5,1,0.57324374,1
10,28,0.0,0.0,0.6871634107699787,0.5425531887371329,0.9869962133443952,0.6531895033852896,0.9996223973441948,0.9999597644403893,0.7096774193548387,1.0,2025-08-20 13:20:12,0.08,5,1,0.7799758,1
11,28,1.0,0.386290557412367,0.8725569688898959,0.8262544371916669,0.9640561246956296,0.4115106182191286,0.8847240058921748,0.999678811640062,0.4516129032258065,1.0,2025-08-20 13:20:16,0.1080312499999999,2,0,0.005864816,0
12,28,0.1770159343312409,0.4243082917376383,0.8714646613857465,0.8292349002247928,0.953562098220066,0.4971396044056267,0.9994601462030284,0.9999287335357404,0.4516129032258065,1.0,2025-08-20 13:20:15,0.1094082840236686,5,1,0.9398257,1
13,28,0.0116851762433606,0.4111577818951144,0.8521852796539044,0.8474918370678485,0.9649367423024188,0.5298512720962194,0.9681722261446573,0.9999079574281924,0.4838709677419355,1.0,2025-08-20 13:20:16,0.1053846153846154,7,1,0.8017281,1
14,28,0.2915499758570739,0.3942908460267859,0.8701708247512225,0.831974504694155,0.9830627880366506,0.4832493080581928,0.9991494106841884,0.9999118755721584,0.4516129032258065,1.0,2025-08-20 13:20:15,0.1035836177474402,6,1,0.928867,1
15,28,0.0033800096571704,0.5044761004068941,0.9244711957460802,0.936170216894301,0.7137112161348202,0.5335148427059516,0.9394341073532216,0.9998127166962336,0.4838709677419355,1.0,2025-08-20 13:20:15,0.06375,5,1,0.64270645,1
16,28,0.0525350072428778,0.3623868412440311,0.8889025098949178,0.877773527755263,0.9630140605261353,0.4991398229135658,0.9697436038633472,0.9998099481396852,0.4516129032258065,1.0,2025-08-20 13:20:14,0.0933333333333333,3,0,0.6670878,1
17,28,0.7864799613713183,0.3960707208402803,0.8803874443510012,0.8365691211042552,0.985440455572948,0.5808138945715027,0.9505753523799784,0.9998697346410148,0.7096774193548387,0.1250000000000001,2025-08-20 13:20:13,0.1093833780160857,9,1,0.9982658,1
18,28,0.0136166103331723,0.3496031551740573,0.8725753603132722,0.82246919351705,0.8479173393563736,0.5327852953657315,0.9697347538011016,0.9997955882414948,0.4516129032258065,1.0,2025-08-20 13:20:16,0.0826315789473684,2,0,0.55032665,1
19,28,0.7737324963785611,0.3672139173995845,0.8699493920137716,0.8255891656592088,0.8520855960323018,0.4527607211395347,0.9858753006562812,0.999906091834771,0.4516129032258065,1.0,2025-08-20 13:20:16,0.109972602739726,4,0,0.048840925,0
20,28,0.9696764847899564,0.3740074369751152,0.8774767563827205,0.8378095685785906,0.975783015819024,0.4181121705755308,0.9484592041630692,0.9997882611133876,0.4516129032258065,1.0,2025-08-20 13:20:16,0.1094341675734493,5,1,0.04998298,0
1,29,0.1774987928536938,0.3709906432236168,0.8808884880285167,0.8480685652668499,0.9681950274460178,0.4714688800359745,0.9528350682733135,0.9998254456918596,0.4193548387096774,1.0,2025-08-20 13:20:42,0.1024309392265193,4,0,0.5024632,1
2,29,0.0834379526798648,0.3701856151481338,0.9070485712484816,0.8730174119268712,0.8915666187207038,0.4770222276409376,0.9993283786095962,0.9999211120496092,0.4193548387096774,1.0,2025-08-20 13:20:42,0.1073170731707316,5,1,0.84867066,1
3,29,0.0001931434089811,1.0,0.8003820552552536,0.7836879249142185,0.9925441042650136,0.6387276029362401,0.9798277581218988,0.9999567771042284,0.7096774193548387,1.0,2025-08-20 13:20:39,0.0918367346938775,5,1,0.9515392,1
4,29,0.0014485755673587,0.1034464942367306,0.8035831233637316,0.7700754707413763,0.9990019667130916,0.6407484055254007,0.9977707676543992,0.9999825214978814,0.7096774193548387,1.0,2025-08-20 13:20:39,0.062,5,1,0.8477295,1
5,29,0.1231289232254949,0.4559574396808745,0.8838809565260776,0.8379946105632651,0.9704699562583876,0.4730392079245545,0.9703768749840208,0.9998097174266394,0.4193548387096774,1.0,2025-08-20 13:20:42,0.1000775193798449,5,1,0.78213876,1
6,29,0.0736842105263157,0.4325252988576529,0.891589353805794,0.8538770467480344,0.9991927672011665,0.4818147559361323,0.9676402390696814,0.9999194334133112,0.4193548387096774,1.0,2025-08-20 13:20:42,0.095,6,1,0.76877576,1
7,29,0.030420086914534,0.4309667809957699,0.8411263124285755,0.7900623334719156,0.9859247952429532,0.4817399407178461,0.9983637218248436,0.9999409334824854,0.4193548387096774,1.0,2025-08-20 13:20:42,0.0871052631578947,5,1,0.8833529,1
8,29,0.095702559150169,0.4243175686296738,0.8848099890604748,0.8318789762036397,0.972891654680176,0.4738356535287449,0.9419721085371634,0.9999043933094172,0.4193548387096774,1.0,2025-08-20 13:20:42,0.0899107142857142,4,0,0.31297305,0
9,29,0.132399806856591,0.3769752693519847,0.8861968658623682,0.8410161437328008,0.9713065429883998,0.4748684202192679,0.961889665290646,0.9998441294707514,0.4193548387096774,1.0,2025-08-20 13:20:44,0.0963194444444444,4,0,0.5633528,1
10,29,0.0,0.0,0.6836266174452235,0.5425531887371329,0.9915020400975694,0.6376473345198209,0.9996459975101823,0.9999824618307144,0.7096774193548387,1.0,2025-08-20 13:20:39,0.08,5,1,0.78183556,1
11,29,1.0,0.386290557412367,0.8726793127251781,0.8256266785397091,0.9603575307484654,0.3860991741033257,0.9514377417787838,0.9997928992411688,0.4516129032258065,1.0,2025-08-20 13:20:44,0.1072492244053774,3,0,0.03721807,0
12,29,0.1770159343312409,0.4243082917376383,0.8731638245565698,0.835103531669538,0.9458566941606186,0.4732889878332246,0.9564006600179754,0.9998431946851352,0.4193548387096774,0.9821428571428572,2025-08-20 13:20:42,0.1062643678160919,3,0,0.5770884,1
13,29,0.0116851762433606,0.4111577818951144,0.8534081458291107,0.8474918370678485,0.9697214312973071,0.5096092033010533,0.8996265273732426,0.9997329098714712,0.4516129032258065,1.0,2025-08-20 13:20:43,0.1053846153846153,5,1,0.27200556,0
14,29,0.2915499758570739,0.3942908460267859,0.8709513976291432,0.8373374237033286,0.9819913699481086,0.4614883715775005,0.985900867502768,0.9998811469811556,0.4193548387096774,1.0,2025-08-20 13:20:43,0.1035836177474402,5,1,0.8719875,1
15,29,0.0033800096571704,0.5044761004068941,0.9308022286767718,0.9574468112628672,0.7444447705975267,0.5149828360430428,0.9977520841896588,0.9999433559694654,0.4516129032258065,1.0,2025-08-20 13:20:42,0.0566666666666666,7,1,0.91986495,1
16,29,0.0525350072428778,0.3623868412440311,0.8899388666021734,0.8738981884900653,0.9612234713947057,0.4773044670623032,0.9986410237752006,0.9999217922553132,0.4193548387096774,1.0,2025-08-20 13:20:42,0.0918032786885246,5,1,0.8996633,1
17,29,0.7864799613713183,0.3960707208402803,0.8812587278159969,0.8386968128798019,0.9824610326692692,0.5614003350455066,0.99807953649274,0.9999351338338534,0.6774193548387097,0.0892857142857143,2025-08-20 13:20:41,0.1085106382978723,10,1,0.99979776,1
18,29,0.0136166103331723,0.3496031551740573,0.8782019506413636,0.8155576393170173,0.8698006868831262,0.5129849926213985,0.996516025496046,0.9999151413550986,0.4516129032258065,1.0,2025-08-20 13:20:42,0.0747619047619047,5,1,0.74993277,1
19,29,0.7737324963785611,0.3672139173995845,0.8712076718964348,0.8270759692746226,0.6358059118813109,0.4268330916023282,0.9969231283593362,0.9996615399841222,0.4193548387096774,1.0,2025-08-20 13:20:57,0.1071829105473965,3,0,0.029964328,0
20,29,0.9696764847899564,0.3740074369751152,0.8780435800511787,0.8383490426066124,0.9764581559907728,0.3973471869477923,0.923941581722458,0.9996614922503886,0.4193548387096774,1.0,2025-08-20 13:20:44,0.1072174840085288,4,0,0.019671943,0
1,30,0.1774987928536938,0.3709906432236168,0.8874948099147796,0.8539213507534528,0.9699709396204012,0.4493314923775564,0.989264874496284,0.9998771293919112,0.3870967741935484,1.0,2025-08-20 13:21:08,0.1024309392265193,5,1,0.8735094,1
2,30,0.0834379526798648,0.3701856151481338,0.9129849548858896,0.8767166346858583,0.8954560131471434,0.4549125493226253,0.999792515207357,0.9999369795382193,0.3870967741935484,1.0,2025-08-20 13:21:08,0.1073170731707316,5,1,0.8510216,1
3,30,0.0001931434089811,1.0,0.8008735353926135,0.7234042732086372,0.9909149616938976,0.6229174451671744,0.9566238782546104,0.9999093297730332,0.7096774193548387,1.0,2025-08-20 13:21:05,0.0703125,5,1,0.5904116,1
4,30,0.0014485755673587,0.1034464942367306,0.8201296826262569,0.8050789335683107,0.9987377814315846,0.6252941148528397,0.96273533790521,0.9998960995732048,0.7096774193548387,1.0,2025-08-20 13:21:05,0.0516666666666666,5,1,0.39781266,0
5,30,0.1231289232254949,0.4559574396808745,0.889406720984237,0.8379946105632651,0.9701323861807146,0.4501770230985058,0.9425011455913906,0.9998372757021692,0.3870967741935484,1.0,2025-08-20 13:21:08,0.100859375,4,0,0.4636871,0
6,30,0.0736842105263157,0.4325252988576529,0.8989601867268955,0.866413592701701,0.9966389761502432,0.4589676133232842,0.999798415248854,0.9999379421685132,0.4193548387096774,1.0,2025-08-20 13:21:08,0.093855421686747,7,1,0.94775444,1
7,30,0.030420086914534,0.4309667809957699,0.8473086302663547,0.7966188735321793,0.9840901752403852,0.458640643110033,0.9615395961618264,0.9998577614295044,0.3870967741935484,0.9821428571428572,2025-08-20 13:21:08,0.0871052631578947,3,0,0.539003,1
8,30,0.095702559150169,0.4243175686296738,0.8906351658912008,0.8404995008199799,0.973067778201978,0.4508016707940389,0.9267126345455295,0.9998600645821504,0.3870967741935484,1.0,2025-08-20 13:21:08,0.0907207207207207,4,0,0.2599302,0
9,30,0.132399806856591,0.3769752693519847,0.8908288275793534,0.8457101692762267,0.9735521178853104,0.4510170119514342,0.9969152616373402,0.9999027862737194,0.3870967741935484,1.0,2025-08-20 13:21:09,0.0963194444444444,6,1,0.90042335,1
10,30,0.0,0.0,0.69837073547721,0.5425531887371329,0.9856752869347242,0.6220347047609396,0.9999350995435334,0.9999534118760096,0.7096774193548387,1.0,2025-08-20 13:21:06,0.08,5,1,0.76538,1
11,30,1.0,0.386290557412367,0.8778065350387727,0.8307535251112517,0.93819532098521,0.3631546529523906,0.8817140013884764,0.9995549704460568,0.4193548387096774,1.0,2025-08-20 13:21:15,0.1073602484472049,2,0,0.0042650513,0
12,30,0.1770159343312409,0.4243082917376383,0.8783276458026833,0.8409720984369031,0.9403821880424028,0.4517433925099279,0.9610685761823192,0.9998624791135082,0.4193548387096774,1.0,2025-08-20 13:21:08,0.1056571428571428,3,0,0.587165,1
13,30,0.0116851762433606,0.4111577818951144,0.8561914425381383,0.8554123583985779,0.9724806997981352,0.4898160258156045,0.9448424787254336,0.9998411023564792,0.4193548387096774,1.0,2025-08-20 13:21:08,0.1053846153846153,4,0,0.5688377,1
14,30,0.2915499758570739,0.3942908460267859,0.8756211026338797,0.8423428708322868,0.9779698828781817,0.4377402795634907,0.9996558309126774,0.9999201056633928,0.4193548387096774,1.0,2025-08-20 13:21:09,0.1028813559322033,7,1,0.92472774,1
15,30,0.0033800096571704,0.5044761004068941,0.9361461734799414,0.9574468112628672,0.7451786186042949,0.4965327698573049,0.9617175807469844,0.9998783943358516,0.4516129032258065,1.0,2025-08-20 13:21:08,0.0566666666666666,7,1,0.80219555,1
16,30,0.0525350072428778,0.3623868412440311,0.8956597027576111,0.8816489316978409,0.9628526139767568,0.4569784785513873,0.9693158508548176,0.999913749121202,0.3870967741935484,1.0,2025-08-20 13:21:08,0.0933333333333333,5,1,0.65284723,1
17,30,0.7864799613713183,0.3960707208402803,0.8857481560018157,0.8444148753835047,0.9850148237311274,0.5442787337939945,0.968058158675716,0.9999647764824168,0.6774193548387097,0.1071428571428572,2025-08-20 13:21:07,0.1096774193548387,10,1,0.99921423,1
18,30,0.0136166103331723,0.3496031551740573,0.8844369701245733,0.8017346602717124,0.7945519124044672,0.4956959477861028,0.886896204503305,0.999715976329478,0.4193548387096774,1.0,2025-08-20 13:21:13,0.0826315789473684,2,0,0.051818382,0
19,30,0.7737324963785611,0.3672139173995845,0.875839184045293,0.8327528969645355,0.8563565914294236,0.4018919145728962,0.9276723746290348,0.9998401039258848,0.3870967741935484,1.0,2025-08-20 13:21:09,0.106613545816733,2,0,0.014234003,0
20,30,0.9696764847899564,0.3740074369751152,0.8839828245766674,0.8450386240378918,0.9774121583956076,0.3711721525882107,0.8808506286494215,0.9997588889559812,0.4193548387096774,1.0,2025-08-20 13:21:10,0.1069893617021276,4,0,0.0054978915,0
1,31,0.1774987928536938,0.3709906432236168,0.8930007116356926,0.8650416561134743,0.9694572460253684,0.4275567012268113,0.9889924892471744,0.9997612159754942,0.3870967741935484,1.0,2025-08-20 13:21:26,0.103,7,1,0.8779442,1
2,31,0.0834379526798648,0.3701856151481338,0.9212050628686796,0.8878143029628192,0.8854463263639678,0.4328915408926524,0.9210810449366827,0.999629037289354,0.3870967741935484,1.0,2025-08-20 13:21:26,0.1060240963855422,3,0,0.13769561,0
3,31,0.0001931434089811,1.0,0.7897192392894506,0.84397164129718,0.9923826577047,0.6071904154184269,0.995580868918778,0.9998518344909162,0.7096774193548387,1.0,2025-08-20 13:21:22,0.0918367346938775,6,1,0.98399335,1
4,31,0.0014485755673587,0.1034464942367306,0.829482600114454,0.8050789335683107,0.9957877124474656,0.6089325412156641,0.9635908439222688,0.999800620172578,0.6774193548387097,1.0,2025-08-20 13:21:24,0.0516666666666666,4,0,0.37462994,0
5,31,0.1231289232254949,0.4559574396808745,0.8947435237846623,0.8598480624855932,0.9643496638961842,0.4272194389729493,0.963507260001062,0.9997393141473956,0.3870967741935484,1.0,2025-08-20 13:21:27,0.1000775193798449,5,1,0.70415705,1
6,31,0.0736842105263157,0.4325252988576529,0.9041521877206044,0.8761642251818018,0.9937329380317954,0.440521505614704,0.9561036912626284,0.999720972460261,0.3870967741935484,1.0,2025-08-20 13:21:28,0.093855421686747,5,1,0.6066278,1
7,31,0.030420086914534,0.4309667809957699,0.8540084827579435,0.8064536512838849,0.9842516218116336,0.4385319749950915,0.9636754111837254,0.999787493395839,0.3870967741935484,1.0,2025-08-20 13:21:26,0.0871052631578947,4,0,0.552771,1
8,31,0.095702559150169,0.4243175686296738,0.8988803475145274,0.8566629602216004,0.9729063316406392,0.4306027493998949,0.9961502229232344,0.9997870359475588,0.3870967741935484,1.0,2025-08-20 13:21:26,0.0899107142857142,7,1,0.8936301,1
9,31,0.132399806856591,0.3769752693519847,0.8961257005561373,0.8519688700007944,0.9677987495230738,0.4294880422322011,0.8889012352720214,0.9995401053658524,0.3870967741935484,1.0,2025-08-20 13:21:28,0.0963194444444444,4,0,0.12398616,0
10,31,0.0,0.0,0.6906784204754904,0.5425531887371329,0.9852203011712932,0.6058302826669368,0.997016545683038,0.9998234329194262,0.7096774193548387,1.0,2025-08-20 13:21:24,0.08,5,1,0.73487103,1
11,31,1.0,0.386290557412367,0.8836027555951385,0.8407978575747174,0.9514045850824332,0.3410010355376245,0.985713049515115,0.9996755776796108,0.4193548387096774,1.0,2025-08-20 13:21:30,0.1070278637770898,4,0,0.11304113,0
12,31,0.1770159343312409,0.4243082917376383,0.8826803644080715,0.8462538473339597,0.9566589367992506,0.4321710980498957,0.9091629611128264,0.999565957160406,0.3870967741935484,1.0,2025-08-20 13:21:27,0.106878612716763,3,0,0.2377088,0
13,31,0.0116851762433606,0.4111577818951144,0.8573065554072741,0.8554123583985779,0.9677840725626105,0.4701780206347498,0.9895618432516308,0.9997633281932058,0.4193548387096774,1.0,2025-08-20 13:21:27,0.1053846153846154,7,1,0.928162,1
14,31,0.2915499758570739,0.3942908460267859,0.8810133249234122,0.8448455620580758,0.9825050635513428,0.4143084698744055,0.9642840987981616,0.9997891879433818,0.3870967741935484,1.0,2025-08-20 13:21:26,0.1018456375838926,6,1,0.6464576,1
15,31,0.0033800096571704,0.5044761004068941,0.9464607784964862,0.9574468112628672,0.7444888014796004,0.4728527636504126,0.9790361692210569,0.9997322654660676,0.4193548387096774,1.0,2025-08-20 13:21:25,0.0566666666666666,6,1,0.87592846,1
16,31,0.0525350072428778,0.3623868412440311,0.9005289342710657,0.8893996749056164,0.9649073883896934,0.4345948736137413,0.9151908368422192,0.999678155301225,0.3870967741935484,1.0,2025-08-20 13:21:26,0.0918032786885246,3,0,0.21615857,0
17,31,0.7864799613713183,0.3960707208402803,0.890766439784278,0.8497340078063013,0.9760765550255583,0.52601590357783,0.9838860033315568,0.9997685271923566,0.6774193548387097,0.0357142857142857,2025-08-20 13:21:26,0.1079365079365079,9,1,0.9997276,1
18,31,0.0136166103331723,0.3496031551740573,0.8899557458418499,0.8155576393170173,0.8538321542816576,0.4725875456808264,0.9931687352867716,0.9997672781596608,0.3870967741935484,1.0,2025-08-20 13:21:27,0.0826315789473684,3,0,0.7352233,1
19,31,0.7737324963785611,0.3672139173995845,0.8816706752647115,0.8418089590589598,0.7952564064957761,0.3784767304878744,0.9261216470555844,0.9995239992085748,0.3870967741935484,1.0,2025-08-20 13:21:30,0.1074698795180723,2,0,0.008442443,0
20,31,0.9696764847899564,0.3740074369751152,0.8900314980712455,0.8502176005778537,0.90065165702954,0.3497124562192426,0.870465572274525,0.9991155734726777,0.3870967741935484,0.9821428571428572,2025-08-20 13:21:50,0.1079077253218883,4,0,0.0027851937,0
1,32,0.1774987928536938,0.3709906432236168,0.8961259662100305,0.8667975176304072,0.9611941174806132,0.4092606198025194,0.9386012181619012,0.9997328581599266,0.3548387096774194,1.0,2025-08-20 13:22:01,0.1024309392265193,4,0,0.29916957,0
2,32,0.0834379526798648,0.3701856151481338,0.921666891944574,0.8865812287098235,0.8794874805456749,0.4312127507299432,0.9283272792351972,0.9998443681394196,0.3548387096774194,1.0,2025-08-20 13:22:01,0.1073170731707316,3,0,0.14844264,0
3,32,0.0001931434089811,1.0,0.8095425984549345,0.84397164129718,0.8813367775271594,0.5896630702582194,0.841864137777769,0.999332634670586,0.6774193548387097,1.0,2025-08-20 13:22:21,0.0918367346938775,3,0,0.17841332,0
4,32,0.0014485755673587,0.1034464942367306,0.828699084608793,0.8050789335683107,0.9942026007584234,0.5936041301167275,0.9993844290038172,0.9999551183569858,0.6774193548387097,1.0,2025-08-20 13:21:59,0.0516666666666666,5,1,0.8360156,1
5,32,0.1231289232254949,0.4559574396808745,0.898377485129589,0.852283396100575,0.9647019109418388,0.4231485410636587,0.999561430248726,0.9999222258367266,0.3548387096774194,1.0,2025-08-20 13:22:01,0.1000775193798449,6,1,0.93608034,1
6,32,0.0736842105263157,0.4325252988576529,0.9076072413859094,0.8817359874515536,0.9941879237986434,0.4341467739994553,0.9605533058915848,0.9998564765965084,0.3548387096774194,1.0,2025-08-20 13:22:02,0.093855421686747,6,1,0.6775618,1
7,32,0.030420086914534,0.4309667809957699,0.8584754529723284,0.8064536512838849,0.9812428449829274,0.4366798035328616,0.968351194070065,0.999934616718406,0.3548387096774194,1.0,2025-08-20 13:22:01,0.0871052631578947,5,1,0.62519413,1
8,32,0.095702559150169,0.4243175686296738,0.901248447623377,0.8598956003600203,0.966742008395337,0.4241868496222029,0.9975642662020056,0.9999198232388022,0.3548387096774194,1.0,2025-08-20 13:22:01,0.0883333333333333,7,1,0.88657343,1
9,32,0.132399806856591,0.3769752693519847,0.8994647656446821,0.8543158827725073,0.9690316141726126,0.4106920051428534,0.933627483179965,0.999843520865648,0.3548387096774194,1.0,2025-08-20 13:22:02,0.0963194444444444,4,0,0.2818881,0
10,32,0.0,0.0,0.6820098478511261,0.5425531887371329,0.9818446003464646,0.5898677235272881,0.9203907400815384,0.9998826466159528,0.6774193548387097,1.0,2025-08-20 13:21:59,0.08,4,0,0.05875588,0
11,32,1.0,0.386290557412367,0.8863239710328134,0.8423673188819921,0.9332345084686904,0.3441634629391533,0.990405549185696,0.9997956160861728,0.3870967741935484,1.0,2025-08-20 13:22:08,0.1062602459016393,4,0,0.09672899,0
12,32,0.1770159343312409,0.4243082917376383,0.8860927704060582,0.855643644710076,0.9138168902446892,0.4117128964019027,0.9995407801034868,0.999906060012282,0.3870967741935484,1.0,2025-08-20 13:22:02,0.1062643678160919,7,1,0.89604944,1
13,32,0.0116851762433606,0.4111577818951144,0.8646556455789618,0.8554123583985779,0.973669533566284,0.4501873151391167,0.9996046972197038,0.9999367766698511,0.3870967741935484,1.0,2025-08-20 13:22:00,0.0978571428571428,8,1,0.94159794,1
14,32,0.2915499758570739,0.3942908460267859,0.884784833680279,0.8494934726294383,0.9779992367977416,0.4162358524026373,0.9284973970983595,0.9998476697226598,0.3870967741935484,1.0,2025-08-20 13:22:02,0.1018456375838926,5,1,0.21899928,0
15,32,0.0033800096571704,0.5044761004068941,0.9458702094569578,0.9148936225257346,0.7435054451524721,0.4534586006624906,0.9542255113860968,0.9998804150639072,0.3870967741935484,1.0,2025-08-20 13:22:00,0.06375,5,1,0.7413609,1
16,32,0.0525350072428778,0.3623868412440311,0.9029909532486238,0.8913374092155955,0.9557636422362698,0.4312713361918816,0.9749081068536848,0.999906183324427,0.3548387096774194,1.0,2025-08-20 13:22:01,0.0933333333333333,5,1,0.7204993,1
17,32,0.7864799613713183,0.3960707208402803,0.8939086349030368,0.8529255131309312,0.9702791557839818,0.5270886508876489,0.9981365702272106,0.999917993445681,0.6451612903225806,0.2500000000000001,2025-08-20 13:22:02,0.1079365079365079,9,1,0.9992663,1
18,32,0.0136166103331723,0.3496031551740573,0.8947596060626591,0.8777612390530302,0.864913259169778,0.4512545205809145,0.9536984410123684,0.999887320544034,0.3870967741935484,1.0,2025-08-20 13:22:01,0.0747619047619047,5,1,0.41162312,0
19,32,0.7737324963785611,0.3672139173995845,0.8841663505470483,0.8408628583417911,0.8382011917797325,0.3755664580813103,0.9599013513061708,0.9998339383186284,0.3548387096774194,1.0,2025-08-20 13:22:02,0.1067553191489361,2,0,0.023342306,0
20,32,0.9696764847899564,0.3740074369751152,0.8920889670392691,0.8535623266161132,0.968268412242184,0.3491697490008804,0.9415659890141228,0.9998037149096396,0.3548387096774194,1.0,2025-08-20 13:22:03,0.1074465811965812,3,0,0.030287964,0
1,33,0.1774987928536938,0.3709906432236168,0.9051448750147988,0.8773324926998642,0.968077611767778,0.4047151004819842,0.989821445077497,0.9998885019539406,0.3225806451612903,1.0,2025-08-20 13:22:32,0.1024309392265193,6,1,0.87385184,1
2,33,0.0834379526798648,0.3701856151481338,0.930183081408808,0.8939796742277974,0.8930196377853953,0.4106563788484315,0.9286193312892967,0.9997422895501232,0.3548387096774194,1.0,2025-08-20 13:22:32,0.1073170731707316,3,0,0.16240713,0
3,33,0.0001931434089811,1.0,0.8161664330632346,0.84397164129718,0.9921037954661468,0.5742024460222055,0.9680345585097282,0.9999717933412556,0.6774193548387097,1.0,2025-08-20 13:22:28,0.0918367346938775,6,1,0.93925977,1
4,33,0.0014485755673587,0.1034464942367306,0.8393415065295633,0.7700754707413763,0.9876566765489316,0.5778113896471572,0.959530632032112,0.99983703305569,0.6774193548387097,1.0,2025-08-20 13:22:32,0.0516666666666666,3,0,0.256774,0
5,33,0.1231289232254949,0.4559574396808745,0.9063558071997252,0.8690936939813042,0.97139460474913,0.4034990562990456,0.999375578941572,0.9999278544394798,0.3548387096774194,1.0,2025-08-20 13:22:32,0.1000775193798449,8,1,0.9444305,1
6,33,0.0736842105263157,0.4325252988576529,0.9164171623163782,0.8914866199316542,0.9981507030321844,0.4179055380678832,0.9991287605389492,0.9999242624760268,0.3548387096774194,1.0,2025-08-20 13:22:32,0.0927380952380952,7,1,0.9472739,1
7,33,0.030420086914534,0.4309667809957699,0.8644740404905782,0.8457928916454677,0.986115595728294,0.4159860724939673,0.9601226028623068,0.9998897310975808,0.3548387096774194,1.0,2025-08-20 13:22:31,0.0871052631578947,4,0,0.558696,1
8,33,0.095702559150169,0.4243175686296738,0.9079871060182898,0.8728263549458406,0.971277189068498,0.4070411016600269,0.9995545468669796,0.9999278743285356,0.3225806451612903,1.0,2025-08-20 13:22:32,0.0868103448275861,6,1,0.89753747,1
9,33,0.132399806856591,0.3769752693519847,0.9068584448006,0.8629216609461681,0.987172336865941,0.4069338269290451,0.9345941066452168,0.9997487495154032,0.3548387096774194,1.0,2025-08-20 13:22:33,0.0969930069930069,4,0,0.33405876,0
10,33,0.0,0.0,0.7210858598798118,0.5425531887371329,0.9834884198785566,0.5728442925092945,0.9414971551966582,0.999845466015292,0.6774193548387097,1.0,2025-08-20 13:22:30,0.08,3,0,0.11905431,0
11,33,1.0,0.386290557412367,0.8938797399334212,0.8516793093697604,0.954325300143831,0.3214311161638873,0.9976999671564356,0.9998779448431936,0.3548387096774194,1.0,2025-08-20 13:22:35,0.1071384297520661,3,0,0.19823812,0
12,33,0.1770159343312409,0.4243082917376383,0.8939447229626842,0.8620990940251296,0.9277893562668736,0.4082468538023547,0.9995102965557524,0.9999104952716952,0.3548387096774194,1.0,2025-08-20 13:22:32,0.1056571428571428,5,1,0.90910596,1
13,33,0.0116851762433606,0.4111577818951144,0.8733552997088321,0.8712532717052762,0.9741538732499582,0.4285625502726599,0.9995299633607424,0.9999425922297278,0.3870967741935484,1.0,2025-08-20 13:22:31,0.0978571428571428,8,1,0.94555867,1
14,33,0.2915499758570739,0.3942908460267859,0.8918251727233081,0.8552139928735877,0.9812281680217804,0.3920931002159745,0.9617215141079826,0.999841516048837,0.3548387096774194,1.0,2025-08-20 13:22:33,0.1025337837837837,4,0,0.5981663,1
15,33,0.0033800096571704,0.5044761004068941,0.948255331849888,0.9148936225257346,0.7422579035424697,0.4325827796743281,0.9484061037895968,0.9998459552860616,0.3870967741935484,0.9821428571428572,2025-08-20 13:22:32,0.06375,5,1,0.7235276,1
16,33,0.0525350072428778,0.3623868412440311,0.9094736030301382,0.899088152423371,0.9599906067403826,0.4118672770110647,0.9923024125269682,0.9998853276606564,0.3548387096774194,1.0,2025-08-20 13:22:32,0.0933333333333333,5,1,0.8763124,1
17,33,0.7864799613713183,0.3960707208402803,0.9019191215291668,0.8626330057984566,0.9856165790957752,0.5104899644687091,0.997214197073186,0.9999593030142978,0.6451612903225806,0.1071428571428572,2025-08-20 13:22:30,0.1076517150395778,9,1,0.99975973,1
18,33,0.0136166103331723,0.3496031551740573,0.9044520905311276,0.863938195330345,0.1673907300467948,0.4348026936645365,0.753451032605596,0.9987883109951392,0.3548387096774194,1.0,2025-08-20 13:23:17,0.0747619047619047,3,0,0.00023295076,0
19,33,0.7737324963785611,0.3672139173995845,0.8915959134134648,0.8497837447116542,0.8555053277348473,0.3553228058952808,0.9562344755158112,0.99983601473604,0.3548387096774194,1.0,2025-08-20 13:22:33,0.106472148541114,2,0,0.024698926,0
20,33,0.9696764847899564,0.3740074369751152,0.899327831280188,0.8606834355279059,0.9472510053725214,0.3275806104288455,0.8458741993152019,0.9994562690184122,0.3548387096774194,1.0,2025-08-20 13:22:42,0.106875664187035,2,0,0.00207559,0
1,34,0.1774987928536938,0.3709906432236168,0.90887778221749,0.8755766958603115,0.9665071770357818,0.3830614387322738,0.9427263305085246,0.9997505912419578,0.3225806451612903,1.0,2025-08-20 13:23:28,0.1024309392265193,4,0,0.33631644,0
2,34,0.0834379526798648,0.3701856151481338,0.934182878817062,0.8964458227337888,0.8886312266990986,0.3896467613323283,0.8842608526346636,0.9996640499829472,0.3225806451612903,1.0,2025-08-20 13:23:28,0.1073170731707317,4,0,0.06930075,0
3,34,0.0001931434089811,1.0,0.810037102959694,0.84397164129718,0.9807291513769596,0.577284120489711,0.9678221570158376,0.9999441952876144,0.6774193548387097,1.0,2025-08-20 13:23:27,0.0918367346938775,5,1,0.93290645,1
4,34,0.0014485755673587,0.1034464942367306,0.8478706517298201,0.840082331717865,0.9891830803988542,0.5815505671706072,0.9994011457880588,0.999929230762132,0.6451612903225806,1.0,2025-08-20 13:23:27,0.0442857142857142,5,1,0.81803536,1
5,34,0.1231289232254949,0.4559574396808745,0.9112642328798864,0.8724558182348302,0.9714239586741577,0.381818476904661,0.999563396929225,0.9999295052311,0.3225806451612903,1.0,2025-08-20 13:23:28,0.0993076923076923,7,1,0.94206166,1
6,34,0.0736842105263157,0.4325252988576529,0.9207527768980264,0.8928795766684372,0.9863210731925516,0.3950409781555396,0.9602828873229742,0.9997588372444366,0.3225806451612903,1.0,2025-08-20 13:23:35,0.093855421686747,5,1,0.65933,1
7,34,0.030420086914534,0.4309667809957699,0.8700385904171468,0.8294015738334983,0.985455132529994,0.39411627789143,0.9685498288004626,0.9999277907945018,0.3225806451612903,1.0,2025-08-20 13:23:28,0.0871052631578947,5,1,0.667352,1
8,34,0.095702559150169,0.4243175686296738,0.9114085851184756,0.8792917645774408,0.9728769777207376,0.3855699257073007,0.9973567814093626,0.9999261877366152,0.3225806451612903,1.0,2025-08-20 13:23:27,0.0875652173913043,7,1,0.8966116,1
9,34,0.132399806856591,0.3769752693519847,0.9094571120538442,0.866051011308452,0.991531394017642,0.3865468778698959,0.931650969278484,0.999778133606243,0.3225806451612903,1.0,2025-08-20 13:23:28,0.0969930069930069,3,0,0.32357138,0
10,34,0.0,0.0,0.7058880867378761,0.5425531887371329,0.986966859424152,0.5731748253519877,0.9709983460217004,0.99994196771338,0.6774193548387097,1.0,2025-08-20 13:23:25,0.08,5,1,0.3961636,0
11,34,1.0,0.386290557412367,0.8973157278231594,0.8571199705899019,0.9590219273785018,0.297787132099133,0.9975898330484924,0.9998809719574656,0.3548387096774194,1.0,2025-08-20 13:23:30,0.1075829875518672,5,1,0.21628316,0
12,34,0.1770159343312409,0.4243082917376383,0.8968531017855855,0.8673808429221863,0.9462970029649528,0.387688502682264,0.9581716558073126,0.999608022513138,0.3225806451612903,1.0,2025-08-20 13:23:28,0.1056571428571429,4,0,0.56577075,1
13,34,0.0116851762433606,0.4111577818951144,0.877687828618336,0.895014771020084,0.9731851938826098,0.4282553724451988,0.999305761783858,0.999929445563933,0.3548387096774194,1.0,2025-08-20 13:23:27,0.0978571428571428,8,1,0.94830716,1
14,34,0.2915499758570739,0.3942908460267859,0.8963870631172296,0.8616495215555481,0.9728182698805926,0.3710878370247452,0.9295279376798284,0.9997997808544292,0.3225806451612903,1.0,2025-08-20 13:23:31,0.1021885521885522,4,0,0.20059836,0
15,34,0.0033800096571704,0.5044761004068941,0.955331871344596,0.936170216894301,0.7012064461207048,0.4324830260499464,0.9515842594759584,0.9998374149255588,0.3548387096774194,1.0,2025-08-20 13:23:29,0.0566666666666666,6,1,0.79425263,1
16,34,0.0525350072428778,0.3623868412440311,0.9098397967044756,0.8952127484807931,0.9616491032365262,0.389564425007442,0.9514279083762888,0.9998291172115352,0.3225806451612903,1.0,2025-08-20 13:23:27,0.0949152542372881,2,0,0.42919827,0
17,34,0.7864799613713183,0.3960707208402803,0.9051264427215928,0.8668883246721699,0.8861361434818278,0.490267292211617,0.9421786099895568,0.9995245004127776,0.6451612903225806,0.1071428571428572,2025-08-20 13:23:49,0.1077939233817701,6,1,0.99677837,1
18,34,0.0136166103331723,0.3496031551740573,0.9045088382897012,0.8708496848529975,0.873440572985105,0.4283194997751585,0.9957057531304636,0.999913657631546,0.3548387096774194,1.0,2025-08-20 13:23:27,0.0747619047619047,6,1,0.7755886,1
19,34,0.7737324963785611,0.3672139173995845,0.8951073878787054,0.8545145070070181,0.8314644670848998,0.3411839171823243,0.9816095706539802,0.9998278880678952,0.3225806451612903,1.0,2025-08-20 13:23:30,0.106472148541114,3,0,0.032166187,0
20,34,0.9696764847899564,0.3740074369751152,0.9033001539454094,0.8645677002715675,0.9716294361110772,0.3060928088720557,0.976108765298316,0.9998169649985238,0.3225806451612903,1.0,2025-08-20 13:23:30,0.1072174840085287,4,0,0.12195492,0
1,35,0.1774987928536938,0.3709906432236168,0.9105571848256412,0.8790883542167972,0.9688408136982068,0.3642911317444534,0.9892383243095476,0.9998703114236293,0.2903225806451612,1.0,2025-08-20 13:24:01,0.1024309392265193,5,1,0.86927986,1
2,35,0.0834379526798648,0.3701856151481338,0.9383954956461524,0.906310416757754,0.7482314263000391,0.3694213181412258,0.944919179264894,0.9998209348540348,0.2903225806451612,0.9821428571428572,2025-08-20 13:24:00,0.1060240963855421,3,0,0.15737854,0
3,35,0.0001931434089811,1.0,0.8027514836335694,0.9042552930027612,0.99244136554382,0.5624584359898409,0.9679195077005376,0.9999545336187492,0.6451612903225806,1.0,2025-08-20 13:23:57,0.0918367346938775,6,1,0.9565099,1
4,35,0.0014485755673587,0.1034464942367306,0.8548435759887175,0.8050789335683107,0.9974462089408754,0.5660285865386443,0.9992015277174116,0.9999613555648424,0.6451612903225806,1.0,2025-08-20 13:23:58,0.0516666666666666,5,1,0.8159957,1
5,35,0.1231289232254949,0.4559574396808745,0.913826689463994,0.877498907599049,0.9719082983496304,0.3618752731349238,0.9994237626137972,0.9999059884116815,0.2903225806451612,1.0,2025-08-20 13:24:00,0.0993076923076922,7,1,0.94208825,1
6,35,0.0736842105263157,0.4325252988576529,0.9223918614191536,0.8956654901420033,0.9946429095545564,0.374141406304429,0.9984699225717888,0.9998744801696966,0.3225806451612903,1.0,2025-08-20 13:24:03,0.0916470588235294,6,1,0.9398424,1
7,35,0.030420086914534,0.4309667809957699,0.8726015170042962,0.8523494317057315,0.9853083629267269,0.3728200666290876,0.968273510190355,0.9999030090311428,0.2903225806451612,1.0,2025-08-20 13:24:00,0.0848717948717948,4,0,0.67093295,1
8,35,0.095702559150169,0.4243175686296738,0.9154871897758972,0.8879122891937811,0.972510053718037,0.3672647397855455,0.999371645580574,0.9999282005090484,0.2903225806451612,1.0,2025-08-20 13:24:00,0.0875652173913043,7,1,0.906885,1
9,35,0.132399806856591,0.3769752693519847,0.9123550282003358,0.8707450368518778,0.9905773916107568,0.3688683188822528,0.9405983822086216,0.9998681952281064,0.2903225806451612,1.0,2025-08-20 13:24:01,0.0956551724137931,3,0,0.37587065,0
10,35,0.0,0.0,0.713063030565105,0.6103723373292744,0.9819913699475108,0.5576841166895731,0.9685921124311908,0.9999219752346252,0.6451612903225806,1.0,2025-08-20 13:23:59,0.08,4,0,0.3548549,0
11,35,1.0,0.386290557412367,0.89910300634687,0.8587940798982963,0.9570845686442322,0.2824009272336895,0.9882481006783082,0.99981105397118,0.3225806451612903,1.0,2025-08-20 13:24:03,0.1065878725590955,2,0,0.13996015,0
12,35,0.1770159343312409,0.4243082917376383,0.8982419403393056,0.8709020088535574,0.9614289488370928,0.3651152866887497,0.9993913123855638,0.999907440312745,0.3225806451612903,1.0,2025-08-20 13:24:01,0.1044632768361582,5,1,0.9357812,1
13,35,0.0116851762433606,0.4111577818951144,0.8704488008980982,0.8791737930360055,0.9689435524118823,0.407943238604336,0.9993175618668518,0.9998885258208076,0.3548387096774194,1.0,2025-08-20 13:24:01,0.0978571428571428,7,1,0.942539,1
14,35,0.2915499758570739,0.3942908460267859,0.8981873791166225,0.860934513117737,0.9839434056412184,0.3514597280367854,0.9276291076580572,0.9998265276564876,0.3225806451612903,1.0,2025-08-20 13:24:01,0.101505016722408,4,0,0.20532885,0
15,35,0.0033800096571704,0.5044761004068941,0.9581127260812976,0.936170216894301,0.7349634543691637,0.4103028868382218,0.9643293324496384,0.9998463610227972,0.3548387096774194,1.0,2025-08-20 13:24:00,0.0566666666666666,5,1,0.83142126,1
16,35,0.0525350072428778,0.3623868412440311,0.9135298110208704,0.9029634916885688,0.965083511907053,0.3697174122326445,0.991614074352323,0.9998778016419928,0.2903225806451612,1.0,2025-08-20 13:24:00,0.0949152542372881,4,0,0.8801477,1
17,35,0.7864799613713183,0.3960707208402803,0.9069593932800212,0.8699467886257843,0.9834150350795712,0.4718160384827314,0.996035172114044,0.9999151930666432,0.6129032258064516,0.1250000000000001,2025-08-20 13:23:59,0.1080794701986755,9,1,0.9996954,1
18,35,0.0136166103331723,0.3496031551740573,0.9045094513371468,0.8846727285756826,0.8784454163766928,0.4082147901373749,0.9656853586536892,0.9998961274178828,0.3225806451612903,1.0,2025-08-20 13:24:00,0.0747619047619047,3,0,0.5338584,1
19,35,0.7737324963785611,0.3672139173995845,0.8974578730909435,0.8557310238506896,0.8487832800079961,0.3210380393820975,0.9585787586706026,0.9998124382494544,0.2903225806451612,1.0,2025-08-20 13:24:02,0.1061904761904761,2,0,0.022152001,0
20,35,0.9696764847899564,0.3740074369751152,0.906595692665297,0.8713650988955951,0.977309419674414,0.284406291761934,0.9918225424852156,0.9998601640274288,0.3225806451612903,1.0,2025-08-20 13:24:02,0.1061985216473072,5,1,0.23922746,0
1,36,0.1774987928536938,0.3709906432236168,0.9141221170281622,0.8878675324467015,0.9686353362558195,0.3427542450709042,0.9154651887718276,0.9998207439191004,0.2580645161290322,1.0,2025-08-20 13:24:14,0.101311475409836,4,0,0.1700917,0
2,36,0.0834379526798648,0.3701856151481338,0.9424669889532018,0.9087765652637454,0.7280212522264763,0.3459431942693917,0.9838260195763376,0.9998967400007972,0.2903225806451612,1.0,2025-08-20 13:24:15,0.1060240963855422,4,0,0.53945947,1
3,36,0.0001931434089811,1.0,0.827073650610794,0.9042552930027612,0.9898875744819616,0.5473667418249529,0.9850443781454596,0.9999529782945962,0.6451612903225806,1.0,2025-08-20 13:24:11,0.0918367346938775,7,1,0.97706276,1
4,36,0.0014485755673587,0.1034464942367306,0.871421175886919,0.840082331717865,0.9955969119675924,0.5508870155615654,0.9996105972612008,0.9999658306023672,0.6451612903225806,1.0,2025-08-20 13:24:12,0.0442857142857142,5,1,0.80901057,1
5,36,0.1231289232254949,0.4559574396808745,0.9185458878325276,0.8842230267513407,0.9678281034487848,0.339648028045019,0.999588963775712,0.9999166966792516,0.2903225806451612,1.0,2025-08-20 13:24:15,0.0993076923076923,7,1,0.94080836,1
6,36,0.0736842105263157,0.4325252988576529,0.926401498238914,0.898451338938189,0.998253441753378,0.3525969985242797,0.9379423801947409,0.9997902062630318,0.2903225806451612,1.0,2025-08-20 13:24:14,0.0916470588235294,5,1,0.39178544,0
7,36,0.030420086914534,0.4309667809957699,0.8771150175198231,0.8457928916454677,0.984853377170814,0.3526666677222605,0.9712972814575462,0.9998387992038332,0.2903225806451612,1.0,2025-08-20 13:24:14,0.0871052631578947,3,0,0.71690637,1
8,36,0.095702559150169,0.4243175686296738,0.919827177429326,0.8857571742090411,0.9632195379692058,0.3422261842180266,0.9384006167510044,0.999783901432386,0.2903225806451612,1.0,2025-08-20 13:24:16,0.0891150442477876,4,0,0.3227612,0
9,36,0.132399806856591,0.3769752693519847,0.9175845885675622,0.8801331526161096,0.9916634866583954,0.346576946462388,0.9992752782361236,0.9999309491765414,0.2903225806451612,1.0,2025-08-20 13:24:14,0.0963194444444444,6,1,0.9259998,1
10,36,0.0,0.0,0.7201693539482252,0.5425531887371329,0.9927349047465956,0.5419974634078372,0.9998770824688132,0.9999813957773308,0.6451612903225806,1.0,2025-08-20 13:24:11,0.08,5,1,0.7308581,1
11,36,1.0,0.386290557412367,0.9040839759747932,0.864130157794698,0.9644817565387316,0.2524586101628359,0.856176655109141,0.9996423788678944,0.3225806451612903,1.0,2025-08-20 13:24:15,0.1065878725590955,3,0,0.002446338,0
12,36,0.1770159343312409,0.4243082917376383,0.902732472010527,0.875010057332617,0.9267326151408454,0.3424969440556339,0.9995555302072292,0.9999325681456726,0.2903225806451612,0.9821428571428572,2025-08-20 13:24:15,0.1050568181818181,5,1,0.912727,1
13,36,0.0116851762433606,0.4111577818951144,0.8806609861213517,0.8712532717052762,0.9688261367309088,0.3865587533013699,0.956802846180018,0.9999094013736336,0.3225806451612903,1.0,2025-08-20 13:24:15,0.0978571428571428,6,1,0.6260977,1
14,36,0.2915499758570739,0.3942908460267859,0.9032670902531618,0.8684426514724842,0.982945372355677,0.3297015624901038,0.969206700087124,0.9998745159699968,0.2903225806451612,1.0,2025-08-20 13:24:15,0.1004966887417218,4,0,0.66835546,1
15,36,0.0033800096571704,0.5044761004068941,0.9600124068542096,0.9148936225257346,0.7454574808455818,0.3903367239009683,0.9625652200420476,0.9999021100458269,0.3225806451612903,1.0,2025-08-20 13:24:14,0.0566666666666666,5,1,0.8052363,1
16,36,0.0525350072428778,0.3623868412440311,0.9165027028699928,0.8971504827907721,0.9623976281989736,0.3472839304828075,0.9923496128589436,0.9999032715666776,0.2903225806451612,1.0,2025-08-20 13:24:14,0.0949152542372881,5,1,0.8771538,1
17,36,0.7864799613713183,0.3960707208402803,0.9115014413716112,0.8752659210485809,0.9870695981385964,0.457443203769737,0.999924282800789,0.9999670637238184,0.6129032258064516,0.1071428571428572,2025-08-20 13:24:12,0.1069462647444298,9,1,0.99977046,1
18,36,0.0136166103331723,0.3496031551740573,0.912883025530555,0.8915842180983351,0.8619485132340805,0.3873195726111381,0.99196906018239,0.9999211438720984,0.2903225806451612,1.0,2025-08-20 13:24:14,0.0747619047619047,5,1,0.77375174,1
19,36,0.7737324963785611,0.3672139173995845,0.9021565343700402,0.861813414036906,0.8512196553806793,0.2971842560279689,0.9621541838177596,0.9998655619171364,0.2903225806451612,0.9821428571428572,2025-08-20 13:24:15,0.105910290237467,2,0,0.02522034,0
20,36,0.9696764847899564,0.3740074369751152,0.9106852095672552,0.8766520219830656,0.9775882819129672,0.2602801651793348,0.9429849489941412,0.9997885912717118,0.2903225806451612,1.0,2025-08-20 13:24:16,0.1066489925768822,3,0,0.029484177,0
1,37,0.1774987928536938,0.3709906432236168,0.9163088981374362,0.8837705437996514,0.9672116711161556,0.320481873341398,0.9210957950404252,0.9996927300012164,0.2580645161290322,1.0,2025-08-20 13:24:27,0.1018681318681318,4,0,0.18467443,0
2,37,0.0834379526798648,0.3701856151481338,0.9424387274659468,0.9100096395167412,0.7489799512843569,0.3270018810683455,0.8711047434366955,0.9997228022533824,0.2580645161290322,1.0,2025-08-20 13:24:27,0.1060240963855421,4,0,0.019247228,0
3,37,0.0001931434089811,1.0,0.8030882714654195,0.84397164129718,0.950846860597894,0.5303662699744758,0.9248511714532393,0.9997430811345386,0.6451612903225806,1.0,2025-08-20 13:24:32,0.0918367346938775,3,0,0.6196966,1
4,37,0.0014485755673587,0.1034464942367306,0.867411784286137,0.840082331717865,0.99619866733224,0.5332765423810398,0.9979064686088291,0.9999630381789516,0.6129032258064516,1.0,2025-08-20 13:24:25,0.0442857142857142,5,1,0.78935766,1
5,37,0.1231289232254949,0.4559574396808745,0.9205991472080894,0.8934686582470517,0.97205506794743,0.3203603480926473,0.9997305647716388,0.9999252768178656,0.2580645161290322,1.0,2025-08-20 13:24:27,0.0985496183206106,8,1,0.94308794,1
6,37,0.0736842105263157,0.4325252988576529,0.928557953934532,0.902630209148538,0.9986056887880972,0.3309599623786331,0.9853865805522832,0.9999200897521482,0.2580645161290322,1.0,2025-08-20 13:24:26,0.0916470588235294,6,1,0.8933364,1
7,37,0.030420086914534,0.4309667809957699,0.8798508439216248,0.8425145892766457,0.9861155957392294,0.3333386113028774,0.9685793290079474,0.9999423217385708,0.2580645161290322,1.0,2025-08-20 13:24:26,0.0871052631578947,4,0,0.676497,1
8,37,0.095702559150169,0.4243175686296738,0.9211934967068676,0.8976103389638013,0.972715531159399,0.3202803868540558,0.9991435106426916,0.999928689779818,0.2580645161290322,1.0,2025-08-20 13:24:26,0.0868103448275861,7,1,0.9061825,1
9,37,0.132399806856591,0.3769752693519847,0.9180645229780248,0.8793508150255387,0.989447265683095,0.3226546814534261,0.9551370677973768,0.999897814009803,0.2580645161290322,0.9821428571428572,2025-08-20 13:24:27,0.0963194444444444,4,0,0.5674731,1
10,37,0.0,0.0,0.6942176251201994,0.5425531887371329,0.9875245839083492,0.5254629043188569,0.9991956276759146,0.9999627676877948,0.6451612903225806,1.0,2025-08-20 13:24:24,0.08,5,1,0.7195567,1
11,37,1.0,0.386290557412367,0.9056424038869578,0.8639208617924587,0.9618399037193042,0.2347024650228959,0.9893700919029798,0.999852069181773,0.2903225806451612,1.0,2025-08-20 13:24:28,0.1059346271705822,4,0,0.14954443,0
12,37,0.1770159343312409,0.4243082917376383,0.9044305316959476,0.87383635691462,0.9636158158907828,0.3223843174635346,0.9387733027055624,0.9997711008361596,0.2903225806451612,1.0,2025-08-20 13:24:27,0.1044632768361582,4,0,0.40274963,0
13,37,0.0116851762433606,0.4111577818951144,0.8880848680814364,0.9029352276734331,0.9692664455338764,0.3685449112984439,0.9926357648715464,0.9999153561569,0.2903225806451612,1.0,2025-08-20 13:24:27,0.0978571428571428,7,1,0.9247033,1
14,37,0.2915499758570739,0.3942908460267859,0.9048515318119464,0.87201795237106,0.9821234625888622,0.3069894039483435,0.9667424494218942,0.9999165335889952,0.2580645161290322,1.0,2025-08-20 13:24:27,0.1011666666666666,5,1,0.63020545,1
15,37,0.0033800096571704,0.5044761004068941,0.967941644258846,0.9574468112628672,0.7434760912315452,0.3694767368214379,0.9593221638992194,0.9998805463316746,0.3225806451612903,1.0,2025-08-20 13:24:26,0.0566666666666666,5,1,0.8153847,1
16,37,0.0525350072428778,0.3623868412440311,0.9172312075848436,0.8932750788481943,0.9655531746309473,0.3261009316671838,0.9208214431108166,0.9998473674090136,0.2580645161290322,1.0,2025-08-20 13:24:26,0.0933333333333333,2,0,0.23047328,0
17,37,0.7864799613713183,0.3960707208402803,0.91364588133729,0.8746010375804039,0.9830627880339168,0.4481225734535021,0.9866177225446484,0.9999412914854872,0.6129032258064516,0.0,2025-08-20 13:24:26,0.107227332457293,9,1,0.99980515,1
18,37,0.0136166103331723,0.3496031551740573,0.9192829956465356,0.9054072618210204,0.8700795491216794,0.3676217944251975,0.9956477360557436,0.9999194533023668,0.2903225806451612,1.0,2025-08-20 13:24:27,0.0713636363636363,6,1,0.79880977,1
19,37,0.7737324963785611,0.3672139173995845,0.904141418520472,0.8642463830468687,0.8552704963783678,0.2794170271519864,0.9978238680278718,0.999901787843125,0.2580645161290322,1.0,2025-08-20 13:24:28,0.1054927726675427,3,0,0.055840466,0
20,37,0.9696764847899564,0.3740074369751152,0.9116316117792858,0.877083614140959,0.9771626500766142,0.2370716136019609,0.9897929282102618,0.9998516833340932,0.2580645161290322,1.0,2025-08-20 13:24:28,0.1061985216473072,4,0,0.20991264,0
1,38,0.1774987928536938,0.3709906432236168,0.9216755767833904,0.8948908491596728,0.9809786597014204,0.2996294073684677,0.9558617895612532,0.9998220327299072,0.2258064516129032,1.0,2025-08-20 13:24:43,0.1018681318681318,5,1,0.5359773,1
2,38,0.0834379526798648,0.3701856151481338,0.9478379691487347,0.9100096395167412,0.788167434755289,0.3231087187834491,0.9488859738313492,0.9998363329609308,0.2258064516129032,1.0,2025-08-20 13:24:44,0.1060240963855421,3,0,0.14237387,0
3,38,0.0001931434089811,1.0,0.8251471898819543,0.9042552930027612,0.9926028121041336,0.5137972721342208,0.9999665664315172,0.9999988981463162,0.6129032258064516,1.0,2025-08-20 13:24:40,0.0918367346938775,7,1,0.9891379,1
4,38,0.0014485755673587,0.1034464942367306,0.8843102123476808,0.840082331717865,0.962984706609309,0.517310420611949,0.9300894249622887,0.9997216924440762,0.6129032258064516,1.0,2025-08-20 13:24:51,0.0442857142857142,2,0,0.062111575,0
5,38,0.1231289232254949,0.4559574396808745,0.9262625408178484,0.8917876284589787,0.960592362110498,0.3146827043049232,0.8910075500864356,0.9996554698443332,0.2258064516129032,1.0,2025-08-20 13:24:45,0.0985496183206106,5,1,0.19495359,0
6,38,0.0736842105263157,0.4325252988576529,0.9339984537104272,0.905416122622104,0.9906067455248492,0.3292807763682081,0.9489813578355502,0.9997793150161496,0.2580645161290322,1.0,2025-08-20 13:24:47,0.0927380952380952,5,1,0.5065541,1
7,38,0.030420086914534,0.4309667809957699,0.8868291221282163,0.8556276693971733,0.979980626414512,0.330053866957166,0.9974138151438332,0.9999060401232264,0.2258064516129032,1.0,2025-08-20 13:24:44,0.0871052631578947,5,1,0.89521253,1
8,38,0.095702559150169,0.4243175686296738,0.9266489854928146,0.8997654539485412,0.9724513458775502,0.2994374212263045,0.9564399936279552,0.9999098826887808,0.2258064516129032,1.0,2025-08-20 13:24:43,0.086068376068376,6,1,0.46715277,0
9,38,0.132399806856591,0.3769752693519847,0.9260797505044028,0.8895212037029613,0.9911497930544778,0.3023152341201729,0.9626134037142728,0.99988818372905,0.2580645161290322,1.0,2025-08-20 13:24:43,0.096993006993007,5,1,0.6669792,1
10,38,0.0,0.0,0.7186930130890636,0.5425531887371329,0.9900343440867668,0.5098736295752079,0.9996037138794542,0.999965918114212,0.6129032258064516,1.0,2025-08-20 13:24:40,0.08,5,1,0.70980835,1
11,38,1.0,0.386290557412367,0.9106872530587417,0.868838412361762,0.953708867819318,0.2315681428091888,0.9151023362197648,0.99974877338227,0.2903225806451612,1.0,2025-08-20 13:24:46,0.1070278637770897,3,0,0.007868125,0
12,38,0.1770159343312409,0.4243082917376383,0.9080391128766152,0.8732494743669315,0.9407637890048832,0.3022511067902133,0.9615740130705586,0.9998750291076328,0.2580645161290322,1.0,2025-08-20 13:24:44,0.106878612716763,5,1,0.56622916,1
13,38,0.0116851762433606,0.4111577818951144,0.8909727711196455,0.9108557490041626,0.9722605453959682,0.3447639639240225,0.8996324274147395,0.9997465179633576,0.2903225806451612,1.0,2025-08-20 13:24:43,0.0978571428571428,6,1,0.26837638,0
14,38,0.2915499758570739,0.3942908460267859,0.910756915683508,0.874520643596849,0.974344673731882,0.3071952447605596,0.9995063631947544,0.9998837126693364,0.2580645161290322,1.0,2025-08-20 13:24:46,0.1004966887417218,6,1,0.90657216,1
15,38,0.0033800096571704,0.5044761004068941,0.9628723344939718,0.936170216894301,0.7367687204631069,0.3483325310819626,0.9988789921155778,0.999930400238605,0.2903225806451612,1.0,2025-08-20 13:24:43,0.06375,7,1,0.9221604,1
16,38,0.0525350072428778,0.3623868412440311,0.9215520068532166,0.90102582205597,0.952857604128757,0.3265818866418812,0.9910083367586352,0.9998757888695594,0.2580645161290322,1.0,2025-08-20 13:24:44,0.0949152542372881,5,1,0.85304886,1
17,38,0.7864799613713183,0.3960707208402803,0.919267015543113,0.8837766234733876,0.9759151084597776,0.448961374763283,0.9595670156213432,0.9998778891538376,0.5806451612903225,0.1071428571428572,2025-08-20 13:24:43,0.10625,8,1,0.99862915,1
18,38,0.0136166103331723,0.3496031551740573,0.9225916127119352,0.8915842180983351,0.8270173481704185,0.3497172063918321,0.9930173008883496,0.9998400124362288,0.2580645161290322,1.0,2025-08-20 13:24:46,0.0747619047619047,4,0,0.80145067,1
19,38,0.7737324963785611,0.3672139173995845,0.9091230829355004,0.8719508172504405,0.8160389820034916,0.288920934960637,0.9839361536842808,0.9998304378448316,0.2580645161290322,1.0,2025-08-20 13:24:46,0.106472148541114,3,0,0.029104222,0
20,38,0.9696764847899564,0.3740074369751152,0.9170909423292268,0.8835573671546015,0.94807291514207,0.2336669273983621,0.9146912999954766,0.9994897621881526,0.2580645161290322,1.0,2025-08-20 13:24:52,0.1063107822410148,2,0,0.007828727,0
1,39,0.1774987928536938,0.3709906432236168,0.9261010232507746,0.8984025075161585,0.9736255026794262,0.3017998403942009,0.9717604347150576,0.9998168854423012,0.2258064516129032,1.0,2025-08-20 13:25:05,0.1002162162162162,6,1,0.6790018,1
2,39,0.0834379526798648,0.3701856151481338,0.9525946042812964,0.9260396694830648,0.7393812193640852,0.303066948932478,0.944787411671462,0.9998248848204896,0.2258064516129032,1.0,2025-08-20 13:25:03,0.1047619047619047,3,0,0.1257973,0
3,39,0.0001931434089811,1.0,0.8182310746863749,0.9042552930027612,0.9916488096938312,0.4983113136443957,0.9704250586562458,0.999870967762466,0.6129032258064516,1.0,2025-08-20 13:25:00,0.0918367346938775,7,1,0.9589744,1
4,39,0.0014485755673587,0.1034464942367306,0.8829976164613129,0.8750857945447994,0.9796283793715912,0.5005506241726783,0.9623764187141448,0.9998092599783592,0.6129032258064516,1.0,2025-08-20 13:25:06,0.0442857142857142,4,0,0.25502354,0
5,39,0.1231289232254949,0.4559574396808745,0.9306828070343148,0.899352294843997,0.9709102650681896,0.2972511542919392,0.999509313215503,0.9999313708245214,0.2258064516129032,1.0,2025-08-20 13:25:03,0.0985496183206106,7,1,0.93987167,1
6,39,0.0736842105263157,0.4325252988576529,0.9395599792695964,0.9095949281550728,0.9958757742198144,0.3109846949439163,0.9623557685689056,0.999850334856119,0.2258064516129032,1.0,2025-08-20 13:25:05,0.0927380952380952,6,1,0.70700485,1
7,39,0.030420086914534,0.4309667809957699,0.8865459963827953,0.8654625118262591,0.972965039481126,0.3125482934213277,0.9288956498994044,0.999867371821202,0.2258064516129032,1.0,2025-08-20 13:25:03,0.0871052631578947,4,0,0.32883134,0
8,39,0.095702559150169,0.4243175686296738,0.9305169470478328,0.9062308635801416,0.9718936213932676,0.2985808067693126,0.9595099818868726,0.9998590542181226,0.2258064516129032,1.0,2025-08-20 13:25:03,0.086068376068376,5,1,0.5066668,1
9,39,0.132399806856591,0.3769752693519847,0.9275316512053888,0.8879565285218193,0.9845745149267932,0.3031849115517864,0.9717289678270736,0.9998554702102918,0.2258064516129032,1.0,2025-08-20 13:25:05,0.0963194444444444,5,1,0.7177074,1
10,39,0.0,0.0,0.7379197340453048,0.6103723373292744,0.9922799189832504,0.4943413569026341,0.9327277268516788,0.9999293978301996,0.6129032258064516,1.0,2025-08-20 13:25:00,0.08,4,0,0.078803554,0
11,39,1.0,0.386290557412367,0.9142491813287776,0.8736513796073256,0.9615610414772484,0.2123097555877864,0.9916337411573128,0.9998847946339646,0.2580645161290322,1.0,2025-08-20 13:25:05,0.106042944785276,5,1,0.16125335,0
12,39,0.1770159343312409,0.4243082917376383,0.9121293245656786,0.8843998547087333,0.9090762321318748,0.3054610359176383,0.9590045449986332,0.999839364053014,0.2258064516129032,1.0,2025-08-20 13:25:05,0.1050568181818182,3,0,0.40933096,0
13,39,0.0116851762433606,0.4111577818951144,0.883615466112183,0.8870942496893547,0.9669474858373824,0.3236692391490223,0.980500362852552,0.9998438271571052,0.2580645161290322,1.0,2025-08-20 13:25:05,0.0978571428571428,5,1,0.8598238,1
14,39,0.2915499758570739,0.3942908460267859,0.914304764297204,0.8831013916243828,0.9758417236622444,0.287755163437605,0.9575659182136248,0.9998072909618484,0.2258064516129032,1.0,2025-08-20 13:25:06,0.101505016722408,4,0,0.4595255,0
15,39,0.0033800096571704,0.5044761004068941,0.9715401101566564,0.9574468112628672,0.7399976516857791,0.3288314892107745,0.953109420202922,0.9998683980964742,0.2580645161290322,0.9821428571428572,2025-08-20 13:25:03,0.0566666666666666,6,1,0.82094765,1
16,39,0.0525350072428778,0.3623868412440311,0.927454427662123,0.9087765652637454,0.9594328822632762,0.3066960807909353,0.9916750414477916,0.999884985568899,0.2258064516129032,1.0,2025-08-20 13:25:04,0.0888888888888888,5,1,0.8370956,1
17,39,0.7864799613713183,0.3960707208402803,0.9227621625113784,0.8874999708951791,0.984501130130627,0.4280503233284142,0.9993372286718416,0.9999657749130112,0.5806451612903225,0.2857142857142857,2025-08-20 13:25:02,0.1056994818652849,9,1,0.9990511,1
18,39,0.0136166103331723,0.3496031551740573,0.9297698363429996,0.9054072618210204,0.8068658819359755,0.326931420174933,0.9240546658511498,0.999779239437738,0.2580645161290322,1.0,2025-08-20 13:25:08,0.0713636363636363,4,0,0.16028267,0
19,39,0.7737324963785611,0.3672139173995845,0.9125793626956972,0.873167334094112,0.8271347638486582,0.264889415982114,0.9283833296294184,0.9998234170081816,0.2258064516129032,1.0,2025-08-20 13:25:06,0.1060501981505944,2,0,0.009013224,0
20,39,0.9696764847899564,0.3740074369751152,0.9201973354771468,0.8862547372947109,0.9766342795081324,0.2174039198424209,0.9602887873644712,0.9998622165779734,0.2258064516129032,0.9821428571428572,2025-08-20 13:25:05,0.10541928721174,4,0,0.061924405,0
1,40,0.1774987928536938,0.3709906432236168,0.9284976096309426,0.9019142305500244,0.980949305787328,0.2844621062898619,0.8862747334656254,0.9997295923769864,0.1935483870967742,1.0,2025-08-20 13:25:18,0.0996774193548387,5,1,0.09604804,0
2,40,0.0834379526798648,0.3701856151481338,0.9542813941111704,0.9198742982180864,0.744180585324221,0.2821697521676621,0.9826450279366964,0.9999141111020152,0.1935483870967742,1.0,2025-08-20 13:25:18,0.1060240963855421,5,1,0.49334502,0
3,40,0.0001931434089811,1.0,0.8527354897365793,0.9042552930027612,0.9846185458033992,0.499956456751262,0.9881989336658334,0.9999564787683932,0.6129032258064516,1.0,2025-08-20 13:25:16,0.0918367346938775,7,1,0.9767168,1
4,40,0.0014485755673587,0.1034464942367306,0.8922461728393069,0.8750857945447994,0.9897554818466758,0.4851568982006345,0.9401794792623376,0.9998353066856585,0.5806451612903225,1.0,2025-08-20 13:25:18,0.0442857142857142,4,0,0.0989446,0
5,40,0.1231289232254949,0.4559574396808745,0.931723843337074,0.9018738718647964,0.971688143950197,0.2767533678723659,0.9684750949415012,0.9999316333600564,0.1935483870967742,1.0,2025-08-20 13:25:18,0.0985496183206106,8,1,0.76762676,1
6,40,0.0736842105263157,0.4325252988576529,0.9397093789321566,0.9082019714182896,0.9968004226996215,0.2891944657322549,0.8958416507529436,0.9997384111842684,0.2258064516129032,1.0,2025-08-20 13:25:18,0.0927380952380952,5,1,0.21390425,0
7,40,0.030420086914534,0.4309667809957699,0.8909123859462266,0.8621842094574371,0.9712478351458628,0.2891734858033176,0.9564930940014278,0.9997983925983436,0.1935483870967742,1.0,2025-08-20 13:25:18,0.0871052631578947,3,0,0.53913313,1
8,40,0.095702559150169,0.4243175686296738,0.9335529419140508,0.9008430437796012,0.9681950274460178,0.2800104028779713,0.9695616859171908,0.9998185441895436,0.1935483870967742,1.0,2025-08-20 13:25:19,0.0875652173913043,5,1,0.64912885,1
9,40,0.132399806856591,0.3769752693519847,0.9315193613615016,0.8949976315143382,0.9901957906482762,0.2846291540259296,0.999367712219576,0.9999310525996308,0.1935483870967742,1.0,2025-08-20 13:25:19,0.096993006993007,6,1,0.92317545,1
10,40,0.0,0.0,0.7354458423822117,0.6103723373292744,0.9638359702938898,0.4997613038273724,0.9599593683808908,0.99982492062079,0.6129032258064516,1.0,2025-08-20 13:25:21,0.08,2,0,0.16799249,0
11,40,1.0,0.386290557412367,0.9172814979103204,0.8791966888285867,0.919570258608122,0.1892563763150061,0.8887006338611249,0.9994947424076912,0.2258064516129032,1.0,2025-08-20 13:25:29,0.1058265306122449,2,0,0.0033607024,0
12,40,0.1770159343312409,0.4243082917376383,0.916356368444662,0.8914421865714754,0.9587870960192884,0.2838972315994147,0.9676087721816976,0.9999296921882234,0.2258064516129032,1.0,2025-08-20 13:25:18,0.1044632768361582,4,0,0.72696024,1
13,40,0.0116851762433606,0.4111577818951144,0.8940405422784748,0.9187762056575116,0.9632488918894492,0.325297756651825,0.968785830460341,0.9998964854208846,0.2580645161290322,1.0,2025-08-20 13:25:20,0.0978571428571428,7,1,0.78239447,1
14,40,0.2915499758570739,0.3942908460267859,0.9173790950637042,0.8827438550667873,0.9760618780630448,0.2671952289266509,0.9878547645785108,0.999879901926271,0.2258064516129032,1.0,2025-08-20 13:25:21,0.1011666666666666,6,1,0.84047085,1
15,40,0.0033800096571704,0.5044761004068941,0.9714095208332272,0.9574468112628672,0.6352922182753429,0.332506539404265,0.939895293930234,0.9997693943551836,0.2580645161290322,1.0,2025-08-20 13:25:21,0.0566666666666666,5,1,0.7675799,1
16,40,0.0525350072428778,0.3623868412440311,0.9309987819053774,0.9068388956311466,0.962867290933803,0.2868142334171475,0.8927431456267909,0.9997390357006164,0.1935483870967742,1.0,2025-08-20 13:25:18,0.0933333333333333,3,0,0.1365218,0
17,40,0.7864799613713183,0.3960707208402803,0.9252088144329595,0.8932180980762621,0.9821381395486422,0.4165940945854365,0.9996243640246936,0.999951116678986,0.5806451612903225,0.1071428571428572,2025-08-20 13:25:17,0.10625,9,1,0.99974954,1
18,40,0.0136166103331723,0.3496031551740573,0.9290106690383974,0.8915842180983351,0.8232013385401448,0.3289348054645985,0.9525931665719384,0.999735952896988,0.2258064516129032,1.0,2025-08-20 13:25:21,0.0713636363636363,2,0,0.41334766,0
19,40,0.7737324963785611,0.3672139173995845,0.9154033861900456,0.8787090860594635,0.836425279594414,0.2416741349935713,0.971103563428396,0.9997876326192288,0.1935483870967742,1.0,2025-08-20 13:25:20,0.1053543307086614,3,0,0.021434596,0
20,40,0.9696764847899564,0.3740074369751152,0.922877292821714,0.8892758177225853,0.9769865265483194,0.1950274401636591,0.9896621439570792,0.9998832074873224,0.1935483870967742,1.0,2025-08-20 13:25:20,0.1058631578947368,5,1,0.1904192,0
1,41,0.1774987928536938,0.3709906432236168,0.9312812843858952,0.9036700273895772,0.98276924883285,0.2619969567227609,0.9503226339358588,0.9998291729008912,0.1612903225806451,1.0,2025-08-20 13:25:39,0.101311475409836,5,1,0.44133168,0
2,41,0.0834379526798648,0.3701856151481338,0.9575089765216828,0.9260396694830648,0.7288871928780987,0.2606213859103548,0.9811631341807104,0.999889050891877,0.1935483870967742,1.0,2025-08-20 13:25:39,0.1060240963855421,5,1,0.46286264,0
3,41,0.0001931434089811,1.0,0.8397776489174752,0.9042552930027612,0.9922358881014328,0.4851181051244861,0.9595060485258746,0.9999062867475164,0.6129032258064516,1.0,2025-08-20 13:25:36,0.0918367346938775,7,1,0.9337118,1
4,41,0.0014485755673587,0.1034464942367306,0.8902103035762929,0.8750857945447994,0.9911057621765048,0.4879622709625116,0.958688892778546,0.9998625308250528,0.5806451612903225,1.0,2025-08-20 13:25:39,0.0442857142857142,4,0,0.21587577,0
5,41,0.1231289232254949,0.4559574396808745,0.9346587568969242,0.9060764139962888,0.9663897613520744,0.2550506210058965,0.917009032963532,0.9997231483229508,0.1935483870967742,0.9821428571428572,2025-08-20 13:25:40,0.0985496183206106,5,1,0.33518413,0
6,41,0.0736842105263157,0.4325252988576529,0.9443911711890344,0.9109878848918556,0.9974608858979216,0.2681345755562453,0.9996184639831966,0.9999135701197012,0.1935483870967742,1.0,2025-08-20 13:25:40,0.0916470588235294,7,1,0.9406969,1
7,41,0.030420086914534,0.4309667809957699,0.8925343868785286,0.8621842094574371,0.9711157425105768,0.2683210198303871,0.9596712496877896,0.9998368102982668,0.1935483870967742,1.0,2025-08-20 13:25:39,0.0807317073170731,4,0,0.52035403,1
8,41,0.095702559150169,0.4243175686296738,0.9361079193193188,0.9062308635801416,0.9713358969093266,0.2568153101229344,0.9242729673865372,0.9998502513220852,0.1612903225806451,1.0,2025-08-20 13:25:39,0.0868103448275862,5,1,0.27507427,0
9,41,0.132399806856591,0.3769752693519847,0.9332910071753424,0.8973446442860511,0.9903132063292498,0.2646515115049179,0.9619909493363435,0.9998969190022982,0.1935483870967742,1.0,2025-08-20 13:25:40,0.0963194444444444,6,1,0.63204396,1
10,41,0.0,0.0,0.7303045404122767,0.6103723373292744,0.9923533037837732,0.4849653079061872,0.999530946700992,0.9999793551602196,0.5806451612903225,1.0,2025-08-20 13:25:36,0.08,5,1,0.7251229,1
11,41,1.0,0.386290557412367,0.9185693879846196,0.8801383268065235,0.9616784571581364,0.1669653997428573,0.9100066670468916,0.9997515101163296,0.2258064516129032,1.0,2025-08-20 13:25:41,0.1057186544342507,3,0,0.006570739,0
12,41,0.1770159343312409,0.4243082917376383,0.9177109376461576,0.8879210206401044,0.9613408870756792,0.2637660001646726,0.956254142320801,0.999845430214992,0.1935483870967742,1.0,2025-08-20 13:25:39,0.1044632768361582,3,0,0.5817517,1
13,41,0.0116851762433606,0.4111577818951144,0.8895468636303646,0.9029352276734331,0.9684005048877216,0.3098153607914421,0.9202894560358408,0.9997296361329088,0.2258064516129032,1.0,2025-08-20 13:25:39,0.0978571428571428,5,1,0.3804472,0
14,41,0.2915499758570739,0.3942908460267859,0.9205655930778852,0.886319155965363,0.98301875715321,0.245987291704932,0.9996086305807016,0.9999136655871684,0.1935483870967742,1.0,2025-08-20 13:25:40,0.1011666666666666,6,1,0.9137156,1
15,41,0.0033800096571704,0.5044761004068941,0.98058238628657,0.9574468112628672,0.7186720286484352,0.3121540290963904,0.9625848868470376,0.9998835177565908,0.2258064516129032,1.0,2025-08-20 13:25:39,0.0566666666666666,7,1,0.8580116,1
16,41,0.0525350072428778,0.3623868412440311,0.9325536439248986,0.9126519692063232,0.9602401150757788,0.2636496209362273,0.9926278981495504,0.999901907177459,0.1935483870967742,1.0,2025-08-20 13:25:39,0.0888888888888888,4,0,0.8379967,1
17,41,0.7864799613713183,0.3960707208402803,0.927252040265324,0.8945478650126161,0.976575571663545,0.4046834326647202,0.9585846587120996,0.9998885019539406,0.5483870967741935,0.0892857142857143,2025-08-20 13:25:40,0.1066666666666666,8,1,0.99869525,1
18,41,0.0136166103331723,0.3496031551740573,0.9273172276437356,0.8984957076209876,0.8411219068333563,0.3108374395936385,0.917059183316256,0.9997671150694044,0.2258064516129032,1.0,2025-08-20 13:25:41,0.0747619047619047,4,0,0.12692179,0
19,41,0.7737324963785611,0.3672139173995845,0.9175687923783734,0.8787090860594635,0.8422080018734769,0.2214011900765727,0.9186777613669216,0.9998761150500722,0.1935483870967742,1.0,2025-08-20 13:25:41,0.1048041775456919,3,0,0.00771762,0
20,41,0.9696764847899564,0.3740074369751152,0.9246470177535576,0.8925126618907165,0.967637302957976,0.1764158681098747,0.83412229999351,0.9995343136728428,0.1935483870967742,1.0,2025-08-20 13:25:41,0.105640756302521,2,0,0.0014786744,0
1,42,0.1774987928536938,0.3709906432236168,0.93846316586672,0.9118639400062972,0.9827986027469422,0.2410815509630183,0.92436441802974,0.9997647602052137,0.1612903225806451,1.0,2025-08-20 13:25:53,0.1007608695652173,5,1,0.21771686,0
2,42,0.0834379526798648,0.3701856151481338,0.9634998396421144,0.9346711892540344,0.8127513429471671,0.2388695539271259,0.9452564649704704,0.9998706535153866,0.1612903225806451,1.0,2025-08-20 13:25:53,0.1060240963855421,3,0,0.11554663,0
3,42,0.0001931434089811,1.0,0.8465669654663324,0.9042552930027612,0.9927202277823732,0.4695228926651001,0.999565363609724,0.999969442454876,0.5806451612903225,1.0,2025-08-20 13:25:49,0.0918367346938775,6,1,0.98778003,1
4,42,0.0014485755673587,0.1034464942367306,0.9168771318150198,0.8750857945447994,0.9947896791578236,0.4731361906149257,0.9306548456057474,0.9998890310028212,0.5806451612903225,1.0,2025-08-20 13:25:51,0.0442857142857142,4,0,0.06713987,0
5,42,0.1231289232254949,0.4559574396808745,0.9405212580996468,0.9144815629366532,0.97145331258825,0.2338893938146419,0.9684475614145152,0.999920952937164,0.1612903225806451,1.0,2025-08-20 13:25:53,0.0978030303030303,6,1,0.7704065,1
6,42,0.0736842105263157,0.4325252988576529,0.9518793822611064,0.9263103443190884,0.9982974726354517,0.2459211851363932,0.952131979994926,0.9998202069145972,0.1612903225806451,1.0,2025-08-20 13:25:53,0.0916470588235294,5,1,0.58211553,1
7,42,0.030420086914534,0.4309667809957699,0.9043419259051036,0.8687407495177009,0.9719376522801254,0.24977001247712,0.9975298492932734,0.9999225122391282,0.1612903225806451,0.9821428571428572,2025-08-20 13:25:53,0.0945714285714285,5,1,0.92079556,1
8,42,0.095702559150169,0.4243175686296738,0.9418941472023166,0.9170065031812218,0.9719670061935344,0.2347887598249403,0.9994237626137972,0.9999236021593786,0.1612903225806451,1.0,2025-08-20 13:25:53,0.086068376068376,7,1,0.9021515,1
9,42,0.132399806856591,0.3769752693519847,0.9418437751371804,0.9137737983654216,0.9891537264799776,0.2426506913084509,0.968560645543207,0.9999031681435882,0.1612903225806451,1.0,2025-08-20 13:25:53,0.096993006993007,6,1,0.7066692,1
10,42,0.0,0.0,0.7441418386623215,0.5425531887371329,0.9768984647901522,0.4696452096092826,0.9993214952278496,0.9999239760736252,0.5806451612903225,0.9821428571428572,2025-08-20 13:25:53,0.08,5,1,0.66663307,1
11,42,1.0,0.386290557412367,0.9254838275171802,0.8897641966202707,0.9613408870755936,0.1418678628656841,0.930354926829652,0.9998427014365546,0.1935483870967742,1.0,2025-08-20 13:25:55,0.1066975308641975,3,0,0.011108734,0
12,42,0.1770159343312409,0.4243082917376383,0.925351061875318,0.893202769537161,0.9309742566129396,0.2454837734104339,0.9152508205974382,0.9998473395643358,0.1935483870967742,0.9821428571428572,2025-08-20 13:25:53,0.1044632768361582,5,1,0.1966536,0
13,42,0.0116851762433606,0.4111577818951144,0.8973026494776473,0.9187762056575116,0.9607684856312748,0.2882099924630594,0.9977412674469144,0.99988741203369,0.1935483870967742,1.0,2025-08-20 13:25:55,0.0978571428571428,6,1,0.9323022,1
14,42,0.2915499758570739,0.3942908460267859,0.9277933407251188,0.8920396762095124,0.981096075382394,0.2261177156103339,0.9382137821036008,0.9998055526583832,0.1612903225806451,1.0,2025-08-20 13:25:53,0.098538961038961,4,0,0.22944587,0
15,42,0.0033800096571704,0.5044761004068941,0.9793764913081572,0.9574468112628672,0.7415387324982152,0.2925346287581781,0.9685026284684868,0.9999189759650308,0.2258064516129032,1.0,2025-08-20 13:25:52,0.0566666666666666,7,1,0.86232275,1
16,42,0.0525350072428778,0.3623868412440311,0.9384634928253576,0.9204027124140988,0.9631755070864486,0.2420676076230768,0.9227714068255614,0.9998340735642072,0.1612903225806451,1.0,2025-08-20 13:25:53,0.0918032786885246,2,0,0.22490808,0
17,42,0.7864799613713183,0.3960707208402803,0.9344233466777074,0.9023936192918656,0.9794816097710578,0.38836658981943,0.9868488075032794,0.9999202170421044,0.5483870967741935,0.0892857142857143,2025-08-20 13:25:53,0.1058365758754863,9,1,0.99957776,1
18,42,0.0136166103331723,0.3496031551740573,0.937848759499004,0.9192302408663252,0.8713564446690113,0.2933670965045063,0.9968002108281496,0.9999174723524226,0.1935483870967742,0.9821428571428572,2025-08-20 13:25:53,0.0682608695652173,6,1,0.8294323,1
19,42,0.7737324963785611,0.3672139173995845,0.9244384794473852,0.8879003238784491,0.5376904335460373,0.1952035923971902,0.9107058219642812,0.9994659629441436,0.1612903225806451,1.0,2025-08-20 13:26:14,0.1054927726675427,2,0,0.00092250877,0
20,42,0.9696764847899564,0.3740074369751152,0.931668791676434,0.9002811267006595,0.9302697625270984,0.156146485822318,0.9834484169205324,0.9998260900972632,0.1612903225806451,1.0,2025-08-20 13:25:54,0.1047604166666666,3,0,0.051459488,0
1,43,0.1774987928536938,0.3709906432236168,0.939713016347002,0.9106934087799288,0.958390818094294,0.219342781954411,0.9595050651856252,0.9996341089985488,0.1290322580645161,1.0,2025-08-20 13:26:25,0.101311475409836,4,0,0.38714772,0
2,43,0.0834379526798648,0.3701856151481338,0.965929418192328,0.943302709025004,0.7420964569862569,0.2180867571521765,0.9189943969272584,0.9996321956713936,0.1290322580645161,1.0,2025-08-20 13:26:25,0.1023255813953488,3,0,0.043328546,0
3,43,0.0001931434089811,1.0,0.8343378950159723,0.9042552930027612,0.9897554818466758,0.4548025036576327,0.9967126935459446,0.9998360465585292,0.5806451612903225,1.0,2025-08-20 13:26:22,0.0918367346938775,6,1,0.9859268,1
4,43,0.0014485755673587,0.1034464942367306,0.9163270852116638,0.8750857945447994,0.9976223324609688,0.4561824287949128,0.9650933878234944,0.9998293956583146,0.5483870967741935,1.0,2025-08-20 13:26:22,0.0442857142857142,4,0,0.2647614,0
5,43,0.1231289232254949,0.4559574396808745,0.9439497770280024,0.9161626574021065,0.910866821266038,0.2126628517502802,0.8948907607316838,0.9993759212113358,0.1290322580645161,1.0,2025-08-20 13:26:38,0.0978030303030303,5,1,0.14457338,0
6,43,0.0736842105263157,0.4325252988576529,0.9519659343430068,0.929096193115274,0.8768015968485307,0.2256446775899524,0.936640437704412,0.9996589583846968,0.1612903225806451,1.0,2025-08-20 13:26:26,0.0916470588235294,4,0,0.29326096,0
7,43,0.030420086914534,0.4309667809957699,0.906315243893723,0.8785755272694065,0.9717468517838492,0.2249369018741013,0.9963085407034028,0.9997877081976404,0.1290322580645161,1.0,2025-08-20 13:26:25,0.0919444444444444,5,1,0.9031955,1
8,43,0.095702559150169,0.4243175686296738,0.9437259942753424,0.9126962085343616,0.9652449584642908,0.2146947380754833,0.9940527581710658,0.9997683084127444,0.1290322580645161,1.0,2025-08-20 13:26:26,0.086068376068376,7,1,0.8622948,1
9,43,0.132399806856591,0.3769752693519847,0.9429803957542092,0.9043856826011898,0.9251475034490692,0.2207674378835764,0.9364722865217484,0.999515999830386,0.1290322580645161,1.0,2025-08-20 13:26:34,0.0956551724137931,2,0,0.1900321,0
10,43,0.0,0.0,0.7464603432327996,0.6103723373292744,0.984618545806902,0.4544735542058028,0.9960882724875164,0.999816165458486,0.5806451612903225,1.0,2025-08-20 13:26:23,0.08,5,1,0.6439646,1
11,43,1.0,0.386290557412367,0.9266840518067188,0.8894503172942918,0.9610913787537811,0.1265604316956849,0.9864181044740016,0.9997211355505176,0.1935483870967742,1.0,2025-08-20 13:26:26,0.1055035605289929,6,1,0.11190786,0
12,43,0.1770159343312409,0.4243082917376383,0.9269694866975192,0.8955502350505352,0.939545601315808,0.2240169517825814,0.9084323393074532,0.9995779979947058,0.1612903225806451,1.0,2025-08-20 13:26:25,0.103876404494382,4,0,0.16365348,0
13,43,0.0116851762433606,0.4111577818951144,0.8970128210801513,0.9108557490041626,0.9720110370742412,0.2674691555459849,0.9960754890642732,0.9997854289118612,0.1935483870967742,1.0,2025-08-20 13:26:25,0.0978571428571428,8,1,0.9341582,1
14,43,0.2915499758570739,0.3942908460267859,0.9284500780189724,0.8913246030943213,0.9591833739388153,0.2049323417084155,0.9261904808730488,0.9995812239995348,0.1612903225806451,0.9821428571428572,2025-08-20 13:26:32,0.0988599348534202,4,0,0.14313707,0
15,43,0.0033800096571704,0.5044761004068941,0.9836901996610726,0.9574468112628672,0.7423019344231765,0.2718258555060833,0.9950665819682932,0.9997785035426784,0.1935483870967742,1.0,2025-08-20 13:26:24,0.0566666666666666,7,1,0.92217135,1
16,43,0.0525350072428778,0.3623868412440311,0.939432608445258,0.9262157859892756,0.9620453811642544,0.2216481990512321,0.915647106717984,0.999678962796885,0.1290322580645161,1.0,2025-08-20 13:26:25,0.0888888888888888,4,0,0.18685627,0
17,43,0.7864799613713183,0.3960707208402803,0.9353835935445572,0.9051861945355894,0.9796577332884174,0.3703004959180184,0.9827531953641409,0.9997801424008652,0.5483870967741935,0.1071428571428572,2025-08-20 13:26:24,0.1059740259740259,10,1,0.9993977,1
18,43,0.0136166103331723,0.3496031551740573,0.935766972982294,0.9192302408663252,0.866336924298507,0.2704320756987504,0.965284155831896,0.9996498611306356,0.1612903225806451,1.0,2025-08-20 13:26:25,0.0682608695652173,4,0,0.5699825,1
19,43,0.7737324963785611,0.3672139173995845,0.9257421044061284,0.8920904479529481,0.8505445152253333,0.1756115055513685,0.9674111207915496,0.9996573990827328,0.1290322580645161,1.0,2025-08-20 13:26:26,0.1049411764705882,3,0,0.019116363,0
20,43,0.9696764847899564,0.3740074369751152,0.9330547489071588,0.9002811267006595,0.8557841899843357,0.1382494188955533,0.9559276733579692,0.9996669418516408,0.1612903225806451,1.0,2025-08-20 13:26:26,0.105529905561385,2,0,0.009040661,0
1,44,0.1774987928536938,0.3709906432236168,0.9411630779056503,0.9083522816498114,0.9620307041962728,0.1967857957172442,0.9215658316796828,0.9998429599942784,0.1290322580645161,1.0,2025-08-20 13:26:49,0.1002162162162162,4,0,0.15221743,0
2,44,0.0834379526798648,0.3701856151481338,0.9688614912990124,0.9420696347720084,0.8396982416936922,0.1982377651387999,0.9884064184584764,0.9999031442767212,0.1290322580645161,1.0,2025-08-20 13:26:49,0.1023255813953488,5,1,0.56237644,1
3,44,0.0001931434089811,1.0,0.8504317187397171,0.9042552930027612,0.9929257052247604,0.4388941756550488,0.9677464398166268,0.9999422262711036,0.5806451612903225,1.0,2025-08-20 13:26:45,0.0918367346938775,6,1,0.95099765,1
4,44,0.0014485755673587,0.1034464942367306,0.9156880241191664,0.8750857945447994,0.9981213491071568,0.4412217602239547,0.9999311661825356,0.9999769525622952,0.5483870967741935,1.0,2025-08-20 13:26:46,0.0442857142857142,5,1,0.78073406,1
5,44,0.1231289232254949,0.4559574396808745,0.9471686030774962,0.9212057467663252,0.972407314998552,0.1908433298076497,0.9665447980317462,0.9999238328724244,0.1290322580645161,1.0,2025-08-20 13:26:49,0.0978030303030303,8,1,0.7614733,1
6,44,0.0736842105263157,0.4325252988576529,0.9534155667684432,0.9249173875823054,0.8878093169295499,0.2037451944087303,0.9110391743088592,0.9998122512923312,0.1290322580645161,1.0,2025-08-20 13:26:49,0.0916470588235294,4,0,0.16792768,0
7,44,0.030420086914534,0.4309667809957699,0.9083888360095732,0.8851320673296703,0.9722898993148448,0.2040333715458328,0.9854209974610156,0.9999024083816618,0.1290322580645161,1.0,2025-08-20 13:26:48,0.0848717948717948,4,0,0.8205506,1
8,44,0.095702559150169,0.4243175686296738,0.9452189282853726,0.9148513235191016,0.9727448850793008,0.193824854803058,0.998420755559314,0.9999224923500724,0.1290322580645161,1.0,2025-08-20 13:26:48,0.086068376068376,7,1,0.8932756,1
9,44,0.132399806856591,0.3769752693519847,0.944143643065304,0.907515097640854,0.9724513458772084,0.1982824959306853,0.998927175787803,0.9999268918091856,0.1290322580645161,1.0,2025-08-20 13:26:49,0.0963194444444444,6,1,0.9000259,1
10,44,0.0,0.0,0.7551148566357384,0.6103723373292744,0.99254410426527,0.4383878864265401,0.9608266744809438,0.9999013821063896,0.5806451612903225,1.0,2025-08-20 13:26:45,0.08,3,0,0.20575236,0
11,44,1.0,0.386290557412367,0.9290020659392402,0.892066064580623,0.967534564241225,0.1038652946057041,0.9609141917631489,0.9998705580479196,0.1612903225806451,0.9821428571428572,2025-08-20 13:26:50,0.1053963414634146,3,0,0.04188189,0
12,44,0.1770159343312409,0.4243082917376383,0.9287498377850916,0.8961370529208436,0.9256611970523034,0.2010815351291098,0.9446930110075108,0.99991479528553,0.1290322580645161,1.0,2025-08-20 13:26:49,0.103876404494382,5,1,0.3117887,0
13,44,0.0116851762433606,0.4111577818951144,0.9016629085666198,0.9108557490041626,0.9723779610769416,0.2476850825579997,0.9425640793673582,0.9998394953207814,0.1612903225806451,1.0,2025-08-20 13:26:49,0.0978571428571428,6,1,0.53891546,1
14,44,0.2915499758570739,0.3942908460267859,0.9314928470594672,0.8981176683338772,0.982446355710856,0.1835981290653559,0.9599161014099132,0.9997942397635208,0.1290322580645161,1.0,2025-08-20 13:26:49,0.0988599348534202,4,0,0.4575793,0
15,44,0.0033800096571704,0.5044761004068941,0.9816275810945037,0.9574468112628672,0.7455015117262886,0.2541662972087986,0.9681250258126816,0.9999406789025728,0.1612903225806451,1.0,2025-08-20 13:26:48,0.0566666666666666,7,1,0.8603846,1
16,44,0.0525350072428778,0.3623868412440311,0.9417307598405328,0.9145896388389222,0.9647165878934172,0.1997214023776196,0.9218844339205186,0.9998447539870994,0.1290322580645161,1.0,2025-08-20 13:26:48,0.0903225806451612,2,0,0.20863052,0
17,44,0.7864799613713183,0.3960707208402803,0.9371917667687149,0.9051861945355894,0.9864678427794162,0.3505734250011084,0.9970775127785064,0.9999338887789688,0.5161290322580645,0.0178571428571429,2025-08-20 13:26:47,0.1054263565891472,9,1,0.9998347,1
18,44,0.0136166103331723,0.3496031551740573,0.9423439605482716,0.9261417303889776,0.8764493498138114,0.2508427597869389,0.9589170277164284,0.9999051212488544,0.1612903225806451,1.0,2025-08-20 13:26:48,0.0682608695652173,5,1,0.49208832,0
19,44,0.7737324963785611,0.3672139173995845,0.9279165019569956,0.8939827787420458,0.8475210614505159,0.1564568304315057,0.9993667288793264,0.9998953079887892,0.1290322580645161,1.0,2025-08-20 13:26:50,0.1043953185955786,3,0,0.04619155,0
20,44,0.9696764847899564,0.3740074369751152,0.9349349654236644,0.904381219861958,0.8574426864695441,0.1183279867501854,0.94294856540491,0.9997087963803828,0.1290322580645161,1.0,2025-08-20 13:26:50,0.1048696558915537,2,0,0.0067387777,0
1,45,0.1774987928536938,0.3709906432236168,0.9447289296793404,0.9147903327495984,0.9633809845288358,0.1743558765968497,0.9553199690837826,0.9997732965879051,0.0967741935483871,1.0,2025-08-20 13:27:01,0.1007608695652174,5,1,0.35191464,0
2,45,0.0834379526798648,0.3701856151481338,0.9734283984645328,0.9482350060369868,0.701778847560325,0.1965862884684811,0.9422336770435286,0.9998024420100772,0.0967741935483871,1.0,2025-08-20 13:27:02,0.1047619047619047,3,0,0.10266868,0
3,45,0.0001931434089811,1.0,0.8310384123575162,0.9042552930027612,0.9917075175384188,0.4220603556929235,0.966502514401018,0.9999737225796552,0.5483870967741935,1.0,2025-08-20 13:26:58,0.0918367346938775,6,1,0.9513108,1
4,45,0.0014485755673587,0.1034464942367306,0.9223726730340976,0.8750857945447994,0.9987524583940984,0.4258232840793216,0.9994483461200344,0.9999802024339908,0.5483870967741935,1.0,2025-08-20 13:26:58,0.0442857142857142,5,1,0.7673844,1
5,45,0.1231289232254949,0.4559574396808745,0.9497038301375492,0.9178436871901792,0.909340417410648,0.1701729537839875,0.93988349384724,0.99961403298576,0.0967741935483871,0.9821428571428572,2025-08-20 13:27:14,0.0970676691729323,5,1,0.40619835,0
6,45,0.0736842105263157,0.4325252988576529,0.9566575251415612,0.9304891498520572,0.8559016056516403,0.2050685133226505,0.9795494728312922,0.9998562458834628,0.1290322580645161,1.0,2025-08-20 13:27:03,0.0916470588235294,6,1,0.69330853,1
7,45,0.030420086914534,0.4309667809957699,0.91264211831924,0.8818538296382284,0.9639093550918498,0.207334345647892,0.9492517764041608,0.9998341968763522,0.0967741935483871,1.0,2025-08-20 13:27:02,0.0848717948717948,3,0,0.48073152,0
8,45,0.095702559150169,0.4243175686296738,0.9488179254909695,0.9180840283349015,0.9644524026184028,0.1728884691143777,0.9991769442111744,0.999913717298713,0.0967741935483871,1.0,2025-08-20 13:27:03,0.086068376068376,7,1,0.88657457,1
9,45,0.132399806856591,0.3769752693519847,0.947312802054224,0.9106444480031378,0.9603868846681108,0.1765251220794353,0.9601294862440533,0.999840919377167,0.0967741935483871,1.0,2025-08-20 13:27:03,0.095,4,0,0.4179095,0
10,45,0.0,0.0,0.7652925681576188,0.6103723373292744,0.9041888044149384,0.4213189329212293,0.9312251829504534,0.9996094028136012,0.5483870967741935,1.0,2025-08-20 13:27:17,0.08,2,0,0.0336991,0
11,45,1.0,0.386290557412367,0.9322559991724676,0.897611373801884,0.9540317609417388,0.1023927411029267,0.9937331725899804,0.9998631394301564,0.1290322580645161,1.0,2025-08-20 13:27:04,0.1052893401015228,4,0,0.12398738,0
12,45,0.1770159343312409,0.4243082917376383,0.9296756416029404,0.9049399677492712,0.9606070390730116,0.1803494068617827,0.9991907109746672,0.9999146162840292,0.1290322580645161,1.0,2025-08-20 13:27:01,0.1032960893854748,6,1,0.925774,1
13,45,0.0116851762433606,0.4111577818951144,0.9041657565040732,0.9187762056575116,0.9748290134148728,0.2269145570622399,0.9996676309956714,0.9999311043111756,0.1612903225806451,1.0,2025-08-20 13:27:00,0.0978571428571428,8,1,0.9448256,1
14,45,0.2915499758570739,0.3942908460267859,0.933900345684172,0.9024080423476442,0.974359350691662,0.1863128527003147,0.959375264272692,0.9998119609121184,0.1290322580645161,1.0,2025-08-20 13:27:03,0.0988599348534202,4,0,0.3966039,0
15,45,0.0033800096571704,0.5044761004068941,0.9922240551092054,0.9787234056314336,0.5863885871949641,0.232205853479343,0.9648042857901434,0.9997954052621828,0.1612903225806451,1.0,2025-08-20 13:27:05,0.0566666666666666,6,1,0.90020126,1
16,45,0.0525350072428778,0.3623868412440311,0.946169591177152,0.922340446724078,0.950641383155507,0.201184059687502,0.9914360897671648,0.9998703551795516,0.0967741935483871,1.0,2025-08-20 13:27:02,0.0875,5,1,0.79061365,1
17,45,0.7864799613713183,0.3960707208402803,0.9392695684770268,0.907978705101933,0.976795726068446,0.3527905680573061,0.9971424132349732,0.9999310605552532,0.5161290322580645,0.1250000000000001,2025-08-20 13:27:01,0.1048843187660668,9,1,0.9996051,1
18,45,0.0136166103331723,0.3496031551740573,0.9508781531724996,0.9330532845890104,0.8766841811812262,0.2330038824743965,0.9639969634453096,0.9999307980197184,0.1290322580645161,1.0,2025-08-20 13:27:00,0.0713636363636363,4,0,0.52067196,1
19,45,0.7737324963785611,0.3672139173995845,0.930573786763523,0.8974970241937383,0.8145125781535691,0.1631506153056895,0.927941809857396,0.9997922389245208,0.0967741935483871,1.0,2025-08-20 13:27:04,0.1045312499999999,2,0,0.0068916003,0
20,45,0.9696764847899564,0.3740074369751152,0.9371233404562976,0.9065391159740454,0.826885255529665,0.1159616091051306,0.9196748683799076,0.99975302168456,0.0967741935483871,1.0,2025-08-20 13:27:04,0.1049791231732776,2,0,0.0033152793,0
1,46,0.1774987928536938,0.3709906432236168,0.9465091683748807,0.9159608639759672,0.9514779698821018,0.1741243056831065,0.9886591369025962,0.9998553071200352,0.0645161290322581,1.0,2025-08-20 13:27:29,0.1007608695652174,5,1,0.791434,1
2,46,0.0834379526798648,0.3701856151481338,0.975753135684044,0.9482350060369868,0.7107024393143153,0.1789006042219534,0.8782782105567476,0.9996866439501828,0.0967741935483871,1.0,2025-08-20 13:27:29,0.1023255813953488,3,0,0.014636789,0
3,46,0.0001931434089811,1.0,0.8418850199475932,0.84397164129718,0.991296562659112,0.4058959142182166,0.9314710180128268,0.9999502375827256,0.5483870967741935,1.0,2025-08-20 13:27:25,0.0703125,5,1,0.5725228,1
4,46,0.0014485755673587,0.1034464942367306,0.928972660096753,0.8750857945447994,0.9970499310186148,0.4091129686045259,0.9977235673224236,0.9999696771457328,0.5483870967741935,1.0,2025-08-20 13:27:25,0.0442857142857142,5,1,0.7350721,1
5,46,0.1231289232254949,0.4559574396808745,0.9521668606433932,0.924567806342471,0.955455426072689,0.1741282641602644,0.9993037951033588,0.9998840149829824,0.0967741935483871,1.0,2025-08-20 13:27:31,0.0970676691729323,8,1,0.92216235,1
6,46,0.0736842105263157,0.4325252988576529,0.9586460467068384,0.9277033010558712,0.619220946963616,0.1879603708934757,0.925156006930582,0.9995440473766852,0.0967741935483871,1.0,2025-08-20 13:27:40,0.0916470588235294,4,0,0.15660669,0
7,46,0.030420086914534,0.4309667809957699,0.9118728255143236,0.8949669097587561,0.9700149705024748,0.1891111002033074,0.9500138650975178,0.9998871534759664,0.0967741935483871,1.0,2025-08-20 13:27:28,0.08275,4,0,0.49228033,0
8,46,0.095702559150169,0.4243175686296738,0.9512033748425376,0.9180840283349015,0.9575395544072358,0.1788748741204262,0.9925285807843516,0.9998912903995448,0.0645161290322581,1.0,2025-08-20 13:27:30,0.086068376068376,7,1,0.8422468,1
9,46,0.132399806856591,0.3769752693519847,0.950104926646472,0.9153384735465636,0.9520210174069462,0.1779220686684949,0.9270981039233308,0.9997458218464093,0.0967741935483871,1.0,2025-08-20 13:27:31,0.096993006993007,3,0,0.18736796,0
10,46,0.0,0.0,0.7734653284426724,0.6103723373292744,0.9915901018581288,0.4057803266852029,0.9974069317620868,0.999984124555768,0.5483870967741935,1.0,2025-08-20 13:27:25,0.08,5,1,0.6186471,1
11,46,1.0,0.386290557412367,0.9336357850589035,0.8974021424770248,0.9450934922359993,0.0902885096491837,0.9874958453874458,0.999804892341735,0.1290322580645161,1.0,2025-08-20 13:27:33,0.1057186544342507,4,0,0.080686,0
12,46,0.1770159343312409,0.4243082917376383,0.9339041772307088,0.9108085991940164,0.9444770599112297,0.181536158313752,0.9401027787228772,0.9997258611901436,0.0967741935483871,1.0,2025-08-20 13:27:30,0.1032960893854748,3,0,0.335099,0
13,46,0.0116851762433606,0.4111577818951144,0.9106597680982512,0.9346171836415902,0.9732145478035368,0.2089399039831779,0.9846746422116502,0.9999315259591556,0.1290322580645161,1.0,2025-08-20 13:27:27,0.0978571428571428,8,1,0.8987552,1
14,46,0.2915499758570739,0.3942908460267859,0.9362736771312266,0.9056258713660044,0.9779111750376948,0.1668818758748234,0.9296744553770028,0.9998209666765236,0.0967741935483871,1.0,2025-08-20 13:27:30,0.0998355263157894,4,0,0.16945931,0
15,46,0.0033800096571704,0.5044761004068941,0.994262999826906,1.0,0.6851498517632901,0.2148894951516572,0.9609653254561225,0.9998592928867908,0.1290322580645161,1.0,2025-08-20 13:27:29,0.0566666666666666,6,1,0.8809946,1
16,46,0.0525350072428778,0.3623868412440311,0.9474616193217106,0.9242781163566768,0.9636158158962504,0.1833895173191291,0.9513394077538344,0.9998326574634436,0.0967741935483871,0.9821428571428572,2025-08-20 13:27:28,0.0888888888888888,4,0,0.37403926,0
17,46,0.7864799613713183,0.3960707208402803,0.9419891389040552,0.912765930750188,0.978806469610244,0.3338480673131122,0.9852656297015956,0.9999263707159272,0.5161290322580645,0.1071428571428572,2025-08-20 13:27:28,0.1047496790757381,9,1,0.999388,1
18,46,0.0136166103331723,0.3496031551740573,0.9513317469777042,0.9192302408663252,0.83362198021903,0.2120397874456104,0.9654060900228332,0.999887706391714,0.1290322580645161,1.0,2025-08-20 13:27:30,0.0713636363636363,6,1,0.53434306,1
19,46,0.7737324963785611,0.3672139173995845,0.9327451292946184,0.8979025513674223,0.8287051985806544,0.1442065311706324,0.9534113056595164,0.9998045104718662,0.0967741935483871,1.0,2025-08-20 13:27:30,0.1046675358539765,2,0,0.0114630265,0
20,46,0.9696764847899564,0.3740074369751152,0.9391083880860482,0.9065391159740454,0.8306425573153512,0.0986563345134871,0.970774144444816,0.999800858841246,0.0967741935483871,1.0,2025-08-20 13:27:31,0.1047604166666666,3,0,0.00867806,0
1,47,0.1774987928536938,0.3709906432236168,0.9476151570545306,0.9177167254929,0.961517010590305,0.1560364401573256,0.9591313958908178,0.9998847906561534,0.0645161290322581,1.0,2025-08-20 13:27:50,0.1002162162162162,4,0,0.36951345,0
2,47,0.0834379526798648,0.3701856151481338,0.9771715026897406,0.9445357832779998,0.8558428978125204,0.1612691511124905,0.9915894908460856,0.999904448998773,0.0645161290322581,1.0,2025-08-20 13:27:50,0.1047619047619047,4,0,0.6111556,1
3,47,0.0001931434089811,1.0,0.8684022033047815,0.9042552930027612,0.9925734581845737,0.3895766962866318,0.9998210320745924,0.9999736947349772,0.5483870967741935,1.0,2025-08-20 13:27:47,0.0918367346938775,6,1,0.98652816,1
4,47,0.0014485755673587,0.1034464942367306,0.9159360426808536,0.8750857945447994,0.9941879237959096,0.3935466530283933,0.9666657488824338,0.9999476997392228,0.5161290322580645,1.0,2025-08-20 13:27:48,0.0442857142857142,4,0,0.26026794,0
5,47,0.1231289232254949,0.4559574396808745,0.9539068732090266,0.924567806342471,0.9713799277920838,0.1549803184515704,0.9683895443397952,0.999919576614512,0.0645161290322581,1.0,2025-08-20 13:27:50,0.0985496183206107,7,1,0.7699195,1
6,47,0.0736842105263157,0.4325252988576529,0.9580110215100264,0.9249173875823054,0.7409076232030725,0.1679201844333675,0.9297580392982098,0.9997858147595408,0.0645161290322581,1.0,2025-08-20 13:27:50,0.0916470588235294,4,0,0.17987154,0
7,47,0.030420086914534,0.4309667809957699,0.9175032984762388,0.90152344981902,0.9728769777169788,0.1704286714083944,0.9970411291892752,0.9999316293822452,0.0645161290322581,1.0,2025-08-20 13:27:50,0.0807317073170731,5,1,0.8767583,1
8,47,0.095702559150169,0.4243175686296738,0.9521261849453592,0.9180840283349015,0.9716734669914422,0.1592055969700232,0.9995250466594948,0.999923582270323,0.0645161290322581,1.0,2025-08-20 13:27:50,0.086068376068376,7,1,0.8929658,1
9,47,0.132399806856591,0.3769752693519847,0.9516007317620404,0.9129914607748508,0.9699709396190342,0.1600895249194055,0.9976871837331922,0.9999232401785656,0.0645161290322581,1.0,2025-08-20 13:27:50,0.0943537414965986,7,1,0.8820127,1
10,47,0.0,0.0,0.7546335326510654,0.6103723373292744,0.9932339213903916,0.3894060859211217,0.9577321027157892,0.9998790268078216,0.5483870967741935,1.0,2025-08-20 13:27:47,0.08,3,0,0.17187624,0
11,47,1.0,0.386290557412367,0.934831268448194,0.8985530117798207,0.9628966448469556,0.0629160359493062,0.9620381496683194,0.9998711865420784,0.0967741935483871,1.0,2025-08-20 13:27:52,0.1048634984833165,4,0,0.034322195,0
12,47,0.1770159343312409,0.4243082917376383,0.9346258362490808,0.9119822996120136,0.9572460152068524,0.164283135620594,0.9671220187581986,0.9999192981677328,0.0967741935483871,0.9821428571428572,2025-08-20 13:27:50,0.1015934065934065,5,1,0.6900202,1
13,47,0.0116851762433606,0.4111577818951144,0.9086637877890492,0.9266966623108608,0.6427627909707927,0.1860389260809809,0.7299639507464536,0.9984101007126088,0.1290322580645161,1.0,2025-08-20 13:29:01,0.0913333333333333,4,0,0.0010295535,0
14,47,0.2915499758570739,0.3942908460267859,0.936220689396988,0.9002628876794507,0.9809933366612004,0.1445916909981062,0.9707357941750856,0.999796491204622,0.0645161290322581,1.0,2025-08-20 13:27:51,0.0988599348534202,5,1,0.5842199,1
15,47,0.0033800096571704,0.5044761004068941,0.9904611656563832,1.0,0.74622068277191,0.1923744687723653,0.9685055784892354,0.999935782217068,0.1290322580645161,1.0,2025-08-20 13:27:50,0.0566666666666666,6,1,0.8759416,1
16,47,0.0525350072428778,0.3623868412440311,0.9484786241645912,0.9300911899318536,0.9618399037218672,0.1663189804229553,0.965216305354681,0.999910785651908,0.0645161290322581,1.0,2025-08-20 13:27:50,0.0875,3,0,0.5005733,1
17,47,0.7864799613713183,0.3960707208402803,0.9423407420491808,0.91183509389474,0.9850001467686136,0.3285211446015872,0.9905717336878602,0.9999196323038678,0.4838709677419355,0.1071428571428572,2025-08-20 13:27:49,0.105019305019305,9,1,0.999543,1
18,47,0.0136166103331723,0.3496031551740573,0.9484735256533332,0.9261417303889776,0.8730296181112659,0.1900425298785855,0.9973351479238736,0.99991798946787,0.0967741935483871,1.0,2025-08-20 13:27:50,0.0713636363636363,6,1,0.8056843,1
19,47,0.7737324963785611,0.3672139173995845,0.934008752907518,0.8996597064319586,0.8313910822887338,0.1240333398780154,0.997986119169038,0.9998880484834716,0.0645161290322581,1.0,2025-08-20 13:27:53,0.104124513618677,3,0,0.038441736,0
20,47,0.9696764847899564,0.3740074369751152,0.9400651814522863,0.91020755230007,0.8548301875740335,0.0752233372812546,0.9750969081815876,0.9998274147083704,0.0645161290322581,1.0,2025-08-20 13:27:52,0.1043257261410788,3,0,0.011118093,0
1,48,0.1774987928536938,0.3709906432236168,0.951954000352727,0.9241547765926872,0.9583467872122204,0.1362408875855822,0.951685543521656,0.9998144191993988,0.032258064516129,1.0,2025-08-20 13:29:12,0.1002162162162162,5,1,0.28581873,0
2,48,0.0834379526798648,0.3701856151481338,0.9781273458324375,0.9568665258079564,0.738016262063541,0.1377261082152653,0.9626232371167676,0.9998847309889864,0.032258064516129,1.0,2025-08-20 13:29:11,0.1011494252873563,5,1,0.23649004,0
3,48,0.0001931434089811,1.0,0.8713693938126572,0.9042552930027612,0.9810080136209804,0.3990976255470615,0.9993804956428194,0.9999480338753578,0.5161290322580645,1.0,2025-08-20 13:29:10,0.0918367346938775,6,1,0.9846996,1
4,48,0.0014485755673587,0.1034464942367306,0.9267052019436016,0.8750857945447994,0.991281885699332,0.4003124821868526,0.9669705843597768,0.999926394582794,0.5161290322580645,1.0,2025-08-20 13:29:10,0.0442857142857142,5,1,0.25160226,0
5,48,0.1231289232254949,0.4559574396808745,0.958248700004793,0.9270893186858904,0.966624592708554,0.1359111464383204,0.9177308047066598,0.999795508685272,0.032258064516129,1.0,2025-08-20 13:29:12,0.0978030303030303,6,1,0.31706378,0
6,48,0.0736842105263157,0.4325252988576529,0.9615433089360544,0.934668020062406,0.7170135321563922,0.1476274471305789,0.9254008586527058,0.9998198011778616,0.0645161290322581,1.0,2025-08-20 13:29:12,0.0916470588235294,4,0,0.14778137,0
7,48,0.030420086914534,0.4309667809957699,0.9230288790201646,0.8949669097587561,0.9850148237311274,0.1476519896889585,0.997728484023671,0.9999273293684104,0.032258064516129,1.0,2025-08-20 13:29:11,0.0788095238095238,5,1,0.8766747,1
8,48,0.095702559150169,0.4243175686296738,0.9553544314906044,0.9213167331507018,0.963527754132103,0.1423587140332766,0.916921515681327,0.9998067937354568,0.032258064516129,1.0,2025-08-20 13:29:13,0.0868103448275861,5,1,0.23000108,0
9,48,0.132399806856591,0.3769752693519847,0.956836698475076,0.9231618494522732,0.9473977749730548,0.1421564358505024,0.9597007498952744,0.9998017140706396,0.032258064516129,1.0,2025-08-20 13:29:17,0.0956551724137931,4,0,0.36988127,0
10,48,0.0,0.0,0.7660505604546164,0.6103723373292744,0.982417001790698,0.3978590180443222,0.9998023486098518,0.9999487339701172,0.5161290322580645,1.0,2025-08-20 13:29:10,0.08,5,1,0.6231004,1
11,48,1.0,0.386290557412367,0.9392862229326396,0.9042029690022017,0.9510816919600976,0.0432412169308819,0.8814406327991173,0.999644761576763,0.0967741935483871,1.0,2025-08-20 13:29:14,0.1053963414634146,3,0,0.0028486354,0
12,48,0.1770159343312409,0.4243082917376383,0.9391342178184344,0.911395481741705,0.9583027563356142,0.1446490889168972,0.9610528427383273,0.9998622842007626,0.0645161290322581,1.0,2025-08-20 13:29:12,0.103876404494382,6,1,0.59461033,1
13,48,0.0116851762433606,0.4111577818951144,0.920563672195888,0.9346171836415902,0.9630434144484288,0.1904229395334696,0.9255316429058884,0.9998411222455348,0.0967741935483871,0.9821428571428572,2025-08-20 13:29:13,0.0913333333333333,6,1,0.38069123,0
14,48,0.2915499758570739,0.3942908460267859,0.940118976365662,0.9049107982508132,0.7873161710743818,0.1230405538067882,0.9725569403171468,0.999794756878968,0.0645161290322581,1.0,2025-08-20 13:29:17,0.0991830065359477,4,0,0.15466338,0
15,48,0.0033800096571704,0.5044761004068941,0.9965975662404662,1.0,0.6940881204688591,0.1978921900829064,0.9993795123025698,0.9999203443320608,0.0967741935483871,0.9821428571428572,2025-08-20 13:29:13,0.0566666666666666,7,1,0.9573426,1
16,48,0.0525350072428778,0.3623868412440311,0.9488089034760576,0.9242781163566768,0.960856547392005,0.1419197189164538,0.9919749602238868,0.9999072732446774,0.032258064516129,1.0,2025-08-20 13:29:11,0.0888888888888888,5,1,0.81609994,1
17,48,0.7864799613713183,0.3960707208402803,0.9463284726402084,0.9168882729302658,0.9696627234568204,0.3063837569431689,0.9437175374800136,0.9998245387509213,0.4838709677419355,0.1071428571428572,2025-08-20 13:29:13,0.1046153846153846,7,1,0.9964497,1
18,48,0.0136166103331723,0.3496031551740573,0.9499127362721896,0.9261417303889776,0.8046056300697166,0.1951988422246007,0.9662714294423872,0.9998322358154637,0.0645161290322581,1.0,2025-08-20 13:29:16,0.0713636363636363,4,0,0.57166696,1
19,48,0.7737324963785611,0.3672139173995845,0.9386287806342236,0.9068234377372852,0.8342824434282652,0.0968916453964493,0.9522470308041168,0.9998747665720982,0.032258064516129,1.0,2025-08-20 13:29:14,0.104124513618677,3,0,0.010866257,0
20,48,0.9696764847899564,0.3740074369751152,0.9439127183098992,0.9127970405700512,0.8615815892259123,0.0563829652477373,0.9317060363324556,0.9997760492332092,0.0645161290322581,1.0,2025-08-20 13:29:13,0.1055299055613851,2,0,0.004791252,0
1,49,0.1774987928536938,0.3709906432236168,0.9581615553103616,0.9317634235962228,0.959946575869244,0.1135588134702227,0.9422002434750458,0.9998495790720036,0.0,1.0,2025-08-20 13:29:28,0.1002162162162162,4,0,0.22818558,0
2,49,0.0834379526798648,0.3701856151481338,0.983798075576632,0.9679641940849174,0.7390142953613845,0.1182563383136253,0.8588356071437703,0.9997063182040468,0.032258064516129,1.0,2025-08-20 13:29:28,0.1035294117647058,3,0,0.010323609,0
3,49,0.0001931434089811,1.0,0.8942918304265399,0.9042552930027612,0.9919863797824396,0.3837466511283243,0.9681810762069026,0.9999815708010206,0.5161290322580645,1.0,2025-08-20 13:29:25,0.0918367346938775,5,1,0.9446457,1
4,49,0.0014485755673587,0.1034464942367306,0.9476080763565308,0.9100891926943536,0.9844277453289934,0.3869739975552444,0.998882925476576,0.9999130649376872,0.5161290322580645,0.9821428571428572,2025-08-20 13:29:30,0.0442857142857142,5,1,0.7676293,1
5,49,0.1231289232254949,0.4559574396808745,0.9625757523571138,0.937175562091708,0.9710423577034756,0.1131886958559494,0.9986793740449308,0.9999252449953766,0.032258064516129,1.0,2025-08-20 13:29:28,0.0978030303030303,8,1,0.9337796,1
6,49,0.0736842105263157,0.4325252988576529,0.9673072729793096,0.9388468255953748,0.8398743652219871,0.1258562186092762,0.9717299511673232,0.9998700528659056,0.032258064516129,1.0,2025-08-20 13:29:28,0.0916470588235294,6,1,0.58711964,1
7,49,0.030420086914534,0.4309667809957699,0.9310647968978408,0.9113582275707256,0.9861596266213032,0.1246932180202546,0.9686491461656612,0.9999263110487604,0.032258064516129,1.0,2025-08-20 13:29:28,0.08275,4,0,0.691594,1
8,49,0.095702559150169,0.4243175686296738,0.9608940712559556,0.933169962582842,0.971233158188133,0.117583001349049,0.9974924823637926,0.9999290040268972,0.032258064516129,1.0,2025-08-20 13:29:28,0.086068376068376,7,1,0.8883283,1
9,49,0.132399806856591,0.3769752693519847,0.9614607723149244,0.9270736020825084,0.9657439751080868,0.1183042358872371,0.90616869005312,0.999743272069473,0.032258064516129,1.0,2025-08-20 13:29:29,0.0956551724137931,4,0,0.12201821,0
10,49,0.0,0.0,0.798415603398028,0.6103723373292744,0.9739043649280604,0.3826525280418521,0.9212285459741066,0.9998608243440767,0.5161290322580645,1.0,2025-08-20 13:29:29,0.08,3,0,0.035748936,0
11,49,1.0,0.386290557412367,0.9445783652266329,0.9124686735109134,0.9653476971850574,0.0188336426223484,0.99559660236277,0.9999050536260652,0.0645161290322581,1.0,2025-08-20 13:29:29,0.105182555780933,6,1,0.14904828,0
12,49,0.1770159343312409,0.4243082917376383,0.9437376421768142,0.9155034655433846,0.9273050165831994,0.1193441278366448,0.9709934293204528,0.9997537894021088,0.032258064516129,1.0,2025-08-20 13:29:32,0.1044632768361582,5,1,0.56818295,1
13,49,0.0116851762433606,0.4111577818951144,0.9198537019488175,0.9346171836415902,0.9728182698799092,0.1721529840584209,0.999720731369144,0.999930726419118,0.0645161290322581,1.0,2025-08-20 13:29:28,0.0978571428571428,8,1,0.9409837,1
14,49,0.2915499758570739,0.3942908460267859,0.947109658565575,0.9174243837345186,0.8685531452731239,0.1036824129610041,0.9326628263952124,0.999814399310343,0.032258064516129,1.0,2025-08-20 13:29:28,0.097275641025641,3,0,0.07259715,0
15,49,0.0033800096571704,0.5044761004068941,0.994105385328571,0.9787234056314336,0.7461179440507164,0.177931569013674,0.951142739703936,0.999853715995582,0.0967741935483871,1.0,2025-08-20 13:29:28,0.0566666666666666,5,1,0.7956601,1
16,49,0.0525350072428778,0.3623868412440311,0.9547708818443312,0.9300911899318536,0.962749875244628,0.1191228489635124,0.9503816343508282,0.9998245705734102,0.032258064516129,1.0,2025-08-20 13:29:28,0.0903225806451612,2,0,0.35524365,0
17,49,0.7864799613713183,0.3960707208402803,0.9520496255368264,0.922739376804984,0.9847653154066666,0.297215923845233,0.9862912535818168,0.9999467967760954,0.4838709677419355,0.1071428571428572,2025-08-20 13:29:27,0.1043478260869565,9,1,0.99940914,1
18,49,0.0136166103331723,0.3496031551740573,0.9610902770910086,0.9330532845890104,0.8636216866763351,0.1749923997238567,0.985844817108547,0.9998777578860704,0.0645161290322581,1.0,2025-08-20 13:29:29,0.0654166666666666,6,1,0.7499101,1
19,49,0.7737324963785611,0.3672139173995845,0.9437805554980256,0.915068510161722,0.8497959902519505,0.079003287119432,0.9806026302384994,0.9998443402947416,0.032258064516129,1.0,2025-08-20 13:29:29,0.1049411764705882,3,0,0.023113308,0
20,49,0.9696764847899564,0.3740074369751152,0.9496096353974904,0.9214286896957812,0.7919394135034891,0.0305713190912603,0.9213632635882872,0.9996962821865584,0.032258064516129,1.0,2025-08-20 13:29:35,0.1042176165803108,2,0,0.0023509068,0
1,50,0.1774987928536938,0.3709906432236168,0.9554444677254889,0.9282517652397372,0.9613262101268344,0.0991744991734697,0.9022962961506162,0.9998044547825105,0.0,1.0,2025-08-20 13:29:45,0.1002162162162162,4,0,0.09439636,0
2,50,0.0834379526798648,0.3701856151481338,0.9820971652205882,0.958099600060952,0.7471013003778448,0.0943178435483155,0.999004859667513,0.999937870567913,0.0,1.0,2025-08-20 13:29:45,0.1035294117647058,5,1,0.6099376,1
3,50,0.0001931434089811,1.0,0.8816066526764471,0.9042552930027612,0.9652743123814588,0.3686268517756146,0.9602573204764874,0.9998285006508096,0.5161290322580645,1.0,2025-08-20 13:29:48,0.0918367346938775,4,0,0.9096067,1
4,50,0.0014485755673587,0.1034464942367306,0.9303168790138708,0.8750857945447994,0.9990166436728716,0.3726502479590092,0.9598600510156922,0.9999501540486916,0.4838709677419355,1.0,2025-08-20 13:29:42,0.0442857142857142,4,0,0.18249464,0
5,50,0.1231289232254949,0.4559574396808745,0.9613011041076458,0.938856591879781,0.9701470631377608,0.0915037621366908,0.9736228811475974,0.9998341690316744,0.0,1.0,2025-08-20 13:29:45,0.0970676691729323,7,1,0.79937625,1
6,50,0.0736842105263157,0.4325252988576529,0.9661177872375312,0.9304891498520572,0.7539554407509172,0.1068772998752287,0.9301631754810008,0.9998602157389734,0.032258064516129,1.0,2025-08-20 13:29:45,0.0916470588235294,4,0,0.16394977,0
7,50,0.030420086914534,0.4309667809957699,0.927314509800059,0.8982451474501979,0.9859981800609896,0.1061109386974393,0.9991671108086794,0.999950364872682,0.0,0.9821428571428572,2025-08-20 13:29:45,0.0788095238095238,5,1,0.8949219,1
8,50,0.095702559150169,0.4243175686296738,0.9596190143081902,0.928859667935982,0.972099098834288,0.0949531791321752,0.9996115806014504,0.9999375762098892,0.0,1.0,2025-08-20 13:29:45,0.086068376068376,7,1,0.8957973,1
9,50,0.132399806856591,0.3769752693519847,0.9599434185816336,0.9247265893107954,0.9645991722192782,0.1030197638847545,0.9987019908706692,0.9998916444247358,0.0,1.0,2025-08-20 13:29:47,0.0943537414965986,7,1,0.87866586,1
10,50,0.0,0.0,0.7792538654710498,0.6103723373292744,0.9605483312297912,0.3682781099379943,0.9586397257660711,0.999785580068684,0.5161290322580645,1.0,2025-08-20 13:29:49,0.08,2,0,0.10844281,0
11,50,1.0,0.386290557412367,0.94263194980343,0.9094344635748638,0.965846713828768,0.0,0.9290579010405706,0.9998292246124358,0.032258064516129,1.0,2025-08-20 13:29:46,0.1043360160965794,3,0,0.009232953,0
12,50,0.1770159343312409,0.4243082917376383,0.94173045331681,0.914916647673076,0.9240027005588936,0.1036800378747093,0.9996096139209512,0.999937608032378,0.032258064516129,1.0,2025-08-20 13:29:45,0.1032960893854748,6,1,0.8796771,1
13,50,0.0116851762433606,0.4111577818951144,0.9172340684729244,0.9346171836415902,0.9730090703618328,0.1544629454870194,0.9395521081831608,0.9998377331504494,0.0645161290322581,1.0,2025-08-20 13:29:45,0.0913333333333333,5,1,0.50239563,1
14,50,0.2915499758570739,0.3942908460267859,0.944994706182043,0.9142066193935384,0.880940499603532,0.0778169315151785,0.9780646290545576,0.9998677258463928,0.032258064516129,1.0,2025-08-20 13:29:46,0.0995081967213114,4,0,0.26657966,0
15,50,0.0033800096571704,0.5044761004068941,1.0,0.9574468112628672,0.7434614142717653,0.159144240574074,0.9664739975337826,0.9999464149062268,0.0645161290322581,1.0,2025-08-20 13:29:45,0.0566666666666666,6,1,0.8530478,1
16,50,0.0525350072428778,0.3623868412440311,0.9559465740185772,0.9339665291970513,0.9642028942983843,0.0968623526654802,0.9657384590271618,0.9998885496876742,0.0,1.0,2025-08-20 13:29:45,0.0875,3,0,0.509348,1
17,50,0.7864799613713183,0.3960707208402803,0.9503384159836918,0.9190159647058124,0.9852936859751482,0.277121902095776,0.9997934985476064,0.9999693907433312,0.4516129032258065,0.1071428571428572,2025-08-20 13:29:44,0.1051546391752577,9,1,0.9996667,1
18,50,0.0136166103331723,0.3496031551740573,0.963605181628231,0.9261417303889776,0.8654709836468846,0.1592325146146975,0.9887269873798112,0.999901672486602,0.032258064516129,1.0,2025-08-20 13:29:45,0.0654166666666666,5,1,0.7556542,1
19,50,0.7737324963785611,0.3672139173995845,0.9420041381315644,0.910743275040042,0.835955616881455,0.0551847342120095,0.9987403411403992,0.9998896674526024,0.0,1.0,2025-08-20 13:29:47,0.1043953185955786,4,0,0.039088625,0
20,50,0.9696764847899564,0.3740074369751152,0.9477610623466494,0.9184076092679064,0.7933337247181256,0.0072887439910316,0.9182529583791406,0.9995975807589138,0.0,1.0,2025-08-20 13:29:51,0.1041097308488612,2,0,0.0022095758,0
