client_rank,round,data_size,data_variance,local_loss,local_accuracy,cpu_time,ram_used_mb,net_sent_bytes,net_recv_bytes,gpu_mem_used_mb,gpu_load,timestamp,confusion_mean,classification_score,class_label
8,1,0.0,1.0,0.7093442387446542,0.1571887660156643,0.0184711084790772,0.0,0.0305150701070124,0.1010724069511632,0.0,0.0,2025-08-10 13:00:44,0.06995884773662552,3,0
10,1,0.5384672785613014,0.1372283754910264,0.7574814620642841,0.1572066836532768,0.0550536360377921,0.0236831515133849,0.2416006949712759,0.3814208043351856,0.0,0.0,2025-08-10 13:00:48,0.11591346153846152,7,1
7,1,0.2526677113648235,0.1359598869250541,0.9694304146652248,0.0235247249891026,0.0821149736593258,0.0161435547642008,0.1979864873307569,0.3036068600475959,0.0,0.0,2025-08-10 13:00:48,0.09835260115606935,5,0
3,1,0.2123722110290276,0.3645455145047961,1.0,0.0387572379105974,0.2402936758142373,0.0154366796138988,0.1773307271910486,0.2261226104627115,0.0,0.0,2025-08-10 13:00:48,0.10298561151079136,6,0
9,1,0.0333557197224087,0.0,0.75093078774418,0.0,0.088610541021041,0.0109958356713654,0.04551526348515,0.1646435400818841,0.0,0.0,2025-08-10 13:00:48,0.1288888888888889,4,0
6,1,0.0989478397134542,0.0316217173832049,0.7699340784886114,0.0496831374180899,0.1611196919338128,0.0143731280561419,0.368385352052337,0.5462441778912727,0.0,0.0,2025-08-10 13:00:49,0.12551401869158876,6,0
1,1,0.4363107230803671,0.3436254231490662,0.7126676794365404,0.0871276989786297,0.0550747942312681,0.0169123725823129,0.2151733411874607,0.4466943610216939,0.0,0.0,2025-08-10 13:00:48,0.10075601374570445,6,0
5,1,0.4663084844414596,0.1408865922138942,0.8759358578213796,0.1103394811769838,0.0865581956292222,0.0172253247536665,0.231729484810891,0.2724417189682354,0.0,0.0,2025-08-10 13:00:49,0.12893004115226334,6,0
4,1,0.6799492575180957,0.2619651296021036,0.6831347727459243,0.187854022690709,0.2055942280433741,0.0223718292843881,0.0150180436677585,0.1403300543696537,0.0,0.0,2025-08-10 13:00:49,0.11228782287822875,5,0
2,1,1.0,0.2361858220710851,0.5583585461901298,0.3076524645410813,0.2576857160900692,0.0281689342541333,0.128813640001309,0.2616996661091829,0.0,0.0,2025-08-10 13:00:49,0.1549422632794457,7,1
8,2,0.0,1.0,0.7746603930907137,0.0275254986171845,0.0059031377631016,0.0167139941037058,0.011379559633355,0.0335089706931381,0.032258064516129,0.0,2025-08-10 13:01:01,0.0699588477366255,3,0
9,2,0.0333557197224087,0.0,0.7849924993575733,0.0736342069282019,0.0508854706658446,0.0372141831705415,0.2217184473818087,0.2244201869069242,0.032258064516129,1.0,2025-08-10 13:01:04,0.0946938775510204,5,0
6,2,0.0989478397134542,0.0316217173832049,0.7511325563923316,0.0619929486130775,0.1040348687095008,0.0381275338802101,0.0804125796941055,0.1678565648209757,0.032258064516129,0.0,2025-08-10 13:01:04,0.1413684210526316,5,0
7,2,0.2526677113648235,0.1359598869250541,0.8054712185882994,0.1268400159511317,0.0550324778364341,0.0445626888138019,0.0936396443032288,0.2591879919194825,0.032258064516129,0.0,2025-08-10 13:01:03,0.11775086505190309,5,0
3,2,0.2123722110290276,0.3645455145047961,0.8072519999288452,0.0803328249634767,0.170260034277093,0.0421785033841749,0.1215783226082843,0.2749893598527763,0.032258064516129,0.0,2025-08-10 13:01:04,0.10722846441947563,6,0
10,2,0.5384672785613014,0.1372283754910264,0.6235022503252267,0.2311092035095216,0.0289021010096252,0.0566609420305697,0.005134933314293,0.0873810851151833,0.032258064516129,0.0,2025-08-10 13:01:03,0.12238578680203041,4,0
5,2,0.4663084844414596,0.1408865922138942,0.6410656673677624,0.1694391090476868,0.0522607536457359,0.0460780574779375,0.0379288903962466,0.0888437307053668,0.032258064516129,0.0,2025-08-10 13:01:04,0.10155591572123175,3,0
1,2,0.4363107230803671,0.3436254231490662,0.7386217594117149,0.144264450470037,0.0238664494529384,0.0437043982532977,0.2427520386518271,0.3637431738210417,0.032258064516129,1.0,2025-08-10 13:01:04,0.11798792756539232,7,1
4,2,0.6799492575180957,0.2619651296021036,0.5308595632996796,0.2910775493996125,0.1368723948958407,0.0507678866538247,0.1199003953839151,0.1912109386707908,0.032258064516129,0.0,2025-08-10 13:01:04,0.1131226765799256,7,1
2,2,1.0,0.2361858220710851,0.4561073973331403,0.4489311156093524,0.178532890427752,0.0576726722714659,0.212959905274463,0.3854490741573303,0.032258064516129,1.0,2025-08-10 13:01:04,0.13278165503489528,8,1
8,3,0.0,1.0,0.7771869502939711,0.0275254986171845,0.0100501449336912,0.0268729964785795,0.0217267775169652,0.0456597191001132,0.032258064516129,0.0,2025-08-10 13:01:15,0.10493827160493827,4,0
9,3,0.0333557197224087,0.0,0.68356568912754,0.1543943043196771,0.0633053339861079,0.0527010646851491,0.0882012560653796,0.2726455302389987,0.064516129032258,0.0,2025-08-10 13:01:18,0.10545454545454545,5,0
7,3,0.2526677113648235,0.1359598869250541,0.5225773519660851,0.3457777485227043,0.067304233753103,0.0620021813535566,0.1059027932728208,0.1263330156275289,0.064516129032258,0.0,2025-08-10 13:01:18,0.12793233082706765,5,0
3,3,0.2123722110290276,0.3645455145047961,0.6822987219546954,0.1869664837614183,0.1974271628965494,0.0602034148628395,0.0927709302083426,0.1076483176578488,0.064516129032258,0.0,2025-08-10 13:01:18,0.14034313725490194,4,0
10,3,0.5384672785613014,0.1372283754910264,0.468275119164186,0.4180749071721437,0.0392061443399072,0.0725919484248344,0.0062357011742515,0.1112629704893268,0.064516129032258,0.0,2025-08-10 13:01:18,0.13079566003616633,4,0
6,3,0.0989478397134542,0.0316217173832049,0.6556143809318198,0.1588300774596225,0.1260393965690487,0.057179155199176,0.2584037676011293,0.3159794030727546,0.064516129032258,0.0,2025-08-10 13:01:18,0.10251908396946563,6,0
5,3,0.4663084844414596,0.1408865922138942,0.4951570078928942,0.3696039365329028,0.067304233753103,0.0673928128691762,0.2717557842375993,0.1877701248643755,0.064516129032258,0.0,2025-08-10 13:01:18,0.11867424242424239,6,0
1,3,0.4363107230803671,0.3436254231490662,0.4959494803066668,0.3590910952321864,0.0291771576134855,0.0668353288588865,0.168084277167397,0.3250310212743,0.064516129032258,0.0,2025-08-10 13:01:18,0.10642468239564425,6,0
4,3,0.6799492575180957,0.2619651296021036,0.5155154873072887,0.3833147558963705,0.1634682521249384,0.0731575295158836,0.0930833102767092,0.1668914585094202,0.064516129032258,0.0,2025-08-10 13:01:18,0.12930594900849854,6,0
2,3,1.0,0.2361858220710851,0.4351534988662097,0.4505738887121076,0.2068425618308816,0.0735591447215535,0.0045309985154509,0.1443163630478177,0.064516129032258,0.0,2025-08-10 13:01:19,0.14213983050847456,5,0
8,4,0.0,1.0,0.5679657911733362,0.2220204120322536,0.0076381101483442,0.0427181738167938,1.0,0.3077430299542623,0.032258064516129,0.0,2025-08-10 13:01:27,0.10493827160493827,6,0
3,4,0.2123722110290276,0.3645455145047961,0.4571912288464488,0.4237162860494842,0.1649281679122322,0.0801315451740184,0.0014845490868089,0.0958632306484195,0.064516129032258,0.0,2025-08-10 13:01:30,0.13698564593301432,4,0
9,4,0.0333557197224087,0.0,0.6583256709079233,0.1401425233931305,0.0505892558665378,0.0750724891154992,0.3113001258445418,0.2773212005682737,0.064516129032258,0.0,2025-08-10 13:01:30,0.09872340425531916,4,0
7,4,0.2526677113648235,0.1359598869250541,0.5434431049889118,0.3146859995184573,0.0535514038477824,0.083753369397731,0.0062535514638725,0.1008506123329796,0.064516129032258,0.0,2025-08-10 13:01:30,0.1318992248062015,3,0
10,4,0.5384672785613014,0.1372283754910264,0.4220779321980041,0.4720161276475496,0.0294098978067477,0.0945050780841983,0.1922535693141621,0.1862775070284916,0.064516129032258,0.0,2025-08-10 13:01:30,0.12385273972602735,6,0
6,4,0.0989478397134542,0.0316217173832049,0.523976195066519,0.2966998774431945,0.1042887671139736,0.0791817576009321,0.0506948225234954,0.202744258816336,0.064516129032258,0.0,2025-08-10 13:01:30,0.0966187050359712,4,0
1,4,0.4363107230803671,0.3436254231490662,0.4209997286077876,0.4743043298595369,0.0104733089293228,0.0857201503142072,0.2288853386646198,0.2299230912175325,0.064516129032258,0.0,2025-08-10 13:01:30,0.12981981981981977,6,0
5,4,0.4663084844414596,0.1408865922138942,0.4512379129307571,0.4367945848859044,0.0538687768464766,0.0905585609220308,0.005774568692377,0.1193614712775969,0.064516129032258,0.0,2025-08-10 13:01:30,0.13651416122004353,3,0
4,4,0.6799492575180957,0.2619651296021036,0.3861624663764051,0.5051306153492386,0.139030531280656,0.0928395085719745,0.2249701751410916,0.4091870927521115,0.064516129032258,1.0,2025-08-10 13:01:30,0.1315417867435158,8,1
2,4,1.0,0.2361858220710851,0.3659055177367118,0.5454441503581471,0.212512959400721,0.0923905254438617,0.0064945303737553,0.1179647646279545,0.064516129032258,0.0,2025-08-10 13:01:31,0.12400372439478581,5,0
8,5,0.0,1.0,0.3847572348227316,0.5461785928458026,0.0063897763568957,0.0523958047405169,0.1303041391846582,0.1505445957043777,0.064516129032258,0.0,2025-08-10 13:01:59,0.056666666666666664,4,0
3,5,0.2123722110290276,0.3645455145047961,0.4143773743212746,0.4891593160215287,0.1735818716538363,0.0978410753571015,0.0852529832296529,0.257227807050671,0.0967741935483871,0.0,2025-08-10 13:02:02,0.13504716981132073,5,0
9,5,0.0333557197224087,0.0,0.4191209149312194,0.5035629288085041,0.0538899350419231,0.089708772296324,0.2092946458056282,0.2094160807092632,0.0967741935483871,0.0,2025-08-10 13:02:02,0.12210526315789473,5,0
7,5,0.2526677113648235,0.1359598869250541,0.3983278305639934,0.4869861414299245,0.0590313776073703,0.1002284996190324,0.0927620050635321,0.2728133748149214,0.0967741935483871,0.0,2025-08-10 13:02:02,0.10634375,5,0
10,5,0.5384672785613014,0.1372283754910264,0.3974146239892932,0.5101101748310616,0.0319911981871946,0.1107547046063482,0.2024103841084821,0.1897722708771677,0.0967741935483871,0.0,2025-08-10 13:02:02,0.12406518010291592,6,0
6,5,0.0989478397134542,0.0316217173832049,0.4441601531918764,0.4493414311529925,0.1163066246301107,0.0959427147730428,0.0459912712083753,0.2104051648173791,0.0967741935483871,0.0,2025-08-10 13:02:02,0.1041085271317829,5,0
1,5,0.4363107230803671,0.3436254231490662,0.3785733641928026,0.5250508240524364,0.0136893552992761,0.1071033260378635,0.202615662439123,0.299440717895229,0.0967741935483871,0.0,2025-08-10 13:02:02,0.11991820040899792,6,0
5,5,0.4663084844414596,0.1408865922138942,0.3794020758681073,0.5187601730528469,0.0520068552609681,0.108911809025492,0.0816234243400599,0.1398265206418856,0.0967741935483871,0.0,2025-08-10 13:02:03,0.11290090090090088,3,0
4,5,0.6799492575180957,0.2619651296021036,0.4448488892935199,0.4655314209137441,0.1460550536349402,0.1169631412786748,0.1247229486298415,0.2287301958386534,0.0967741935483871,0.0,2025-08-10 13:02:02,0.11382793017456354,7,1
2,5,1.0,0.2361858220710851,0.3739346246371936,0.5399408243330255,0.1621776019268329,0.1129664222157985,0.1235924302871814,0.3156497083700493,0.0967741935483871,0.0,2025-08-10 13:02:03,0.10873581847649914,7,1
8,6,0.0,1.0,0.2299240772913883,0.6758418520327162,0.0050991261666723,0.0686632448403377,0.0189064317568552,0.0329215146774087,0.064516129032258,0.0,2025-08-10 13:02:16,0.056666666666666664,3,0
3,6,0.2123722110290276,0.3645455145047961,0.3431835387826998,0.5761600723971099,0.1362164907010353,0.1182493625573172,0.137973813625126,0.166190107960029,0.1290322580645161,0.0,2025-08-10 13:02:19,0.10803773584905656,6,0
9,6,0.0333557197224087,0.0,0.3187254596343119,0.608075999885268,0.0536148784459448,0.1101761681860838,0.1218103763733566,0.2443217580520438,0.1290322580645161,0.0,2025-08-10 13:02:19,0.11599999999999999,5,0
7,6,0.2526677113648235,0.1359598869250541,0.3482341814662352,0.5598574199470622,0.0537841440449857,0.1252395723769709,0.0948594140939936,0.0569472668309145,0.1290322580645161,0.0,2025-08-10 13:02:19,0.11496621621621618,3,0
10,6,0.5384672785613014,0.1372283754910264,0.3464922632162305,0.5603943906889313,0.0289021010076546,0.1314471993412215,0.1187193012206623,0.1273161052865047,0.0967741935483871,0.0,2025-08-10 13:02:19,0.11591346153846152,5,0
6,6,0.0989478397134542,0.0316217173832049,0.3702555600483015,0.5478198550203632,0.1056005754996435,0.1146036519453641,0.2611765125889168,0.2819189430587276,0.1290322580645161,0.0,2025-08-10 13:02:19,0.11381355932203388,6,0
1,6,0.4363107230803671,0.3436254231490662,0.3671120227628242,0.551363769947157,0.0270190212207882,0.1301253509072374,0.1179755391531227,0.2753190545554816,0.1290322580645161,0.0,2025-08-10 13:02:19,0.11190839694656483,6,0
5,6,0.4663084844414596,0.1408865922138942,0.3842160415697174,0.5238610009454222,0.0361170471623377,0.1234140855197475,0.1711664271752809,0.148446538505344,0.1290322580645161,0.0,2025-08-10 13:02:19,0.11012302284710014,4,0
4,6,0.6799492575180957,0.2619651296021036,0.3209483371496429,0.6055773844990444,0.1376340900895541,0.1471737544463095,0.0057388681131351,0.0545914483188567,0.1290322580645161,1.0,2025-08-10 13:02:19,0.11585025380710656,6,0
2,6,1.0,0.2361858220710851,0.3186678494756331,0.5987521933812033,0.1964115693082157,0.1367390464715756,0.1190673818682708,0.1756973042962217,0.1290322580645161,0.0,2025-08-10 13:02:20,0.11621291448516576,7,1
8,7,0.0,1.0,0.1547175040683,0.8703367408130864,0.006008928756098,0.0795048311232351,0.1432247738219552,0.1789522901792939,0.064516129032258,0.0,2025-08-10 13:02:29,0.056666666666666664,6,0
3,7,0.2123722110290276,0.3645455145047961,0.344152568270232,0.5761600723971099,0.1700061358785317,0.135947151973299,0.0026091173329287,0.1105076698976747,0.1290322580645161,0.0,2025-08-10 13:02:32,0.11497991967871483,4,0
9,7,0.0333557197224087,0.0,0.2767745216278295,0.6555819472558453,0.0546093138368615,0.1256905797752736,0.2431774705544597,0.2627966503018205,0.1290322580645161,0.0,2025-08-10 13:02:32,0.10790697674418602,6,0
7,7,0.2526677113648235,0.1359598869250541,0.3525628528806781,0.5634199915524333,0.0561750206270042,0.13805684636518,0.0083182349633622,0.1209679836471427,0.1290322580645161,0.0,2025-08-10 13:02:32,0.1123102310231023,4,0
10,7,0.5384672785613014,0.1372283754910264,0.3205073817700791,0.5971170406119516,0.0319065653896447,0.1473458174124483,0.1958801531554849,0.2054897165225001,0.1290322580645161,0.0,2025-08-10 13:02:32,0.11609951845906898,6,0
6,7,0.0989478397134542,0.0316217173832049,0.3747346262994273,0.5478198550203632,0.1105939106693784,0.1327961729957499,0.0902986650958411,0.2623051054723326,0.1290322580645161,0.0,2025-08-10 13:02:32,0.10330769230769227,5,0
1,7,0.4363107230803671,0.3436254231490662,0.3209200074016458,0.5974114745323158,0.0209466178665277,0.1491211023689629,0.147434467124229,0.2161118803987507,0.1290322580645161,0.0,2025-08-10 13:02:32,0.11894523326572004,6,0
5,7,0.4663084844414596,0.1408865922138942,0.3386897182467111,0.5739901824320158,0.0414700717295418,0.141441021268602,0.0459436704360528,0.1696728829104249,0.1290322580645161,0.0,2025-08-10 13:02:32,0.11290090090090088,4,0
4,7,0.6799492575180957,0.2619651296021036,0.2935597832366206,0.6407096182658802,0.1444893468447975,0.1671958108942983,0.2194514605999482,0.3921508682959579,0.1290322580645161,0.0,2025-08-10 13:02:32,0.1218825100133511,7,1
2,7,1.0,0.2361858220710851,0.297983292760466,0.6358789180574945,0.189937160145888,0.1490474189340517,0.0030821500078838,0.1337361603155478,0.1290322580645161,0.0,2025-08-10 13:02:33,0.11863837312113171,5,0
8,8,0.0,1.0,0.1259607469131642,0.9351683704065432,0.0041046907718146,0.094556089692983,0.1295276515861469,0.0915712050641106,0.064516129032258,0.0,2025-08-10 13:02:45,0.0699588477366255,4,0
3,8,0.2123722110290276,0.3645455145047961,0.3036727997812178,0.6215852745660768,0.1641453145161755,0.1591197825447991,0.0928304311737458,0.0583379790314169,0.1612903225806451,0.0,2025-08-10 13:02:48,0.11227450980392155,4,0
9,8,0.0333557197224087,0.0,0.2847779226093232,0.6365795945846264,0.0499545098612673,0.1466640432125006,0.0013447218181114,0.0556105046726731,0.1612903225806451,1.0,2025-08-10 13:02:48,0.11897435897435896,4,0
7,8,0.2526677113648235,0.1359598869250541,0.3748299587534258,0.5320043783742917,0.0542496244393923,0.1635622459034844,0.2016904224271039,0.1448378801230061,0.1612903225806451,0.0,2025-08-10 13:02:48,0.11048701298701294,5,0
10,8,0.5384672785613014,0.1372283754910264,0.3034791688056453,0.6189068587246911,0.0305312823999008,0.1734070815448906,0.085743866194229,0.2199123611535718,0.1612903225806451,0.0,2025-08-10 13:02:48,0.11408517350157725,5,0
6,8,0.0989478397134542,0.0316217173832049,0.260205402686979,0.6881516468045712,0.1064469034987888,0.1551878401279987,0.1946693085095305,0.27895768518352,0.1612903225806451,0.0,2025-08-10 13:02:48,0.10251908396946562,6,0
1,8,0.4363107230803671,0.3436254231490662,0.2768902553030366,0.6596228918661455,0.0232317034476678,0.1708204690962767,0.1553361953297692,0.3013649360691999,0.1612903225806451,0.0,2025-08-10 13:02:48,0.10940298507462681,6,0
5,8,0.4663084844414596,0.1408865922138942,0.3454599956469275,0.5780356598269,0.0399043649433401,0.1636545526241424,0.2095683502464827,0.1617841878420582,0.1612903225806451,0.0,2025-08-10 13:02:48,0.10531092436974786,4,0
4,8,0.6799492575180957,0.2619651296021036,0.2930115170532341,0.6368462405647153,0.1374436662911258,0.1947335777032307,0.1179874393462034,0.1568687395471793,0.1612903225806451,0.0,2025-08-10 13:02:48,0.10946043165467621,6,0
2,8,1.0,0.2361858220710851,0.2932368431227067,0.636700271762607,0.1638702579172415,0.1739726626359399,0.0044000963915639,0.0819081530502754,0.1612903225806451,0.0,2025-08-10 13:02:49,0.11304128053917438,5,0
8,9,0.0,1.0,0.1277518904769708,0.9351683704065432,0.0045913293695497,0.1103599719193239,0.2344338036884648,0.163078988856319,0.0967741935483871,0.0,2025-08-10 13:02:58,0.0699588477366255,4,0
9,9,0.0333557197224087,0.0,0.2481347245027638,0.6864607867697083,0.0502718828639025,0.1661666719297692,0.3203085720065808,0.2380695475989234,0.1612903225806451,0.0,2025-08-10 13:03:01,0.1008695652173913,4,0
3,9,0.2123722110290276,0.3645455145047961,0.2786143771475882,0.6454526846389769,0.173983877452051,0.1763463218605796,0.144932451529026,0.4729860149501561,0.1935483870967742,0.0,2025-08-10 13:03:01,0.10603703703703701,6,0
7,9,0.2526677113648235,0.1359598869250541,0.2730573354652902,0.6647920399901307,0.0590948522094738,0.1821883656285399,0.0965313912218225,0.2353300843418994,0.1935483870967742,0.0,2025-08-10 13:03:01,0.10438650306748462,5,0
10,9,0.5384672785613014,0.1372283754910264,0.2686173224372424,0.6600484480767924,0.0315891923889799,0.1840992766877758,0.1995573128174004,0.1458509420276823,0.1612903225806451,1.0,2025-08-10 13:03:01,0.10906727828746174,6,0
6,9,0.0989478397134542,0.0316217173832049,0.2506955055626622,0.6988201137093355,0.1087108308844824,0.1747115212552419,0.0507840739716001,0.1675268701182704,0.1935483870967742,1.0,2025-08-10 13:03:01,0.10658730158730156,6,0
1,9,0.4363107230803671,0.3436254231490662,0.2765979265275626,0.6603746771817743,0.0158051752853164,0.1893073190322693,0.2131741087499144,0.2050820939809736,0.1612903225806451,0.0,2025-08-10 13:03:01,0.10700729927007295,6,0
5,9,0.4663084844414596,0.1408865922138942,0.3374773191119551,0.5836641958145861,0.0431627277199504,0.1778855769129555,0.0014220730731356,0.0718374784949137,0.1612903225806451,0.0,2025-08-10 13:03:02,0.10073954983922827,2,0
4,9,0.6799492575180957,0.2619651296021036,0.2574684258051413,0.6888805711196898,0.1463301102348595,0.2097172256486369,0.1245027950578498,0.1847549169469071,0.1612903225806451,1.0,2025-08-10 13:03:01,0.10303611738148981,8,1
2,9,1.0,0.2361858220710851,0.2680779164300751,0.6718556949926041,0.2134227619783237,0.1875660418149444,0.0911316786114854,0.2433326739439279,0.1612903225806451,1.0,2025-08-10 13:03:02,0.11332770270270265,7,1
8,10,0.0,1.0,0.0877031619557214,0.9351683704065432,0.0055011319589754,0.1164773164331063,0.0186476025573514,0.0491784607453498,0.0967741935483871,0.0,2025-08-10 13:04:07,0.056666666666666664,3,0
3,10,0.2123722110290276,0.3645455145047961,0.2732176171938916,0.6562315806870104,0.164822376912339,0.1959971271557465,0.0380389671822425,0.0901085594739271,0.1935483870967742,0.0,2025-08-10 13:04:09,0.10298561151079133,4,0
9,10,0.0333557197224087,0.0,0.2196968291186254,0.7410926656613903,0.0502507246684561,0.1806304872904171,0.0061970255467394,0.1054063936794528,0.1935483870967742,0.0,2025-08-10 13:04:09,0.1008695652173913,2,0
6,10,0.0989478397134542,0.0316217173832049,0.2352849212088658,0.7242604000328561,0.1030827497173591,0.1902000221860013,0.0373666062731867,0.1409414881819435,0.1935483870967742,1.0,2025-08-10 13:04:09,0.10410852713178292,5,0
7,10,0.2526677113648235,0.1359598869250541,0.2487632076034657,0.6916734890412173,0.0553075344324124,0.2009760221147469,0.1279746763891244,0.2093201695230216,0.1935483870967742,0.0,2025-08-10 13:04:09,0.10701257861635216,6,0
10,10,0.5384672785613014,0.1372283754910264,0.2669900350937308,0.6704100651729844,0.0300658020015532,0.2092403075919039,0.0025287910296344,0.0930398451034342,0.1935483870967742,0.0,2025-08-10 13:04:09,0.10699704142011832,4,0
5,10,0.4663084844414596,0.1408865922138942,0.3092091550435017,0.6276371332183829,0.0392907771492801,0.203405956050665,0.0546456866262655,0.2000167844575922,0.1935483870967742,0.0,2025-08-10 13:04:09,0.10495812395309882,4,0
1,10,0.4363107230803671,0.3436254231490662,0.2645202704792434,0.6641336694524488,0.0157417006832129,0.2088467894669934,0.1020560558595063,0.2816491928474233,0.1935483870967742,0.0,2025-08-10 13:04:09,0.11043314500941616,6,0
4,10,0.6799492575180957,0.2619651296021036,0.2639953715846411,0.6818782729404248,0.1592154539495293,0.2330963317795036,0.1162470361081608,0.1109512591340418,0.1935483870967742,1.0,2025-08-10 13:04:09,0.11703846153846148,7,1
2,10,1.0,0.2361858220710851,0.2886302930055938,0.6384252262206446,0.1587499735551228,0.2063366944315566,0.1308336977767464,0.240665144076585,0.1935483870967742,0.0,2025-08-10 13:04:10,0.11116861435726207,7,1
8,11,0.0,1.0,0.0788918402918323,0.9351683704065432,0.0038507923752238,0.1339961603643039,0.0172166043394054,0.0411399044484807,0.0967741935483871,0.0,2025-08-10 13:04:20,0.056666666666666664,3,0
9,11,0.0333557197224087,0.0,0.2060632804943981,0.7458432209829299,0.0493409220750893,0.2059136219618741,0.004420921729455,0.0534405140839582,0.2258064516129032,0.0,2025-08-10 13:04:23,0.1031111111111111,3,0
3,11,0.2123722110290276,0.3645455145047961,0.2663679214330148,0.6712449515393184,0.1640395235172676,0.2204049673971043,0.1349362893412945,0.1648173791069469,0.2258064516129032,0.0,2025-08-10 13:04:23,0.10487179487179484,5,0
6,11,0.0989478397134542,0.0316217173832049,0.2295237912614662,0.7201571132113944,0.10194020693073,0.2160187787496974,0.1553956962951724,0.2613879547538978,0.2258064516129032,0.0,2025-08-10 13:04:23,0.1017424242424242,6,0
10,11,0.5384672785613014,0.1372283754910264,0.2394551741935688,0.7085041123564965,0.0291559994062159,0.2276866721240991,0.004438772019076,0.0588295238609048,0.1935483870967742,0.0,2025-08-10 13:04:23,0.10975720789074352,4,0
7,11,0.2526677113648235,0.1359598869250541,0.2574209687239326,0.6916734890412173,0.0549690032382717,0.223703313244476,0.1077473232003189,0.0958272639535789,0.2258064516129032,0.0,2025-08-10 13:04:23,0.10280966767371598,5,0
1,11,0.4363107230803671,0.3436254231490662,0.2655367570479842,0.6678926617231231,0.0307640226030157,0.2327412747882006,0.2793986832436356,0.436989347863878,0.2258064516129032,0.0,2025-08-10 13:04:23,0.10490161001788906,6,0
5,11,0.4663084844414596,0.1408865922138942,0.238881829528566,0.6969384825667668,0.0416816537234166,0.2239008820150071,0.1829505933733775,0.3034210321242529,0.2258064516129032,0.0,2025-08-10 13:04:23,0.11031690140845067,5,0
4,11,0.6799492575180957,0.2619651296021036,0.2480602876145699,0.693709760399881,0.1706408818749349,0.2608984682752327,0.1477676725304868,0.1532780645122616,0.2258064516129032,0.0,2025-08-10 13:04:23,0.1121498771498771,6,0
2,11,1.0,0.2361858220710851,0.2574527969106087,0.6860657118930751,0.2018069102741948,0.2270178532533666,0.095826304781795,0.0827353870316087,0.2258064516129032,0.0,2025-08-10 13:04:24,0.10708699122106939,5,0
8,12,0.0,1.0,0.0818604081102333,0.9351683704065432,0.0042739563708554,0.1505279701509215,0.0333354158671224,0.064200550290431,0.1290322580645161,0.0,2025-08-10 13:04:33,0.056666666666666664,3,0
3,12,0.2123722110290276,0.3645455145047961,0.2410711106246279,0.7066611741142165,0.1760573810373457,0.2299611421094353,0.0074822463994478,0.0955035637000137,0.2258064516129032,0.0,2025-08-10 13:04:36,0.10152482269503542,4,0
7,12,0.2526677113648235,0.1359598869250541,0.2279448356088329,0.7214697156573555,0.061908892791065,0.2338627204733877,0.1650170024008639,0.2438182243242757,0.2258064516129032,0.0,2025-08-10 13:04:36,0.10568322981366458,6,0
9,12,0.0333557197224087,0.0,0.1748448868907271,0.7790973710038279,0.0571694560218619,0.224872126852106,0.2539352450993517,0.304859699917876,0.2258064516129032,0.0,2025-08-10 13:04:36,0.10545454545454543,6,0
10,12,0.5384672785613014,0.1372283754910264,0.2512725007723733,0.6847334673805835,0.0333030065807465,0.2392007209640708,0.1579215122765367,0.2124372830758717,0.2258064516129032,0.0,2025-08-10 13:04:36,0.10699704142011832,6,0
6,12,0.0989478397134542,0.0316217173832049,0.2056916854642932,0.7513419485309373,0.1166451558321334,0.2266178574638485,0.0457443422019522,0.1624915328405896,0.2258064516129032,0.0,2025-08-10 13:04:36,0.10251908396946563,4,0
1,12,0.4363107230803671,0.3436254231490662,0.2185260309829418,0.7338630713276272,0.0313564522016292,0.2418104100928492,0.3207280538126731,0.3382487816282122,0.2258064516129032,0.0,2025-08-10 13:04:36,0.10233856893542753,6,0
5,12,0.4663084844414596,0.1408865922138942,0.2248331265100314,0.7252570871010771,0.0414065971274384,0.2357319315667123,0.0066432827872632,0.113822600272148,0.2258064516129032,0.0,2025-08-10 13:04:36,0.11229390681003583,3,0
4,12,0.6799492575180957,0.2619651296021036,0.2486950260757356,0.6933475974808787,0.1821509425978905,0.2721368115153444,0.3263389948501914,0.2678559653760617,0.2258064516129032,0.0,2025-08-10 13:04:36,0.10959183673469385,7,1
2,12,1.0,0.2361858220710851,0.2609631188730076,0.6864763558993662,0.2114550493998188,0.239166713224881,0.1304558666464363,0.228832101474035,0.2258064516129032,0.0,2025-08-10 13:04:37,0.10768860353130012,7,1
8,13,0.0,1.0,0.0813910849561651,0.8703367408130864,0.004168165369977,0.1596384005674434,0.0087942426865875,0.0236840685525203,0.1290322580645161,0.0,2025-08-10 13:04:47,0.056666666666666664,3,0
3,13,0.2123722110290276,0.3645455145047961,0.2911036511250285,0.6543067895520991,0.1634259357212372,0.2503904817196256,0.21835664283653,0.1705360835865988,0.2580645161290322,0.0,2025-08-10 13:04:50,0.10261648745519711,6,0
7,13,0.2526677113648235,0.1359598869250541,0.2167799678436326,0.7347484752496865,0.0541226752470084,0.2547135131371086,0.1033353266156743,0.0974817319162455,0.2580645161290322,0.0,2025-08-10 13:04:50,0.10470769230769227,4,0
10,13,0.5384672785613014,0.1372283754910264,0.2058421183274834,0.7458363232672587,0.0271036540203086,0.2633324507515306,0.1625447372883625,0.3733282979960556,0.2258064516129032,0.0,2025-08-10 13:04:50,0.1066814159292035,6,0
9,13,0.0333557197224087,0.0,0.1708849585183358,0.7838479920178978,0.0523030700602749,0.2366606667298239,0.0073959699996132,0.0833947764370193,0.2580645161290322,0.0,2025-08-10 13:04:50,0.1031111111111111,3,0
6,13,0.0989478397134542,0.0316217173832049,0.1986458109518495,0.7595485221738607,0.1009246133325438,0.2473617686615445,0.2620601019251537,0.2786819405230756,0.2580645161290322,0.0,2025-08-10 13:04:50,0.1002238805970149,5,0
5,13,0.4663084844414596,0.1408865922138942,0.2393600889118683,0.707491987543678,0.0374288555480076,0.2546491413450708,0.0990780325410779,0.090660048794816,0.2580645161290322,0.0,2025-08-10 13:04:50,0.11668528864059588,4,0
1,13,0.4363107230803671,0.3436254231490662,0.2516161273063012,0.6864996767475878,0.0209254596710813,0.2663380871294472,0.0462798508905807,0.171609089982676,0.2580645161290322,0.0,2025-08-10 13:04:50,0.10661818181818178,5,0
4,13,0.6799492575180957,0.2619651296021036,0.2206654213013227,0.7236506419675235,0.103209698917625,0.2964924255858036,0.1486244864322923,0.1556998219648605,0.2580645161290322,0.0,2025-08-10 13:04:50,0.10702227432590852,6,0
2,13,1.0,0.2361858220710851,0.2366157158743455,0.7033147966257394,0.1957345069041702,0.2614158717357631,0.0026239925742795,0.0792106509372321,0.2580645161290322,0.0,2025-08-10 13:04:51,0.10971381847914959,5,0
8,14,0.0,1.0,0.0644654389887585,0.9351683704065432,0.0,0.1761139356427827,0.0186267772194603,0.0333471205663555,0.1290322580645161,0.0,2025-08-10 13:05:04,0.056666666666666664,3,0
3,14,0.2123722110290276,0.3645455145047961,0.1959741445964348,0.7597855408228287,0.1647589023122061,0.273342871694468,0.1066941561126829,0.2652843466949605,0.2903225806451613,0.0,2025-08-10 13:05:06,0.10010489510489505,5,0
9,14,0.0333557197224087,0.0,0.1651911735155039,0.82897862888144,0.0516894822583329,0.261080247738283,0.0633120022372362,0.0879985133766132,0.2903225806451613,0.0,2025-08-10 13:05:07,0.09872340425531913,2,0
7,14,0.2526677113648235,0.1359598869250541,0.1917727479021885,0.7768519346290019,0.0555402746335567,0.2775934342391538,0.2233636490752062,0.3786933299764418,0.2903225806451613,0.0,2025-08-10 13:05:06,0.10470769230769227,6,0
10,14,0.5384672785613014,0.1372283754910264,0.2703334016754834,0.6771146448053751,0.0293464232046443,0.2807063569371334,0.0045607489981524,0.0861702063888839,0.2580645161290322,0.0,2025-08-10 13:05:06,0.10528384279475979,4,0
6,14,0.0989478397134542,0.0316217173832049,0.2130198117277555,0.7464180306221952,0.1052408861021743,0.2698287386448564,0.1510878263999833,0.2285024067713297,0.2903225806451613,0.0,2025-08-10 13:05:07,0.10330769230769227,6,0
5,14,0.4663084844414596,0.1408865922138942,0.220404540447451,0.7365141590764491,0.0374076973446791,0.281728208528979,0.0072918433101577,0.085432889144652,0.2580645161290322,0.0,2025-08-10 13:05:07,0.11434306569343061,3,0
1,14,0.4363107230803671,0.3436254231490662,0.2202492401913162,0.7357425346166994,0.0254533144267045,0.2879977781610396,0.2327053006435029,0.3553629339231871,0.2580645161290322,1.0,2025-08-10 13:05:07,0.10251748251748248,7,1
4,14,0.6799492575180957,0.2619651296021036,0.2107613794280254,0.7374137525850318,0.1429447982579832,0.3227459953862834,0.1633152747903334,0.0929379394680525,0.2903225806451613,0.0,2025-08-10 13:05:07,0.10998795180722888,6,0
2,14,1.0,0.2361858220710851,0.2035988395909438,0.7489018651891234,0.1707043564652153,0.2792245911581497,0.1626458889295478,0.2480143387223431,0.2580645161290322,0.0,2025-08-10 13:05:07,0.10607114624505924,7,1
8,15,0.0,1.0,0.0741976961149724,0.9351683704065432,0.0054799737635289,0.1924591077178944,0.0201083512579991,0.0121027928138543,0.1612903225806451,0.0,2025-08-10 13:05:16,0.056666666666666664,3,0
9,15,0.0333557197224087,0.0,0.1563278886292818,0.8266033183744051,0.0552017434275929,0.2828184804532422,0.1362661359180552,0.4767385401118564,0.2903225806451613,0.0,2025-08-10 13:05:19,0.1008695652173913,5,0
3,15,0.2123722110290276,0.3645455145047961,0.2466763509050284,0.6978071348936246,0.182701055793788,0.2875625600702179,0.2440699850355072,0.4244129935679561,0.2903225806451613,0.0,2025-08-10 13:05:20,0.10525735294117643,6,0
10,15,0.5384672785613014,0.1372283754910264,0.2029505256666438,0.7452268279720469,0.0358843069611934,0.2975029412645859,0.1300899357092068,0.3771467620982969,0.2903225806451613,0.0,2025-08-10 13:05:20,0.10893072289156622,6,0
7,15,0.2526677113648235,0.1359598869250541,0.1977415786328907,0.7515898721399187,0.0627340625829408,0.2923228338487125,0.1357098018915357,0.3339687449421835,0.2903225806451613,0.0,2025-08-10 13:05:20,0.09892441860465112,5,0
6,15,0.0989478397134542,0.0316217173832049,0.1848148096880582,0.7710376201659054,0.120136258805947,0.2828298163663055,0.2691734423391019,0.5206239022665012,0.2903225806451613,0.0,2025-08-10 13:05:20,0.10574803149606295,6,0
4,15,0.6799492575180957,0.2619651296021036,0.2012210610978055,0.7499696315750227,0.1509849141986306,0.3381640517144354,0.0151548958881857,0.3027196815748617,0.2903225806451613,0.0,2025-08-10 13:05:20,0.1024579124579124,6,0
5,15,0.4663084844414596,0.1408865922138942,0.2120838843148965,0.7497060074513231,0.0444956943089488,0.2855888966350962,0.1067328317401949,0.3341905395603671,0.2903225806451613,0.0,2025-08-10 13:05:20,0.10803448275862065,5,0
2,15,1.0,0.2361858220710851,0.2346011665796888,0.7055325764453504,0.2086621670176151,0.2938956917862403,0.0550532682392771,0.3503275966455063,0.2903225806451613,0.0,2025-08-10 13:05:21,0.10474629195940668,6,0
1,15,0.4363107230803671,0.3436254231490662,0.1952219802804835,0.7631832241773934,0.836150900286087,0.2980450408214327,0.4594307542639879,1.0,0.2903225806451613,0.0,2025-08-10 13:05:27,0.10305799648506148,7,1
8,16,0.0,1.0,0.0519941467959949,1.0,0.0075746355501817,0.1960614989477844,0.0321096959798172,0.0834307431318599,0.1612903225806451,0.0,2025-08-10 13:05:35,0.0699588477366255,3,0
3,16,0.2123722110290276,0.3645455145047961,0.1744584234962371,0.7959716798516913,0.1620929691312534,0.3056336249092115,0.0361825370616638,0.1076902788018295,0.3225806451612903,0.0,2025-08-10 13:05:37,0.10298561151079133,4,0
9,16,0.0333557197224087,0.0,0.1687928541618802,0.8028503446891165,0.0349745043717677,0.2963033587500699,0.0068693864557952,0.0548671929793011,0.3225806451612903,0.0,2025-08-10 13:05:37,0.10086956521739131,2,0
7,16,0.2526677113648235,0.1359598869250541,0.1882083142197896,0.7833293494919549,0.0530647652500473,0.3090655725891145,0.1169164219689464,0.1657465187236619,0.3225806451612903,0.0,2025-08-10 13:05:37,0.10374999999999997,4,0
10,16,0.5384672785613014,0.1372283754910264,0.1951047445582349,0.7592454168395099,0.0286905190098388,0.3182784310772438,0.0027310943120052,0.0796962013175799,0.2903225806451613,0.0,2025-08-10 13:05:37,0.10318116975748928,4,0
6,16,0.0989478397134542,0.0316217173832049,0.1815443969607116,0.7931953164477746,0.1043733999115235,0.3014421710540699,0.0819863802290192,0.1963781538295538,0.3225806451612903,0.0,2025-08-10 13:05:37,0.09948148148148148,4,0
1,16,0.4363107230803671,0.3436254231490662,0.1973332690099116,0.7663783774613462,0.0232740198543248,0.3201079664748468,0.1421002055758354,0.1694510882922414,0.3225806451612903,0.0,2025-08-10 13:05:38,0.10323943661971827,6,0
5,16,0.4663084844414596,0.1408865922138942,0.2274834409815531,0.7249053036018467,0.0380847597408425,0.3121372001752209,0.0046351252049064,0.082507597964285,0.3225806451612903,0.0,2025-08-10 13:05:38,0.10548821548821545,3,0
4,16,0.6799492575180957,0.2619651296021036,0.2205383937534241,0.7286005084256952,0.1378668302867574,0.3603852752966973,0.0987478021830904,0.0698952769735225,0.3225806451612903,0.0,2025-08-10 13:05:38,0.11146520146520142,6,0
2,16,1.0,0.2361858220710851,0.1991989445281805,0.7526802367562073,0.1911854939452186,0.3200055384032395,0.2614383168366906,0.3252887825873241,0.3225806451612903,1.0,2025-08-10 13:05:38,0.10515673981191219,8,1
8,17,0.0,1.0,0.042044629973186,1.0,0.0050144933691223,0.2119386597549986,0.0121054714112736,0.0299422734547808,0.1612903225806451,0.0,2025-08-10 13:05:46,0.0699588477366255,3,0
9,17,0.0333557197224087,0.0,0.1360526207196588,0.8266033183744051,0.0351860863735245,0.3141699722998867,0.0025258159813642,0.0840481713932898,0.3225806451612903,0.0,2025-08-10 13:05:49,0.10545454545454545,3,0
3,17,0.2123722110290276,0.3645455145047961,0.2264387767708446,0.7251392347018951,0.1811141908052431,0.3243799862835452,0.1505969434354072,0.1736292193428885,0.3225806451612903,0.0,2025-08-10 13:05:49,0.10010489510489506,5,0
7,17,0.2526677113648235,0.1359598869250541,0.2151287428137261,0.7334530185541079,0.0527050758525781,0.3306252646733273,0.1092021218044262,0.1000893172921874,0.3225806451612903,0.0,2025-08-10 13:05:49,0.09950292397660815,3,0
10,17,0.5384672785613014,0.1372283754910264,0.1761737992440916,0.7846922724160507,0.0304043331996349,0.3404753634172272,0.0910156517289493,0.2534992596855312,0.3225806451612903,0.0,2025-08-10 13:05:49,0.10763392857142855,5,0
6,17,0.0989478397134542,0.0316217173832049,0.1596620623028756,0.8104290291283717,0.1062776378997479,0.3239285740312046,0.2582698904289722,0.2770034947638486,0.3548387096774194,0.0,2025-08-10 13:05:50,0.09661870503597118,5,0
1,17,0.4363107230803671,0.3436254231490662,0.1684949164765679,0.8032165148524611,0.0266170154284851,0.3368049567089577,0.0648858027721499,0.2116220379928186,0.3225806451612903,0.0,2025-08-10 13:05:50,0.10661818181818178,5,0
4,17,0.6799492575180957,0.2619651296021036,0.1826346359405135,0.7685619314727221,0.1368089202937373,0.3777259834511863,0.1149588402071823,0.1571085175127831,0.3225806451612903,0.0,2025-08-10 13:05:50,0.10652275379229868,6,0
5,17,0.4663084844414596,0.1408865922138942,0.1974975054952804,0.7616666464251558,0.0378943359502962,0.3241872757614697,0.2165418633917335,0.1881237973636412,0.3225806451612903,0.0,2025-08-10 13:05:50,0.10766323024054979,5,0
2,17,1.0,0.2361858220710851,0.1982859090727635,0.7537480031421065,0.2032245096607431,0.3435895006773208,0.0019605568100342,0.083436737581,0.3225806451612903,0.0,2025-08-10 13:05:50,0.10768860353130012,5,0
8,18,0.0,1.0,0.0419547495696829,1.0,0.0047182785737566,0.2281931445256042,0.1346268843211981,0.146018786603605,0.1612903225806451,0.0,2025-08-10 13:05:58,0.0699588477366255,4,0
9,18,0.0333557197224087,0.0,0.1457091385498012,0.8384798052170495,0.0209254596631992,0.3385952212648774,0.3208113551642375,0.2448552640255124,0.3548387096774194,0.0,2025-08-10 13:06:01,0.09872340425531916,4,0
7,18,0.2526677113648235,0.1359598869250541,0.2218913008329445,0.728594924560628,0.054588155637474,0.3527355582491845,0.0913220817007755,0.2310320643084503,0.3548387096774194,0.0,2025-08-10 13:06:01,0.10158208955223877,5,0
3,18,0.2123722110290276,0.3645455145047961,0.1749586622008043,0.786732682404117,0.1659649197048795,0.3519473074372496,0.1522808207563167,0.2542605547263234,0.3548387096774194,0.0,2025-08-10 13:06:01,0.10188612099644125,6,0
10,18,0.5384672785613014,0.1372283754910264,0.1915006682418937,0.749950515048734,0.0292194740063489,0.3650402870253187,0.2131681586533741,0.1802410967444146,0.3225806451612903,0.0,2025-08-10 13:06:01,0.10187323943661969,6,0
6,18,0.0989478397134542,0.0316217173832049,0.1599154329215401,0.8079670701740007,0.1039290777204454,0.3445162115702426,0.0472110409991402,0.1617362322489375,0.3548387096774194,0.0,2025-08-10 13:06:01,0.10330769230769227,4,0
1,18,0.4363107230803671,0.3436254231490662,0.1993093164658473,0.7530339253388135,0.0269978630253417,0.3659119377690761,0.2521026153649343,0.2390766150544595,0.3548387096774194,0.0,2025-08-10 13:06:01,0.10360424028268547,6,0
5,18,0.4663084844414596,0.1408865922138942,0.1772602926129166,0.785236140873591,0.0391003533350877,0.3519744326577939,0.0010620922324464,0.0766450267052709,0.3548387096774194,1.0,2025-08-10 13:06:01,0.10711111111111109,4,0
4,18,0.6799492575180957,0.2619651296021036,0.204306874145082,0.7410356445451752,0.1376340900934951,0.4056277140402571,0.1259784189998482,0.1908392828241048,0.3548387096774194,0.0,2025-08-10 13:06:01,0.10257303370786514,7,1
2,18,1.0,0.2361858220710851,0.1867835940810845,0.7732149333869122,0.1845629773832375,0.3591152481795738,0.0922354215197141,0.2456765035577055,0.3548387096774194,0.0,2025-08-10 13:06:02,0.10523921568627445,6,0
8,19,0.0,1.0,0.0410127759421507,1.0,0.0039142669733862,0.2449828463344111,0.1261212213168158,0.1140623782377518,0.1935483870967742,0.0,2025-08-10 13:06:10,0.0699588477366255,4,0
3,19,0.2123722110290276,0.3645455145047961,0.2116886938369631,0.7463120028784496,0.1811565072040181,0.3617261518704661,0.0064915553254851,0.0914932772252893,0.3870967741935484,0.0,2025-08-10 13:06:13,0.09672297297297293,3,0
7,19,0.2526677113648235,0.1359598869250541,0.1660061956481522,0.8021139971180852,0.0572540888233528,0.3603067336133304,0.1959099036381865,0.2811156868739547,0.3870967741935484,0.0,2025-08-10 13:06:13,0.10097922848664685,5,0
9,19,0.0333557197224087,0.0,0.1420927321384425,0.8147268315317608,0.0546516302435185,0.357328222455958,0.0883143078996456,0.2564725064590189,0.3870967741935484,0.0,2025-08-10 13:06:14,0.09872340425531913,4,0
10,19,0.5384672785613014,0.1372283754910264,0.1626003895412837,0.8060250019036463,0.0346994477698779,0.369191255476663,0.0057091176304335,0.0976495764921682,0.3548387096774194,0.0,2025-08-10 13:06:13,0.10528384279475979,4,0
6,19,0.0989478397134542,0.0316217173832049,0.133758671662037,0.8539236592197696,0.1111651820646634,0.3535165216884356,0.1491540450243805,0.1978108271740368,0.3870967741935484,0.0,2025-08-10 13:06:14,0.09661870503597118,5,0
1,19,0.4363107230803671,0.3436254231490662,0.1964279909619999,0.7614916415246983,0.0294098978106888,0.3766583833530497,0.1859286166918058,0.2899874716012972,0.3548387096774194,0.0,2025-08-10 13:06:14,0.10490161001788906,6,0
4,19,0.6799492575180957,0.2619651296021036,0.181453114329749,0.7773751756320588,0.1535238981842435,0.4192591494988312,0.1019489541217806,0.1298817295184659,0.3870967741935484,0.0,2025-08-10 13:06:14,0.10188616071428568,6,0
5,19,0.4663084844414596,0.1408865922138942,0.1929184675562559,0.7685264575064132,0.043670524513132,0.3672609114236044,0.1206739079341562,0.2350183729866144,0.3548387096774194,0.0,2025-08-10 13:06:14,0.10339933993399338,5,0
2,19,1.0,0.2361858220710851,0.1827362237549758,0.7761718855563534,0.1924973023308885,0.3727195584176037,0.0037128602411574,0.1131811942141576,0.3548387096774194,0.0,2025-08-10 13:06:14,0.1104362139917695,5,0
8,20,0.0,1.0,0.0567519473462067,0.9351683704065432,0.0112773205257522,0.2495779396654125,0.2027287142733891,0.2161478470935913,0.1935483870967742,0.0,2025-08-10 13:06:25,0.056666666666666664,5,0
3,20,0.2123722110290276,0.3645455145047961,0.1708951876488207,0.792507055808851,0.1646742695126856,0.3827417201276424,0.0025555664640658,0.0518639739601129,0.3870967741935484,0.0,2025-08-10 13:06:27,0.09872413793103445,3,0
9,20,0.0333557197224087,0.0,0.1522080302734824,0.8171021420387957,0.0508854706658446,0.3677997721481475,0.1026272651273766,0.1010364402563226,0.3870967741935484,0.0,2025-08-10 13:06:27,0.09666666666666666,3,0
7,20,0.2526677113648235,0.1359598869250541,0.200323179205579,0.7687551332040455,0.0541015170436799,0.3806283820494197,0.0009520154464506,0.0903003818464102,0.3870967741935484,0.0,2025-08-10 13:06:27,0.10188622754491015,3,0
10,20,0.5384672785613014,0.1372283754910264,0.1528727146092089,0.8131866701611808,0.0286058862122889,0.3911821171113179,0.190313837842019,0.1359481120482433,0.3870967741935484,0.0,2025-08-10 13:06:27,0.1045231213872832,5,0
6,20,0.0989478397134542,0.0316217173832049,0.1383532149094451,0.8440758234022856,0.1032308571170124,0.3757300530439761,0.042599716180395,0.151995252396281,0.3870967741935484,0.0,2025-08-10 13:06:27,0.09661870503597118,4,0
5,20,0.4663084844414596,0.1408865922138942,0.1748456664341284,0.7868191994663927,0.036349787359541,0.3905873865295345,0.0869844613228849,0.2461800372854736,0.3870967741935484,0.0,2025-08-10 13:06:27,0.1027213114754098,4,0
1,20,0.4363107230803671,0.3436254231490662,0.1478672664296931,0.8248307368319713,0.0345513403603719,0.39441244748031,0.3368141398094184,0.4929834972815173,0.3870967741935484,0.0,2025-08-10 13:06:27,0.10360424028268549,6,0
4,20,0.6799492575180957,0.2619651296021036,0.1706202369872188,0.7934321380191519,0.1390516894879255,0.4421338074983826,0.0012673705630873,0.0914752938778691,0.3870967741935484,0.0,2025-08-10 13:06:27,0.10790780141843967,5,0
2,20,1.0,0.2361858220710851,0.1977284214613377,0.7558836016064353,0.2147345703876396,0.3884732387432359,0.0966563432491692,0.0957313527673374,0.3870967741935484,0.0,2025-08-10 13:06:28,0.10499217527386538,5,0
8,21,0.0,1.0,0.0351243047281666,1.0,0.0034276283756511,0.2647336505769575,0.0206438599466276,0.0510846955719004,0.1935483870967742,0.0,2025-08-10 13:06:36,0.0699588477366255,3,0
9,21,0.0333557197224087,0.0,0.1035333593118152,0.8978622394302712,0.050293041059349,0.3898064230902833,0.0027608447947067,0.0860922785500626,0.4193548387096774,0.0,2025-08-10 13:06:39,0.09666666666666666,2,0
3,21,0.2123722110290276,0.3645455145047961,0.1824503975122635,0.7713343533248267,0.1677210502924653,0.4046386556254874,0.1143935810358523,0.1578818014518555,0.4193548387096774,0.0,2025-08-10 13:06:39,0.1033574007220216,5,0
7,21,0.2526677113648235,0.1359598869250541,0.1620714218103919,0.8030855896397691,0.05524405983425,0.4053163812850553,0.2349782375219038,0.2451849587282176,0.4193548387096774,0.0,2025-08-10 13:06:39,0.10008823529411762,5,0
6,21,0.0989478397134542,0.0316217173832049,0.1551119340160859,0.8046844144398192,0.1005226075362997,0.3975379206534669,0.1547709361584391,0.2373981692952326,0.4193548387096774,0.0,2025-08-10 13:06:39,0.09948148148148146,5,0
10,21,0.5384672785613014,0.1372283754910264,0.1535618119626725,0.8173007962501259,0.0300234856008077,0.4153980565386761,0.0024633399676909,0.085061233297966,0.3870967741935484,0.0,2025-08-10 13:06:39,0.10795522388059699,4,0
5,21,0.4663084844414596,0.1408865922138942,0.1547880052129802,0.8170725804002049,0.0375558047522145,0.4127721732483788,0.1336004926679935,0.2057474778355243,0.4193548387096774,0.0,2025-08-10 13:06:39,0.1087847222222222,5,0
1,21,0.4363107230803671,0.3436254231490662,0.1800093809373545,0.7917515917115308,0.0227450648420507,0.4238412875006174,0.0529142085330334,0.1882496807955833,0.4193548387096774,0.0,2025-08-10 13:06:39,0.1009294320137693,4,0
4,21,0.6799492575180957,0.2619651296021036,0.1925760198440568,0.7619217962124594,0.1384804180886995,0.4641538186237716,0.0937437709926843,0.0623662488535616,0.4193548387096774,0.0,2025-08-10 13:06:39,0.10541570438799074,5,0
2,21,1.0,0.2361858220710851,0.1930638048674574,0.7616333403123435,0.1689059094818104,0.412629664627012,0.121667574056389,0.2192769495447216,0.4193548387096774,0.0,2025-08-10 13:06:40,0.10777510040160639,7,1
8,22,0.0,1.0,0.0348676067901065,1.0,0.0035757357753045,0.2804484649149442,0.0189897331084196,0.0404805150430701,0.2258064516129032,0.0,2025-08-10 13:06:48,0.0699588477366255,3,0
3,22,0.2123722110290276,0.3645455145047961,0.1332785774997537,0.8448615060634985,0.1654571229077569,0.4281023762502906,0.2175712300932082,0.1729038909969368,0.4516129032258064,0.0,2025-08-10 13:06:50,0.09771331058020476,5,0
9,22,0.0333557197224087,0.0,0.1012720274908975,0.9002375499373059,0.0532975054511916,0.4108163233909279,0.041546549092759,0.1180187146702153,0.4193548387096774,0.0,2025-08-10 13:06:51,0.09666666666666666,2,0
7,22,0.2526677113648235,0.1359598869250541,0.1420031036605508,0.8325579520820127,0.0544400482417616,0.4284675545925428,0.1027046163824008,0.1008206400872791,0.4516129032258064,0.0,2025-08-10 13:06:51,0.10219219219219218,5,0
10,22,0.5384672785613014,0.1372283754910264,0.1449709489753117,0.8241577825525845,0.0311237119945733,0.4424459499616603,0.1859553921262372,0.3102307263474023,0.4193548387096774,0.0,2025-08-10 13:06:51,0.10513081395348835,6,0
6,22,0.0989478397134542,0.0316217173832049,0.150394964428172,0.8293040696760595,0.1005860821344621,0.4191911340204517,0.2749718114176402,0.295951948495693,0.4516129032258064,0.0,2025-08-10 13:06:51,0.09948148148148146,5,0
5,22,0.4663084844414596,0.1408865922138942,0.1597564631074433,0.8140823878104817,0.0363286291562125,0.4402427342870076,0.0997295681122426,0.0917270607417531,0.4193548387096774,0.0,2025-08-10 13:06:51,0.10897391304347824,4,0
1,22,0.4363107230803671,0.3436254231490662,0.1703505720101425,0.7887443847564852,0.0294522142015817,0.4447216345091104,0.0848543267614517,0.2525581311705361,0.4193548387096774,0.0,2025-08-10 13:06:51,0.10162911611785092,5,0
4,22,0.6799492575180957,0.2619651296021036,0.1672280823964992,0.7974162585908278,0.1381842032893927,0.4926089846827524,0.0029928985597791,0.0858465061353186,0.4193548387096774,0.0,2025-08-10 13:06:51,0.10291995490417133,6,0
2,22,1.0,0.2361858220710851,0.1754128508049358,0.7839751070638381,0.1908681209425833,0.4355743623751329,0.0758042299236305,0.1250502035115483,0.4193548387096774,0.0,2025-08-10 13:06:51,0.10714400643604179,5,0
8,23,0.0,1.0,0.0210381978863116,1.0,0.0050779679672848,0.2965531536914996,0.1335023160750783,0.147697232362832,0.2258064516129032,0.0,2025-08-10 13:06:59,0.0699588477366255,4,0
9,23,0.0333557197224087,0.0,0.1303545862546274,0.845605671045624,0.0504623066623309,0.4333517137066573,0.2167441666741043,0.1977029270895151,0.4516129032258064,0.0,2025-08-10 13:07:02,0.10086956521739131,4,0
3,23,0.2123722110290276,0.3645455145047961,0.1479182124429537,0.8209940302980683,0.1682923216887356,0.4501236019377934,0.0896352293315959,0.2587983527253763,0.4516129032258064,0.0,2025-08-10 13:07:02,0.09672297297297293,4,0
7,23,0.2526677113648235,0.1359598869250541,0.1382189433118908,0.840654753506969,0.0568520830231676,0.4522183167302693,0.0953473220102996,0.2465277153355992,0.4516129032258064,0.0,2025-08-10 13:07:02,0.09950292397660815,5,0
6,23,0.0989478397134542,0.0316217173832049,0.1717131948622982,0.7915539885806839,0.1040983433155453,0.4416317884912953,0.0824356125178131,0.1977149159877953,0.4516129032258064,0.0,2025-08-10 13:07:03,0.09948148148148146,4,0
1,23,0.4363107230803671,0.3436254231490662,0.1738181331649941,0.7938190670220403,0.0246069864512053,0.464578915363644,0.2234886011025529,0.3403108721324054,0.4516129032258064,1.0,2025-08-10 13:07:03,0.10075601374570443,6,0
4,23,0.6799492575180957,0.2619651296021036,0.1512534793786347,0.8190268017886466,0.1347565749098005,0.5184884693521445,0.1203288023348178,0.1890109758363755,0.4516129032258064,0.0,2025-08-10 13:07:03,0.10421232876712326,8,1
10,23,0.5384672785613014,0.1372283754910264,0.1527839797542406,0.811662866230621,0.0351649281682255,0.4488685544200749,0.1637674821273975,0.1248403977916449,0.4193548387096774,0.0,2025-08-10 13:07:03,0.10259574468085102,5,0
5,23,0.4663084844414596,0.1408865922138942,0.1837037511954665,0.7738032099948688,0.0457863445070543,0.4463013749652838,0.1545091319106652,0.1579956959855174,0.4516129032258064,0.0,2025-08-10 13:07:03,0.10460767946577627,4,0
2,23,1.0,0.2361858220710851,0.1921229149953855,0.7626189910354906,0.2366544654338735,0.4415273361494981,0.2141320742929054,0.4060819680975416,0.4516129032258064,0.0,2025-08-10 13:07:04,0.10425796425796423,7,1
8,24,0.0,1.0,0.017115012626675,1.0,0.0036815267722419,0.3128031850676875,0.0100705383944854,0.0,0.2258064516129032,0.0,2025-08-10 13:07:13,0.0699588477366255,3,0
3,24,0.2123722110290276,0.3645455145047961,0.1375045868509009,0.8340826757079953,0.1647165859124458,0.4591903081182141,0.0959661320504925,0.0739715023887879,0.4838709677419355,0.0,2025-08-10 13:07:16,0.09575250836120398,4,0
7,24,0.2526677113648235,0.1359598869250541,0.1614441175314187,0.7930455374789146,0.0543342572408832,0.460192726716237,0.007053839448545,0.0713279503180055,0.4838709677419355,0.0,2025-08-10 13:07:16,0.0969515669515669,4,0
10,24,0.5384672785613014,0.1372283754910264,0.194381328281862,0.7603120664523957,0.0289867338091456,0.4750873067732891,0.0032963534833352,0.0645602172388368,0.4516129032258064,0.0,2025-08-10 13:07:16,0.10422190201729103,5,0
6,24,0.0989478397134542,0.0316217173832049,0.127225983879923,0.8637714950372537,0.101326619128788,0.450713069417083,0.1407852342404255,0.1748520869674681,0.4838709677419355,0.0,2025-08-10 13:07:16,0.09948148148148148,6,0
5,24,0.4663084844414596,0.1408865922138942,0.1600085218116032,0.8044083744279115,0.0408353257321533,0.466564724419905,0.3230337162220457,0.272417741171675,0.4516129032258064,1.0,2025-08-10 13:07:16,0.10139158576051775,5,0
1,24,0.4363107230803671,0.3436254231490662,0.137668186392271,0.8355438746572729,0.020079131679818,0.4739059426904818,0.0309524022027257,0.1370930518340017,0.4516129032258064,0.0,2025-08-10 13:07:16,0.10378761061946898,4,0
4,24,0.6799492575180957,0.2619651296021036,0.1815423055028058,0.7735118636234241,0.1394960116790036,0.5275045687778186,0.0907568225294455,0.1397665761504846,0.4838709677419355,0.0,2025-08-10 13:07:16,0.10268841394825642,7,1
9,24,0.0333557197224087,0.0,0.0946303462320092,0.9026127947518108,0.0629879609913546,0.4346881368860085,0.0912804310249933,0.2625688612344968,0.4838709677419355,0.0,2025-08-10 13:07:17,0.09469387755102039,5,0
2,24,1.0,0.2361858220710851,0.1618735698925004,0.7985957679706002,0.1790830036118264,0.4637526082721396,0.001335796673301,0.0837964045294057,0.4838709677419355,0.0,2025-08-10 13:07:17,0.10345412490362373,6,0
8,25,0.0,1.0,0.02176226061331,1.0,0.0114254279254055,0.3133744341152684,0.3396017600385566,0.379766336372519,0.2580645161290322,0.0,2025-08-10 13:07:26,0.0699588477366255,5,0
3,25,0.2123722110290276,0.3645455145047961,0.1702242479526304,0.7944318469437622,0.1605272623401255,0.4799657979308721,0.0030494244769121,0.1093147745187956,0.4838709677419355,0.0,2025-08-10 13:07:28,0.09738095238095233,5,0
7,25,0.2526677113648235,0.1359598869250541,0.120950117622018,0.8610587220025724,0.0536360366453323,0.4815609228404883,0.0023264877472636,0.1073306118534237,0.4838709677419355,0.0,2025-08-10 13:07:28,0.09892441860465112,4,0
9,25,0.0333557197224087,0.0,0.1032886777500868,0.9026127947518108,0.0508854706658446,0.4566247480795748,0.0986526006384453,0.1124738492156263,0.4838709677419355,0.0,2025-08-10 13:07:28,0.09666666666666666,3,0
10,25,0.5384672785613014,0.1372283754910264,0.1537644552204938,0.817453202920194,0.0285424116101854,0.4932599899758141,0.1917805366392069,0.1985841111131092,0.4516129032258064,0.0,2025-08-10 13:07:28,0.10482608695652171,7,1
6,25,0.0989478397134542,0.0316217173832049,0.1084207256792932,0.8777226176761995,0.1029558005170932,0.4708286471478438,0.0546248612883744,0.2016113079288578,0.5161290322580645,0.0,2025-08-10 13:07:28,0.0966187050359712,5,0
5,25,0.4663084844414596,0.1408865922138942,0.1307807968559551,0.8441599098409438,0.041787444724295,0.486351965525869,0.0859074938490877,0.2755228658262449,0.4838709677419355,0.0,2025-08-10 13:07:28,0.10460767946577627,6,0
1,25,0.4363107230803671,0.3436254231490662,0.1415627567051051,0.8334764650392935,0.0330279499729452,0.4915591981622866,0.2958179746466386,0.4710617967761852,0.4838709677419355,0.0,2025-08-10 13:07:28,0.10269702276707526,8,1
4,25,0.6799492575180957,0.2619651296021036,0.1424977334552796,0.8290473432680311,0.1370416604948816,0.5440359737103982,0.0898791832897488,0.2741561314223029,0.4838709677419355,0.0,2025-08-10 13:07:28,0.0994444444444444,7,1
2,25,1.0,0.2361858220710851,0.1645292651148161,0.7904640181195765,0.1939149017174368,0.478982407472634,0.0976738097575633,0.1377104800954316,0.4838709677419355,0.0,2025-08-10 13:07:29,0.10385448916408664,7,1
8,26,0.0,1.0,0.0143184909875956,1.0,0.0041470071745305,0.3289969417325972,0.092045018430424,0.1031824530484771,0.2580645161290322,0.0,2025-08-10 13:07:37,0.0699588477366255,4,0
9,26,0.0333557197224087,0.0,0.1025975744983589,0.8907363736016963,0.0495525040768462,0.4785763388725463,0.0005593090747897,0.0851571444842076,0.5161290322580645,0.0,2025-08-10 13:07:40,0.09666666666666666,5,0
3,26,0.2123722110290276,0.3645455145047961,0.123897086384228,0.8594899186888244,0.1664515583016294,0.5007161867931755,0.007297793406698,0.065255573339088,0.5161290322580645,0.0,2025-08-10 13:07:40,0.09738095238095236,6,0
7,26,0.2526677113648235,0.1359598869250541,0.1181769965449168,0.867212338384161,0.0556037492317192,0.5045400331818369,0.1633777508040068,0.2453108421601597,0.5161290322580645,0.0,2025-08-10 13:07:40,0.09979472140762459,8,1
10,26,0.5384672785613014,0.1372283754910264,0.1461796975653593,0.8211102403839952,0.029706112604084,0.5155050999463164,0.0032041269869603,0.06538145677103,0.4838709677419355,0.0,2025-08-10 13:07:40,0.10259574468085102,7,1
6,26,0.0989478397134542,0.0316217173832049,0.1115774391495773,0.8719780686801772,0.0974335103587302,0.4931761851899535,0.1074051926492507,0.2981519113301083,0.5161290322580645,0.0,2025-08-10 13:07:40,0.0966187050359712,8,1
5,26,0.4663084844414596,0.1408865922138942,0.1422349132495315,0.8288572947781574,0.037576962947661,0.5082055816416509,0.1295425268274977,0.2027262754689157,0.5161290322580645,0.0,2025-08-10 13:07:40,0.1067461669505962,8,1
4,26,0.6799492575180957,0.2619651296021036,0.1395489299140887,0.8300131548470573,0.1375706154913917,0.5680353162274405,0.0955853258719122,0.0930458395525743,0.5161290322580645,0.0,2025-08-10 13:07:40,0.10177257525083608,8,1
1,26,0.4363107230803671,0.3436254231490662,0.131621667506994,0.851895533734851,0.0288386264075217,0.5104743836704554,0.1402646007931478,0.2793832910724669,0.5161290322580645,0.0,2025-08-10 13:07:40,0.10092943201376933,8,1
2,26,1.0,0.2361858220710851,0.1796870492475587,0.7721471013084827,0.2015953282645559,0.502847743303107,0.1196118157017097,0.1962103092536311,0.5161290322580645,0.0,2025-08-10 13:07:41,0.10598736176935225,10,1
8,27,0.0,1.0,0.0124634735863479,1.0,0.0034276283717101,0.3448894869932544,0.0119686191908463,0.0559461938245184,0.2580645161290322,0.0,2025-08-10 13:07:51,0.0699588477366255,4,0
9,27,0.0333557197224087,0.0,0.0918484885648377,0.8836104420805918,0.049764086070721,0.5010084914085925,0.0017850289620949,0.1306849857032388,0.5483870967741935,0.0,2025-08-10 13:07:54,0.09666666666666666,5,0
7,27,0.2526677113648235,0.1359598869250541,0.10796039579422,0.8688316592536341,0.0539322514485801,0.5263333260459607,0.1035346548497749,0.1484345496070638,0.5483870967741935,0.0,2025-08-10 13:07:54,0.09863768115942026,6,0
3,27,0.2123722110290276,0.3645455145047961,0.1332831406806391,0.842551756701605,0.1702388760767203,0.5242422549398267,0.1274897435210886,0.2435125074181308,0.5483870967741935,0.0,2025-08-10 13:07:54,0.09906574394463664,8,1
10,27,0.5384672785613014,0.1372283754910264,0.1327575668155309,0.8371097218071618,0.0298542200017669,0.5432865888861089,0.031071404133532,0.190353732443757,0.5161290322580645,0.0,2025-08-10 13:07:54,0.10377331420373023,7,1
6,27,0.0989478397134542,0.0316217173832049,0.1060461699326553,0.8801845766305705,0.1015382011305448,0.5117508884521864,0.1561007827351998,0.2564305453150383,0.5483870967741935,0.0,2025-08-10 13:07:54,0.091986301369863,8,1
5,27,0.4663084844414596,0.1408865922138942,0.1311598831080136,0.8438081263417134,0.0361593635611127,0.5298636532570913,0.0002915547304755,0.1295700181631809,0.5161290322580645,0.0,2025-08-10 13:07:55,0.10620338983050842,6,0
1,27,0.4363107230803671,0.3436254231490662,0.1168670784319881,0.8624207252312454,0.0253263652224975,0.5381457523119191,0.2806987793376947,0.4547808729116838,0.5161290322580645,0.0,2025-08-10 13:07:55,0.10180555555555554,9,1
4,27,0.6799492575180957,0.2619651296021036,0.1590539043703676,0.8042978138995819,0.1388189492828401,0.5930597491686324,0.0410675663212635,0.1637563616091499,0.5161290322580645,0.0,2025-08-10 13:07:54,0.10087292817679555,7,1
2,27,1.0,0.2361858220710851,0.1448132625558389,0.8215946571017029,0.1986120220839239,0.5244442771047755,0.0981349422394378,0.1678205981261352,0.5161290322580645,0.0,2025-08-10 13:07:55,0.10126792452830184,8,1
8,28,0.0,1.0,0.0120469074579542,1.0,0.0044432219698963,0.361066239788569,0.0330795617158888,0.0856307059662752,0.2903225806451613,0.0,2025-08-10 13:08:04,0.0699588477366255,4,0
9,28,0.0333557197224087,0.0,0.1086099836065171,0.8764845762520173,0.0502084082696811,0.5228548201516908,0.0637076836571673,0.0982729992027382,0.5483870967741935,0.0,2025-08-10 13:08:07,0.09666666666666666,5,0
3,28,0.2123722110290276,0.3645455145047961,0.121158103604126,0.8506358794682324,0.1671920952959553,0.5461234011301905,0.113655769064853,0.279077574166322,0.5483870967741935,0.0,2025-08-10 13:08:07,0.09672297297297293,8,1
7,28,0.2526677113648235,0.1359598869250541,0.1099848795139293,0.8694794532939536,0.0569367158246586,0.5456290743498248,0.2244287163559228,0.3908800450782575,0.5483870967741935,0.0,2025-08-10 13:08:07,0.09979472140762459,8,1
6,28,0.0989478397134542,0.0316217173832049,0.1006096912920016,0.8810052077178507,0.1002898673430374,0.5341773730317009,0.1507308206075643,0.2393103985709233,0.5483870967741935,0.0,2025-08-10 13:08:07,0.0966187050359712,8,1
4,28,0.6799492575180957,0.2619651296021036,0.1498217053228108,0.816129301359038,0.1394113788775126,0.6141000135221248,0.1689381160209324,0.1026009914818877,0.5483870967741935,0.0,2025-08-10 13:08:07,0.10020856201975846,8,1
1,28,0.4363107230803671,0.3436254231490662,0.1277878825662048,0.8409944495806423,0.0317161415872753,0.5612017849204827,0.2445489678070026,0.3876969925848664,0.5483870967741935,0.0,2025-08-10 13:08:07,0.10110344827586204,8,1
10,28,0.5384672785613014,0.1372283754910264,0.1266560425873306,0.8462522826203999,0.0373019063536532,0.5477294570988323,0.0078333020953264,0.1281853004118186,0.5161290322580645,0.0,2025-08-10 13:08:08,0.10201692524682647,7,1
5,28,0.4663084844414596,0.1408865922138942,0.1597707800874714,0.8059913673281831,0.044326428713849,0.5358028619941653,0.0072591177791859,0.1180007313227951,0.5483870967741935,0.0,2025-08-10 13:08:08,0.10584459459459454,6,0
2,28,1.0,0.2361858220710851,0.1320914279658971,0.8384330978280761,0.1989082368832306,0.5316429867539856,0.1716097093675345,0.2911144280396353,0.5483870967741935,0.0,2025-08-10 13:08:09,0.10573680063041761,9,1
8,29,0.0,1.0,0.0092715119203805,1.0,0.0061147197609174,0.3777555377959584,0.0342725560722222,0.1198290383105244,0.2903225806451613,0.0,2025-08-10 13:08:17,0.0699588477366255,4,0
3,29,0.2123722110290276,0.3645455145047961,0.1130797618832156,0.8683440236019465,0.1456530478396813,0.5508217322408753,0.229584475008107,0.2431348571223047,0.5806451612903226,0.0,2025-08-10 13:08:20,0.09417763157894735,8,1
7,29,0.2526677113648235,0.1359598869250541,0.1205650707149279,0.863325836912365,0.05463047204019,0.5540455849452597,0.1014759214468254,0.1396526816168228,0.5806451612903226,0.0,2025-08-10 13:08:20,0.10008823529411762,7,1
5,29,0.4663084844414596,0.1408865922138942,0.1262979279540914,0.848029528332478,0.0378097031527463,0.5611572509763055,0.0990869576858884,0.1578997847992758,0.5483870967741935,0.0,2025-08-10 13:08:20,0.10357024793388427,7,1
10,29,0.5384672785613014,0.1372283754910264,0.1149384310175,0.8604232781579308,0.0292617904051238,0.5674005050958979,0.1017050001636276,0.1847249447012066,0.5483870967741935,0.0,2025-08-10 13:08:20,0.10172995780590714,9,1
6,29,0.0989478397134542,0.0316217173832049,0.132099698731252,0.8432551923150053,0.103209698917625,0.5413991593610755,0.3244528142469111,0.3533547934612548,0.5806451612903226,0.0,2025-08-10 13:08:21,0.09524822695035459,8,1
1,29,0.4363107230803671,0.3436254231490662,0.1170783822268648,0.8629845642179669,0.0222372680409871,0.5662316914882678,0.0410378158385619,0.2309181697747885,0.5806451612903226,0.0,2025-08-10 13:08:20,0.10216027874564457,8,1
4,29,0.6799492575180957,0.2619651296021036,0.1557173730533163,0.8088855174387514,0.140786661869227,0.6180538180569759,0.0016779272243692,0.150748406975141,0.5806451612903226,0.0,2025-08-10 13:08:20,0.10154616240266962,8,1
9,29,0.0333557197224087,0.0,0.0982161888380623,0.8931116184162012,0.0667118041623715,0.5255305004886588,0.1734839897777341,0.7044736573932538,0.5806451612903226,0.0,2025-08-10 13:08:21,0.10086956521739131,8,1
2,29,1.0,0.2361858220710851,0.1556302067917774,0.8040990939957217,0.1902756913439698,0.5533164428228691,0.0758488556476828,0.2197565054759293,0.5806451612903226,1.0,2025-08-10 13:08:21,0.104828125,10,1
8,30,0.0,1.0,0.0128732341582492,1.0,0.012102490317628,0.3805081404001415,0.1479313001853455,0.1834001714412454,0.2903225806451613,0.0,2025-08-10 13:08:30,0.0699588477366255,6,0
9,30,0.0333557197224087,0.0,0.1105768666741745,0.8788598867590522,0.0518375896579863,0.5477897803504903,0.2238009811709195,0.2256310656332236,0.5806451612903226,0.0,2025-08-10 13:08:32,0.09666666666666666,7,1
3,30,0.2123722110290276,0.3645455145047961,0.104508282907991,0.8852821855891659,0.1683346380884959,0.5696008867922848,0.0219558562337673,0.0997596225894821,0.6129032258064516,1.0,2025-08-10 13:08:32,0.09575250836120398,7,1
7,30,0.2526677113648235,0.1359598869250541,0.1176815681935331,0.8571722862233067,0.0554556418360068,0.5730206888510485,0.0063249526223562,0.1140623782377518,0.5806451612903226,0.0,2025-08-10 13:08:32,0.09950292397660818,6,0
10,30,0.5384672785613014,0.1372283754910264,0.1756435195986952,0.7936824922517508,0.0298330618023794,0.5800295219564491,0.1984595200057121,0.1857619844024433,0.5483870967741935,0.0,2025-08-10 13:08:32,0.10201692524682648,9,1
6,30,0.0989478397134542,0.0316217173832049,0.1153615804849837,0.8662334539916247,0.1057275247038504,0.5615082594272287,0.0824594129039743,0.2208055340754461,0.6129032258064516,0.0,2025-08-10 13:08:32,0.0959285714285714,7,1
5,30,0.4663084844414596,0.1408865922138942,0.1396517345767871,0.8329028378655718,0.038761822137006,0.5759425204431048,0.0490793713127995,0.1502149010016724,0.5806451612903226,0.0,2025-08-10 13:08:32,0.1044333333333333,6,0
4,30,0.6799492575180957,0.2619651296021036,0.1373937871150261,0.8365325472368091,0.1412521422715157,0.6302217061682751,0.0866334056270063,0.2681317100365062,0.5806451612903226,0.0,2025-08-10 13:08:32,0.10065049614112455,8,1
1,30,0.4363107230803671,0.3436254231490662,0.1169652818872937,0.8550906870188038,0.0221103188525442,0.58389547316506,0.2445727681931639,0.3167466925626869,0.5806451612903226,0.0,2025-08-10 13:08:32,0.10251748251748248,9,1
2,30,1.0,0.2361858220710851,0.1390440519756213,0.8224160108068154,0.1976175866930072,0.5684587935511611,0.0354953009112572,0.1326871317160309,0.5806451612903226,0.0,2025-08-10 13:08:33,0.10768860353130012,8,1
8,31,0.0,1.0,0.0107155899279981,1.0,0.0182172100785454,0.3936974752492484,0.0125338783621764,0.032010358408114,0.2903225806451613,0.0,2025-08-10 13:08:42,0.0699588477366255,4,0
9,31,0.0333557197224087,0.0,0.0807903136727153,0.9073634157658804,0.0499121934703743,0.5707316441203454,0.0032428026144724,0.083436737581,0.6129032258064516,0.0,2025-08-10 13:08:45,0.09666666666666666,5,0
3,31,0.2123722110290276,0.3645455145047961,0.1947492727672585,0.7836530165882589,0.1650128007107674,0.5908662499908908,0.092797705642774,0.0843538882994347,0.6129032258064516,0.0,2025-08-10 13:08:44,0.0970508474576271,6,0
7,31,0.2526677113648235,0.1359598869250541,0.1189088547059279,0.8607348578286778,0.0539110932452516,0.5948010263859571,0.0070062386762225,0.0933455620095791,0.6129032258064516,0.0,2025-08-10 13:08:45,0.09835260115606932,5,0
6,31,0.0989478397134542,0.0316217173832049,0.0795004830623094,0.9187552888132264,0.1037598121135225,0.5842958738086158,0.2537686423962229,0.6330078347450261,0.6129032258064516,0.0,2025-08-10 13:08:45,0.09391608391608389,8,1
10,31,0.5384672785613014,0.1372283754910264,0.129782135212548,0.8403096706458193,0.0291983158049909,0.6014519685217888,0.0051855091348857,0.0862661175751254,0.5806451612903226,0.0,2025-08-10 13:08:45,0.10288762446657179,7,1
5,31,0.4663084844414596,0.1408865922138942,0.1703740533784489,0.7943825118535807,0.0400101559442186,0.597405047558204,0.25220971710266,0.2333219438799671,0.6129032258064516,0.0,2025-08-10 13:08:45,0.10272131147540979,8,1
1,31,0.4363107230803671,0.3436254231490662,0.1052051471755868,0.8731338630565468,0.0299600110026453,0.606451106182688,0.1021155568249094,0.2737425144316363,0.6129032258064516,0.0,2025-08-10 13:08:45,0.10058319039451112,8,1
4,31,0.6799492575180957,0.2619651296021036,0.1392651285828944,0.8353252499167614,0.1378245138919235,0.6584991413045854,0.0208907889530507,0.0957613250130379,0.6129032258064516,0.0,2025-08-10 13:08:45,0.1036208853575482,8,1
2,31,1.0,0.2361858220710851,0.136911534948449,0.8299727539409831,0.1715506844722427,0.5942909102981103,0.0043048948469188,0.1129773829433944,0.6129032258064516,0.0,2025-08-10 13:08:45,0.10289877300613494,8,1
8,32,0.0,1.0,0.0085321019326697,1.0,0.0027082495807127,0.4095539885005259,0.1123556729707939,0.0521577019679776,0.3225806451612903,0.0,2025-08-10 13:08:54,0.0699588477366255,5,0
3,32,0.2123722110290276,0.3645455145047961,0.1204052262911614,0.8564102528729663,0.1664092419018692,0.6137380740121765,0.0007883877915919,0.0584938347090594,0.6451612903225806,0.0,2025-08-10 13:08:57,0.09639730639730637,6,0
7,32,0.2526677113648235,0.1359598869250541,0.0963110322985074,0.8869685128394449,0.0456170789001314,0.619791451587959,0.2014643187585718,0.287421847369336,0.6451612903225806,0.0,2025-08-10 13:08:56,0.09667613636363633,7,1
9,32,0.0333557197224087,0.0,0.0810415167804592,0.9073634157658804,0.0511605272539408,0.5921986246298622,0.0979951149707404,0.089790853669502,0.6451612903225806,0.0,2025-08-10 13:08:57,0.09872340425531916,5,0
6,32,0.0989478397134542,0.0316217173832049,0.1372859534467269,0.8350486186720818,0.0980259399573438,0.6078251807875708,0.037033400866929,0.1297858183322243,0.6451612903225806,0.0,2025-08-10 13:08:57,0.10174242424242422,7,1
10,32,0.5384672785613014,0.1372283754910264,0.1300848262112827,0.8419857498613867,0.029621479802593,0.6238148910173414,0.2020801537504946,0.1803070356849557,0.5806451612903226,0.0,2025-08-10 13:08:57,0.10377331420373023,9,1
5,32,0.4663084844414596,0.1408865922138942,0.1218601775032326,0.8584071087135089,0.0394812009398264,0.61888214941867,0.0191206352323066,0.0890595308744102,0.6129032258064516,0.0,2025-08-10 13:08:57,0.10531092436974786,6,0
1,32,0.4363107230803671,0.3436254231490662,0.099575750556374,0.8806518475978956,0.0209466178507636,0.6320597435006758,0.1748078862579545,0.3047038442402335,0.6129032258064516,0.0,2025-08-10 13:08:57,0.10041095890410955,8,1
4,32,0.6799492575180957,0.2619651296021036,0.1140673007732144,0.8662319430634301,0.0052472335623846,0.6785005501966376,0.0091780239134379,0.0853429724075506,0.6451612903225806,0.0,2025-08-10 13:08:57,0.09879870129870126,6,0
2,32,1.0,0.2361858220710851,0.1510040445034839,0.8142021452930395,0.2108414616057588,0.6142234940037069,0.0972156523239589,0.0888077640105262,0.6129032258064516,0.0,2025-08-10 13:08:57,0.10433903576982889,8,1
8,33,0.0,1.0,0.0098212397476443,1.0,0.00547997376747,0.4255781113235246,0.0550026924186844,0.0574388116604024,0.3225806451612903,0.0,2025-08-10 13:09:13,0.0699588477366255,4,0
3,33,0.2123722110290276,0.3645455145047961,0.1022936286248807,0.8825874780002901,0.1655840721080229,0.6346228744150872,0.0937854216684665,0.0568093945006923,0.6451612903225806,0.0,2025-08-10 13:09:16,0.0948013245033112,6,0
9,33,0.0333557197224087,0.0,0.0690376178965145,0.9263657684370992,0.0524088610532713,0.6124720954354328,0.0942406040538007,0.2475227938928552,0.6451612903225806,0.0,2025-08-10 13:09:16,0.09666666666666666,6,0
10,33,0.5384672785613014,0.1372283754910264,0.1038879755063755,0.8800798627374289,0.0286058862122889,0.6416313026664497,0.1154288978338673,0.101683840763453,0.6129032258064516,0.0,2025-08-10 13:09:16,0.10059805285118216,7,1
7,33,0.2526677113648235,0.1359598869250541,0.0990129392339151,0.8830820770601792,0.0542284662400048,0.6396896227003279,0.011453935840109,0.0924763668842651,0.6451612903225806,1.0,2025-08-10 13:09:16,0.10038348082595867,7,1
6,33,0.0989478397134542,0.0316217173832049,0.0769761123832262,0.9195759199005068,0.1024268455284651,0.6274994676169402,0.1378637368391302,0.1622277770784253,0.6774193548387096,0.0,2025-08-10 13:09:16,0.09074324324324323,7,1
5,33,0.4663084844414596,0.1408865922138942,0.1100262808738379,0.867729404289379,0.037005691552376,0.6385791080741661,0.211040999140211,0.1889929924889552,0.6451612903225806,1.0,2025-08-10 13:09:16,0.10205211726384363,9,1
1,33,0.4363107230803671,0.3436254231490662,0.1036550251221734,0.8814036329135244,0.0287751518054182,0.649368873040203,0.1822187314989185,0.3438835638199027,0.6451612903225806,0.0,2025-08-10 13:09:16,0.10233856893542753,9,1
4,33,0.6799492575180957,0.2619651296021036,0.1443807395542864,0.8226486280562598,0.0049298605676314,0.7006586165489758,0.0002142034754513,0.0754581257755318,0.6451612903225806,0.0,2025-08-10 13:09:16,0.10315254237288132,7,1
2,33,1.0,0.2361858220710851,0.1488780014891929,0.8135450229134313,0.1953113429085386,0.6323204695011309,0.0019308063273326,0.0984588271260812,0.6451612903225806,0.0,2025-08-10 13:09:17,0.10337442218798149,8,1
8,34,0.0,1.0,0.0061831493146171,1.0,0.0043162727696304,0.441836239780472,0.192684951313335,0.1795637239915838,0.3225806451612903,0.0,2025-08-10 13:09:25,0.0699588477366255,6,0
3,34,0.2123722110290276,0.3645455145047961,0.112386196415135,0.873348480552716,0.1657956541058387,0.6557485629705924,0.000734836922729,0.0786891338620437,0.6774193548387096,1.0,2025-08-10 13:09:28,0.09607382550335566,7,1
9,34,0.0333557197224087,0.0,0.0683403448439644,0.9168645921014896,0.0509066288691731,0.6329516369463318,0.0962190111534559,0.08157246389843,0.6774193548387096,0.0,2025-08-10 13:09:28,0.09872340425531916,5,0
7,34,0.2526677113648235,0.1359598869250541,0.1134240538810227,0.8587916070927798,0.0554768000275122,0.6645083897902289,0.0003272553097174,0.0759856372998603,0.6774193548387096,0.0,2025-08-10 13:09:28,0.09640226628895182,6,0
6,34,0.0989478397134542,0.0316217173832049,0.0819665971320884,0.908086821908462,0.1003745001366463,0.6499615793517964,0.0417458773268596,0.1761408935325888,0.6774193548387096,0.0,2025-08-10 13:09:28,0.09457746478873236,7,1
1,34,0.4363107230803671,0.3436254231490662,0.1116913760723109,0.8659917711730125,0.0201637644773679,0.6774114928344884,0.1757271761734334,0.3098111149075955,0.6774193548387096,0.0,2025-08-10 13:09:28,0.09905405405405401,8,1
10,34,0.5384672785613014,0.1372283754910264,0.1055884733832181,0.8709373019241908,0.0386348729446221,0.6502874868523651,0.1900163330150031,0.1928114565911965,0.6451612903225806,0.0,2025-08-10 13:09:29,0.10288762446657179,9,1
5,34,0.4663084844414596,0.1408865922138942,0.1200143423151886,0.8573517582158178,0.0485792268734939,0.6435260195641666,0.0868476091024576,0.2923612734607753,0.6451612903225806,0.0,2025-08-10 13:09:29,0.10238562091503266,7,1
4,34,0.6799492575180957,0.2619651296021036,0.1072797878585287,0.8735964041616974,0.0118697501204247,0.7231770029951102,0.0929732334907133,0.3022221422962337,0.6774193548387096,0.0,2025-08-10 13:09:30,0.09998904709748078,7,1
2,34,1.0,0.2361858220710851,0.1207516382667548,0.8517395796681521,0.2086410088221686,0.6377847844516618,0.0997503934501337,0.1425060394075086,0.6774193548387096,0.0,2025-08-10 13:09:30,0.10557041699449252,9,1
8,35,0.0,1.0,0.0054688564291941,1.0,0.0038931087739987,0.4588648054716833,0.0183262973441744,0.0489626605763063,0.3548387096774194,0.0,2025-08-10 13:09:38,0.0699588477366255,4,0
5,35,0.4663084844414596,0.1408865922138942,0.1137125229659977,0.8680811877886093,0.037534646548886,0.6605525609851881,0.1341687268875937,0.2171429256508473,0.6774193548387096,0.0,2025-08-10 13:09:41,0.10221859706362152,8,1
3,35,0.2123722110290276,0.3645455145047961,0.1166762709245885,0.8583350440078776,0.1648435351127117,0.6571615035631204,0.1127781298251564,0.1644157510145605,0.7096774193548387,0.0,2025-08-10 13:09:42,0.09705084745762708,7,1
1,35,0.4363107230803671,0.3436254231490662,0.107572525418957,0.8725700240698252,0.023020121445911,0.6757507815707203,0.0558922318514617,0.2038292541106935,0.6774193548387096,0.0,2025-08-10 13:09:41,0.10305799648506149,8,1
4,35,0.6799492575180957,0.2619651296021036,0.1185898503355277,0.8554870100535109,0.0045278547713872,0.7213863335851526,0.1007648849102576,0.0877947021058499,0.6774193548387096,0.0,2025-08-10 13:09:41,0.10188616071428568,8,1
7,35,0.2526677113648235,0.1359598869250541,0.0831515981682781,0.9089918678970516,0.0548843704367807,0.6653217415525181,0.2430078928030607,0.2964734655708814,0.7096774193548387,0.0,2025-08-10 13:09:42,0.09921282798833816,8,1
10,35,0.5384672785613014,0.1372283754910264,0.0985455459250963,0.884803549814116,0.0311237119945733,0.6662039185012627,0.0531343621050251,0.1517554744306772,0.6451612903225806,0.0,2025-08-10 13:09:42,0.10259574468085103,7,1
6,35,0.0989478397134542,0.0316217173832049,0.0809819102301431,0.9121900430373936,0.1017709413277482,0.6513486092858941,0.2074233404436987,0.369677678469737,0.7096774193548387,0.0,2025-08-10 13:09:42,0.0966187050359712,8,1
9,35,0.0333557197224087,0.0,0.0638377069115773,0.9429928762938132,0.0621839493909842,0.6374236546497891,0.0192336870665726,0.126464893508611,0.7096774193548387,0.0,2025-08-10 13:09:42,0.09666666666666666,6,0
2,35,1.0,0.2361858220710851,0.138020863234955,0.8293156972539053,0.1852823561860579,0.6553048429449732,0.1447985743568689,0.1792400237380186,0.6774193548387096,0.0,2025-08-10 13:09:42,0.10417701863354034,10,1
8,36,0.0,1.0,0.0033062628113419,1.0,0.0029621479812445,0.4754310278515287,0.0156517289493022,0.032010358408114,0.3548387096774194,0.0,2025-08-10 13:09:50,0.0699588477366255,5,0
3,36,0.2123722110290276,0.3645455145047961,0.1025158460273752,0.8718086476447869,0.1653724901082365,0.6790766574926742,0.1050816799502571,0.1611547706823481,0.7096774193548387,0.0,2025-08-10 13:09:53,0.09672297297297294,7,1
9,36,0.0333557197224087,0.0,0.0795187262792243,0.9026127947518108,0.051562533054126,0.6588679633331797,0.0018683303136593,0.075781826029097,0.7096774193548387,0.0,2025-08-10 13:09:53,0.09872340425531916,5,0
7,36,0.2526677113648235,0.1359598869250541,0.1013456943423169,0.8834059412340738,0.0551594270367,0.6862235458250238,0.1034721788361016,0.0941308348469317,0.7096774193548387,0.0,2025-08-10 13:09:53,0.09612994350282483,7,1
10,36,0.5384672785613014,0.1372283754910264,0.1059406748945599,0.8701753999589109,0.0321181473874605,0.6888506436774351,0.0986020248178526,0.2510055688432511,0.6774193548387096,0.0,2025-08-10 13:09:53,0.10303418803418801,8,1
6,36,0.0989478397134542,0.0316217173832049,0.0769583207310863,0.9187552888132264,0.1030404333185841,0.6732014156936,0.1665432021634551,0.2710809790134336,0.7096774193548387,0.0,2025-08-10 13:09:53,0.09013422818791944,8,1
5,36,0.4663084844414596,0.1408865922138942,0.1007706479911089,0.8802176856657922,0.0363709455549875,0.6820122541220214,0.0008627639983458,0.0787550728025848,0.7096774193548387,0.0,2025-08-10 13:09:54,0.10238562091503266,6,0
1,36,0.4363107230803671,0.3436254231490662,0.0919437449658214,0.8926806754180777,0.0275056598264054,0.695358267483824,0.1816296719414272,0.3124966281223587,0.7096774193548387,0.0,2025-08-10 13:09:54,0.09955857385398977,8,1
4,36,0.6799492575180957,0.2619651296021036,0.1029703483501926,0.8721476867931581,0.0051626007648347,0.7376234096321255,0.0029690981736178,0.0786172004723625,0.7096774193548387,0.0,2025-08-10 13:09:54,0.10165924276169261,7,1
2,36,1.0,0.2361858220710851,0.1348473895815437,0.8364617306892517,0.2044305270455346,0.6752058480356078,0.0987329269417396,0.1101719807458293,0.7096774193548387,0.0,2025-08-10 13:09:54,0.10377416860015463,9,1
8,37,0.0,1.0,0.0039863704607956,1.0,0.0055222901623039,0.4728581804402059,0.0173356062702117,0.0365121897123263,0.3548387096774194,0.0,2025-08-10 13:10:02,0.0699588477366255,4,0
3,37,0.2123722110290276,0.3645455145047961,0.1194384974073256,0.8587200022348599,0.1704504580755213,0.7003100372222804,0.1204835048448661,0.2436743575449134,0.7419354838709677,0.0,2025-08-10 13:10:05,0.09738095238095233,8,1
7,37,0.2526677113648235,0.1359598869250541,0.0904312311282056,0.8895594919231321,0.0564712354302519,0.7077225098035407,0.2199839942403065,0.3699714064776017,0.7419354838709677,0.0,2025-08-10 13:10:05,0.0972285714285714,8,1
9,37,0.0333557197224087,0.0,0.0582195281120411,0.9358670104652388,0.0517952732592113,0.676788017616009,0.1190763070130812,0.185744001055023,0.7419354838709677,0.0,2025-08-10 13:10:05,0.09872340425531916,7,1
10,37,0.5384672785613014,0.1372283754910264,0.1084811212796375,0.8674326054379274,0.0294098978067477,0.7085059023670197,0.0035254322001374,0.0804754797057924,0.6774193548387096,0.0,2025-08-10 13:10:05,0.10303418803418801,7,1
6,37,0.0989478397134542,0.0316217173832049,0.0753805961866294,0.9146520019917648,0.1026807439211149,0.693621443660917,0.0848364764718307,0.1953590974757374,0.7419354838709677,0.0,2025-08-10 13:10:05,0.09731884057971013,7,1
5,37,0.4663084844414596,0.1408865922138942,0.1219262960929374,0.856472332314007,0.035863148769688,0.7064476244379615,0.0034361807520327,0.0776401052625269,0.7096774193548387,0.0,2025-08-10 13:10:06,0.10238562091503266,6,0
1,37,0.4363107230803671,0.3436254231490662,0.0922037607166503,0.8941842460493352,0.0306159152033623,0.7195855428242457,0.2646573190650018,0.4077364360602082,0.7096774193548387,0.0,2025-08-10 13:10:06,0.10127806563039721,8,1
4,37,0.6799492575180957,0.2619651296021036,0.1023535393872559,0.8802365394219601,0.0056915557574037,0.7647219098098563,0.2249404246583901,0.1935487738354284,0.7419354838709677,0.0,2025-08-10 13:10:06,0.10031868131868124,8,1
2,37,1.0,0.2361858220710851,0.1063613526390639,0.8721920949435745,0.1638702579093595,0.6952797258004572,0.2144087537820301,0.3887280378369629,0.7096774193548387,0.0,2025-08-10 13:10:06,0.10353395061728392,10,1
8,38,0.0,1.0,0.0109777969563147,1.0,0.0044220637705088,0.4875013461396763,0.0205665086916035,0.0444488403738138,0.3870967741935484,0.0,2025-08-10 13:10:16,0.0699588477366255,5,0
3,38,0.2123722110290276,0.3645455145047961,0.084877355152647,0.8976009145451285,0.1681018978912925,0.7212806666812415,0.1974450285455881,0.1777474059021346,0.7419354838709677,0.0,2025-08-10 13:10:19,0.09639730639730637,8,1
7,38,0.2526677113648235,0.1359598869250541,0.1011610946622469,0.8733658890732194,0.0557941730262065,0.7276388993476183,0.0965849420906854,0.0683906702393583,0.7419354838709677,0.0,2025-08-10 13:10:19,0.09612994350282483,6,0
9,38,0.0333557197224087,0.0,0.0898291479302514,0.8978622394302712,0.0551382688333715,0.7000958694361922,0.0892365728633947,0.2572577792963715,0.7419354838709677,0.0,2025-08-10 13:10:19,0.09666666666666666,7,1
10,38,0.5384672785613014,0.1372283754910264,0.1075793987101657,0.8715467972194028,0.0293041068058693,0.7268053048834304,0.0758488556476828,0.2350783174780153,0.7096774193548387,0.0,2025-08-10 13:10:19,0.10172995780590714,8,1
6,38,0.0989478397134542,0.0316217173832049,0.0715865346861107,0.9228585756346884,0.1077798700877872,0.7137532155531966,0.262836589523665,0.507903681191217,0.7741935483870968,0.0,2025-08-10 13:10:19,0.091986301369863,8,1
5,38,0.4663084844414596,0.1408865922138942,0.1135575459351757,0.8635080022986145,0.0418932357172914,0.725780619313319,0.2242174879287416,0.3895792496148566,0.7419354838709677,0.0,2025-08-10 13:10:19,0.10155591572123174,8,1
1,38,0.4363107230803671,0.3436254231490662,0.1012756780356058,0.8748254457092419,0.0301081184022987,0.7336611031624769,0.2049451252346569,0.3669801763566937,0.7419354838709677,0.0,2025-08-10 13:10:19,0.099054054054054,8,1
4,38,0.6799492575180957,0.2619651296021036,0.0973236876966298,0.8842205943011057,0.0070033641548967,0.7824950020769013,0.120840510637285,0.38293739996763,0.7419354838709677,0.0,2025-08-10 13:10:19,0.10154616240266962,9,1
2,38,1.0,0.2361858220710851,0.1183768543610726,0.8512466886140483,0.187038486770688,0.7170956904907075,0.0106804232898678,0.335431390532367,0.7419354838709677,1.0,2025-08-10 13:10:20,0.10157456472369414,10,1
8,39,0.0,1.0,0.002696731765419,1.0,0.0057338721640607,0.5035428776863078,0.0207866622635952,0.0672097637587594,0.3870967741935484,0.0,2025-08-10 13:10:31,0.0699588477366255,5,0
3,39,0.2123722110290276,0.3645455145047961,0.0828985222550458,0.9079947866736492,0.1675517846934245,0.7435585698288196,0.0004879079163059,0.0822318533038406,0.7741935483870968,0.0,2025-08-10 13:10:34,0.09639730639730638,6,0
9,39,0.0333557197224087,0.0,0.0536156160838776,0.9477434973078832,0.0516471658595579,0.7200154978125738,0.3298763272434095,0.2980380167964465,0.7741935483870968,0.0,2025-08-10 13:10:34,0.09666666666666666,7,1
7,39,0.2526677113648235,0.1359598869250541,0.0832168991880742,0.9038099097296772,0.0547574212365149,0.7493338126805144,0.0070240889658434,0.1169217304775777,0.7741935483870968,0.0,2025-08-10 13:10:34,0.0975071633237822,6,0
10,39,0.5384672785613014,0.1372283754910264,0.0899865396442919,0.898060236716299,0.0294310560041647,0.7498997986256015,0.009329751375216,0.0899706871437049,0.7419354838709677,0.0,2025-08-10 13:10:34,0.10130252100840333,6,0
6,39,0.0989478397134542,0.0316217173832049,0.0972726371104738,0.8851084945393125,0.1077798700838462,0.7363752446330525,0.0498796592974721,0.1947776359091481,0.7741935483870968,0.0,2025-08-10 13:10:34,0.09592857142857142,7,1
5,39,0.4663084844414596,0.1408865922138942,0.112035658563491,0.8617490848024626,0.038761822144888,0.7503487817537143,0.0033766797866295,0.107348595200844,0.7741935483870968,0.0,2025-08-10 13:10:34,0.10090177133655391,5,0
1,39,0.4363107230803671,0.3436254231490662,0.0835071365056424,0.8973793993332881,0.0229989632504645,0.7642996470482497,0.2644133651068489,0.2971568327728523,0.7741935483870968,0.0,2025-08-10 13:10:34,0.09872053872053868,8,1
4,39,0.6799492575180957,0.2619651296021036,0.1341559250779957,0.8382227503463701,0.1423312104599823,0.8034660363899003,0.2124987727925885,0.3881765485160741,0.7741935483870968,0.0,2025-08-10 13:10:34,0.09966157205240171,8,1
2,39,1.0,0.2361858220710851,0.1389991236571534,0.8265229764099684,0.185197723380626,0.7479686448644671,0.1238453093901448,0.2163516583643546,0.7741935483870968,0.0,2025-08-10 13:10:35,0.10142101284958426,10,1
8,40,0.0,1.0,0.0015905959230404,1.0,0.0049510187670189,0.5204839949053168,0.0218606546891223,0.0468526144789924,0.3870967741935484,0.0,2025-08-10 13:10:43,0.0699588477366255,5,0
9,40,0.0333557197224087,0.0,0.052982488995962,0.9429928762938132,0.0514567420532475,0.7437415638539838,0.0078987531572699,0.0848394386797825,0.8064516129032258,0.0,2025-08-10 13:10:46,0.0946938775510204,5,0
3,40,0.2123722110290276,0.3645455145047961,0.0901935464438349,0.8976009145451285,0.1671497788961951,0.7661340406943086,0.0949486655420984,0.0682408090108559,0.8064516129032258,0.0,2025-08-10 13:10:46,0.09672297297297294,6,0
7,40,0.2526677113648235,0.1359598869250541,0.077133822569266,0.911258982806844,0.0546093138368615,0.7724149462394324,0.0082646840944994,0.0914453216321686,0.8064516129032258,0.0,2025-08-10 13:10:46,0.09612994350282483,6,0
6,40,0.0989478397134542,0.0316217173832049,0.0735558276836732,0.9212172477675974,0.1064469034987888,0.7587389768366811,0.2258269890428972,0.3253127603838845,0.8064516129032258,0.0,2025-08-10 13:10:46,0.09457746478873238,8,1
10,40,0.5384672785613014,0.1372283754910264,0.0919977616195529,0.888765269232993,0.0295580052064011,0.7718663690179779,0.0106447227106259,0.0999694283093855,0.7419354838709677,0.0,2025-08-10 13:10:46,0.10288762446657179,7,1
1,40,0.4363107230803671,0.3436254231490662,0.0925329847109085,0.8883577784681516,0.0237395002329673,0.7803027174612738,0.1493771736446424,0.2967731880278861,0.7741935483870968,0.0,2025-08-10 13:10:46,0.09938983050847452,8,1
5,40,0.4663084844414596,0.1408865922138942,0.0954293116719168,0.88760513914963,0.0371749571553578,0.7731635213556457,0.1979805372342166,0.1514677408719525,0.7741935483870968,0.0,2025-08-10 13:10:47,0.10205211726384363,7,1
4,40,0.6799492575180957,0.2619651296021036,0.104166747831969,0.8716647810036451,0.1389670566824935,0.8299487535758734,0.0070627645933555,0.0881064134611349,0.7741935483870968,0.0,2025-08-10 13:10:47,0.097950643776824,7,1
2,40,1.0,0.2361858220710851,0.113990753413861,0.861924746628222,0.2150731015778393,0.7666271529125606,0.0010085413635836,0.1023372357197235,0.7741935483870968,0.0,2025-08-10 13:10:47,0.10234935163996947,8,1
8,41,0.0,1.0,0.0045634328110588,1.0,0.0042739563708554,0.5363603460044551,0.1282424307334386,0.0601722804682863,0.4193548387096774,0.0,2025-08-10 13:10:55,0.0699588477366255,6,0
9,41,0.0333557197224087,0.0,0.0843419419287545,0.9121140367799504,0.0489389162827862,0.7651032823136275,0.0961773604776737,0.0653335011779092,0.8064516129032258,0.0,2025-08-10 13:10:58,0.0946938775510204,5,0
1,41,0.4363107230803671,0.3436254231490662,0.1037800182519273,0.8789603306377307,0.0308274972051191,0.799564458025948,0.2148877365535255,0.3789450968403258,0.8064516129032258,0.0,2025-08-10 13:10:58,0.10110344827586204,8,1
7,41,0.2526677113648235,0.1359598869250541,0.0861290451761521,0.903162181381888,0.0694623701418593,0.7889228696378096,0.009743283084768,0.1245226919872198,0.8064516129032258,0.0,2025-08-10 13:10:59,0.09863768115942026,6,0
10,41,0.5384672785613014,0.1372283754910264,0.0895756156989305,0.8931842086620742,0.0395446755379889,0.7710384425103218,0.2001761228575933,0.1855941398265206,0.7741935483870968,0.0,2025-08-10 13:10:59,0.10172995780590714,9,1
3,41,0.2123722110290276,0.3645455145047961,0.0765412982846041,0.9172337841212236,0.2142479317859635,0.7840010590981633,0.1134921414099943,0.1321476312934223,0.8064516129032258,0.0,2025-08-10 13:10:59,0.09607382550335569,7,1
6,41,0.0989478397134542,0.0316217173832049,0.0750546852518266,0.9179346577259462,0.1072509150912771,0.7801889534766031,0.0423825376566734,0.1656086463934396,0.8387096774193549,0.0,2025-08-10 13:10:58,0.09457746478873236,6,0
5,41,0.4663084844414596,0.1408865922138942,0.0991941830747089,0.8795141186673314,0.0468654126955209,0.7612676951578647,0.0039389639096894,0.112395921376805,0.8064516129032258,0.0,2025-08-10 13:11:00,0.10073954983922827,5,0
4,41,0.6799492575180957,0.2619651296021036,0.1023159121582047,0.8791499849724231,0.1664727165010169,0.824786459737671,0.1284596092571601,0.218683499079852,0.8064516129032258,0.0,2025-08-10 13:11:00,0.09966157205240173,9,1
2,41,1.0,0.2361858220710851,0.1078815098046628,0.8704672061780672,0.2391511330167705,0.7577183398069495,0.2173094258454343,0.3347000677372753,0.8064516129032258,1.0,2025-08-10 13:11:00,0.10142101284958423,10,1
8,42,0.0,1.0,0.0029085168332798,1.0,0.0028351987809786,0.5535565212673876,0.0170648768776273,0.0308953908680561,0.4193548387096774,0.0,2025-08-10 13:11:09,0.0699588477366255,5,0
3,42,0.2123722110290276,0.3645455145047961,0.0915260713154003,0.8933663740483234,0.1656052303074103,0.7858423352628677,0.1155717001508349,0.1408275936482816,0.8387096774193549,0.0,2025-08-10 13:11:11,0.09543333333333331,7,1
7,42,0.2526677113648235,0.1359598869250541,0.0716921865835491,0.916117076800324,0.0546093138368615,0.7897916864033012,0.2458103882735497,0.255795133706188,0.8387096774193549,0.0,2025-08-10 13:11:11,0.0975071633237822,8,1
10,42,0.5384672785613014,0.1372283754910264,0.1015364828364628,0.8741371850703181,0.0311660283953188,0.7919455098853211,0.0442092172945506,0.0985667272106029,0.7741935483870968,0.0,2025-08-10 13:11:11,0.10288762446657179,7,1
6,42,0.0989478397134542,0.0316217173832049,0.063071463281269,0.9335270425394524,0.1072509150952182,0.7779573980192922,0.1550059649717816,0.2370744690416674,0.8387096774193549,1.0,2025-08-10 13:11:12,0.09326388888888887,9,1
1,42,0.4363107230803671,0.3436254231490662,0.0880409514207666,0.8973793993332881,0.020523453863014,0.7999425916974154,0.1675933942028209,0.2321170596028078,0.8064516129032258,0.0,2025-08-10 13:11:12,0.0983892617449664,8,1
5,42,0.4663084844414596,0.1408865922138942,0.0899041076829217,0.892178324639625,0.0374288555480076,0.7839686707751256,0.1142418535740742,0.1934348793017665,0.8064516129032258,0.0,2025-08-10 13:11:12,0.10205211726384363,8,1
4,42,0.6799492575180957,0.2619651296021036,0.0912739365582257,0.8898948522898121,0.1390093730812685,0.8461910927253398,0.100095499049472,0.0913194382002265,0.8387096774193549,0.0,2025-08-10 13:11:12,0.10042904290429043,8,1
9,42,0.0333557197224087,0.0,0.0491657114105979,0.950118742122388,0.069060364337733,0.7642453966071612,0.0083926111701162,0.1203085942417321,0.8387096774193549,0.0,2025-08-10 13:11:13,0.0946938775510204,6,0
2,42,1.0,0.2361858220710851,0.1296088674316768,0.8427864104194857,0.1742589340490145,0.7835496468458227,0.084277167397041,0.1396406927185426,0.8064516129032258,0.0,2025-08-10 13:11:12,0.10119155354449468,7,1
8,43,0.0,1.0,0.0031328429244413,1.0,0.0030044643800195,0.5699393447680309,0.0139708266766628,0.0603760917390496,0.4193548387096774,0.0,2025-08-10 13:11:22,0.0699588477366255,5,0
9,43,0.0333557197224087,0.0,0.0529229775119143,0.9524940526294228,0.0513297928569227,0.7844759528847065,0.0048701540182489,0.0692838431612326,0.8387096774193549,0.0,2025-08-10 13:11:25,0.0946938775510204,5,0
7,43,0.2526677113648235,0.1359598869250541,0.0754244787761445,0.9102873245926302,0.0544400482417616,0.8075060748348399,0.0066046071597511,0.0700631215494452,0.8387096774193549,0.0,2025-08-10 13:11:24,0.09863768115942026,6,0
3,43,0.2123722110290276,0.3645455145047961,0.0811347862964324,0.905685037311756,0.1704927744752816,0.8053348426291871,0.1760187309039089,0.3994581017977353,0.8709677419354839,0.0,2025-08-10 13:11:25,0.09511627906976741,8,1
10,43,0.5384672785613014,0.1372283754910264,0.1112505442788961,0.8587471989423634,0.0290502084053375,0.8133436652083825,0.0421356086502503,0.1408755492414024,0.8064516129032258,0.0,2025-08-10 13:11:24,0.10004149377593358,6,0
6,43,0.0989478397134542,0.0316217173832049,0.0564866601707925,0.9376303293609144,0.1057275247038504,0.7966750147569297,0.1618991518137381,0.2794252522164476,0.8709677419354839,0.0,2025-08-10 13:11:25,0.09013422818791944,8,1
5,43,0.4663084844414596,0.1408865922138942,0.1187634223284579,0.8531303562250533,0.0391003533429698,0.8022275878877388,0.0924823505261372,0.270985067827192,0.8387096774193549,0.0,2025-08-10 13:11:25,0.10025600000000001,6,0
4,43,0.6799492575180957,0.2619651296021036,0.1042738875165086,0.8711818095216017,0.1381207286912302,0.8658993872938989,0.0009698657360715,0.0854568669412124,0.8387096774193549,0.0,2025-08-10 13:11:25,0.10020856201975846,7,1
2,43,1.0,0.2361858220710851,0.1243041506390904,0.8444291835222408,0.2097200770185173,0.8016437883649808,0.0967902204213263,0.0905461542611541,0.8387096774193549,0.0,2025-08-10 13:11:26,0.10157456472369412,8,1
1,43,0.4363107230803671,0.3436254231490662,0.071987609766061,0.9184297823260767,1.0,0.81830515144375,0.4370107905000758,0.7092812056036111,0.8387096774193549,0.0,2025-08-10 13:11:33,0.0983892617449664,9,1
8,44,0.0,1.0,0.0004684619130925,1.0,0.0131180839118731,0.5613928760264062,0.0113706344885445,0.1050946823241678,0.4193548387096774,0.0,2025-08-10 13:11:42,0.0699588477366255,5,0
9,44,0.0333557197224087,0.0,0.0505167409313165,0.950118742122388,0.0499121934703743,0.8020077521451192,0.0009906910739626,0.1080799179959357,0.8709677419354839,0.0,2025-08-10 13:11:43,0.09666666666666666,5,0
3,44,0.2123722110290276,0.3645455145047961,0.0856706926694625,0.893751332275306,0.1645473203143902,0.8293119181741408,0.0,0.1077682066406507,0.8709677419354839,0.0,2025-08-10 13:11:43,0.09511627906976741,6,0
7,44,0.2526677113648235,0.1359598869250541,0.0866246541534459,0.8924743351807142,0.0517741150637648,0.83221512648045,0.0787822532420588,0.2692346886782839,0.8709677419354839,0.0,2025-08-10 13:11:43,0.09892441860465112,6,0
10,44,0.5384672785613014,0.1372283754910264,0.1202565331406837,0.8459475349727938,0.0289232592090126,0.8322535876140575,0.003141650973287,0.1151713513286696,0.8064516129032258,0.0,2025-08-10 13:11:43,0.10437229437229434,7,1
6,44,0.0989478397134542,0.0316217173832049,0.0566596522594851,0.9310650835850814,0.1090705202819516,0.8187225559569009,0.2278946475906571,0.4024133652238028,0.8709677419354839,0.0,2025-08-10 13:11:44,0.0939160839160839,8,1
5,44,0.4663084844414596,0.1408865922138942,0.0845259712112138,0.9041389636134576,0.0392061443517302,0.8306540093100235,0.123265174977464,0.2485298613483914,0.8709677419354839,0.0,2025-08-10 13:11:44,0.10391376451077941,8,1
1,44,0.4363107230803671,0.3436254231490662,0.0833420444238576,0.9009504452750552,0.0249878340322979,0.8441898992156358,0.0717611393244855,0.2685213492306124,0.8709677419354839,0.0,2025-08-10 13:11:44,0.09972789115646256,7,1
4,44,0.6799492575180957,0.2619651296021036,0.0943614607983342,0.8853071487506426,0.1411463512666962,0.8892574410147909,0.0002320537650723,0.1368952350123785,0.8709677419354839,0.0,2025-08-10 13:11:44,0.10076158940397345,7,1
2,44,1.0,0.2361858220710851,0.1623129661852616,0.7976922329102053,0.1827645303919504,0.8217294068969315,0.0008121881777531,0.1361579177681467,0.8709677419354839,0.0,2025-08-10 13:11:44,0.1018057663125948,8,1
8,45,0.0,1.0,0.0016418803128003,1.0,0.0041046907757556,0.574768443732981,0.1368789958617078,0.1514018019314115,0.4516129032258064,0.0,2025-08-10 13:11:59,0.0699588477366255,6,0
9,45,0.0333557197224087,0.0,0.048242636957233,0.9548693631364576,0.0519433806509826,0.8261342188300853,0.3226945607192477,0.2693605721102259,0.9032258064516128,0.0,2025-08-10 13:12:02,0.0946938775510204,7,1
3,45,0.2123722110290276,0.3645455145047961,0.0814441794670926,0.9006805803609864,0.1684615872877765,0.8527780679231718,0.0808856123690607,0.241348511278556,0.9032258064516128,0.0,2025-08-10 13:12:02,0.09543333333333331,7,1
7,45,0.2526677113648235,0.1359598869250541,0.0717368534697788,0.9157931469338996,0.0580157840131252,0.8544869568174585,0.0928988572839594,0.2573836627283136,0.9032258064516128,0.0,2025-08-10 13:12:02,0.09778735632183906,7,1
10,45,0.5384672785613014,0.1372283754910264,0.0845695590952967,0.8939461106273539,0.0298965364025123,0.8624261445021226,0.183920459109449,0.134059860569113,0.8387096774193549,0.0,2025-08-10 13:12:02,0.1033285714285714,8,1
6,45,0.0989478397134542,0.0316217173832049,0.0710654194289926,0.931885780364892,0.1088589382801948,0.8412951928441238,0.0269688125689839,0.1280174558358959,0.9032258064516128,1.0,2025-08-10 13:12:03,0.091986301369863,7,1
5,45,0.4663084844414596,0.1408865922138942,0.0791873347740455,0.9067773727039504,0.0402428961335398,0.856879644181883,0.114125826691538,0.1324893148944077,0.8709677419354839,0.0,2025-08-10 13:12:03,0.10041666666666664,6,0
1,45,0.4363107230803671,0.3436254231490662,0.0808258304306071,0.9054612228613586,0.0197194422626437,0.8665293401769859,0.2431001192994356,0.2270397611811462,0.8709677419354839,0.0,2025-08-10 13:12:03,0.09938983050847452,8,1
4,45,0.6799492575180957,0.2619651296021036,0.0806199549196586,0.90510674596839,0.1411040348679213,0.9104952741388148,0.1409875375227963,0.2018570803436018,0.9032258064516128,0.0,2025-08-10 13:12:03,0.09742796157950902,9,1
2,45,1.0,0.2361858220710851,0.0942855408763526,0.8881270006095527,0.199098660681659,0.8467740825400221,0.148261530543333,0.382008260350915,0.8709677419354839,0.0,2025-08-10 13:12:03,0.10165151515151512,10,1
8,46,0.0,1.0,0.0015800159386085,1.0,0.0022427691823651,0.5898128197840833,0.1016514492947648,0.0901685039653281,0.4516129032258064,0.0,2025-08-10 13:12:11,0.0699588477366255,6,0
9,46,0.0333557197224087,0.0,0.0414331352146555,0.9596199841505272,0.052133804457293,0.8468591018879965,0.0873087415843322,0.234059261124199,0.9032258064516128,0.0,2025-08-10 13:12:14,0.09666666666666666,6,0
3,46,0.2123722110290276,0.3645455145047961,0.0884039049270698,0.8987557892260752,0.1654994393075172,0.8705058165379638,0.0001249520273466,0.0605559252132525,0.9032258064516128,0.0,2025-08-10 13:12:14,0.09543333333333331,6,0
7,46,0.2526677113648235,0.1359598869250541,0.0652281461538805,0.932958407998026,0.0541226752430674,0.8708673511938742,0.00639635378084,0.0989743497521295,0.9032258064516128,0.0,2025-08-10 13:12:14,0.09612994350282483,5,0
10,46,0.5384672785613014,0.1372283754910264,0.0771664255460298,0.9065933022343254,0.0292194740083194,0.8757442229353051,0.006244626319062,0.0726227513322663,0.8709677419354839,0.0,2025-08-10 13:12:14,0.10101955307262568,6,0
6,46,0.0989478397134542,0.0316217173832049,0.0529353694000063,0.9384509604481944,0.1066373272932761,0.8590609977384852,0.1120581681437781,0.1271902218545626,0.935483870967742,0.0,2025-08-10 13:12:14,0.09013422818791944,7,1
5,46,0.4663084844414596,0.1408865922138942,0.0920394576848937,0.884790871155787,0.0380001269432926,0.8722936519696556,0.2115051066703557,0.2056815388949832,0.9032258064516128,0.0,2025-08-10 13:12:14,0.10357024793388427,8,1
1,46,0.4363107230803671,0.3436254231490662,0.1058280498863309,0.8691869244569652,0.0198463914826147,0.8810097545531909,0.0286199643589217,0.1410194160207647,0.9032258064516128,0.0,2025-08-10 13:12:14,0.09855462184873946,6,0
4,46,0.6799492575180957,0.2619651296021036,0.0943541311890369,0.8850657287021512,0.1390093730812685,0.9281189752658476,0.0008449137087249,0.0863440454139466,0.9032258064516128,0.0,2025-08-10 13:12:14,0.09826695371367059,7,1
2,46,1.0,0.2361858220710851,0.1041318109783148,0.873259927022004,0.2122379027968607,0.8674058491691993,0.0013536469629219,0.087111334903879,0.9032258064516128,0.0,2025-08-10 13:12:15,0.1002091112770724,7,1
8,47,0.0,1.0,0.0006674549232875,1.0,0.0057761885628357,0.6076705265450648,0.0210811920423408,0.0765970711121501,0.4516129032258064,0.0,2025-08-10 13:12:32,0.0699588477366255,5,0
9,47,0.0333557197224087,0.0,0.0403985242618353,0.9667458499791022,0.0515836912653365,0.869083564302562,0.1246069217473053,0.2266021663939192,0.935483870967742,0.0,2025-08-10 13:12:35,0.0946938775510204,7,1
3,47,0.2123722110290276,0.3645455145047961,0.0756256152336108,0.9168488258942414,0.1673613608959814,0.8945666968687781,0.0017552784793933,0.1104297420588535,0.935483870967742,0.0,2025-08-10 13:12:35,0.09575250836120398,6,0
7,47,0.2526677113648235,0.1359598869250541,0.0632723858396314,0.9271287214828624,0.055815331229535,0.8982788035429589,0.0661263979008059,0.2301688636322765,0.935483870967742,0.0,2025-08-10 13:12:35,0.09695156695156693,7,1
10,47,0.5384672785613014,0.1372283754910264,0.0750540578144548,0.9119264846062244,0.0298542200037374,0.8986164518106287,0.0101270643116184,0.1284310728265626,0.8709677419354839,0.0,2025-08-10 13:12:35,0.10172995780590714,7,1
6,47,0.0989478397134542,0.0316217173832049,0.0588183077571669,0.9433748783569366,0.1075259716872554,0.8837085115703235,0.126894733867057,0.2487276781700145,0.935483870967742,0.0,2025-08-10 13:12:35,0.09136054421768705,8,1
5,47,0.4663084844414596,0.1408865922138942,0.0753042389598129,0.9073050151065308,0.0347629223700108,0.8968691017827345,0.0124059512865596,0.1170895750535004,0.9032258064516128,0.0,2025-08-10 13:12:36,0.1018861788617886,6,0
1,47,0.4363107230803671,0.3436254231490662,0.071530231688623,0.9208731502944006,0.0306370733830446,0.909028892813274,0.1612178657598719,0.2471571324953093,0.9032258064516128,0.0,2025-08-10 13:12:36,0.09922165820642975,8,1
4,47,0.6799492575180957,0.2619651296021036,0.0943114559411312,0.8833755255925904,0.1419503628631256,0.9562757638988416,0.301184961726004,0.4186043723512028,0.935483870967742,0.0,2025-08-10 13:12:36,0.09816129032258064,9,1
2,47,1.0,0.2361858220710851,0.0947379517412641,0.8856628738016851,0.19361868691813,0.896429025443457,0.1558925293562888,0.2763800720532787,0.9032258064516128,1.0,2025-08-10 13:12:36,0.10142101284958423,10,1
8,48,0.0,1.0,0.0027030186165843,1.0,0.0042316399720805,0.6238905987224427,0.1332226615376834,0.0904442486257725,0.4838709677419355,0.0,2025-08-10 13:12:48,0.0699588477366255,7,1
3,48,0.2123722110290276,0.3645455145047961,0.0611125372602806,0.9334020953470088,0.165076275309915,0.9180858824967836,0.2175563548518574,0.2018750636910221,0.967741935483871,0.0,2025-08-10 13:12:50,0.09543333333333331,8,1
9,48,0.0333557197224087,0.0,0.0468166666970977,0.964370539472067,0.0537418276422697,0.8892011663035125,0.0433672786340958,0.1230720352953165,0.967741935483871,0.0,2025-08-10 13:12:50,0.0946938775510204,5,0
7,48,0.2526677113648235,0.1359598869250541,0.0633745392983909,0.9316629513024476,0.0543977318429867,0.9212894924992694,0.1049894534538822,0.1081638402838971,0.967741935483871,0.0,2025-08-10 13:12:50,0.09892441860465112,7,1
10,48,0.5384672785613014,0.1372283754910264,0.0957807336398573,0.8852606384392598,0.0315468759921755,0.924754638210286,0.2092232446471444,0.3336810113834589,0.9032258064516128,0.0,2025-08-10 13:12:50,0.10045833333333329,8,1
6,48,0.0989478397134542,0.0316217173832049,0.0572595394266383,0.9400922883152856,0.1069970166946863,0.9028985929702766,0.2628157641857739,0.2775549840847375,0.967741935483871,0.0,2025-08-10 13:12:51,0.09524822695035459,8,1
5,48,0.4663084844414596,0.1408865922138942,0.0738185480698394,0.9113505581939456,0.0542073080445583,0.9226530408991648,0.1016097986189825,0.1006468010622163,0.935483870967742,0.0,2025-08-10 13:12:51,0.10025600000000001,6,0
4,48,0.6799492575180957,0.2619651296021036,0.0689118071968519,0.9180247878773832,0.1405539216720237,0.982118811704816,0.0067622847180695,0.1015219906366704,0.935483870967742,0.0,2025-08-10 13:12:51,0.09966157205240173,7,1
1,48,0.4363107230803671,0.3436254231490662,0.1359452718893287,0.83573182098618,0.0218564204441304,0.9326476725346212,0.1313781316101853,0.2632881951313084,0.935483870967742,0.0,2025-08-10 13:12:51,0.09888701517706573,8,1
2,48,1.0,0.2361858220710851,0.1256127568375146,0.8443470678594887,0.2068637200342101,0.9141037381792744,0.0306995230997622,0.1257455596117994,0.935483870967742,0.0,2025-08-10 13:12:51,0.10234935163996947,8,1
8,49,0.0,1.0,0.0008807019321077,1.0,0.0044432219698963,0.6394811228707715,0.0085800392111362,0.0258840313869356,0.4838709677419355,0.0,2025-08-10 13:13:05,0.0699588477366255,6,0
6,49,0.0989478397134542,0.0316217173832049,0.0570604801671375,0.9335270425394524,0.1075048134918089,0.9260967293461688,0.0797223684954288,0.2017731580556404,1.0,0.0,2025-08-10 13:13:08,0.09592857142857142,7,1
1,49,0.4363107230803671,0.3436254231490662,0.0679473741633992,0.9182418359971696,0.0327740515802954,0.9479924502819,0.1647522231048198,0.4304793760977335,0.967741935483871,0.0,2025-08-10 13:13:08,0.09888701517706572,8,1
9,49,0.0333557197224087,0.0,0.0462494395464695,0.9548693631364576,0.0521972790593965,0.913939367439857,0.0071758164276215,0.0969242481462166,0.967741935483871,0.0,2025-08-10 13:13:09,0.09666666666666666,5,0
10,49,0.5384672785613014,0.1372283754910264,0.1366831382385055,0.8302528011972332,0.0302985421987565,0.923662746869871,0.0002201535719917,0.0912954604036662,0.9032258064516128,0.0,2025-08-10 13:13:08,0.10144460028050489,7,1
3,49,0.2123722110290276,0.3645455145047961,0.0634039955816692,0.9326321788930444,0.2139094005888671,0.9159053386482572,0.1200848483766649,0.3104405320673056,0.967741935483871,0.0,2025-08-10 13:13:09,0.09511627906976741,8,1
7,49,0.2526677113648235,0.1359598869250541,0.066005298638493,0.9203273767534844,0.0762118358962242,0.9150077772460696,0.2148609611190941,0.4081920141948555,0.967741935483871,0.0,2025-08-10 13:13:09,0.09612994350282483,8,1
5,49,0.4663084844414596,0.1408865922138942,0.0938176342096841,0.8870774967470496,0.0537629858455982,0.9155956253092074,0.0519978936658247,0.1946757302737665,0.967741935483871,0.0,2025-08-10 13:13:09,0.10305921052631575,7,1
4,49,0.6799492575180957,0.2619651296021036,0.1465648110188374,0.8173365986790858,0.1754861096450165,0.9745715227289108,0.0951360935831183,0.1476912379136919,0.967741935483871,0.0,2025-08-10 13:13:09,0.0992282608695652,7,1
2,49,1.0,0.2361858220710851,0.1020487949571228,0.8733420426847561,0.2373950024400225,0.9090523743474768,0.1336689187782071,0.2586484914968739,0.967741935483871,0.0,2025-08-10 13:13:10,0.10119155354449468,9,1
8,50,0.0,1.0,0.0,1.0,0.004125848967261,0.65606070543387,0.0228007699424923,0.048884732737485,0.4838709677419355,0.0,2025-08-10 13:13:20,0.0699588477366255,6,0
3,50,0.2123722110290276,0.3645455145047961,0.0599208483121058,0.9330171371200264,0.1596174597467587,0.9327646753515956,0.1350969419478831,0.1910790607897087,1.0,0.0,2025-08-10 13:13:23,0.0944884488448845,8,1
7,50,0.2526677113648235,0.1359598869250541,0.0606526589399825,0.9352255229078188,0.0561115460288417,0.9320914030864452,0.1101957879266591,0.0861941841854442,1.0,0.0,2025-08-10 13:13:23,0.09835260115606934,7,1
10,50,0.5384672785613014,0.1372283754910264,0.0974487568793985,0.8814512599979206,0.0298753782031249,0.9453969310444508,0.0055335897824942,0.0856426948645554,0.935483870967742,0.0,2025-08-10 13:13:23,0.10087866108786608,6,0
6,50,0.0989478397134542,0.0316217173832049,0.0624969873276717,0.9351683704065432,0.112328883062503,0.9220121569570524,0.2277934959494718,0.2845624951295101,1.0,0.0,2025-08-10 13:13:24,0.09326388888888887,8,1
5,50,0.4663084844414596,0.1408865922138942,0.0864475171754489,0.8930578162339659,0.0598353891998586,0.9404755253588424,0.0864430025377161,0.1315901475233933,0.967741935483871,0.0,2025-08-10 13:13:24,0.09914556962025314,6,0
1,50,0.4363107230803671,0.3436254231490662,0.1031285005943807,0.8735097557143612,0.0333453229834625,0.94980457695587,0.3153580916850376,0.4766126566799144,0.967741935483871,0.0,2025-08-10 13:13:24,0.09872053872053868,8,1
4,50,0.6799492575180957,0.2619651296021036,0.0745855332170415,0.9099359352485809,0.1439180754495125,1.0,0.0966593182974393,0.1730837244711397,1.0,0.0,2025-08-10 13:13:24,0.10065049614112455,8,1
9,50,0.0333557197224087,0.0,0.0429495230027105,0.9619952289650322,0.0714300827321871,0.9069835702134312,0.0017255279966917,0.1283111838437606,1.0,0.0,2025-08-10 13:13:25,0.0946938775510204,6,0
2,50,1.0,0.2361858220710851,0.0850729064668421,0.8959302221170375,0.2226688953274086,0.9262501690265608,0.0999407965394238,0.1184203427626018,0.967741935483871,1.0,2025-08-10 13:13:24,0.10149773071104384,10,1
