[job] CWD=/lustre07/scratch/aymenoml/system-utility-cifar10
[job] Found Model/mlp_client_selector.h5
=== Federated Server Started ===
[server] CWD = /lustre07/scratch/aymenoml/system-utility-cifar10
Total processes: 11 (1 server + 10 clients)

    [Client 8] Initializing...
    [Client 8] Starting on host: ng30706
    [Client 6] Initializing...
    [Client 6] Starting on host: ng30704
Loading data from .npy files...
Loading data from .npy files...
Loading data from .npy files...
    [Client 2] Initializing...
    [Client 2] Starting on host: ng10802
Training set: (50000, 32, 32, 3), Labels: (50000, 1)
Test set:     (10000, 32, 32, 3), Labels: (10000, 1)
Training set: (50000, 32, 32, 3), Labels: (50000, 1)
Test set:     (10000, 32, 32, 3), Labels: (10000, 1)
    [Client 3] Initializing...
    [Client 3] Starting on host: ng11104
Loading data from .npy files...
Loading data from .npy files...
    [Client 5] Initializing...
    [Client 5] Starting on host: ng30701
Training set: (50000, 32, 32, 3), Labels: (50000, 1)
Test set:     (10000, 32, 32, 3), Labels: (10000, 1)
Loading data from .npy files...
Training set: (50000, 32, 32, 3), Labels: (50000, 1)
Test set:     (10000, 32, 32, 3), Labels: (10000, 1)
    [Client 7] Initializing...
    [Client 7] Starting on host: ng30705
Loading data from .npy files...
    [Client 1] Initializing...
    [Client 1] Starting on host: ng10711
Loading data from .npy files...
Training set: (50000, 32, 32, 3), Labels: (50000, 1)
Test set:     (10000, 32, 32, 3), Labels: (10000, 1)
    [Client 9] Initializing...
    [Client 9] Starting on host: ng30709
    [Client 10] Initializing...
    [Client 10] Starting on host: ng30711
    [Client 4] Initializing...
    [Client 4] Starting on host: ng11105
Training set: (50000, 32, 32, 3), Labels: (50000, 1)
Test set:     (10000, 32, 32, 3), Labels: (10000, 1)
Loading data from .npy files...
Loading data from .npy files...
Loading data from .npy files...
Training set: (50000, 32, 32, 3), Labels: (50000, 1)
Test set:     (10000, 32, 32, 3), Labels: (10000, 1)
[Client 1] Generated proportions: [2.47087181e-02 2.62416128e-01 6.96910915e-02 2.55390858e-02
 2.79098245e-02 3.21334962e-03 2.38037198e-02 5.26157480e-01
 3.94032113e-05 3.65211988e-02]
[Client 3] Assigned 3484 samples (from 14356 to 17840)
[Client 2] Assigned 13121 samples (from 1235 to 14356)
[Client 5] Assigned 1396 samples (from 19117 to 20513)
[Client 1] Assigned 1235 samples (from 0 to 1235)
[Client 6] Assigned 160 samples (from 20513 to 20673)
[Client 7] Assigned 1191 samples (from 20673 to 21864)
Training set: (50000, 32, 32, 3), Labels: (50000, 10)
Test set:     (10000, 32, 32, 3), Labels: (10000, 10)
Training set: (50000, 32, 32, 3), Labels: (50000, 1)
Test set:     (10000, 32, 32, 3), Labels: (10000, 1)
Training set: (50000, 32, 32, 3), Labels: (50000, 1)
Test set:     (10000, 32, 32, 3), Labels: (10000, 1)
[Client 8] Assigned 26307 samples (from 21864 to 48171)
Training set: (50000, 32, 32, 3), Labels: (50000, 1)
Test set:     (10000, 32, 32, 3), Labels: (10000, 1)
[Client 9] Assigned 2 samples (from 48171 to 48173)
[Client 4] Assigned 1277 samples (from 17840 to 19117)
[Client 10] Assigned 1827 samples (from 48173 to 50000)
[selector] WARNING: could not initialize MLP selector: could not convert string to float: '0.8s0'
[selector] ENFORCE = True

===== Round 1 =====
Broadcasting global model to all clients...
    [Client 2] Round 1 - Selected, will train.
    [Client 2] Round 1 - Waiting for global weights...
    [Client 7] Round 1 - Selected, will train.
    [Client 7] Round 1 - Waiting for global weights...
    [Client 6] Round 1 - Selected, will train.
    [Client 6] Round 1 - Waiting for global weights...
    [Client 5] Round 1 - Selected, will train.
    [Client 5] Round 1 - Waiting for global weights...
    [Client 1] Round 1 - Selected, will train.
    [Client 1] Round 1 - Waiting for global weights...
    [Client 3] Round 1 - Selected, will train.
    [Client 3] Round 1 - Waiting for global weights...
    [Client 10] Round 1 - Selected, will train.
    [Client 10] Round 1 - Waiting for global weights...
    [Client 9] Round 1 - Selected, will train.
    [Client 9] Round 1 - Waiting for global weights...
    [Client 4] Round 1 - Selected, will train.
    [Client 4] Round 1 - Waiting for global weights...
    [Client 8] Round 1 - Selected, will train.
    [Client 8] Round 1 - Waiting for global weights...
Waiting for model weights from client 1...
    [Client 6] Round 1 - Sending updated weights to server...
    [Client 7] Round 1 - Sending updated weights to server...
    [Client 5] Round 1 - Sending updated weights to server...
    [Client 1] Round 1 - Sending updated weights to server...
Received weights from client 1
Waiting for model weights from client 2...
    [Client 2] Round 1 - Sending updated weights to server...
Received weights from client 2
Waiting for model weights from client 3...
    [Client 9] Round 1 - Sending updated weights to server...
    [Client 4] Round 1 - Sending updated weights to server...
    [Client 3] Round 1 - Sending updated weights to server...
Received weights from client 3
Waiting for model weights from client 4...
Received weights from client 4
Waiting for model weights from client 5...
Received weights from client 5
Waiting for model weights from client 6...
Received weights from client 6
Waiting for model weights from client 7...
Received weights from client 7
Waiting for model weights from client 8...
    [Client 8] Round 1 - Sending updated weights to server...
Received weights from client 8
Waiting for model weights from client 9...
Received weights from client 9
Waiting for model weights from client 10...
    [Client 10] Round 1 - Sending updated weights to server...
Received weights from client 10
Received system metrics from client 1: {'cpu_time': 43.50999999977648, 'ram_used_mb': 2908.065792, 'net_sent_bytes': 130136, 'net_recv_bytes': 137143, 'gpu_mem_used_mb': 38937.0, 'gpu_load': 0.0, 'client_rank': 1, 'round': 1, 'timestamp': '2025-08-18 18:46:09', 'participated': 1, 'data_size': 1235, 'data_variance': 0.0631512776017189, 'local_loss': 2.3608510494232178, 'local_accuracy': 16.842105984687805, 'tn': -1027, 'fp': 1027, 'fn': 1027, 'tp': 208, 'precision': 0.10037049831247542, 'recall': 0.16865467201621315, 'f1': 0.07628694770962532, 'confusion_mean': 0.16865467201484347}
Received system metrics from client 2: {'cpu_time': 67.70999999996275, 'ram_used_mb': 3099.881472, 'net_sent_bytes': 79371, 'net_recv_bytes': 90485, 'gpu_mem_used_mb': 38937.0, 'gpu_load': 0.0, 'client_rank': 2, 'round': 1, 'timestamp': '2025-08-18 18:46:10', 'participated': 1, 'data_size': 13121, 'data_variance': 0.06358262151479721, 'local_loss': 1.660804033279419, 'local_accuracy': 40.34753441810608, 'tn': -7827, 'fp': 7827, 'fn': 7827, 'tp': 5294, 'precision': 0.4890216861690376, 'recall': 0.4017287338390802, 'f1': 0.3796238621776596, 'confusion_mean': 0.4017287338387751}
Received system metrics from client 3: {'cpu_time': 219.48000000417233, 'ram_used_mb': 2908.8768, 'net_sent_bytes': 45000, 'net_recv_bytes': 76720, 'gpu_mem_used_mb': 38937.0, 'gpu_load': 0.0, 'client_rank': 3, 'round': 1, 'timestamp': '2025-08-18 18:46:12', 'participated': 1, 'data_size': 3484, 'data_variance': 0.0632089227437973, 'local_loss': 2.9247326850891113, 'local_accuracy': 18.226176500320435, 'tn': -2849, 'fp': 2849, 'fn': 2849, 'tp': 635, 'precision': 0.12848893435600717, 'recall': 0.18526332051634165, 'f1': 0.08482726031620362, 'confusion_mean': 0.18526332051579947}
Received system metrics from client 4: {'cpu_time': 123.32000000402331, 'ram_used_mb': 2908.319744, 'net_sent_bytes': 34026, 'net_recv_bytes': 46117, 'gpu_mem_used_mb': 38937.0, 'gpu_load': 0.0, 'client_rank': 4, 'round': 1, 'timestamp': '2025-08-18 18:46:11', 'participated': 1, 'data_size': 1277, 'data_variance': 0.06359560787677765, 'local_loss': 2.6541051864624023, 'local_accuracy': 14.408770203590393, 'tn': -1093, 'fp': 1093, 'fn': 1093, 'tp': 184, 'precision': 0.10580329271443516, 'recall': 0.1369833166287225, 'f1': 0.053563574011950374, 'confusion_mean': 0.13698331662769}
Received system metrics from client 5: {'cpu_time': 37.03000000119209, 'ram_used_mb': 2915.926016, 'net_sent_bytes': 42901, 'net_recv_bytes': 60005, 'gpu_mem_used_mb': 38937.0, 'gpu_load': 0.01, 'client_rank': 5, 'round': 1, 'timestamp': '2025-08-18 18:46:09', 'participated': 1, 'data_size': 1396, 'data_variance': 0.0641184002161026, 'local_loss': 2.391263008117676, 'local_accuracy': 17.765043675899506, 'tn': -1148, 'fp': 1148, 'fn': 1148, 'tp': 248, 'precision': 0.19267602852024251, 'recall': 0.17601676335931632, 'f1': 0.12440747448717131, 'confusion_mean': 0.17601676335806335}
Received system metrics from client 6: {'cpu_time': 114.01999999955297, 'ram_used_mb': 2772.283392, 'net_sent_bytes': 1249, 'net_recv_bytes': 28545, 'gpu_mem_used_mb': 38937.0, 'gpu_load': 0.0, 'client_rank': 6, 'round': 1, 'timestamp': '2025-08-18 18:46:06', 'participated': 1, 'data_size': 160, 'data_variance': 0.06430966407060623, 'local_loss': 2.5251903533935547, 'local_accuracy': 10.000000149011612, 'tn': -144, 'fp': 144, 'fn': 144, 'tp': 16, 'precision': 0.01, 'recall': 0.1, 'f1': 0.01818181818181818, 'confusion_mean': 0.09999999999375}
Received system metrics from client 7: {'cpu_time': 157.49000000208616, 'ram_used_mb': 2905.104384, 'net_sent_bytes': 2655, 'net_recv_bytes': 42013, 'gpu_mem_used_mb': 38937.0, 'gpu_load': 0.0, 'client_rank': 7, 'round': 1, 'timestamp': '2025-08-18 18:46:09', 'participated': 1, 'data_size': 1191, 'data_variance': 0.06395598500967026, 'local_loss': 2.4734840393066406, 'local_accuracy': 9.907640516757965, 'tn': -1073, 'fp': 1073, 'fn': 1073, 'tp': 118, 'precision': 0.06326250086378019, 'recall': 0.10047407489843865, 'f1': 0.04272244317248751, 'confusion_mean': 0.10047407489758267}
Received system metrics from client 8: {'cpu_time': 42.239999999757856, 'ram_used_mb': 3257.1392, 'net_sent_bytes': 994052, 'net_recv_bytes': 258781307, 'gpu_mem_used_mb': 38937.0, 'gpu_load': 0.0, 'client_rank': 8, 'round': 1, 'timestamp': '2025-08-18 18:46:16', 'participated': 1, 'data_size': 26307, 'data_variance': 0.0630842074751854, 'local_loss': 1.266442894935608, 'local_accuracy': 54.31634187698364, 'tn': -12018, 'fp': 12018, 'fn': 12018, 'tp': 14289, 'precision': 0.5639175364885194, 'recall': 0.5435466113584828, 'f1': 0.5324007546796231, 'confusion_mean': 0.5435466113582761}
Received system metrics from client 9: {'cpu_time': 9.71000000089407, 'ram_used_mb': 2795.020288, 'net_sent_bytes': 46848, 'net_recv_bytes': 35211, 'gpu_mem_used_mb': 38937.0, 'gpu_load': 0.0, 'client_rank': 9, 'round': 1, 'timestamp': '2025-08-18 18:46:06', 'participated': 1, 'data_size': 2, 'data_variance': 0.04466967657208443, 'local_loss': 2.3117494583129883, 'local_accuracy': 0.0, 'tn': -2, 'fp': 2, 'fn': 2, 'tp': 0, 'precision': 0.0, 'recall': 0.0, 'f1': 0.0, 'confusion_mean': 0.0}
Received system metrics from client 10: {'cpu_time': 123.6900000050664, 'ram_used_mb': 2886.811648, 'net_sent_bytes': 117907, 'net_recv_bytes': 106490, 'gpu_mem_used_mb': 38937.0, 'gpu_load': 0.0, 'client_rank': 10, 'round': 1, 'timestamp': '2025-08-18 18:46:10', 'participated': 1, 'data_size': 1827, 'data_variance': 0.06289092451334, 'local_loss': 2.516486883163452, 'local_accuracy': 16.69403463602066, 'tn': -1521, 'fp': 1521, 'fn': 1521, 'tp': 306, 'precision': 0.19711410032462665, 'recall': 0.17055346998595608, 'f1': 0.09581901748596766, 'confusion_mean': 0.17055346998500442}
[selector] Round 1: participants used in averaging = 10/10
Averaging model weights...
Evaluating updated global model on test set...
    [Client 5] Round 2 - Selected, will train.
    [Client 5] Round 2 - Waiting for global weights...
    [Client 1] Round 2 - Selected, will train.
    [Client 1] Round 2 - Waiting for global weights...
    [Client 2] Round 2 - Selected, will train.
    [Client 2] Round 2 - Waiting for global weights...
    [Client 6] Round 2 - Selected, will train.
    [Client 6] Round 2 - Waiting for global weights...
    [Client 9] Round 2 - Selected, will train.
    [Client 9] Round 2 - Waiting for global weights...
    [Client 8] Round 2 - Selected, will train.
    [Client 4] Round 2 - Selected, will train.
    [Client 4] Round 2 - Waiting for global weights...
    [Client 8] Round 2 - Waiting for global weights...
    [Client 10] Round 2 - Selected, will train.
    [Client 10] Round 2 - Waiting for global weights...
    [Client 7] Round 2 - Selected, will train.
    [Client 7] Round 2 - Waiting for global weights...
    [Client 3] Round 2 - Selected, will train.
    [Client 3] Round 2 - Waiting for global weights...
Round 1 Evaluation - Accuracy: 0.1000, Loss: 2.5534

===== Round 2 =====
Broadcasting global model to all clients...
Waiting for model weights from client 1...
    [Client 1] Round 2 - Sending updated weights to server...
Received weights from client 1
Waiting for model weights from client 2...
    [Client 7] Round 2 - Sending updated weights to server...
    [Client 9] Round 2 - Sending updated weights to server...
    [Client 3] Round 2 - Sending updated weights to server...
    [Client 8] Round 2 - Sending updated weights to server...
    [Client 2] Round 2 - Sending updated weights to server...
Received weights from client 2
Waiting for model weights from client 3...
Received weights from client 3
Waiting for model weights from client 4...
    [Client 5] Round 2 - Sending updated weights to server...
    [Client 10] Round 2 - Sending updated weights to server...
    [Client 4] Round 2 - Sending updated weights to server...
Received weights from client 4
Waiting for model weights from client 5...
Received weights from client 5
Waiting for model weights from client 6...
    [Client 6] Round 2 - Sending updated weights to server...
Received weights from client 6
Waiting for model weights from client 7...
Received weights from client 7
Waiting for model weights from client 8...
Received weights from client 8
Waiting for model weights from client 9...
Received weights from client 9
Waiting for model weights from client 10...
Received weights from client 10
Received system metrics from client 1: {'cpu_time': 28.65000000037253, 'ram_used_mb': 3148.242944, 'net_sent_bytes': 34384, 'net_recv_bytes': 61403, 'gpu_mem_used_mb': 38939.0, 'gpu_load': 0.0, 'client_rank': 1, 'round': 2, 'timestamp': '2025-08-18 18:47:04', 'participated': 1, 'data_size': 1235, 'data_variance': 0.0631512776017189, 'local_loss': 2.7872414588928223, 'local_accuracy': 16.842105984687805, 'tn': -1027, 'fp': 1027, 'fn': 1027, 'tp': 208, 'precision': 0.06405238010508467, 'recall': 0.17140719419616554, 'f1': 0.07679584297622218, 'confusion_mean': 0.17140719419475042}
Received system metrics from client 2: {'cpu_time': 53.14000000059605, 'ram_used_mb': 3414.511616, 'net_sent_bytes': 153877, 'net_recv_bytes': 160081, 'gpu_mem_used_mb': 38939.0, 'gpu_load': 0.0, 'client_rank': 2, 'round': 2, 'timestamp': '2025-08-18 18:47:05', 'participated': 1, 'data_size': 13121, 'data_variance': 0.06358262151479721, 'local_loss': 1.5018256902694702, 'local_accuracy': 46.642786264419556, 'tn': -7003, 'fp': 7003, 'fn': 7003, 'tp': 6118, 'precision': 0.5382561909163, 'recall': 0.465129307838148, 'f1': 0.4638240225109346, 'confusion_mean': 0.46512930783779416}
Received system metrics from client 3: {'cpu_time': 135.14000000059605, 'ram_used_mb': 3191.97184, 'net_sent_bytes': 79024, 'net_recv_bytes': 71715, 'gpu_mem_used_mb': 38939.0, 'gpu_load': 0.0, 'client_rank': 3, 'round': 2, 'timestamp': '2025-08-18 18:47:07', 'participated': 1, 'data_size': 3484, 'data_variance': 0.0632089227437973, 'local_loss': 2.5633931159973145, 'local_accuracy': 17.652124166488647, 'tn': -2869, 'fp': 2869, 'fn': 2869, 'tp': 615, 'precision': 0.1657113749143261, 'recall': 0.17479605307976195, 'f1': 0.12088620783206241, 'confusion_mean': 0.17479605307926366}
Received system metrics from client 4: {'cpu_time': 87.53999999910593, 'ram_used_mb': 3169.6896, 'net_sent_bytes': 32388, 'net_recv_bytes': 33717, 'gpu_mem_used_mb': 38939.0, 'gpu_load': 0.0, 'client_rank': 4, 'round': 2, 'timestamp': '2025-08-18 18:47:05', 'participated': 1, 'data_size': 1277, 'data_variance': 0.06359560787677765, 'local_loss': 2.5408289432525635, 'local_accuracy': 16.20986759662628, 'tn': -1070, 'fp': 1070, 'fn': 1070, 'tp': 207, 'precision': 0.0657514066360892, 'recall': 0.16186619809402297, 'f1': 0.0839538258952201, 'confusion_mean': 0.16186619809275404}
Received system metrics from client 5: {'cpu_time': 25.720000002533197, 'ram_used_mb': 3145.867264, 'net_sent_bytes': 24763, 'net_recv_bytes': 51833, 'gpu_mem_used_mb': 38939.0, 'gpu_load': 0.0, 'client_rank': 5, 'round': 2, 'timestamp': '2025-08-18 18:47:04', 'participated': 1, 'data_size': 1396, 'data_variance': 0.0641184002161026, 'local_loss': 2.542996883392334, 'local_accuracy': 10.816618800163269, 'tn': -1245, 'fp': 1245, 'fn': 1245, 'tp': 151, 'precision': 0.14409922928709057, 'recall': 0.10153258954785671, 'f1': 0.022457919393752124, 'confusion_mean': 0.10153258954717385}
Received system metrics from client 6: {'cpu_time': 92.22000000020489, 'ram_used_mb': 2928.992256, 'net_sent_bytes': 368, 'net_recv_bytes': 20855, 'gpu_mem_used_mb': 38939.0, 'gpu_load': 0.0, 'client_rank': 6, 'round': 2, 'timestamp': '2025-08-18 18:47:02', 'participated': 1, 'data_size': 160, 'data_variance': 0.06430966407060623, 'local_loss': 2.499405860900879, 'local_accuracy': 11.249999701976776, 'tn': -142, 'fp': 142, 'fn': 142, 'tp': 18, 'precision': 0.11069182389937107, 'recall': 0.10454545454545454, 'f1': 0.028013833992094866, 'confusion_mean': 0.10454545453936559}
Received system metrics from client 7: {'cpu_time': 117.35999999940395, 'ram_used_mb': 3177.1648, 'net_sent_bytes': 48093, 'net_recv_bytes': 64838, 'gpu_mem_used_mb': 38939.0, 'gpu_load': 0.0, 'client_rank': 7, 'round': 2, 'timestamp': '2025-08-18 18:47:04', 'participated': 1, 'data_size': 1191, 'data_variance': 0.06395598500967026, 'local_loss': 2.280388116836548, 'local_accuracy': 20.403023064136505, 'tn': -948, 'fp': 948, 'fn': 948, 'tp': 243, 'precision': 0.06328822782973256, 'recall': 0.19537853253824217, 'f1': 0.0924956356595744, 'confusion_mean': 0.1953785325366639}
Received system metrics from client 8: {'cpu_time': 23.270000000018626, 'ram_used_mb': 3572.768768, 'net_sent_bytes': 11692, 'net_recv_bytes': 41275, 'gpu_mem_used_mb': 38939.0, 'gpu_load': 0.0, 'client_rank': 8, 'round': 2, 'timestamp': '2025-08-18 18:47:06', 'participated': 1, 'data_size': 26307, 'data_variance': 0.0630842074751854, 'local_loss': 1.1913537979125977, 'local_accuracy': 57.2205126285553, 'tn': -11254, 'fp': 11254, 'fn': 11254, 'tp': 15053, 'precision': 0.5693198524150306, 'recall': 0.572731551017016, 'f1': 0.5600493777831955, 'confusion_mean': 0.572731551016798}
Received system metrics from client 9: {'cpu_time': 39.05000000447035, 'ram_used_mb': 2971.451392, 'net_sent_bytes': 32630, 'net_recv_bytes': 25530, 'gpu_mem_used_mb': 38937.0, 'gpu_load': 0.0, 'client_rank': 9, 'round': 2, 'timestamp': '2025-08-18 18:47:02', 'participated': 1, 'data_size': 2, 'data_variance': 0.04466967657208443, 'local_loss': 2.494084596633911, 'local_accuracy': 50.0, 'tn': -1, 'fp': 1, 'fn': 1, 'tp': 1, 'precision': 0.25, 'recall': 0.5, 'f1': 0.3333333333333333, 'confusion_mean': 0.49999999949999996}
Received system metrics from client 10: {'cpu_time': 85.51000000536442, 'ram_used_mb': 3193.81504, 'net_sent_bytes': 105921, 'net_recv_bytes': 83478, 'gpu_mem_used_mb': 38939.0, 'gpu_load': 0.0, 'client_rank': 10, 'round': 2, 'timestamp': '2025-08-18 18:47:05', 'participated': 1, 'data_size': 1827, 'data_variance': 0.06289092451334, 'local_loss': 2.920952320098877, 'local_accuracy': 18.773946166038513, 'tn': -1484, 'fp': 1484, 'fn': 1484, 'tp': 343, 'precision': 0.11536716886203335, 'recall': 0.1877139869406958, 'f1': 0.10056867610152456, 'confusion_mean': 0.18771398693965952}
[selector] Round 2: participants used in averaging = 10/10
Averaging model weights...
Evaluating updated global model on test set...
    [Client 2] Round 3 - Selected, will train.
    [Client 6] Round 3 - Selected, will train.
    [Client 6] Round 3 - Waiting for global weights...
    [Client 2] Round 3 - Waiting for global weights...
    [Client 10] Round 3 - Selected, will train.
    [Client 10] Round 3 - Waiting for global weights...
    [Client 8] Round 3 - Selected, will train.
    [Client 4] Round 3 - Selected, will train.
    [Client 4] Round 3 - Waiting for global weights...
    [Client 8] Round 3 - Waiting for global weights...
    [Client 5] Round 3 - Selected, will train.
    [Client 1] Round 3 - Selected, will train.
    [Client 9] Round 3 - Selected, will train.
    [Client 9] Round 3 - Waiting for global weights...
    [Client 5] Round 3 - Waiting for global weights...
    [Client 1] Round 3 - Waiting for global weights...
    [Client 7] Round 3 - Selected, will train.
    [Client 7] Round 3 - Waiting for global weights...
    [Client 3] Round 3 - Selected, will train.
    [Client 3] Round 3 - Waiting for global weights...
Round 2 Evaluation - Accuracy: 0.1003, Loss: 2.6499

===== Round 3 =====
Broadcasting global model to all clients...
Waiting for model weights from client 1...
    [Client 6] Round 3 - Sending updated weights to server...
    [Client 7] Round 3 - Sending updated weights to server...
    [Client 5] Round 3 - Sending updated weights to server...
    [Client 3] Round 3 - Sending updated weights to server...
    [Client 2] Round 3 - Sending updated weights to server...
    [Client 1] Round 3 - Sending updated weights to server...
Received weights from client 1
Waiting for model weights from client 2...
Received weights from client 2
Waiting for model weights from client 3...
Received weights from client 3
Waiting for model weights from client 4...
    [Client 10] Round 3 - Sending updated weights to server...
    [Client 9] Round 3 - Sending updated weights to server...
    [Client 4] Round 3 - Sending updated weights to server...
Received weights from client 4
Waiting for model weights from client 5...
Received weights from client 5
Waiting for model weights from client 6...
Received weights from client 6
Waiting for model weights from client 7...
Received weights from client 7
Waiting for model weights from client 8...
    [Client 8] Round 3 - Sending updated weights to server...
Received weights from client 8
Waiting for model weights from client 9...
Received weights from client 9
Waiting for model weights from client 10...
Received weights from client 10
Received system metrics from client 1: {'cpu_time': 32.17000000178814, 'ram_used_mb': 3328.425984, 'net_sent_bytes': 762, 'net_recv_bytes': 33490, 'gpu_mem_used_mb': 38941.0, 'gpu_load': 0.0, 'client_rank': 1, 'round': 3, 'timestamp': '2025-08-18 18:48:34', 'participated': 1, 'data_size': 1235, 'data_variance': 0.0631512776017189, 'local_loss': 2.651137351989746, 'local_accuracy': 20.728744566440582, 'tn': -980, 'fp': 980, 'fn': 980, 'tp': 255, 'precision': 0.12451975042841748, 'recall': 0.2100264106063098, 'f1': 0.1376911769185291, 'confusion_mean': 0.21002641060457852}
Received system metrics from client 2: {'cpu_time': 67.18999999947846, 'ram_used_mb': 3611.922432, 'net_sent_bytes': 84319, 'net_recv_bytes': 100530, 'gpu_mem_used_mb': 38941.0, 'gpu_load': 0.0, 'client_rank': 2, 'round': 3, 'timestamp': '2025-08-18 18:48:35', 'participated': 1, 'data_size': 13121, 'data_variance': 0.06358262151479721, 'local_loss': 1.2296446561813354, 'local_accuracy': 55.19396662712097, 'tn': -5880, 'fp': 5880, 'fn': 5880, 'tp': 7241, 'precision': 0.5758187640949637, 'recall': 0.551795428607037, 'f1': 0.5518846629390491, 'confusion_mean': 0.5517954286066163}
Received system metrics from client 3: {'cpu_time': 152.51999999955297, 'ram_used_mb': 3350.351872, 'net_sent_bytes': 76669, 'net_recv_bytes': 79819, 'gpu_mem_used_mb': 38941.0, 'gpu_load': 0.0, 'client_rank': 3, 'round': 3, 'timestamp': '2025-08-18 18:48:36', 'participated': 1, 'data_size': 3484, 'data_variance': 0.0632089227437973, 'local_loss': 2.3529605865478516, 'local_accuracy': 20.579794049263, 'tn': -2767, 'fp': 2767, 'fn': 2767, 'tp': 717, 'precision': 0.3436951722870616, 'recall': 0.20522893535291736, 'f1': 0.16084145793011287, 'confusion_mean': 0.20522893535232817}
Received system metrics from client 4: {'cpu_time': 88.49000000208616, 'ram_used_mb': 3350.413312, 'net_sent_bytes': 32618, 'net_recv_bytes': 38622, 'gpu_mem_used_mb': 38941.0, 'gpu_load': 0.0, 'client_rank': 4, 'round': 3, 'timestamp': '2025-08-18 18:48:34', 'participated': 1, 'data_size': 1277, 'data_variance': 0.06359560787677765, 'local_loss': 2.9471426010131836, 'local_accuracy': 10.180109739303589, 'tn': -1147, 'fp': 1147, 'fn': 1147, 'tp': 130, 'precision': 0.1834312264399053, 'recall': 0.10878174747964361, 'f1': 0.034288429922835706, 'confusion_mean': 0.10878174747873237}
Received system metrics from client 5: {'cpu_time': 37.24000000022352, 'ram_used_mb': 3347.484672, 'net_sent_bytes': 3324, 'net_recv_bytes': 38984, 'gpu_mem_used_mb': 38941.0, 'gpu_load': 0.0, 'client_rank': 5, 'round': 3, 'timestamp': '2025-08-18 18:48:34', 'participated': 1, 'data_size': 1396, 'data_variance': 0.0641184002161026, 'local_loss': 2.274500846862793, 'local_accuracy': 21.561604738235474, 'tn': -1095, 'fp': 1095, 'fn': 1095, 'tp': 301, 'precision': 0.27140331890331887, 'recall': 0.2061917637542471, 'f1': 0.11436713353775205, 'confusion_mean': 0.206191763752833}
Received system metrics from client 6: {'cpu_time': 101.74000000022352, 'ram_used_mb': 3066.097664, 'net_sent_bytes': 26599, 'net_recv_bytes': 22371, 'gpu_mem_used_mb': 38939.0, 'gpu_load': 0.0, 'client_rank': 6, 'round': 3, 'timestamp': '2025-08-18 18:48:31', 'participated': 1, 'data_size': 160, 'data_variance': 0.06430966407060623, 'local_loss': 2.7031702995300293, 'local_accuracy': 10.625000298023224, 'tn': -143, 'fp': 143, 'fn': 143, 'tp': 17, 'precision': 0.010624999999999999, 'recall': 0.1, 'f1': 0.0192090395480226, 'confusion_mean': 0.09999999999411766}
Received system metrics from client 7: {'cpu_time': 133.8399999961257, 'ram_used_mb': 3318.665216, 'net_sent_bytes': 21613, 'net_recv_bytes': 47705, 'gpu_mem_used_mb': 38941.0, 'gpu_load': 0.0, 'client_rank': 7, 'round': 3, 'timestamp': '2025-08-18 18:48:34', 'participated': 1, 'data_size': 1191, 'data_variance': 0.06395598500967026, 'local_loss': 2.914971351623535, 'local_accuracy': 12.762384116649628, 'tn': -1039, 'fp': 1039, 'fn': 1039, 'tp': 152, 'precision': 0.1654890605237923, 'recall': 0.13018210867575658, 'f1': 0.06887985120400507, 'confusion_mean': 0.1301821086746408}
Received system metrics from client 8: {'cpu_time': 25.669999999925494, 'ram_used_mb': 3722.948608, 'net_sent_bytes': 14298, 'net_recv_bytes': 101715, 'gpu_mem_used_mb': 38941.0, 'gpu_load': 0.0, 'client_rank': 8, 'round': 3, 'timestamp': '2025-08-18 18:48:36', 'participated': 1, 'data_size': 26307, 'data_variance': 0.0630842074751854, 'local_loss': 1.1371314525604248, 'local_accuracy': 59.778767824172974, 'tn': -10581, 'fp': 10581, 'fn': 10581, 'tp': 15726, 'precision': 0.6131631245186521, 'recall': 0.5978344343785682, 'f1': 0.586289888921689, 'confusion_mean': 0.5978344343783408}
Received system metrics from client 9: {'cpu_time': 31.03999999910593, 'ram_used_mb': 3074.33472, 'net_sent_bytes': 32690, 'net_recv_bytes': 26203, 'gpu_mem_used_mb': 38939.0, 'gpu_load': 0.0, 'client_rank': 9, 'round': 3, 'timestamp': '2025-08-18 18:48:31', 'participated': 1, 'data_size': 2, 'data_variance': 0.04466967657208443, 'local_loss': 2.4334378242492676, 'local_accuracy': 50.0, 'tn': -1, 'fp': 1, 'fn': 1, 'tp': 1, 'precision': 0.25, 'recall': 0.5, 'f1': 0.3333333333333333, 'confusion_mean': 0.49999999949999996}
Received system metrics from client 10: {'cpu_time': 101.31000000238419, 'ram_used_mb': 3367.268352, 'net_sent_bytes': 109816, 'net_recv_bytes': 94352, 'gpu_mem_used_mb': 38941.0, 'gpu_load': 0.0, 'client_rank': 10, 'round': 3, 'timestamp': '2025-08-18 18:48:35', 'participated': 1, 'data_size': 1827, 'data_variance': 0.06289092451334, 'local_loss': 3.233473777770996, 'local_accuracy': 10.72796955704689, 'tn': -1631, 'fp': 1631, 'fn': 1631, 'tp': 196, 'precision': 0.09235602280945944, 'recall': 0.11515379111910876, 'f1': 0.04183041582826159, 'confusion_mean': 0.11515379111843001}
[selector] Round 3: participants used in averaging = 10/10
Averaging model weights...
Evaluating updated global model on test set...
    [Client 1] Round 4 - Selected, will train.
    [Client 1] Round 4 - Waiting for global weights...
    [Client 9] Round 4 - Selected, will train.
    [Client 5] Round 4 - Selected, will train.
    [Client 5] Round 4 - Waiting for global weights...
    [Client 9] Round 4 - Waiting for global weights...
    [Client 6] Round 4 - Selected, will train.
    [Client 6] Round 4 - Waiting for global weights...
    [Client 2] Round 4 - Selected, will train.
    [Client 4] Round 4 - Selected, will train.
    [Client 4] Round 4 - Waiting for global weights...
    [Client 8] Round 4 - Selected, will train.
    [Client 8] Round 4 - Waiting for global weights...
    [Client 10] Round 4 - Selected, will train.
    [Client 10] Round 4 - Waiting for global weights...
    [Client 2] Round 4 - Waiting for global weights...
    [Client 7] Round 4 - Selected, will train.
    [Client 3] Round 4 - Selected, will train.
    [Client 3] Round 4 - Waiting for global weights...
    [Client 7] Round 4 - Waiting for global weights...
Round 3 Evaluation - Accuracy: 0.1269, Loss: 2.5374

===== Round 4 =====
Broadcasting global model to all clients...
Waiting for model weights from client 1...
    [Client 9] Round 4 - Sending updated weights to server...
    [Client 8] Round 4 - Sending updated weights to server...
    [Client 2] Round 4 - Sending updated weights to server...
    [Client 7] Round 4 - Sending updated weights to server...
    [Client 6] Round 4 - Sending updated weights to server...
    [Client 4] Round 4 - Sending updated weights to server...
    [Client 5] Round 4 - Sending updated weights to server...
    [Client 10] Round 4 - Sending updated weights to server...
    [Client 1] Round 4 - Sending updated weights to server...
Received weights from client 1
Waiting for model weights from client 2...
Received weights from client 2
Waiting for model weights from client 3...
    [Client 3] Round 4 - Sending updated weights to server...
Received weights from client 3
Waiting for model weights from client 4...
Received weights from client 4
Waiting for model weights from client 5...
Received weights from client 5
Waiting for model weights from client 6...
Received weights from client 6
Waiting for model weights from client 7...
Received weights from client 7
Waiting for model weights from client 8...
Received weights from client 8
Waiting for model weights from client 9...
Received weights from client 9
Waiting for model weights from client 10...
Received weights from client 10
Received system metrics from client 1: {'cpu_time': 25.83999999985099, 'ram_used_mb': 3563.298816, 'net_sent_bytes': 35215, 'net_recv_bytes': 39446, 'gpu_mem_used_mb': 38941.0, 'gpu_load': 0.0, 'client_rank': 1, 'round': 4, 'timestamp': '2025-08-18 18:49:55', 'participated': 1, 'data_size': 1235, 'data_variance': 0.0631512776017189, 'local_loss': 2.306990146636963, 'local_accuracy': 19.190283119678497, 'tn': -998, 'fp': 998, 'fn': 998, 'tp': 237, 'precision': 0.23825442715634054, 'recall': 0.19789991216134098, 'f1': 0.1432153250366352, 'confusion_mean': 0.19789991215968405}
Received system metrics from client 2: {'cpu_time': 60.730000000447035, 'ram_used_mb': 3869.831168, 'net_sent_bytes': 37410, 'net_recv_bytes': 76473, 'gpu_mem_used_mb': 38941.0, 'gpu_load': 0.0, 'client_rank': 2, 'round': 4, 'timestamp': '2025-08-18 18:49:57', 'participated': 1, 'data_size': 13121, 'data_variance': 0.06358262151479721, 'local_loss': 1.1343674659729004, 'local_accuracy': 59.53814387321472, 'tn': -5309, 'fp': 5309, 'fn': 5309, 'tp': 7812, 'precision': 0.5985595337920776, 'recall': 0.5953374842448605, 'f1': 0.583848737998902, 'confusion_mean': 0.5953374842444066}
Received system metrics from client 3: {'cpu_time': 145.35000000149012, 'ram_used_mb': 3578.380288, 'net_sent_bytes': 34842, 'net_recv_bytes': 43533, 'gpu_mem_used_mb': 38941.0, 'gpu_load': 0.0, 'client_rank': 3, 'round': 4, 'timestamp': '2025-08-18 18:49:57', 'participated': 1, 'data_size': 3484, 'data_variance': 0.0632089227437973, 'local_loss': 1.9501280784606934, 'local_accuracy': 34.29965674877167, 'tn': -2289, 'fp': 2289, 'fn': 2289, 'tp': 1195, 'precision': 0.5294863237798585, 'recall': 0.3445197588021252, 'f1': 0.3195816730264005, 'confusion_mean': 0.3445197588011299}
Received system metrics from client 4: {'cpu_time': 77.92000000178814, 'ram_used_mb': 3549.454336, 'net_sent_bytes': 64030, 'net_recv_bytes': 81835, 'gpu_mem_used_mb': 38941.0, 'gpu_load': 0.0, 'client_rank': 4, 'round': 4, 'timestamp': '2025-08-18 18:49:56', 'participated': 1, 'data_size': 1277, 'data_variance': 0.06359560787677765, 'local_loss': 2.260294198989868, 'local_accuracy': 21.06499671936035, 'tn': -1008, 'fp': 1008, 'fn': 1008, 'tp': 269, 'precision': 0.2953230219319536, 'recall': 0.2078032206154007, 'f1': 0.13542424062617542, 'confusion_mean': 0.20780322061379491}
Received system metrics from client 5: {'cpu_time': 33.25, 'ram_used_mb': 3574.165504, 'net_sent_bytes': 29416, 'net_recv_bytes': 44431, 'gpu_mem_used_mb': 38941.0, 'gpu_load': 0.0, 'client_rank': 5, 'round': 4, 'timestamp': '2025-08-18 18:49:55', 'participated': 1, 'data_size': 1396, 'data_variance': 0.0641184002161026, 'local_loss': 2.185340642929077, 'local_accuracy': 25.35816729068756, 'tn': -1042, 'fp': 1042, 'fn': 1042, 'tp': 354, 'precision': 0.44160946114670485, 'recall': 0.2526956287587725, 'f1': 0.1990347727413449, 'confusion_mean': 0.25269562875696155}
Received system metrics from client 6: {'cpu_time': 89.1000000005588, 'ram_used_mb': 3230.154752, 'net_sent_bytes': 118, 'net_recv_bytes': 19894, 'gpu_mem_used_mb': 38939.0, 'gpu_load': 0.0, 'client_rank': 6, 'round': 4, 'timestamp': '2025-08-18 18:49:53', 'participated': 1, 'data_size': 160, 'data_variance': 0.06430966407060623, 'local_loss': 2.5072646141052246, 'local_accuracy': 17.499999701976776, 'tn': -132, 'fp': 132, 'fn': 132, 'tp': 28, 'precision': 0.16497273718647762, 'recall': 0.1563789152024446, 'f1': 0.11001259016954892, 'confusion_mean': 0.1563789151934934}
Received system metrics from client 7: {'cpu_time': 114.5300000011921, 'ram_used_mb': 3570.159616, 'net_sent_bytes': 72616, 'net_recv_bytes': 57056, 'gpu_mem_used_mb': 38941.0, 'gpu_load': 0.0, 'client_rank': 7, 'round': 4, 'timestamp': '2025-08-18 18:49:55', 'participated': 1, 'data_size': 1191, 'data_variance': 0.06395598500967026, 'local_loss': 2.17340350151062, 'local_accuracy': 21.91435694694519, 'tn': -929, 'fp': 929, 'fn': 929, 'tp': 262, 'precision': 0.40807459050383577, 'recall': 0.21584616214182856, 'f1': 0.12524122434102228, 'confusion_mean': 0.2158461621400388}
Received system metrics from client 8: {'cpu_time': 22.209999999962747, 'ram_used_mb': 3944.579072, 'net_sent_bytes': 3403, 'net_recv_bytes': 42310, 'gpu_mem_used_mb': 38941.0, 'gpu_load': 0.0, 'client_rank': 8, 'round': 4, 'timestamp': '2025-08-18 18:49:57', 'participated': 1, 'data_size': 26307, 'data_variance': 0.0630842074751854, 'local_loss': 1.161695122718811, 'local_accuracy': 59.28460359573364, 'tn': -10709, 'fp': 10709, 'fn': 10709, 'tp': 15598, 'precision': 0.6437499632842847, 'recall': 0.5929316143139197, 'f1': 0.591031301617102, 'confusion_mean': 0.5929316143136943}
Received system metrics from client 9: {'cpu_time': 6.160000003874302, 'ram_used_mb': 3239.723008, 'net_sent_bytes': 730, 'net_recv_bytes': 24580, 'gpu_mem_used_mb': 38939.0, 'gpu_load': 0.0, 'client_rank': 9, 'round': 4, 'timestamp': '2025-08-18 18:49:53', 'participated': 1, 'data_size': 2, 'data_variance': 0.04466967657208443, 'local_loss': 2.37589955329895, 'local_accuracy': 50.0, 'tn': -1, 'fp': 1, 'fn': 1, 'tp': 1, 'precision': 0.3333333333333333, 'recall': 0.3333333333333333, 'f1': 0.3333333333333333, 'confusion_mean': 0.33333333299999995}
Received system metrics from client 10: {'cpu_time': 98.9699999988079, 'ram_used_mb': 3598.139392, 'net_sent_bytes': 58329, 'net_recv_bytes': 93542, 'gpu_mem_used_mb': 38941.0, 'gpu_load': 0.0, 'client_rank': 10, 'round': 4, 'timestamp': '2025-08-18 18:49:56', 'participated': 1, 'data_size': 1827, 'data_variance': 0.06289092451334, 'local_loss': 2.167963743209839, 'local_accuracy': 30.815544724464417, 'tn': -1264, 'fp': 1264, 'fn': 1264, 'tp': 563, 'precision': 0.31813014527559375, 'recall': 0.3111155334586863, 'f1': 0.24839412193912908, 'confusion_mean': 0.31111553345695603}
[selector] Round 4: participants used in averaging = 10/10
Averaging model weights...
Evaluating updated global model on test set...
    [Client 5] Round 5 - Selected, will train.
    [Client 1] Round 5 - Selected, will train.
    [Client 1] Round 5 - Waiting for global weights...
    [Client 5] Round 5 - Waiting for global weights...
    [Client 9] Round 5 - Selected, will train.
    [Client 9] Round 5 - Waiting for global weights...
    [Client 2] Round 5 - Selected, will train.
    [Client 6] Round 5 - Selected, will train.
    [Client 6] Round 5 - Waiting for global weights...
    [Client 2] Round 5 - Waiting for global weights...
    [Client 10] Round 5 - Selected, will train.
    [Client 10] Round 5 - Waiting for global weights...
    [Client 4] Round 5 - Selected, will train.
    [Client 8] Round 5 - Selected, will train.
    [Client 4] Round 5 - Waiting for global weights...
    [Client 8] Round 5 - Waiting for global weights...
    [Client 7] Round 5 - Selected, will train.
    [Client 3] Round 5 - Selected, will train.
    [Client 3] Round 5 - Waiting for global weights...
    [Client 7] Round 5 - Waiting for global weights...
Round 4 Evaluation - Accuracy: 0.2475, Loss: 2.1500

===== Round 5 =====
Broadcasting global model to all clients...
Waiting for model weights from client 1...
    [Client 6] Round 5 - Sending updated weights to server...
    [Client 3] Round 5 - Sending updated weights to server...
    [Client 9] Round 5 - Sending updated weights to server...
    [Client 7] Round 5 - Sending updated weights to server...
    [Client 1] Round 5 - Sending updated weights to server...
Received weights from client 1
Waiting for model weights from client 2...
    [Client 10] Round 5 - Sending updated weights to server...
    [Client 4] Round 5 - Sending updated weights to server...
    [Client 2] Round 5 - Sending updated weights to server...
Received weights from client 2
Waiting for model weights from client 3...
Received weights from client 3
Waiting for model weights from client 4...
Received weights from client 4
Waiting for model weights from client 5...
    [Client 5] Round 5 - Sending updated weights to server...
Received weights from client 5
Waiting for model weights from client 6...
Received weights from client 6
Waiting for model weights from client 7...
Received weights from client 7
Waiting for model weights from client 8...
    [Client 8] Round 5 - Sending updated weights to server...
Received weights from client 8
Waiting for model weights from client 9...
Received weights from client 9
Waiting for model weights from client 10...
Received weights from client 10
Received system metrics from client 1: {'cpu_time': 32.769999999552965, 'ram_used_mb': 3697.307648, 'net_sent_bytes': 958, 'net_recv_bytes': 32876, 'gpu_mem_used_mb': 38943.0, 'gpu_load': 0.0, 'client_rank': 1, 'round': 5, 'timestamp': '2025-08-18 18:50:31', 'participated': 1, 'data_size': 1235, 'data_variance': 0.0631512776017189, 'local_loss': 1.7886714935302734, 'local_accuracy': 36.92307770252228, 'tn': -778, 'fp': 778, 'fn': 778, 'tp': 457, 'precision': 0.5883900588818033, 'recall': 0.3812461275300755, 'f1': 0.3492739396306257, 'confusion_mean': 0.38124612752688464}
Received system metrics from client 2: {'cpu_time': 73.36999999918044, 'ram_used_mb': 4037.89824, 'net_sent_bytes': 75424, 'net_recv_bytes': 86437, 'gpu_mem_used_mb': 38943.0, 'gpu_load': 0.01, 'client_rank': 2, 'round': 5, 'timestamp': '2025-08-18 18:50:32', 'participated': 1, 'data_size': 13121, 'data_variance': 0.06358262151479721, 'local_loss': 1.1720068454742432, 'local_accuracy': 60.00304818153381, 'tn': -5248, 'fp': 5248, 'fn': 5248, 'tp': 7873, 'precision': 0.6186287847116269, 'recall': 0.6005231614230332, 'f1': 0.5900519163971953, 'confusion_mean': 0.6005231614225749}
Received system metrics from client 3: {'cpu_time': 150.9399999976158, 'ram_used_mb': 3736.02304, 'net_sent_bytes': 2995, 'net_recv_bytes': 42593, 'gpu_mem_used_mb': 38943.0, 'gpu_load': 0.0, 'client_rank': 3, 'round': 5, 'timestamp': '2025-08-18 18:50:33', 'participated': 1, 'data_size': 3484, 'data_variance': 0.0632089227437973, 'local_loss': 1.254148244857788, 'local_accuracy': 55.510908365249634, 'tn': -1550, 'fp': 1550, 'fn': 1550, 'tp': 1934, 'precision': 0.6195356598669629, 'recall': 0.5566918150671145, 'f1': 0.5598198072927738, 'confusion_mean': 0.5566918150655089}
Received system metrics from client 4: {'cpu_time': 83.28999999910593, 'ram_used_mb': 3707.416576, 'net_sent_bytes': 470, 'net_recv_bytes': 32868, 'gpu_mem_used_mb': 38943.0, 'gpu_load': 0.0, 'client_rank': 4, 'round': 5, 'timestamp': '2025-08-18 18:50:31', 'participated': 1, 'data_size': 1277, 'data_variance': 0.06359560787677765, 'local_loss': 1.9788540601730347, 'local_accuracy': 30.77525496482849, 'tn': -884, 'fp': 884, 'fn': 884, 'tp': 393, 'precision': 0.46005449394103826, 'recall': 0.30301195240791406, 'f1': 0.23854640946887282, 'confusion_mean': 0.3030119524055659}
Received system metrics from client 5: {'cpu_time': 33.730000000447035, 'ram_used_mb': 3711.926272, 'net_sent_bytes': 911, 'net_recv_bytes': 33056, 'gpu_mem_used_mb': 38943.0, 'gpu_load': 0.0, 'client_rank': 5, 'round': 5, 'timestamp': '2025-08-18 18:50:31', 'participated': 1, 'data_size': 1396, 'data_variance': 0.0641184002161026, 'local_loss': 1.8171439170837402, 'local_accuracy': 33.95415544509888, 'tn': -922, 'fp': 922, 'fn': 922, 'tp': 474, 'precision': 0.5212278493443219, 'recall': 0.33513317670195664, 'f1': 0.3094223756146026, 'confusion_mean': 0.33513317669957843}
Received system metrics from client 6: {'cpu_time': 95.71000000042841, 'ram_used_mb': 3327.844352, 'net_sent_bytes': 56471, 'net_recv_bytes': 45020, 'gpu_mem_used_mb': 38939.0, 'gpu_load': 0.0, 'client_rank': 6, 'round': 5, 'timestamp': '2025-08-18 18:50:28', 'participated': 1, 'data_size': 160, 'data_variance': 0.06430966407060623, 'local_loss': 2.368640422821045, 'local_accuracy': 25.624999403953552, 'tn': -119, 'fp': 119, 'fn': 119, 'tp': 41, 'precision': 0.2129107981220657, 'recall': 0.22979628214922335, 'f1': 0.17524065540194572, 'confusion_mean': 0.229796282135797}
Received system metrics from client 7: {'cpu_time': 120.17999999970198, 'ram_used_mb': 3690.057728, 'net_sent_bytes': 824, 'net_recv_bytes': 33127, 'gpu_mem_used_mb': 38943.0, 'gpu_load': 0.0, 'client_rank': 7, 'round': 5, 'timestamp': '2025-08-18 18:50:31', 'participated': 1, 'data_size': 1191, 'data_variance': 0.06395598500967026, 'local_loss': 1.9061648845672607, 'local_accuracy': 32.493701577186584, 'tn': -804, 'fp': 804, 'fn': 804, 'tp': 387, 'precision': 0.5723357334938772, 'recall': 0.32344769889308067, 'f1': 0.2769667737596114, 'confusion_mean': 0.3234476988903628}
Received system metrics from client 8: {'cpu_time': 22.87000000011176, 'ram_used_mb': 4096.937984, 'net_sent_bytes': 1786, 'net_recv_bytes': 42272, 'gpu_mem_used_mb': 38943.0, 'gpu_load': 0.0, 'client_rank': 8, 'round': 5, 'timestamp': '2025-08-18 18:50:32', 'participated': 1, 'data_size': 26307, 'data_variance': 0.0630842074751854, 'local_loss': 1.003495216369629, 'local_accuracy': 64.17303085327148, 'tn': -9423, 'fp': 9423, 'fn': 9423, 'tp': 16884, 'precision': 0.6536423506807004, 'recall': 0.641744185859033, 'f1': 0.6248185491849204, 'confusion_mean': 0.6417441858587891}
Received system metrics from client 9: {'cpu_time': 21.32999999821186, 'ram_used_mb': 3338.215424, 'net_sent_bytes': 402, 'net_recv_bytes': 20979, 'gpu_mem_used_mb': 38939.0, 'gpu_load': 0.0, 'client_rank': 9, 'round': 5, 'timestamp': '2025-08-18 18:50:28', 'participated': 1, 'data_size': 2, 'data_variance': 0.04466967657208443, 'local_loss': 1.9123952388763428, 'local_accuracy': 50.0, 'tn': -1, 'fp': 1, 'fn': 1, 'tp': 1, 'precision': 0.3333333333333333, 'recall': 0.3333333333333333, 'f1': 0.3333333333333333, 'confusion_mean': 0.33333333299999995}
Received system metrics from client 10: {'cpu_time': 88.01999999582767, 'ram_used_mb': 3762.372608, 'net_sent_bytes': 110809, 'net_recv_bytes': 87865, 'gpu_mem_used_mb': 38943.0, 'gpu_load': 0.0, 'client_rank': 10, 'round': 5, 'timestamp': '2025-08-18 18:50:31', 'participated': 1, 'data_size': 1827, 'data_variance': 0.06289092451334, 'local_loss': 1.6846275329589844, 'local_accuracy': 37.98576891422272, 'tn': -1133, 'fp': 1133, 'fn': 1133, 'tp': 694, 'precision': 0.5910819626405465, 'recall': 0.38097228655311605, 'f1': 0.36074199624788744, 'confusion_mean': 0.38097228655101023}
[selector] Round 5: participants used in averaging = 10/10
Averaging model weights...
Evaluating updated global model on test set...
    [Client 6] Round 6 - Selected, will train.
    [Client 6] Round 6 - Waiting for global weights...
    [Client 2] Round 6 - Selected, will train.
    [Client 2] Round 6 - Waiting for global weights...
    [Client 10] Round 6 - Selected, will train.
    [Client 10] Round 6 - Waiting for global weights...
    [Client 5] Round 6 - Selected, will train.
    [Client 5] Round 6 - Waiting for global weights...
    [Client 9] Round 6 - Selected, will train.
    [Client 9] Round 6 - Waiting for global weights...
    [Client 1] Round 6 - Selected, will train.
    [Client 1] Round 6 - Waiting for global weights...
    [Client 8] Round 6 - Selected, will train.
    [Client 8] Round 6 - Waiting for global weights...
    [Client 4] Round 6 - Selected, will train.
    [Client 4] Round 6 - Waiting for global weights...
    [Client 7] Round 6 - Selected, will train.
    [Client 7] Round 6 - Waiting for global weights...
    [Client 3] Round 6 - Selected, will train.
    [Client 3] Round 6 - Waiting for global weights...
Round 5 Evaluation - Accuracy: 0.3691, Loss: 1.7481

===== Round 6 =====
Broadcasting global model to all clients...
Waiting for model weights from client 1...
    [Client 6] Round 6 - Sending updated weights to server...
    [Client 5] Round 6 - Sending updated weights to server...
    [Client 1] Round 6 - Sending updated weights to server...
Received weights from client 1
Waiting for model weights from client 2...
    [Client 9] Round 6 - Sending updated weights to server...
    [Client 2] Round 6 - Sending updated weights to server...
Received weights from client 2
Waiting for model weights from client 3...
    [Client 7] Round 6 - Sending updated weights to server...
    [Client 4] Round 6 - Sending updated weights to server...
    [Client 8] Round 6 - Sending updated weights to server...
    [Client 3] Round 6 - Sending updated weights to server...
Received weights from client 3
Waiting for model weights from client 4...
Received weights from client 4
Waiting for model weights from client 5...
Received weights from client 5
Waiting for model weights from client 6...
Received weights from client 6
Waiting for model weights from client 7...
Received weights from client 7
Waiting for model weights from client 8...
Received weights from client 8
Waiting for model weights from client 9...
Received weights from client 9
Waiting for model weights from client 10...
    [Client 10] Round 6 - Sending updated weights to server...
Received weights from client 10
Received system metrics from client 1: {'cpu_time': 29.42999999783933, 'ram_used_mb': 3953.9712, 'net_sent_bytes': 14198, 'net_recv_bytes': 33352, 'gpu_mem_used_mb': 38945.0, 'gpu_load': 0.0, 'client_rank': 1, 'round': 6, 'timestamp': '2025-08-18 18:50:59', 'participated': 1, 'data_size': 1235, 'data_variance': 0.0631512776017189, 'local_loss': 1.4775301218032837, 'local_accuracy': 46.39676213264465, 'tn': -662, 'fp': 662, 'fn': 662, 'tp': 573, 'precision': 0.5617473269970713, 'recall': 0.45671646345586475, 'f1': 0.44585745506118907, 'confusion_mean': 0.4567164634522113}
Received system metrics from client 2: {'cpu_time': 61.87999999988824, 'ram_used_mb': 4281.77408, 'net_sent_bytes': 111154, 'net_recv_bytes': 99698, 'gpu_mem_used_mb': 38943.0, 'gpu_load': 0.0, 'client_rank': 2, 'round': 6, 'timestamp': '2025-08-18 18:51:00', 'participated': 1, 'data_size': 13121, 'data_variance': 0.06358262151479721, 'local_loss': 0.9383388161659241, 'local_accuracy': 66.29067659378052, 'tn': -4423, 'fp': 4423, 'fn': 4423, 'tp': 8698, 'precision': 0.665349116514472, 'recall': 0.6642523272215974, 'f1': 0.6574873617923607, 'confusion_mean': 0.66425232722109}
Received system metrics from client 3: {'cpu_time': 145.49000000208616, 'ram_used_mb': 3966.898176, 'net_sent_bytes': 1679, 'net_recv_bytes': 42082, 'gpu_mem_used_mb': 38945.0, 'gpu_load': 0.0, 'client_rank': 3, 'round': 6, 'timestamp': '2025-08-18 18:51:01', 'participated': 1, 'data_size': 3484, 'data_variance': 0.0632089227437973, 'local_loss': 1.1436665058135986, 'local_accuracy': 58.75430703163147, 'tn': -1437, 'fp': 1437, 'fn': 1437, 'tp': 2047, 'precision': 0.6507376176597048, 'recall': 0.5872751389041564, 'f1': 0.5872527967989903, 'confusion_mean': 0.5872751389024685}
Received system metrics from client 4: {'cpu_time': 78.35999999940395, 'ram_used_mb': 3971.743744, 'net_sent_bytes': 268, 'net_recv_bytes': 33162, 'gpu_mem_used_mb': 38945.0, 'gpu_load': 0.0, 'client_rank': 4, 'round': 6, 'timestamp': '2025-08-18 18:51:00', 'participated': 1, 'data_size': 1277, 'data_variance': 0.06359560787677765, 'local_loss': 1.5154426097869873, 'local_accuracy': 47.768205404281616, 'tn': -667, 'fp': 667, 'fn': 667, 'tp': 610, 'precision': 0.6177880073204733, 'recall': 0.47104866978131466, 'f1': 0.44117113416953835, 'confusion_mean': 0.4710486697776572}
Received system metrics from client 5: {'cpu_time': 32.230000000447035, 'ram_used_mb': 3961.69216, 'net_sent_bytes': 2897, 'net_recv_bytes': 30768, 'gpu_mem_used_mb': 38945.0, 'gpu_load': 0.0, 'client_rank': 5, 'round': 6, 'timestamp': '2025-08-18 18:50:59', 'participated': 1, 'data_size': 1396, 'data_variance': 0.0641184002161026, 'local_loss': 1.3748743534088135, 'local_accuracy': 52.36389636993408, 'tn': -665, 'fp': 665, 'fn': 665, 'tp': 731, 'precision': 0.6507084067439769, 'recall': 0.5169974430780284, 'f1': 0.5224185965644778, 'confusion_mean': 0.5169974430743591}
Received system metrics from client 6: {'cpu_time': 88.62999999988824, 'ram_used_mb': 3480.875008, 'net_sent_bytes': 41546, 'net_recv_bytes': 39110, 'gpu_mem_used_mb': 38941.0, 'gpu_load': 0.0, 'client_rank': 6, 'round': 6, 'timestamp': '2025-08-18 18:50:57', 'participated': 1, 'data_size': 160, 'data_variance': 0.06430966407060623, 'local_loss': 1.5424954891204834, 'local_accuracy': 50.0, 'tn': -80, 'fp': 80, 'fn': 80, 'tp': 80, 'precision': 0.6794296021438879, 'recall': 0.46289735591206177, 'f1': 0.452258004157994, 'confusion_mean': 0.46289735588384195}
Received system metrics from client 7: {'cpu_time': 115.11999999731779, 'ram_used_mb': 3935.66208, 'net_sent_bytes': 51540, 'net_recv_bytes': 61573, 'gpu_mem_used_mb': 38945.0, 'gpu_load': 0.0, 'client_rank': 7, 'round': 6, 'timestamp': '2025-08-18 18:50:59', 'participated': 1, 'data_size': 1191, 'data_variance': 0.06395598500967026, 'local_loss': 1.2807931900024414, 'local_accuracy': 52.560871839523315, 'tn': -565, 'fp': 565, 'fn': 565, 'tp': 626, 'precision': 0.6345889893747233, 'recall': 0.5232193269740416, 'f1': 0.5240626888895891, 'confusion_mean': 0.5232193269696355}
Received system metrics from client 8: {'cpu_time': 22.760000000242144, 'ram_used_mb': 4343.86944, 'net_sent_bytes': 1915, 'net_recv_bytes': 68980, 'gpu_mem_used_mb': 38943.0, 'gpu_load': 0.0, 'client_rank': 8, 'round': 6, 'timestamp': '2025-08-18 18:51:01', 'participated': 1, 'data_size': 26307, 'data_variance': 0.0630842074751854, 'local_loss': 0.9210754036903381, 'local_accuracy': 67.56376624107361, 'tn': -8533, 'fp': 8533, 'fn': 8533, 'tp': 17774, 'precision': 0.6868649610184734, 'recall': 0.6758581755012953, 'f1': 0.676206072821806, 'confusion_mean': 0.6758581755010382}
Received system metrics from client 9: {'cpu_time': 20.969999998807907, 'ram_used_mb': 3505.352704, 'net_sent_bytes': 468, 'net_recv_bytes': 21033, 'gpu_mem_used_mb': 38939.0, 'gpu_load': 0.0, 'client_rank': 9, 'round': 6, 'timestamp': '2025-08-18 18:50:57', 'participated': 1, 'data_size': 2, 'data_variance': 0.04466967657208443, 'local_loss': 1.2538424730300903, 'local_accuracy': 50.0, 'tn': -1, 'fp': 1, 'fn': 1, 'tp': 1, 'precision': 0.3333333333333333, 'recall': 0.3333333333333333, 'f1': 0.3333333333333333, 'confusion_mean': 0.33333333299999995}
Received system metrics from client 10: {'cpu_time': 84.49000000208616, 'ram_used_mb': 3985.89952, 'net_sent_bytes': 78087, 'net_recv_bytes': 106077, 'gpu_mem_used_mb': 38943.0, 'gpu_load': 0.0, 'client_rank': 10, 'round': 6, 'timestamp': '2025-08-18 18:50:59', 'participated': 1, 'data_size': 1827, 'data_variance': 0.06289092451334, 'local_loss': 1.3667312860488892, 'local_accuracy': 50.79365372657776, 'tn': -900, 'fp': 900, 'fn': 900, 'tp': 927, 'precision': 0.6180809058901024, 'recall': 0.5059043075077222, 'f1': 0.5025022901299775, 'confusion_mean': 0.5059043075049452}
[selector] Round 6: participants used in averaging = 10/10
Averaging model weights...
Evaluating updated global model on test set...
    [Client 5] Round 7 - Selected, will train.
    [Client 5] Round 7 - Waiting for global weights...
    [Client 9] Round 7 - Selected, will train.
    [Client 1] Round 7 - Selected, will train.
    [Client 1] Round 7 - Waiting for global weights...
    [Client 9] Round 7 - Waiting for global weights...
    [Client 2] Round 7 - Selected, will train.
    [Client 6] Round 7 - Selected, will train.
    [Client 4] Round 7 - Selected, will train.
    [Client 8] Round 7 - Selected, will train.
    [Client 8] Round 7 - Waiting for global weights...
    [Client 10] Round 7 - Selected, will train.
    [Client 10] Round 7 - Waiting for global weights...
    [Client 2] Round 7 - Waiting for global weights...
    [Client 6] Round 7 - Waiting for global weights...
    [Client 4] Round 7 - Waiting for global weights...
    [Client 7] Round 7 - Selected, will train.
    [Client 7] Round 7 - Waiting for global weights...
    [Client 3] Round 7 - Selected, will train.
    [Client 3] Round 7 - Waiting for global weights...
Round 6 Evaluation - Accuracy: 0.4998, Loss: 1.4109

===== Round 7 =====
Broadcasting global model to all clients...
Waiting for model weights from client 1...
    [Client 6] Round 7 - Sending updated weights to server...
    [Client 9] Round 7 - Sending updated weights to server...
    [Client 5] Round 7 - Sending updated weights to server...
    [Client 7] Round 7 - Sending updated weights to server...
    [Client 1] Round 7 - Sending updated weights to server...
Received weights from client 1
Waiting for model weights from client 2...
    [Client 8] Round 7 - Sending updated weights to server...
    [Client 10] Round 7 - Sending updated weights to server...
    [Client 3] Round 7 - Sending updated weights to server...
    [Client 2] Round 7 - Sending updated weights to server...
Received weights from client 2
Waiting for model weights from client 3...
Received weights from client 3
Waiting for model weights from client 4...
    [Client 4] Round 7 - Sending updated weights to server...
Received weights from client 4
Waiting for model weights from client 5...
Received weights from client 5
Waiting for model weights from client 6...
Received weights from client 6
Waiting for model weights from client 7...
Received weights from client 7
Waiting for model weights from client 8...
Received weights from client 8
Waiting for model weights from client 9...
Received weights from client 9
Waiting for model weights from client 10...
Received weights from client 10
Received system metrics from client 1: {'cpu_time': 29.919999999925494, 'ram_used_mb': 4102.418432, 'net_sent_bytes': 48768, 'net_recv_bytes': 39342, 'gpu_mem_used_mb': 38945.0, 'gpu_load': 0.0, 'client_rank': 1, 'round': 7, 'timestamp': '2025-08-18 18:51:20', 'participated': 1, 'data_size': 1235, 'data_variance': 0.0631512776017189, 'local_loss': 1.0649094581604004, 'local_accuracy': 63.07692527770996, 'tn': -456, 'fp': 456, 'fn': 456, 'tp': 779, 'precision': 0.6619316566859563, 'recall': 0.6283331270998411, 'f1': 0.6345282648527404, 'confusion_mean': 0.6283331270947536}
Received system metrics from client 2: {'cpu_time': 63.65000000037253, 'ram_used_mb': 4355.66592, 'net_sent_bytes': 66686, 'net_recv_bytes': 98942, 'gpu_mem_used_mb': 38945.0, 'gpu_load': 0.01, 'client_rank': 2, 'round': 7, 'timestamp': '2025-08-18 18:51:21', 'participated': 1, 'data_size': 13121, 'data_variance': 0.06358262151479721, 'local_loss': 0.9882452487945557, 'local_accuracy': 65.39897918701172, 'tn': -4539, 'fp': 4539, 'fn': 4539, 'tp': 8582, 'precision': 0.6573905737672756, 'recall': 0.6553177563213295, 'f1': 0.6408948064430386, 'confusion_mean': 0.6553177563208289}
Received system metrics from client 3: {'cpu_time': 150.57000000029802, 'ram_used_mb': 4080.80384, 'net_sent_bytes': 32983, 'net_recv_bytes': 40974, 'gpu_mem_used_mb': 38945.0, 'gpu_load': 0.0, 'client_rank': 3, 'round': 7, 'timestamp': '2025-08-18 18:51:22', 'participated': 1, 'data_size': 3484, 'data_variance': 0.0632089227437973, 'local_loss': 1.079497218132019, 'local_accuracy': 61.4810585975647, 'tn': -1342, 'fp': 1342, 'fn': 1342, 'tp': 2142, 'precision': 0.657537062218456, 'recall': 0.6146489821743641, 'f1': 0.6124270309484918, 'confusion_mean': 0.6146489821725973}
Received system metrics from client 4: {'cpu_time': 93.43999999761581, 'ram_used_mb': 4115.972096, 'net_sent_bytes': 44088, 'net_recv_bytes': 55665, 'gpu_mem_used_mb': 38945.0, 'gpu_load': 0.0, 'client_rank': 4, 'round': 7, 'timestamp': '2025-08-18 18:51:20', 'participated': 1, 'data_size': 1277, 'data_variance': 0.06359560787677765, 'local_loss': 1.2761836051940918, 'local_accuracy': 55.44244050979614, 'tn': -569, 'fp': 569, 'fn': 569, 'tp': 708, 'precision': 0.66896556441722, 'recall': 0.55802171778382, 'f1': 0.551326447939726, 'confusion_mean': 0.558021717779397}
Received system metrics from client 5: {'cpu_time': 34.82000000029802, 'ram_used_mb': 4115.562496, 'net_sent_bytes': 90705, 'net_recv_bytes': 57218, 'gpu_mem_used_mb': 38945.0, 'gpu_load': 0.0, 'client_rank': 5, 'round': 7, 'timestamp': '2025-08-18 18:51:20', 'participated': 1, 'data_size': 1396, 'data_variance': 0.0641184002161026, 'local_loss': 1.3127237558364868, 'local_accuracy': 48.85386824607849, 'tn': -714, 'fp': 714, 'fn': 714, 'tp': 682, 'precision': 0.6769559789819765, 'recall': 0.48269608233381633, 'f1': 0.48174980798225653, 'confusion_mean': 0.48269608233039}
Received system metrics from client 6: {'cpu_time': 70.75, 'ram_used_mb': 3584.0, 'net_sent_bytes': 32130, 'net_recv_bytes': 21332, 'gpu_mem_used_mb': 38941.0, 'gpu_load': 0.0, 'client_rank': 6, 'round': 7, 'timestamp': '2025-08-18 18:51:17', 'participated': 1, 'data_size': 160, 'data_variance': 0.06430966407060623, 'local_loss': 1.186428427696228, 'local_accuracy': 56.87500238418579, 'tn': -69, 'fp': 69, 'fn': 69, 'tp': 91, 'precision': 0.6913412303656207, 'recall': 0.5327104023427552, 'f1': 0.5258095956489252, 'confusion_mean': 0.5327104023098875}
Received system metrics from client 7: {'cpu_time': 120.07000000029802, 'ram_used_mb': 4086.448128, 'net_sent_bytes': 35405, 'net_recv_bytes': 34677, 'gpu_mem_used_mb': 38945.0, 'gpu_load': 0.01, 'client_rank': 7, 'round': 7, 'timestamp': '2025-08-18 18:51:20', 'participated': 1, 'data_size': 1191, 'data_variance': 0.06395598500967026, 'local_loss': 1.1465264558792114, 'local_accuracy': 58.77413749694824, 'tn': -491, 'fp': 491, 'fn': 491, 'tp': 700, 'precision': 0.6937563629608111, 'recall': 0.5793996540473818, 'f1': 0.5790929573136421, 'confusion_mean': 0.5793996540425536}
Received system metrics from client 8: {'cpu_time': 23.58999999985099, 'ram_used_mb': 4488.671232, 'net_sent_bytes': 63239, 'net_recv_bytes': 103880, 'gpu_mem_used_mb': 38945.0, 'gpu_load': 0.01, 'client_rank': 8, 'round': 7, 'timestamp': '2025-08-18 18:51:22', 'participated': 1, 'data_size': 26307, 'data_variance': 0.0630842074751854, 'local_loss': 0.8290752172470093, 'local_accuracy': 70.43752670288086, 'tn': -7776, 'fp': 7776, 'fn': 7776, 'tp': 18531, 'precision': 0.7112325937472599, 'recall': 0.7050500757614875, 'f1': 0.7044786844444657, 'confusion_mean': 0.7050500757612191}
Received system metrics from client 9: {'cpu_time': 22.450000002980232, 'ram_used_mb': 3615.8464, 'net_sent_bytes': 2262, 'net_recv_bytes': 20534, 'gpu_mem_used_mb': 38941.0, 'gpu_load': 0.0, 'client_rank': 9, 'round': 7, 'timestamp': '2025-08-18 18:51:17', 'participated': 1, 'data_size': 2, 'data_variance': 0.04466967657208443, 'local_loss': 0.37914231419563293, 'local_accuracy': 100.0, 'tn': 0, 'fp': 0, 'fn': 0, 'tp': 2, 'precision': 1.0, 'recall': 1.0, 'f1': 1.0, 'confusion_mean': 0.9999999989999999}
Received system metrics from client 10: {'cpu_time': 85.78999999910593, 'ram_used_mb': 4137.73824, 'net_sent_bytes': 65226, 'net_recv_bytes': 75003, 'gpu_mem_used_mb': 38945.0, 'gpu_load': 0.0, 'client_rank': 10, 'round': 7, 'timestamp': '2025-08-18 18:51:20', 'participated': 1, 'data_size': 1827, 'data_variance': 0.06289092451334, 'local_loss': 1.1510658264160156, 'local_accuracy': 60.04378795623779, 'tn': -731, 'fp': 731, 'fn': 731, 'tp': 1096, 'precision': 0.6975607595980872, 'recall': 0.5954161591387483, 'f1': 0.6061432531598601, 'confusion_mean': 0.595416159135497}
[selector] Round 7: participants used in averaging = 10/10
Averaging model weights...
Evaluating updated global model on test set...
    [Client 5] Round 8 - Selected, will train.
    [Client 5] Round 8 - Waiting for global weights...
    [Client 7] Round 8 - Selected, will train.
    [Client 7] Round 8 - Waiting for global weights...
    [Client 1] Round 8 - Selected, will train.
    [Client 9] Round 8 - Selected, will train.
    [Client 9] Round 8 - Waiting for global weights...
    [Client 3] Round 8 - Selected, will train.
    [Client 3] Round 8 - Waiting for global weights...
    [Client 1] Round 8 - Waiting for global weights...
    [Client 2] Round 8 - Selected, will train.
    [Client 2] Round 8 - Waiting for global weights...
    [Client 6] Round 8 - Selected, will train.
    [Client 6] Round 8 - Waiting for global weights...
    [Client 4] Round 8 - Selected, will train.
    [Client 4] Round 8 - Waiting for global weights...
    [Client 8] Round 8 - Selected, will train.
    [Client 8] Round 8 - Waiting for global weights...
    [Client 10] Round 8 - Selected, will train.
    [Client 10] Round 8 - Waiting for global weights...
Round 7 Evaluation - Accuracy: 0.5922, Loss: 1.1376

===== Round 8 =====
Broadcasting global model to all clients...
Waiting for model weights from client 1...
    [Client 6] Round 8 - Sending updated weights to server...
    [Client 7] Round 8 - Sending updated weights to server...
    [Client 5] Round 8 - Sending updated weights to server...
    [Client 9] Round 8 - Sending updated weights to server...
    [Client 8] Round 8 - Sending updated weights to server...
    [Client 3] Round 8 - Sending updated weights to server...
    [Client 2] Round 8 - Sending updated weights to server...
    [Client 1] Round 8 - Sending updated weights to server...
Received weights from client 1
Waiting for model weights from client 2...
Received weights from client 2
Waiting for model weights from client 3...
Received weights from client 3
Waiting for model weights from client 4...
    [Client 10] Round 8 - Sending updated weights to server...
    [Client 4] Round 8 - Sending updated weights to server...
Received weights from client 4
Waiting for model weights from client 5...
Received weights from client 5
Waiting for model weights from client 6...
Received weights from client 6
Waiting for model weights from client 7...
Received weights from client 7
Waiting for model weights from client 8...
Received weights from client 8
Waiting for model weights from client 9...
Received weights from client 9
Waiting for model weights from client 10...
Received weights from client 10
Received system metrics from client 1: {'cpu_time': 26.3899999987334, 'ram_used_mb': 4304.384, 'net_sent_bytes': 40530, 'net_recv_bytes': 51913, 'gpu_mem_used_mb': 38947.0, 'gpu_load': 0.0, 'client_rank': 1, 'round': 8, 'timestamp': '2025-08-18 18:51:38', 'participated': 1, 'data_size': 1235, 'data_variance': 0.0631512776017189, 'local_loss': 0.8832067847251892, 'local_accuracy': 68.82591247558594, 'tn': -385, 'fp': 385, 'fn': 385, 'tp': 850, 'precision': 0.7099756572678831, 'recall': 0.6838381358224306, 'f1': 0.6882909800950647, 'confusion_mean': 0.683838135816907}
Received system metrics from client 2: {'cpu_time': 59.56000000052154, 'ram_used_mb': 4623.007744, 'net_sent_bytes': 65431, 'net_recv_bytes': 71253, 'gpu_mem_used_mb': 38947.0, 'gpu_load': 0.0, 'client_rank': 2, 'round': 8, 'timestamp': '2025-08-18 18:51:39', 'participated': 1, 'data_size': 13121, 'data_variance': 0.06358262151479721, 'local_loss': 0.8497892618179321, 'local_accuracy': 69.59835290908813, 'tn': -3990, 'fp': 3990, 'fn': 3990, 'tp': 9131, 'precision': 0.7060806828092474, 'recall': 0.6968114012693778, 'f1': 0.6949709196533427, 'confusion_mean': 0.6968114012688458}
Received system metrics from client 3: {'cpu_time': 141.0600000023842, 'ram_used_mb': 4320.690176, 'net_sent_bytes': 105943, 'net_recv_bytes': 95897, 'gpu_mem_used_mb': 38947.0, 'gpu_load': 0.0, 'client_rank': 3, 'round': 8, 'timestamp': '2025-08-18 18:51:40', 'participated': 1, 'data_size': 3484, 'data_variance': 0.0632089227437973, 'local_loss': 0.9292898774147034, 'local_accuracy': 67.88174510002136, 'tn': -1121, 'fp': 1121, 'fn': 1121, 'tp': 2363, 'precision': 0.7048274827411601, 'recall': 0.6755850636643005, 'f1': 0.6754718125520046, 'confusion_mean': 0.6755850636623655}
Received system metrics from client 4: {'cpu_time': 96.5300000011921, 'ram_used_mb': 4297.080832, 'net_sent_bytes': 33127, 'net_recv_bytes': 34835, 'gpu_mem_used_mb': 38947.0, 'gpu_load': 0.0, 'client_rank': 4, 'round': 8, 'timestamp': '2025-08-18 18:51:38', 'participated': 1, 'data_size': 1277, 'data_variance': 0.06359560787677765, 'local_loss': 0.9041410684585571, 'local_accuracy': 69.92952227592468, 'tn': -384, 'fp': 384, 'fn': 384, 'tp': 893, 'precision': 0.7239289982644775, 'recall': 0.6998218664331657, 'f1': 0.6997033876859897, 'confusion_mean': 0.6998218664276511}
Received system metrics from client 5: {'cpu_time': 33.35999999940395, 'ram_used_mb': 4334.874624, 'net_sent_bytes': 58182, 'net_recv_bytes': 54403, 'gpu_mem_used_mb': 38947.0, 'gpu_load': 0.01, 'client_rank': 5, 'round': 8, 'timestamp': '2025-08-18 18:51:38', 'participated': 1, 'data_size': 1396, 'data_variance': 0.0641184002161026, 'local_loss': 1.0523141622543335, 'local_accuracy': 63.18051815032959, 'tn': -514, 'fp': 514, 'fn': 514, 'tp': 882, 'precision': 0.683288992404397, 'recall': 0.6346574705003902, 'f1': 0.6351248397441532, 'confusion_mean': 0.6346574704958099}
Received system metrics from client 6: {'cpu_time': 88.61000000033528, 'ram_used_mb': 3743.809536, 'net_sent_bytes': 212, 'net_recv_bytes': 16933, 'gpu_mem_used_mb': 38941.0, 'gpu_load': 0.0, 'client_rank': 6, 'round': 8, 'timestamp': '2025-08-18 18:51:35', 'participated': 1, 'data_size': 160, 'data_variance': 0.06430966407060623, 'local_loss': 0.8423536419868469, 'local_accuracy': 75.0, 'tn': -40, 'fp': 40, 'fn': 40, 'tp': 120, 'precision': 0.7907248677248677, 'recall': 0.7172706052117818, 'f1': 0.7254204462381042, 'confusion_mean': 0.717270605166448}
Received system metrics from client 7: {'cpu_time': 116.25, 'ram_used_mb': 4280.918016, 'net_sent_bytes': 19623, 'net_recv_bytes': 41053, 'gpu_mem_used_mb': 38947.0, 'gpu_load': 0.0, 'client_rank': 7, 'round': 8, 'timestamp': '2025-08-18 18:51:38', 'participated': 1, 'data_size': 1191, 'data_variance': 0.06395598500967026, 'local_loss': 0.9461222887039185, 'local_accuracy': 67.25440621376038, 'tn': -389, 'fp': 389, 'fn': 389, 'tp': 802, 'precision': 0.7065573765313495, 'recall': 0.6658499998709912, 'f1': 0.6701133511182271, 'confusion_mean': 0.6658499998654277}
Received system metrics from client 8: {'cpu_time': 22.820000000065193, 'ram_used_mb': 4712.677376, 'net_sent_bytes': 69635, 'net_recv_bytes': 111235, 'gpu_mem_used_mb': 38947.0, 'gpu_load': 0.0, 'client_rank': 8, 'round': 8, 'timestamp': '2025-08-18 18:51:40', 'participated': 1, 'data_size': 26307, 'data_variance': 0.0630842074751854, 'local_loss': 0.8263522386550903, 'local_accuracy': 70.69981098175049, 'tn': -7707, 'fp': 7707, 'fn': 7707, 'tp': 18600, 'precision': 0.7188660852648635, 'recall': 0.706749099913598, 'f1': 0.7070802948421274, 'confusion_mean': 0.7067490999133295}
Received system metrics from client 9: {'cpu_time': 21.239999994635582, 'ram_used_mb': 3763.433472, 'net_sent_bytes': 38042, 'net_recv_bytes': 34883, 'gpu_mem_used_mb': 38941.0, 'gpu_load': 0.0, 'client_rank': 9, 'round': 8, 'timestamp': '2025-08-18 18:51:35', 'participated': 1, 'data_size': 2, 'data_variance': 0.04466967657208443, 'local_loss': 0.6618601083755493, 'local_accuracy': 100.0, 'tn': 0, 'fp': 0, 'fn': 0, 'tp': 2, 'precision': 1.0, 'recall': 1.0, 'f1': 1.0, 'confusion_mean': 0.9999999989999999}
Received system metrics from client 10: {'cpu_time': 85.88000000268221, 'ram_used_mb': 4362.182656, 'net_sent_bytes': 81596, 'net_recv_bytes': 73634, 'gpu_mem_used_mb': 38947.0, 'gpu_load': 0.0, 'client_rank': 10, 'round': 8, 'timestamp': '2025-08-18 18:51:38', 'participated': 1, 'data_size': 1827, 'data_variance': 0.06289092451334, 'local_loss': 0.8949822783470154, 'local_accuracy': 69.62233185768127, 'tn': -555, 'fp': 555, 'fn': 555, 'tp': 1272, 'precision': 0.7308839090377144, 'recall': 0.6918938979391217, 'f1': 0.6978213150774172, 'confusion_mean': 0.6918938979353414}
[selector] Round 8: participants used in averaging = 10/10
Averaging model weights...
Evaluating updated global model on test set...
    [Client 2] Round 9 - Selected, will train.
    [Client 2] Round 9 - Waiting for global weights...
    [Client 6] Round 9 - Selected, will train.
    [Client 6] Round 9 - Waiting for global weights...
    [Client 1] Round 9 - Selected, will train.
    [Client 1] Round 9 - Waiting for global weights...
    [Client 9] Round 9 - Selected, will train.
    [Client 9] Round 9 - Waiting for global weights...
    [Client 5] Round 9 - Selected, will train.
    [Client 5] Round 9 - Waiting for global weights...
    [Client 4] Round 9 - Selected, will train.
    [Client 4] Round 9 - Waiting for global weights...
    [Client 8] Round 9 - Selected, will train.
    [Client 8] Round 9 - Waiting for global weights...
    [Client 10] Round 9 - Selected, will train.
    [Client 10] Round 9 - Waiting for global weights...
    [Client 7] Round 9 - Selected, will train.
    [Client 3] Round 9 - Selected, will train.
    [Client 3] Round 9 - Waiting for global weights...
    [Client 7] Round 9 - Waiting for global weights...
Round 8 Evaluation - Accuracy: 0.6599, Loss: 0.9753

===== Round 9 =====
Broadcasting global model to all clients...
Waiting for model weights from client 1...
    [Client 9] Round 9 - Sending updated weights to server...
    [Client 6] Round 9 - Sending updated weights to server...
    [Client 7] Round 9 - Sending updated weights to server...
    [Client 1] Round 9 - Sending updated weights to server...
Received weights from client 1
Waiting for model weights from client 2...
    [Client 3] Round 9 - Sending updated weights to server...
    [Client 10] Round 9 - Sending updated weights to server...
    [Client 2] Round 9 - Sending updated weights to server...
Received weights from client 2
Waiting for model weights from client 3...
Received weights from client 3
Waiting for model weights from client 4...
    [Client 8] Round 9 - Sending updated weights to server...
    [Client 5] Round 9 - Sending updated weights to server...
    [Client 4] Round 9 - Sending updated weights to server...
Received weights from client 4
Waiting for model weights from client 5...
Received weights from client 5
Waiting for model weights from client 6...
Received weights from client 6
Waiting for model weights from client 7...
Received weights from client 7
Waiting for model weights from client 8...
Received weights from client 8
Waiting for model weights from client 9...
Received weights from client 9
Waiting for model weights from client 10...
Received weights from client 10
Received system metrics from client 1: {'cpu_time': 28.980000000447035, 'ram_used_mb': 4535.926784, 'net_sent_bytes': 32455, 'net_recv_bytes': 37402, 'gpu_mem_used_mb': 38947.0, 'gpu_load': 0.0, 'client_rank': 1, 'round': 9, 'timestamp': '2025-08-18 18:51:55', 'participated': 1, 'data_size': 1235, 'data_variance': 0.0631512776017189, 'local_loss': 0.8068081140518188, 'local_accuracy': 71.82186245918274, 'tn': -348, 'fp': 348, 'fn': 348, 'tp': 887, 'precision': 0.7379736524387392, 'recall': 0.7183331582872949, 'f1': 0.719183968088366, 'confusion_mean': 0.7183331582814529}
Received system metrics from client 2: {'cpu_time': 64.12000000104308, 'ram_used_mb': 4787.982336, 'net_sent_bytes': 37251, 'net_recv_bytes': 77246, 'gpu_mem_used_mb': 38947.0, 'gpu_load': 0.0, 'client_rank': 2, 'round': 9, 'timestamp': '2025-08-18 18:51:56', 'participated': 1, 'data_size': 13121, 'data_variance': 0.06358262151479721, 'local_loss': 0.8958607316017151, 'local_accuracy': 68.57709288597107, 'tn': -4123, 'fp': 4123, 'fn': 4123, 'tp': 8998, 'precision': 0.6899474731190338, 'recall': 0.6869646056768353, 'f1': 0.6777384535239921, 'confusion_mean': 0.6869646056763103}
Received system metrics from client 3: {'cpu_time': 153.75, 'ram_used_mb': 4486.631424, 'net_sent_bytes': 33450, 'net_recv_bytes': 46032, 'gpu_mem_used_mb': 38947.0, 'gpu_load': 0.0, 'client_rank': 3, 'round': 9, 'timestamp': '2025-08-18 18:51:58', 'participated': 1, 'data_size': 3484, 'data_variance': 0.0632089227437973, 'local_loss': 0.8565735220909119, 'local_accuracy': 70.0344443321228, 'tn': -1044, 'fp': 1044, 'fn': 1044, 'tp': 2440, 'precision': 0.704818832378911, 'recall': 0.701346604269299, 'f1': 0.6949257490585324, 'confusion_mean': 0.7013466042672792}
Received system metrics from client 4: {'cpu_time': 99.48000000044703, 'ram_used_mb': 4510.240768, 'net_sent_bytes': 79357, 'net_recv_bytes': 85252, 'gpu_mem_used_mb': 38949.0, 'gpu_load': 0.0, 'client_rank': 4, 'round': 9, 'timestamp': '2025-08-18 18:51:56', 'participated': 1, 'data_size': 1277, 'data_variance': 0.06359560787677765, 'local_loss': 0.9514725804328918, 'local_accuracy': 67.1887218952179, 'tn': -419, 'fp': 419, 'fn': 419, 'tp': 858, 'precision': 0.7321554128015182, 'recall': 0.6670575546294969, 'f1': 0.6648495647185308, 'confusion_mean': 0.6670575546242803}
Received system metrics from client 5: {'cpu_time': 34.53000000119209, 'ram_used_mb': 4521.988096, 'net_sent_bytes': 430, 'net_recv_bytes': 32594, 'gpu_mem_used_mb': 38947.0, 'gpu_load': 0.0, 'client_rank': 5, 'round': 9, 'timestamp': '2025-08-18 18:51:55', 'participated': 1, 'data_size': 1396, 'data_variance': 0.0641184002161026, 'local_loss': 0.8337447047233582, 'local_accuracy': 73.20916652679443, 'tn': -374, 'fp': 374, 'fn': 374, 'tp': 1022, 'precision': 0.7584685796559143, 'recall': 0.7328903446857336, 'f1': 0.7354770121393983, 'confusion_mean': 0.732890344680462}
Received system metrics from client 6: {'cpu_time': 80.90000000037253, 'ram_used_mb': 3920.687104, 'net_sent_bytes': 934, 'net_recv_bytes': 24150, 'gpu_mem_used_mb': 38943.0, 'gpu_load': 0.0, 'client_rank': 6, 'round': 9, 'timestamp': '2025-08-18 18:51:52', 'participated': 1, 'data_size': 160, 'data_variance': 0.06430966407060623, 'local_loss': 0.68808513879776, 'local_accuracy': 81.25, 'tn': -30, 'fp': 30, 'fn': 30, 'tp': 130, 'precision': 0.8646589960514248, 'recall': 0.7889462906374671, 'f1': 0.801533160367868, 'confusion_mean': 0.7889462905866325}
Received system metrics from client 7: {'cpu_time': 120.85000000149012, 'ram_used_mb': 4454.694912, 'net_sent_bytes': 72243, 'net_recv_bytes': 55774, 'gpu_mem_used_mb': 38947.0, 'gpu_load': 0.0, 'client_rank': 7, 'round': 9, 'timestamp': '2025-08-18 18:51:55', 'participated': 1, 'data_size': 1191, 'data_variance': 0.06395598500967026, 'local_loss': 0.7842715978622437, 'local_accuracy': 74.2233395576477, 'tn': -307, 'fp': 307, 'fn': 307, 'tp': 884, 'precision': 0.7483368544276348, 'recall': 0.7326103258936751, 'f1': 0.7292035995312702, 'confusion_mean': 0.7326103258875636}
Received system metrics from client 8: {'cpu_time': 22.699999999953434, 'ram_used_mb': 4856.061952, 'net_sent_bytes': 697, 'net_recv_bytes': 40288, 'gpu_mem_used_mb': 38947.0, 'gpu_load': 0.0, 'client_rank': 8, 'round': 9, 'timestamp': '2025-08-18 18:51:57', 'participated': 1, 'data_size': 26307, 'data_variance': 0.0630842074751854, 'local_loss': 0.8395969867706299, 'local_accuracy': 70.38430571556091, 'tn': -7792, 'fp': 7792, 'fn': 7792, 'tp': 18515, 'precision': 0.7134481848490333, 'recall': 0.7042069332649776, 'f1': 0.702693263213769, 'confusion_mean': 0.7042069332647097}
Received system metrics from client 9: {'cpu_time': 21.259999997913837, 'ram_used_mb': 3921.014784, 'net_sent_bytes': 24081, 'net_recv_bytes': 25892, 'gpu_mem_used_mb': 38941.0, 'gpu_load': 0.01, 'client_rank': 9, 'round': 9, 'timestamp': '2025-08-18 18:51:52', 'participated': 1, 'data_size': 2, 'data_variance': 0.04466967657208443, 'local_loss': 0.1828356385231018, 'local_accuracy': 100.0, 'tn': 0, 'fp': 0, 'fn': 0, 'tp': 2, 'precision': 1.0, 'recall': 1.0, 'f1': 1.0, 'confusion_mean': 0.9999999989999999}
Received system metrics from client 10: {'cpu_time': 91.34000000357628, 'ram_used_mb': 4535.15264, 'net_sent_bytes': 57925, 'net_recv_bytes': 92857, 'gpu_mem_used_mb': 38947.0, 'gpu_load': 0.0, 'client_rank': 10, 'round': 9, 'timestamp': '2025-08-18 18:51:56', 'participated': 1, 'data_size': 1827, 'data_variance': 0.06289092451334, 'local_loss': 0.771851658821106, 'local_accuracy': 74.93157982826233, 'tn': -458, 'fp': 458, 'fn': 458, 'tp': 1369, 'precision': 0.7467273000104149, 'recall': 0.7442059970954599, 'f1': 0.7421704104128424, 'confusion_mean': 0.7442059970913968}
[selector] Round 9: participants used in averaging = 10/10
Averaging model weights...
Evaluating updated global model on test set...
    [Client 2] Round 10 - Selected, will train.
    [Client 2] Round 10 - Waiting for global weights...
    [Client 4] Round 10 - Selected, will train.
    [Client 4] Round 10 - Waiting for global weights...
    [Client 8] Round 10 - Selected, will train.
    [Client 8] Round 10 - Waiting for global weights...
    [Client 9] Round 10 - Selected, will train.
    [Client 5] Round 10 - Selected, will train.
    [Client 5] Round 10 - Waiting for global weights...
    [Client 1] Round 10 - Selected, will train.
    [Client 9] Round 10 - Waiting for global weights...
    [Client 1] Round 10 - Waiting for global weights...
    [Client 7] Round 10 - Selected, will train.
    [Client 3] Round 10 - Selected, will train.
    [Client 3] Round 10 - Waiting for global weights...
    [Client 7] Round 10 - Waiting for global weights...
Round 9 Evaluation - Accuracy: 0.6951, Loss: 0.8730

===== Round 10 =====
Broadcasting global model to all clients...
    [Client 6] Round 10 - Selected, will train.
    [Client 6] Round 10 - Waiting for global weights...
    [Client 10] Round 10 - Selected, will train.
    [Client 10] Round 10 - Waiting for global weights...
Waiting for model weights from client 1...
    [Client 6] Round 10 - Sending updated weights to server...
    [Client 7] Round 10 - Sending updated weights to server...
    [Client 2] Round 10 - Sending updated weights to server...
    [Client 10] Round 10 - Sending updated weights to server...
    [Client 3] Round 10 - Sending updated weights to server...
    [Client 9] Round 10 - Sending updated weights to server...
Received weights from client 1
    [Client 5] Round 10 - Sending updated weights to server...
    [Client 1] Round 10 - Sending updated weights to server...
Waiting for model weights from client 2...
Received weights from client 2
Waiting for model weights from client 3...
Received weights from client 3
Waiting for model weights from client 4...
    [Client 8] Round 10 - Sending updated weights to server...
    [Client 4] Round 10 - Sending updated weights to server...
Received weights from client 4
Waiting for model weights from client 5...
Received weights from client 5
Waiting for model weights from client 6...
Received weights from client 6
Waiting for model weights from client 7...
Received weights from client 7
Waiting for model weights from client 8...
Received weights from client 8
Waiting for model weights from client 9...
Received weights from client 9
Waiting for model weights from client 10...
Received weights from client 10
Received system metrics from client 1: {'cpu_time': 29.070000000298023, 'ram_used_mb': 4667.252736, 'net_sent_bytes': 2374, 'net_recv_bytes': 33973, 'gpu_mem_used_mb': 38949.0, 'gpu_load': 0.0, 'client_rank': 1, 'round': 10, 'timestamp': '2025-08-18 18:53:01', 'participated': 1, 'data_size': 1235, 'data_variance': 0.0631512776017189, 'local_loss': 0.7663337588310242, 'local_accuracy': 72.06477522850037, 'tn': -345, 'fp': 345, 'fn': 345, 'tp': 890, 'precision': 0.7416470639940813, 'recall': 0.7167272721587705, 'f1': 0.71633009900505, 'confusion_mean': 0.7167272721529774}
Received system metrics from client 2: {'cpu_time': 62.17999999970198, 'ram_used_mb': 5001.334784, 'net_sent_bytes': 74993, 'net_recv_bytes': 88995, 'gpu_mem_used_mb': 38949.0, 'gpu_load': 0.0, 'client_rank': 2, 'round': 10, 'timestamp': '2025-08-18 18:53:02', 'participated': 1, 'data_size': 13121, 'data_variance': 0.06358262151479721, 'local_loss': 0.8197559118270874, 'local_accuracy': 70.68058848381042, 'tn': -3847, 'fp': 3847, 'fn': 3847, 'tp': 9274, 'precision': 0.7274450016746257, 'recall': 0.7084956337607711, 'f1': 0.7090078975497396, 'confusion_mean': 0.7084956337602294}
Received system metrics from client 3: {'cpu_time': 126.34000000357628, 'ram_used_mb': 4678.647808, 'net_sent_bytes': 3013, 'net_recv_bytes': 37485, 'gpu_mem_used_mb': 38949.0, 'gpu_load': 0.0, 'client_rank': 3, 'round': 10, 'timestamp': '2025-08-18 18:53:03', 'participated': 1, 'data_size': 3484, 'data_variance': 0.0632089227437973, 'local_loss': 0.7775574922561646, 'local_accuracy': 73.1056272983551, 'tn': -937, 'fp': 937, 'fn': 937, 'tp': 2547, 'precision': 0.7449161119159066, 'recall': 0.7310046178725775, 'f1': 0.7294264198327498, 'confusion_mean': 0.7310046178704759}
Received system metrics from client 4: {'cpu_time': 93.57000000029802, 'ram_used_mb': 4688.211968, 'net_sent_bytes': 362, 'net_recv_bytes': 33449, 'gpu_mem_used_mb': 38949.0, 'gpu_load': 0.0, 'client_rank': 4, 'round': 10, 'timestamp': '2025-08-18 18:53:02', 'participated': 1, 'data_size': 1277, 'data_variance': 0.06359560787677765, 'local_loss': 0.7690001726150513, 'local_accuracy': 74.39311146736145, 'tn': -327, 'fp': 327, 'fn': 327, 'tp': 950, 'precision': 0.7585399367511362, 'recall': 0.7435133750433167, 'f1': 0.7431954605468809, 'confusion_mean': 0.7435133750374632}
Received system metrics from client 5: {'cpu_time': 33.190000001341105, 'ram_used_mb': 4706.381824, 'net_sent_bytes': 855, 'net_recv_bytes': 33125, 'gpu_mem_used_mb': 38949.0, 'gpu_load': 0.0, 'client_rank': 5, 'round': 10, 'timestamp': '2025-08-18 18:53:01', 'participated': 1, 'data_size': 1396, 'data_variance': 0.0641184002161026, 'local_loss': 0.7673242092132568, 'local_accuracy': 73.6389696598053, 'tn': -369, 'fp': 369, 'fn': 369, 'tp': 1027, 'precision': 0.7640017023801133, 'recall': 0.733652639848619, 'f1': 0.7383705115639998, 'confusion_mean': 0.7336526398433619}
Received system metrics from client 6: {'cpu_time': 90.67000000085682, 'ram_used_mb': 4009.361408, 'net_sent_bytes': 41657, 'net_recv_bytes': 39485, 'gpu_mem_used_mb': 38943.0, 'gpu_load': 0.0, 'client_rank': 6, 'round': 10, 'timestamp': '2025-08-18 18:52:59', 'participated': 1, 'data_size': 160, 'data_variance': 0.06430966407060623, 'local_loss': 0.578610360622406, 'local_accuracy': 84.375, 'tn': -25, 'fp': 25, 'fn': 25, 'tp': 135, 'precision': 0.8539877975481691, 'recall': 0.851309205500382, 'f1': 0.8491194962627386, 'confusion_mean': 0.8513092054424497}
Received system metrics from client 7: {'cpu_time': 116.88000000268221, 'ram_used_mb': 4683.6736, 'net_sent_bytes': 31903, 'net_recv_bytes': 62128, 'gpu_mem_used_mb': 38949.0, 'gpu_load': 0.0, 'client_rank': 7, 'round': 10, 'timestamp': '2025-08-18 18:53:01', 'participated': 1, 'data_size': 1191, 'data_variance': 0.06395598500967026, 'local_loss': 0.7294059991836548, 'local_accuracy': 75.48278570175171, 'tn': -292, 'fp': 292, 'fn': 292, 'tp': 899, 'precision': 0.7555878046557125, 'recall': 0.7456203122685007, 'f1': 0.7422215320156225, 'confusion_mean': 0.7456203122622759}
Received system metrics from client 8: {'cpu_time': 34.60000000009313, 'ram_used_mb': 5036.036096, 'net_sent_bytes': 19712, 'net_recv_bytes': 49503, 'gpu_mem_used_mb': 38949.0, 'gpu_load': 0.01, 'client_rank': 8, 'round': 10, 'timestamp': '2025-08-18 18:53:03', 'participated': 1, 'data_size': 26307, 'data_variance': 0.0630842074751854, 'local_loss': 0.785040557384491, 'local_accuracy': 72.65366911888123, 'tn': -7194, 'fp': 7194, 'fn': 7194, 'tp': 19113, 'precision': 0.7380028219812875, 'recall': 0.7269580894025822, 'f1': 0.7275352876512138, 'confusion_mean': 0.7269580894023056}
Received system metrics from client 9: {'cpu_time': 23.149999998509884, 'ram_used_mb': 3996.196864, 'net_sent_bytes': 272, 'net_recv_bytes': 21177, 'gpu_mem_used_mb': 38943.0, 'gpu_load': 0.0, 'client_rank': 9, 'round': 10, 'timestamp': '2025-08-18 18:52:59', 'participated': 1, 'data_size': 2, 'data_variance': 0.04466967657208443, 'local_loss': 0.17021633684635162, 'local_accuracy': 100.0, 'tn': 0, 'fp': 0, 'fn': 0, 'tp': 2, 'precision': 1.0, 'recall': 1.0, 'f1': 1.0, 'confusion_mean': 0.9999999989999999}
Received system metrics from client 10: {'cpu_time': 84.50999999791384, 'ram_used_mb': 4715.4176, 'net_sent_bytes': 103128, 'net_recv_bytes': 106908, 'gpu_mem_used_mb': 38949.0, 'gpu_load': 0.0, 'client_rank': 10, 'round': 10, 'timestamp': '2025-08-18 18:53:01', 'participated': 1, 'data_size': 1827, 'data_variance': 0.06289092451334, 'local_loss': 0.7621859312057495, 'local_accuracy': 74.22003149986267, 'tn': -471, 'fp': 471, 'fn': 471, 'tp': 1356, 'precision': 0.7531634408156734, 'recall': 0.7369518112546252, 'f1': 0.7374697090356361, 'confusion_mean': 0.736951811250603}
[selector] Round 10: participants used in averaging = 10/10
Averaging model weights...
Evaluating updated global model on test set...
    [Client 1] Round 11 - Selected, will train.
    [Client 1] Round 11 - Waiting for global weights...
    [Client 5] Round 11 - Selected, will train.
    [Client 5] Round 11 - Waiting for global weights...
    [Client 2] Round 11 - Selected, will train.
    [Client 2] Round 11 - Waiting for global weights...
    [Client 6] Round 11 - Selected, will train.
    [Client 6] Round 11 - Waiting for global weights...
    [Client 10] Round 11 - Selected, will train.
    [Client 10] Round 11 - Waiting for global weights...
    [Client 9] Round 11 - Selected, will train.
    [Client 9] Round 11 - Waiting for global weights...
    [Client 4] Round 11 - Selected, will train.
    [Client 4] Round 11 - Waiting for global weights...
    [Client 8] Round 11 - Selected, will train.
    [Client 8] Round 11 - Waiting for global weights...
    [Client 7] Round 11 - Selected, will train.
    [Client 3] Round 11 - Selected, will train.
    [Client 3] Round 11 - Waiting for global weights...
    [Client 7] Round 11 - Waiting for global weights...
Round 10 Evaluation - Accuracy: 0.7122, Loss: 0.8257

===== Round 11 =====
Broadcasting global model to all clients...
Waiting for model weights from client 1...
    [Client 6] Round 11 - Sending updated weights to server...
    [Client 1] Round 11 - Sending updated weights to server...
Received weights from client 1
Waiting for model weights from client 2...
    [Client 5] Round 11 - Sending updated weights to server...
    [Client 9] Round 11 - Sending updated weights to server...
    [Client 7] Round 11 - Sending updated weights to server...
    [Client 2] Round 11 - Sending updated weights to server...
Received weights from client 2
Waiting for model weights from client 3...
    [Client 4] Round 11 - Sending updated weights to server...
    [Client 3] Round 11 - Sending updated weights to server...
Received weights from client 3
Waiting for model weights from client 4...
Received weights from client 4
Waiting for model weights from client 5...
Received weights from client 5
Waiting for model weights from client 6...
Received weights from client 6
Waiting for model weights from client 7...
Received weights from client 7
Waiting for model weights from client 8...
    [Client 8] Round 11 - Sending updated weights to server...
Received weights from client 8
Waiting for model weights from client 9...
Received weights from client 9
Waiting for model weights from client 10...
    [Client 10] Round 11 - Sending updated weights to server...
Received weights from client 10
Received system metrics from client 1: {'cpu_time': 27.540000000968575, 'ram_used_mb': 4914.987008, 'net_sent_bytes': 32313, 'net_recv_bytes': 30385, 'gpu_mem_used_mb': 38951.0, 'gpu_load': 0.0, 'client_rank': 1, 'round': 11, 'timestamp': '2025-08-18 18:53:20', 'participated': 1, 'data_size': 1235, 'data_variance': 0.0631512776017189, 'local_loss': 0.6899486780166626, 'local_accuracy': 77.32793688774109, 'tn': -280, 'fp': 280, 'fn': 280, 'tp': 955, 'precision': 0.7783768041028882, 'recall': 0.765476672495265, 'f1': 0.7622962953501976, 'confusion_mean': 0.7654766724891069}
Received system metrics from client 2: {'cpu_time': 61.290000000968575, 'ram_used_mb': 5249.343488, 'net_sent_bytes': 62164, 'net_recv_bytes': 94035, 'gpu_mem_used_mb': 38949.0, 'gpu_load': 0.0, 'client_rank': 2, 'round': 11, 'timestamp': '2025-08-18 18:53:21', 'participated': 1, 'data_size': 13121, 'data_variance': 0.06358262151479721, 'local_loss': 0.768366813659668, 'local_accuracy': 72.342050075531, 'tn': -3629, 'fp': 3629, 'fn': 3629, 'tp': 9492, 'precision': 0.7368774231731885, 'recall': 0.7244937434291021, 'f1': 0.7233487762498332, 'confusion_mean': 0.7244937434285488}
Received system metrics from client 3: {'cpu_time': 141.660000000149, 'ram_used_mb': 4946.112512, 'net_sent_bytes': 56172, 'net_recv_bytes': 40208, 'gpu_mem_used_mb': 38951.0, 'gpu_load': 0.0, 'client_rank': 3, 'round': 11, 'timestamp': '2025-08-18 18:53:22', 'participated': 1, 'data_size': 3484, 'data_variance': 0.0632089227437973, 'local_loss': 0.7194787263870239, 'local_accuracy': 74.88518953323364, 'tn': -875, 'fp': 875, 'fn': 875, 'tp': 2609, 'precision': 0.7667718285120957, 'recall': 0.7457633503833949, 'f1': 0.7450120751361707, 'confusion_mean': 0.7457633503812595}
Received system metrics from client 4: {'cpu_time': 92.10999999940395, 'ram_used_mb': 4930.609152, 'net_sent_bytes': 83109, 'net_recv_bytes': 65144, 'gpu_mem_used_mb': 38951.0, 'gpu_load': 0.0, 'client_rank': 4, 'round': 11, 'timestamp': '2025-08-18 18:53:21', 'participated': 1, 'data_size': 1277, 'data_variance': 0.06359560787677765, 'local_loss': 0.6690696477890015, 'local_accuracy': 78.70007753372192, 'tn': -272, 'fp': 272, 'fn': 272, 'tp': 1005, 'precision': 0.7902152246799792, 'recall': 0.7883011141754006, 'f1': 0.7858910649261805, 'confusion_mean': 0.7883011141691795}
Received system metrics from client 5: {'cpu_time': 32.600000001490116, 'ram_used_mb': 4904.828928, 'net_sent_bytes': 34162, 'net_recv_bytes': 34034, 'gpu_mem_used_mb': 38951.0, 'gpu_load': 0.0, 'client_rank': 5, 'round': 11, 'timestamp': '2025-08-18 18:53:20', 'participated': 1, 'data_size': 1396, 'data_variance': 0.0641184002161026, 'local_loss': 0.6953046321868896, 'local_accuracy': 77.93696522712708, 'tn': -308, 'fp': 308, 'fn': 308, 'tp': 1088, 'precision': 0.7953935677816715, 'recall': 0.7807391176800805, 'f1': 0.7818705166656174, 'confusion_mean': 0.7807391176744611}
Received system metrics from client 6: {'cpu_time': 89.4499999997206, 'ram_used_mb': 4178.993152, 'net_sent_bytes': 32727, 'net_recv_bytes': 22042, 'gpu_mem_used_mb': 38943.0, 'gpu_load': 0.0, 'client_rank': 6, 'round': 11, 'timestamp': '2025-08-18 18:53:17', 'participated': 1, 'data_size': 160, 'data_variance': 0.06430966407060623, 'local_loss': 0.5491080284118652, 'local_accuracy': 84.375, 'tn': -25, 'fp': 25, 'fn': 25, 'tp': 135, 'precision': 0.8913881079510372, 'recall': 0.8152143281555047, 'f1': 0.8302078695650124, 'confusion_mean': 0.8152143281030412}
Received system metrics from client 7: {'cpu_time': 114.57000000029802, 'ram_used_mb': 4895.911936, 'net_sent_bytes': 33450, 'net_recv_bytes': 30360, 'gpu_mem_used_mb': 38951.0, 'gpu_load': 0.0, 'client_rank': 7, 'round': 11, 'timestamp': '2025-08-18 18:53:20', 'participated': 1, 'data_size': 1191, 'data_variance': 0.06395598500967026, 'local_loss': 0.7020297050476074, 'local_accuracy': 76.99412107467651, 'tn': -274, 'fp': 274, 'fn': 274, 'tp': 917, 'precision': 0.7760355332365758, 'recall': 0.7659286309873401, 'f1': 0.764714961883743, 'confusion_mean': 0.7659286309809004}
Received system metrics from client 8: {'cpu_time': 34.67999999993481, 'ram_used_mb': 5269.48352, 'net_sent_bytes': 38052, 'net_recv_bytes': 43654, 'gpu_mem_used_mb': 38949.0, 'gpu_load': 0.0, 'client_rank': 8, 'round': 11, 'timestamp': '2025-08-18 18:53:22', 'participated': 1, 'data_size': 26307, 'data_variance': 0.0630842074751854, 'local_loss': 0.8124299049377441, 'local_accuracy': 70.82525491714478, 'tn': -7674, 'fp': 7674, 'fn': 7674, 'tp': 18633, 'precision': 0.7213941939780077, 'recall': 0.708730395914605, 'f1': 0.7017850164235439, 'confusion_mean': 0.7087303959143353}
Received system metrics from client 9: {'cpu_time': 21.75, 'ram_used_mb': 4156.727296, 'net_sent_bytes': 1414, 'net_recv_bytes': 21374, 'gpu_mem_used_mb': 38943.0, 'gpu_load': 0.0, 'client_rank': 9, 'round': 11, 'timestamp': '2025-08-18 18:53:17', 'participated': 1, 'data_size': 2, 'data_variance': 0.04466967657208443, 'local_loss': 0.25667691230773926, 'local_accuracy': 100.0, 'tn': 0, 'fp': 0, 'fn': 0, 'tp': 2, 'precision': 1.0, 'recall': 1.0, 'f1': 1.0, 'confusion_mean': 0.9999999989999999}
Received system metrics from client 10: {'cpu_time': 86.53999999910593, 'ram_used_mb': 4932.284416, 'net_sent_bytes': 33231, 'net_recv_bytes': 65917, 'gpu_mem_used_mb': 38949.0, 'gpu_load': 0.01, 'client_rank': 10, 'round': 11, 'timestamp': '2025-08-18 18:53:20', 'participated': 1, 'data_size': 1827, 'data_variance': 0.06289092451334, 'local_loss': 0.6807070374488831, 'local_accuracy': 76.84729099273682, 'tn': -423, 'fp': 423, 'fn': 423, 'tp': 1404, 'precision': 0.7795962982881346, 'recall': 0.7626059694666809, 'f1': 0.7653048111114126, 'confusion_mean': 0.7626059694625213}
[selector] Round 11: participants used in averaging = 10/10
Averaging model weights...
Evaluating updated global model on test set...
    [Client 1] Round 12 - Selected, will train.
    [Client 1] Round 12 - Waiting for global weights...
Round 11 Evaluation - Accuracy: 0.7216, Loss: 0.7963

===== Round 12 =====
Broadcasting global model to all clients...
    [Client 5] Round 12 - Selected, will train.
    [Client 5] Round 12 - Waiting for global weights...
    [Client 9] Round 12 - Selected, will train.
    [Client 2] Round 12 - Selected, will train.
    [Client 6] Round 12 - Selected, will train.
    [Client 6] Round 12 - Waiting for global weights...
    [Client 4] Round 12 - Selected, will train.
    [Client 4] Round 12 - Waiting for global weights...
    [Client 7] Round 12 - Selected, will train.
    [Client 7] Round 12 - Waiting for global weights...
    [Client 8] Round 12 - Selected, will train.
    [Client 8] Round 12 - Waiting for global weights...
    [Client 3] Round 12 - Selected, will train.
    [Client 3] Round 12 - Waiting for global weights...
    [Client 10] Round 12 - Selected, will train.
    [Client 10] Round 12 - Waiting for global weights...
Waiting for model weights from client 1...
    [Client 9] Round 12 - Waiting for global weights...
    [Client 2] Round 12 - Waiting for global weights...
    [Client 6] Round 12 - Sending updated weights to server...
    [Client 9] Round 12 - Sending updated weights to server...
    [Client 7] Round 12 - Sending updated weights to server...
    [Client 1] Round 12 - Sending updated weights to server...
Received weights from client 1
Waiting for model weights from client 2...
    [Client 10] Round 12 - Sending updated weights to server...
    [Client 5] Round 12 - Sending updated weights to server...
    [Client 2] Round 12 - Sending updated weights to server...
Received weights from client 2
Waiting for model weights from client 3...
    [Client 8] Round 12 - Sending updated weights to server...
    [Client 4] Round 12 - Sending updated weights to server...
    [Client 3] Round 12 - Sending updated weights to server...
Received weights from client 3
Waiting for model weights from client 4...
Received weights from client 4
Waiting for model weights from client 5...
Received weights from client 5
Waiting for model weights from client 6...
Received weights from client 6
Waiting for model weights from client 7...
Received weights from client 7
Waiting for model weights from client 8...
Received weights from client 8
Waiting for model weights from client 9...
Received weights from client 9
Waiting for model weights from client 10...
Received weights from client 10
Received system metrics from client 1: {'cpu_time': 27.390000000596046, 'ram_used_mb': 4998.045696, 'net_sent_bytes': 42774, 'net_recv_bytes': 52933, 'gpu_mem_used_mb': 38951.0, 'gpu_load': 0.0, 'client_rank': 1, 'round': 12, 'timestamp': '2025-08-18 18:53:36', 'participated': 1, 'data_size': 1235, 'data_variance': 0.0631512776017189, 'local_loss': 0.6487756967544556, 'local_accuracy': 77.57084965705872, 'tn': -276, 'fp': 276, 'fn': 276, 'tp': 959, 'precision': 0.7849122798605602, 'recall': 0.7720401484903835, 'f1': 0.7726843302316986, 'confusion_mean': 0.7720401484841416}
Received system metrics from client 2: {'cpu_time': 63.25, 'ram_used_mb': 5320.15104, 'net_sent_bytes': 69743, 'net_recv_bytes': 74413, 'gpu_mem_used_mb': 38951.0, 'gpu_load': 0.0, 'client_rank': 2, 'round': 12, 'timestamp': '2025-08-18 18:53:37', 'participated': 1, 'data_size': 13121, 'data_variance': 0.06358262151479721, 'local_loss': 0.7549375891685486, 'local_accuracy': 73.45476746559143, 'tn': -3482, 'fp': 3482, 'fn': 3482, 'tp': 9639, 'precision': 0.754042259733658, 'recall': 0.734613630627254, 'f1': 0.7335744337263226, 'confusion_mean': 0.7346136306266939}
Received system metrics from client 3: {'cpu_time': 157.73999999836087, 'ram_used_mb': 5028.585472, 'net_sent_bytes': 67709, 'net_recv_bytes': 87763, 'gpu_mem_used_mb': 38951.0, 'gpu_load': 0.0, 'client_rank': 3, 'round': 12, 'timestamp': '2025-08-18 18:53:38', 'participated': 1, 'data_size': 3484, 'data_variance': 0.0632089227437973, 'local_loss': 0.7707811594009399, 'local_accuracy': 73.9093005657196, 'tn': -909, 'fp': 909, 'fn': 909, 'tp': 2575, 'precision': 0.7569132736126197, 'recall': 0.7393466592247656, 'f1': 0.742071981440924, 'confusion_mean': 0.7393466592226385}
Received system metrics from client 4: {'cpu_time': 94.23000000044703, 'ram_used_mb': 5050.376192, 'net_sent_bytes': 32836, 'net_recv_bytes': 38350, 'gpu_mem_used_mb': 38951.0, 'gpu_load': 0.0, 'client_rank': 4, 'round': 12, 'timestamp': '2025-08-18 18:53:36', 'participated': 1, 'data_size': 1277, 'data_variance': 0.06359560787677765, 'local_loss': 0.6900652647018433, 'local_accuracy': 76.11589431762695, 'tn': -305, 'fp': 305, 'fn': 305, 'tp': 972, 'precision': 0.7657247823224773, 'recall': 0.7612821013602702, 'f1': 0.7598621917264348, 'confusion_mean': 0.7612821013542738}
Received system metrics from client 5: {'cpu_time': 35.64000000059605, 'ram_used_mb': 5016.047616, 'net_sent_bytes': 48154, 'net_recv_bytes': 57796, 'gpu_mem_used_mb': 38951.0, 'gpu_load': 0.0, 'client_rank': 5, 'round': 12, 'timestamp': '2025-08-18 18:53:36', 'participated': 1, 'data_size': 1396, 'data_variance': 0.0641184002161026, 'local_loss': 0.662337601184845, 'local_accuracy': 78.65329384803772, 'tn': -298, 'fp': 298, 'fn': 298, 'tp': 1098, 'precision': 0.7938522887170069, 'recall': 0.790464147201648, 'f1': 0.7871677810944873, 'confusion_mean': 0.7904641471959409}
Received system metrics from client 6: {'cpu_time': 89.31000000052154, 'ram_used_mb': 4342.755328, 'net_sent_bytes': 11014, 'net_recv_bytes': 22624, 'gpu_mem_used_mb': 38945.0, 'gpu_load': 0.0, 'client_rank': 6, 'round': 12, 'timestamp': '2025-08-18 18:53:33', 'participated': 1, 'data_size': 160, 'data_variance': 0.06430966407060623, 'local_loss': 0.48511427640914917, 'local_accuracy': 89.3750011920929, 'tn': -17, 'fp': 17, 'fn': 17, 'tp': 143, 'precision': 0.8961787335471547, 'recall': 0.8855826118326119, 'f1': 0.8868334317730389, 'confusion_mean': 0.885582611773437}
Received system metrics from client 7: {'cpu_time': 120.8099999949336, 'ram_used_mb': 5018.066944, 'net_sent_bytes': 670, 'net_recv_bytes': 33513, 'gpu_mem_used_mb': 38951.0, 'gpu_load': 0.0, 'client_rank': 7, 'round': 12, 'timestamp': '2025-08-18 18:53:36', 'participated': 1, 'data_size': 1191, 'data_variance': 0.06395598500967026, 'local_loss': 0.655858039855957, 'local_accuracy': 78.00167798995972, 'tn': -262, 'fp': 262, 'fn': 262, 'tp': 929, 'precision': 0.7906815999869513, 'recall': 0.7731517619244916, 'f1': 0.7745218707344645, 'confusion_mean': 0.7731517619180134}
Received system metrics from client 8: {'cpu_time': 36.79000000003725, 'ram_used_mb': 5385.961472, 'net_sent_bytes': 11532, 'net_recv_bytes': 51053, 'gpu_mem_used_mb': 38951.0, 'gpu_load': 0.0, 'client_rank': 8, 'round': 12, 'timestamp': '2025-08-18 18:53:38', 'participated': 1, 'data_size': 26307, 'data_variance': 0.0630842074751854, 'local_loss': 0.7343877553939819, 'local_accuracy': 73.87767434120178, 'tn': -6871, 'fp': 6871, 'fn': 6871, 'tp': 19436, 'precision': 0.750889201851863, 'recall': 0.7389926433581536, 'f1': 0.7345247996663018, 'confusion_mean': 0.7389926433578724}
Received system metrics from client 9: {'cpu_time': 21.760000005364418, 'ram_used_mb': 4325.044224, 'net_sent_bytes': 52942, 'net_recv_bytes': 39941, 'gpu_mem_used_mb': 38943.0, 'gpu_load': 0.0, 'client_rank': 9, 'round': 12, 'timestamp': '2025-08-18 18:53:33', 'participated': 1, 'data_size': 2, 'data_variance': 0.04466967657208443, 'local_loss': 0.27250081300735474, 'local_accuracy': 100.0, 'tn': 0, 'fp': 0, 'fn': 0, 'tp': 2, 'precision': 1.0, 'recall': 1.0, 'f1': 1.0, 'confusion_mean': 0.9999999989999999}
Received system metrics from client 10: {'cpu_time': 85.92000000178814, 'ram_used_mb': 5028.155392, 'net_sent_bytes': 126644, 'net_recv_bytes': 107148, 'gpu_mem_used_mb': 38951.0, 'gpu_load': 0.0, 'client_rank': 10, 'round': 12, 'timestamp': '2025-08-18 18:53:36', 'participated': 1, 'data_size': 1827, 'data_variance': 0.06289092451334, 'local_loss': 0.6970258951187134, 'local_accuracy': 75.31472444534302, 'tn': -451, 'fp': 451, 'fn': 451, 'tp': 1376, 'precision': 0.7698142683015325, 'recall': 0.7478111116713053, 'f1': 0.7468750644249103, 'confusion_mean': 0.7478111116672236}
[selector] Round 12: participants used in averaging = 10/10
Averaging model weights...
Evaluating updated global model on test set...
    [Client 1] Round 13 - Selected, will train.
    [Client 1] Round 13 - Waiting for global weights...
    [Client 2] Round 13 - Selected, will train.
    [Client 2] Round 13 - Waiting for global weights...
    [Client 5] Round 13 - Selected, will train.
    [Client 5] Round 13 - Waiting for global weights...
    [Client 8] Round 13 - Selected, will train.
    [Client 4] Round 13 - Selected, will train.
    [Client 4] Round 13 - Waiting for global weights...
    [Client 8] Round 13 - Waiting for global weights...
    [Client 7] Round 13 - Selected, will train.
    [Client 3] Round 13 - Selected, will train.
    [Client 3] Round 13 - Waiting for global weights...
    [Client 7] Round 13 - Waiting for global weights...
Round 12 Evaluation - Accuracy: 0.7313, Loss: 0.7710

===== Round 13 =====
Broadcasting global model to all clients...
    [Client 9] Round 13 - Selected, will train.
    [Client 9] Round 13 - Waiting for global weights...
    [Client 6] Round 13 - Selected, will train.
    [Client 6] Round 13 - Waiting for global weights...
    [Client 10] Round 13 - Selected, will train.
    [Client 10] Round 13 - Waiting for global weights...
Waiting for model weights from client 1...
    [Client 6] Round 13 - Sending updated weights to server...
    [Client 1] Round 13 - Sending updated weights to server...
Received weights from client 1
Waiting for model weights from client 2...
    [Client 7] Round 13 - Sending updated weights to server...
    [Client 5] Round 13 - Sending updated weights to server...
    [Client 10] Round 13 - Sending updated weights to server...
    [Client 9] Round 13 - Sending updated weights to server...
    [Client 4] Round 13 - Sending updated weights to server...
    [Client 2] Round 13 - Sending updated weights to server...
Received weights from client 2
Waiting for model weights from client 3...
    [Client 3] Round 13 - Sending updated weights to server...
Received weights from client 3
Waiting for model weights from client 4...
Received weights from client 4
Waiting for model weights from client 5...
Received weights from client 5
Waiting for model weights from client 6...
Received weights from client 6
Waiting for model weights from client 7...
Received weights from client 7
Waiting for model weights from client 8...
    [Client 8] Round 13 - Sending updated weights to server...
Received weights from client 8
Waiting for model weights from client 9...
Received weights from client 9
Waiting for model weights from client 10...
Received weights from client 10
Received system metrics from client 1: {'cpu_time': 20.07000000216067, 'ram_used_mb': 5235.470336, 'net_sent_bytes': 65445, 'net_recv_bytes': 76346, 'gpu_mem_used_mb': 38953.0, 'gpu_load': 0.01, 'client_rank': 1, 'round': 13, 'timestamp': '2025-08-18 18:55:08', 'participated': 1, 'data_size': 1235, 'data_variance': 0.0631512776017189, 'local_loss': 0.5638270378112793, 'local_accuracy': 81.70040249824524, 'tn': -226, 'fp': 226, 'fn': 226, 'tp': 1009, 'precision': 0.8192906006290149, 'recall': 0.8151069254414821, 'f1': 0.8123848992103258, 'confusion_mean': 0.8151069254348696}
Received system metrics from client 2: {'cpu_time': 63.119999999180436, 'ram_used_mb': 5564.616704, 'net_sent_bytes': 68487, 'net_recv_bytes': 72939, 'gpu_mem_used_mb': 38951.0, 'gpu_load': 0.0, 'client_rank': 2, 'round': 13, 'timestamp': '2025-08-18 18:55:09', 'participated': 1, 'data_size': 13121, 'data_variance': 0.06358262151479721, 'local_loss': 0.7642883658409119, 'local_accuracy': 72.87554144859314, 'tn': -3559, 'fp': 3559, 'fn': 3559, 'tp': 9562, 'precision': 0.7633522521410148, 'recall': 0.7285490189640456, 'f1': 0.7275492762814232, 'confusion_mean': 0.7285490189634901}
Received system metrics from client 3: {'cpu_time': 145.33000000193715, 'ram_used_mb': 5254.443008, 'net_sent_bytes': 43970, 'net_recv_bytes': 57201, 'gpu_mem_used_mb': 38953.0, 'gpu_load': 0.0, 'client_rank': 3, 'round': 13, 'timestamp': '2025-08-18 18:55:10', 'participated': 1, 'data_size': 3484, 'data_variance': 0.0632089227437973, 'local_loss': 0.6347673535346985, 'local_accuracy': 77.81285643577576, 'tn': -773, 'fp': 773, 'fn': 773, 'tp': 2711, 'precision': 0.7855160279371176, 'recall': 0.7762727979500819, 'f1': 0.7754806268034343, 'confusion_mean': 0.7762727979478552}
Received system metrics from client 4: {'cpu_time': 87.65999999642372, 'ram_used_mb': 5257.773056, 'net_sent_bytes': 33031, 'net_recv_bytes': 39326, 'gpu_mem_used_mb': 38953.0, 'gpu_load': 0.0, 'client_rank': 4, 'round': 13, 'timestamp': '2025-08-18 18:55:09', 'participated': 1, 'data_size': 1277, 'data_variance': 0.06359560787677765, 'local_loss': 0.6180160641670227, 'local_accuracy': 78.62176895141602, 'tn': -273, 'fp': 273, 'fn': 273, 'tp': 1004, 'precision': 0.7959723314720726, 'recall': 0.7860418147358553, 'f1': 0.785636675855568, 'confusion_mean': 0.7860418147296644}
Received system metrics from client 5: {'cpu_time': 32.369999999180436, 'ram_used_mb': 5222.961152, 'net_sent_bytes': 42068, 'net_recv_bytes': 47732, 'gpu_mem_used_mb': 38953.0, 'gpu_load': 0.0, 'client_rank': 5, 'round': 13, 'timestamp': '2025-08-18 18:55:08', 'participated': 1, 'data_size': 1396, 'data_variance': 0.0641184002161026, 'local_loss': 0.65503990650177, 'local_accuracy': 77.00573205947876, 'tn': -320, 'fp': 320, 'fn': 320, 'tp': 1076, 'precision': 0.7933094258608365, 'recall': 0.7747027052971247, 'f1': 0.7706955947160209, 'confusion_mean': 0.7747027052915307}
Received system metrics from client 6: {'cpu_time': 37.450000000186265, 'ram_used_mb': 4408.107008, 'net_sent_bytes': 184, 'net_recv_bytes': 16462, 'gpu_mem_used_mb': 38945.0, 'gpu_load': 0.0, 'client_rank': 6, 'round': 13, 'timestamp': '2025-08-18 18:55:05', 'participated': 1, 'data_size': 160, 'data_variance': 0.06430966407060623, 'local_loss': 0.508642315864563, 'local_accuracy': 80.62499761581421, 'tn': -31, 'fp': 31, 'fn': 31, 'tp': 129, 'precision': 0.8393600888631315, 'recall': 0.7978225532637298, 'f1': 0.8015128311810233, 'confusion_mean': 0.7978225532111417}
Received system metrics from client 7: {'cpu_time': 115.42999999970198, 'ram_used_mb': 5241.05728, 'net_sent_bytes': 1190, 'net_recv_bytes': 33740, 'gpu_mem_used_mb': 38953.0, 'gpu_load': 0.0, 'client_rank': 7, 'round': 13, 'timestamp': '2025-08-18 18:55:08', 'participated': 1, 'data_size': 1191, 'data_variance': 0.06395598500967026, 'local_loss': 0.5904331207275391, 'local_accuracy': 79.51301336288452, 'tn': -243, 'fp': 243, 'fn': 243, 'tp': 948, 'precision': 0.7937327175050171, 'recall': 0.7896302291491082, 'f1': 0.7896307161176569, 'confusion_mean': 0.7896302291424876}
Received system metrics from client 8: {'cpu_time': 31.819999999832362, 'ram_used_mb': 5580.398592, 'net_sent_bytes': 27645, 'net_recv_bytes': 63112, 'gpu_mem_used_mb': 38953.0, 'gpu_load': 0.0, 'client_rank': 8, 'round': 13, 'timestamp': '2025-08-18 18:55:09', 'participated': 1, 'data_size': 26307, 'data_variance': 0.0630842074751854, 'local_loss': 0.7580038905143738, 'local_accuracy': 73.25806617736816, 'tn': -7034, 'fp': 7034, 'fn': 7034, 'tp': 19273, 'precision': 0.7554645354443085, 'recall': 0.7325726916301984, 'f1': 0.730152064373842, 'confusion_mean': 0.7325726916299201}
Received system metrics from client 9: {'cpu_time': 21.32999999821186, 'ram_used_mb': 4430.31552, 'net_sent_bytes': 39846, 'net_recv_bytes': 39132, 'gpu_mem_used_mb': 38943.0, 'gpu_load': 0.0, 'client_rank': 9, 'round': 13, 'timestamp': '2025-08-18 18:55:05', 'participated': 1, 'data_size': 2, 'data_variance': 0.04466967657208443, 'local_loss': 0.4380017817020416, 'local_accuracy': 50.0, 'tn': -1, 'fp': 1, 'fn': 1, 'tp': 1, 'precision': 0.3333333333333333, 'recall': 0.3333333333333333, 'f1': 0.3333333333333333, 'confusion_mean': 0.33333333299999995}
Received system metrics from client 10: {'cpu_time': 84.82000000029802, 'ram_used_mb': 5252.374528, 'net_sent_bytes': 88930, 'net_recv_bytes': 67631, 'gpu_mem_used_mb': 38953.0, 'gpu_load': 0.0, 'client_rank': 10, 'round': 13, 'timestamp': '2025-08-18 18:55:08', 'participated': 1, 'data_size': 1827, 'data_variance': 0.06289092451334, 'local_loss': 0.5919600129127502, 'local_accuracy': 78.92720103263855, 'tn': -385, 'fp': 385, 'fn': 385, 'tp': 1442, 'precision': 0.800579394155754, 'recall': 0.7841055267016799, 'f1': 0.7854516441091651, 'confusion_mean': 0.7841055266973973}
[selector] Round 13: participants used in averaging = 10/10
Averaging model weights...
Evaluating updated global model on test set...
    [Client 1] Round 14 - Selected, will train.
    [Client 1] Round 14 - Waiting for global weights...
    [Client 9] Round 14 - Selected, will train.
    [Client 9] Round 14 - Waiting for global weights...
    [Client 5] Round 14 - Selected, will train.
    [Client 5] Round 14 - Waiting for global weights...
    [Client 2] Round 14 - Selected, will train.
    [Client 2] Round 14 - Waiting for global weights...
    [Client 6] Round 14 - Selected, will train.
    [Client 6] Round 14 - Waiting for global weights...
    [Client 10] Round 14 - Selected, will train.
    [Client 10] Round 14 - Waiting for global weights...
    [Client 8] Round 14 - Selected, will train.
    [Client 8] Round 14 - Waiting for global weights...
    [Client 4] Round 14 - Selected, will train.
    [Client 4] Round 14 - Waiting for global weights...
    [Client 7] Round 14 - Selected, will train.
    [Client 7] Round 14 - Waiting for global weights...
    [Client 3] Round 14 - Selected, will train.
    [Client 3] Round 14 - Waiting for global weights...
Round 13 Evaluation - Accuracy: 0.7349, Loss: 0.7493

===== Round 14 =====
Broadcasting global model to all clients...
Waiting for model weights from client 1...
    [Client 3] Round 14 - Sending updated weights to server...
    [Client 1] Round 14 - Sending updated weights to server...
Received weights from client 1
Waiting for model weights from client 2...
    [Client 7] Round 14 - Sending updated weights to server...
    [Client 5] Round 14 - Sending updated weights to server...
    [Client 9] Round 14 - Sending updated weights to server...
    [Client 10] Round 14 - Sending updated weights to server...
    [Client 4] Round 14 - Sending updated weights to server...
    [Client 6] Round 14 - Sending updated weights to server...
    [Client 2] Round 14 - Sending updated weights to server...
Received weights from client 2
Waiting for model weights from client 3...
Received weights from client 3
Waiting for model weights from client 4...
Received weights from client 4
Waiting for model weights from client 5...
Received weights from client 5
Waiting for model weights from client 6...
Received weights from client 6
Waiting for model weights from client 7...
Received weights from client 7
Waiting for model weights from client 8...
    [Client 8] Round 14 - Sending updated weights to server...
Received weights from client 8
Waiting for model weights from client 9...
Received weights from client 9
Waiting for model weights from client 10...
Received weights from client 10
Received system metrics from client 1: {'cpu_time': 18.820000000298023, 'ram_used_mb': 5440.3072, 'net_sent_bytes': 31509, 'net_recv_bytes': 43617, 'gpu_mem_used_mb': 38953.0, 'gpu_load': 0.01, 'client_rank': 1, 'round': 14, 'timestamp': '2025-08-18 18:55:28', 'participated': 1, 'data_size': 1235, 'data_variance': 0.0631512776017189, 'local_loss': 0.5620467662811279, 'local_accuracy': 81.29554390907288, 'tn': -231, 'fp': 231, 'fn': 231, 'tp': 1004, 'precision': 0.8161595523053761, 'recall': 0.8093127327550571, 'f1': 0.8059445852128547, 'confusion_mean': 0.8093127327485062}
Received system metrics from client 2: {'cpu_time': 61.99999999906868, 'ram_used_mb': 5745.000448, 'net_sent_bytes': 88278, 'net_recv_bytes': 95117, 'gpu_mem_used_mb': 38953.0, 'gpu_load': 0.0, 'client_rank': 2, 'round': 14, 'timestamp': '2025-08-18 18:55:30', 'participated': 1, 'data_size': 13121, 'data_variance': 0.06358262151479721, 'local_loss': 0.7819840312004089, 'local_accuracy': 72.42588400840759, 'tn': -3619, 'fp': 3619, 'fn': 3619, 'tp': 9502, 'precision': 0.748100356787627, 'recall': 0.7238303682512727, 'f1': 0.722202983410477, 'confusion_mean': 0.7238303682507208}
Received system metrics from client 3: {'cpu_time': 145.27000000327826, 'ram_used_mb': 5485.19936, 'net_sent_bytes': 705, 'net_recv_bytes': 38196, 'gpu_mem_used_mb': 38955.0, 'gpu_load': 0.0, 'client_rank': 3, 'round': 14, 'timestamp': '2025-08-18 18:55:30', 'participated': 1, 'data_size': 3484, 'data_variance': 0.0632089227437973, 'local_loss': 0.65325927734375, 'local_accuracy': 77.15269923210144, 'tn': -796, 'fp': 796, 'fn': 796, 'tp': 2688, 'precision': 0.7869238089168834, 'recall': 0.7695632445152896, 'f1': 0.7710469952712944, 'confusion_mean': 0.7695632445130826}
Received system metrics from client 4: {'cpu_time': 91.98000000044703, 'ram_used_mb': 5481.82016, 'net_sent_bytes': 118, 'net_recv_bytes': 33732, 'gpu_mem_used_mb': 38955.0, 'gpu_load': 0.0, 'client_rank': 4, 'round': 14, 'timestamp': '2025-08-18 18:55:29', 'participated': 1, 'data_size': 1277, 'data_variance': 0.06359560787677765, 'local_loss': 0.5837782621383667, 'local_accuracy': 80.89271783828735, 'tn': -244, 'fp': 244, 'fn': 244, 'tp': 1033, 'precision': 0.8151587581528268, 'recall': 0.8080647658815806, 'f1': 0.8064827228277605, 'confusion_mean': 0.8080647658752224}
Received system metrics from client 5: {'cpu_time': 33.560000002384186, 'ram_used_mb': 5459.959808, 'net_sent_bytes': 1191, 'net_recv_bytes': 34524, 'gpu_mem_used_mb': 38955.0, 'gpu_load': 0.0, 'client_rank': 5, 'round': 14, 'timestamp': '2025-08-18 18:55:29', 'participated': 1, 'data_size': 1396, 'data_variance': 0.0641184002161026, 'local_loss': 0.6803231239318848, 'local_accuracy': 76.14613175392151, 'tn': -333, 'fp': 333, 'fn': 333, 'tp': 1063, 'precision': 0.78629311727208, 'recall': 0.7635930851150681, 'f1': 0.7672923880633779, 'confusion_mean': 0.7635930851095665}
Received system metrics from client 6: {'cpu_time': 90.6800000006333, 'ram_used_mb': 4569.14944, 'net_sent_bytes': 43969, 'net_recv_bytes': 39995, 'gpu_mem_used_mb': 38945.0, 'gpu_load': 0.0, 'client_rank': 6, 'round': 14, 'timestamp': '2025-08-18 18:55:26', 'participated': 1, 'data_size': 160, 'data_variance': 0.06430966407060623, 'local_loss': 0.44461917877197266, 'local_accuracy': 85.6249988079071, 'tn': -23, 'fp': 23, 'fn': 23, 'tp': 137, 'precision': 0.8717878787878787, 'recall': 0.8473466810966812, 'f1': 0.8510162750792436, 'confusion_mean': 0.8473466810407329}
Received system metrics from client 7: {'cpu_time': 115.97999999672174, 'ram_used_mb': 5470.793728, 'net_sent_bytes': 25838, 'net_recv_bytes': 34991, 'gpu_mem_used_mb': 38953.0, 'gpu_load': 0.0, 'client_rank': 7, 'round': 14, 'timestamp': '2025-08-18 18:55:28', 'participated': 1, 'data_size': 1191, 'data_variance': 0.06395598500967026, 'local_loss': 0.5608341097831726, 'local_accuracy': 81.27623796463013, 'tn': -223, 'fp': 223, 'fn': 223, 'tp': 968, 'precision': 0.8114786526119302, 'recall': 0.8070091902313141, 'f1': 0.8056965421184941, 'confusion_mean': 0.8070091902245409}
Received system metrics from client 8: {'cpu_time': 36.52999999979511, 'ram_used_mb': 5826.82624, 'net_sent_bytes': 37268, 'net_recv_bytes': 76969, 'gpu_mem_used_mb': 38953.0, 'gpu_load': 0.0, 'client_rank': 8, 'round': 14, 'timestamp': '2025-08-18 18:55:30', 'participated': 1, 'data_size': 26307, 'data_variance': 0.0630842074751854, 'local_loss': 0.7186079025268555, 'local_accuracy': 74.21978712081909, 'tn': -6781, 'fp': 6781, 'fn': 6781, 'tp': 19526, 'precision': 0.7572874753873741, 'recall': 0.7425207488499205, 'f1': 0.7404154923510535, 'confusion_mean': 0.7425207488496379}
Received system metrics from client 9: {'cpu_time': 21.769999995827675, 'ram_used_mb': 4592.267264, 'net_sent_bytes': 168, 'net_recv_bytes': 21035, 'gpu_mem_used_mb': 38945.0, 'gpu_load': 0.0, 'client_rank': 9, 'round': 14, 'timestamp': '2025-08-18 18:55:26', 'participated': 1, 'data_size': 2, 'data_variance': 0.04466967657208443, 'local_loss': 0.09213016927242279, 'local_accuracy': 100.0, 'tn': 0, 'fp': 0, 'fn': 0, 'tp': 2, 'precision': 1.0, 'recall': 1.0, 'f1': 1.0, 'confusion_mean': 0.9999999989999999}
Received system metrics from client 10: {'cpu_time': 85.3099999949336, 'ram_used_mb': 5461.499904, 'net_sent_bytes': 49555, 'net_recv_bytes': 72313, 'gpu_mem_used_mb': 38953.0, 'gpu_load': 0.0, 'client_rank': 10, 'round': 14, 'timestamp': '2025-08-18 18:55:29', 'participated': 1, 'data_size': 1827, 'data_variance': 0.06289092451334, 'local_loss': 0.5495973229408264, 'local_accuracy': 81.8281352519989, 'tn': -332, 'fp': 332, 'fn': 332, 'tp': 1495, 'precision': 0.8130158001728143, 'recall': 0.8157867135154726, 'f1': 0.8115441192728591, 'confusion_mean': 0.8157867135110008}
[selector] Round 14: participants used in averaging = 10/10
Averaging model weights...
Evaluating updated global model on test set...
    [Client 1] Round 15 - Selected, will train.
    [Client 1] Round 15 - Waiting for global weights...
    [Client 5] Round 15 - Selected, will train.
    [Client 5] Round 15 - Waiting for global weights...
    [Client 9] Round 15 - Selected, will train.
    [Client 9] Round 15 - Waiting for global weights...
    [Client 6] Round 15 - Selected, will train.
    [Client 6] Round 15 - Waiting for global weights...
    [Client 2] Round 15 - Selected, will train.
    [Client 2] Round 15 - Waiting for global weights...
    [Client 10] Round 15 - Selected, will train.
    [Client 10] Round 15 - Waiting for global weights...
    [Client 8] Round 15 - Selected, will train.
    [Client 8] Round 15 - Waiting for global weights...
    [Client 4] Round 15 - Selected, will train.
    [Client 4] Round 15 - Waiting for global weights...
    [Client 7] Round 15 - Selected, will train.
    [Client 7] Round 15 - Waiting for global weights...
    [Client 3] Round 15 - Selected, will train.
    [Client 3] Round 15 - Waiting for global weights...
Round 14 Evaluation - Accuracy: 0.7456, Loss: 0.7211

===== Round 15 =====
Broadcasting global model to all clients...
Waiting for model weights from client 1...
    [Client 6] Round 15 - Sending updated weights to server...
    [Client 9] Round 15 - Sending updated weights to server...
    [Client 3] Round 15 - Sending updated weights to server...
    [Client 1] Round 15 - Sending updated weights to server...
Received weights from client 1
Waiting for model weights from client 2...
    [Client 7] Round 15 - Sending updated weights to server...
    [Client 8] Round 15 - Sending updated weights to server...
    [Client 4] Round 15 - Sending updated weights to server...
    [Client 2] Round 15 - Sending updated weights to server...
Received weights from client 2
Waiting for model weights from client 3...
Received weights from client 3
Waiting for model weights from client 4...
Received weights from client 4
Waiting for model weights from client 5...
    [Client 10] Round 15 - Sending updated weights to server...
    [Client 5] Round 15 - Sending updated weights to server...
Received weights from client 5
Waiting for model weights from client 6...
Received weights from client 6
Waiting for model weights from client 7...
Received weights from client 7
Waiting for model weights from client 8...
Received weights from client 8
Waiting for model weights from client 9...
Received weights from client 9
Waiting for model weights from client 10...
Received weights from client 10
Received system metrics from client 1: {'cpu_time': 21.380000000819564, 'ram_used_mb': 5583.753216, 'net_sent_bytes': 14872, 'net_recv_bytes': 39375, 'gpu_mem_used_mb': 38955.0, 'gpu_load': 0.0, 'client_rank': 1, 'round': 15, 'timestamp': '2025-08-18 18:55:45', 'participated': 1, 'data_size': 1235, 'data_variance': 0.0631512776017189, 'local_loss': 0.5269745588302612, 'local_accuracy': 82.59109258651733, 'tn': -215, 'fp': 215, 'fn': 215, 'tp': 1020, 'precision': 0.826671604279287, 'recall': 0.821046956226352, 'f1': 0.8204523639621429, 'confusion_mean': 0.8210469562197172}
Received system metrics from client 2: {'cpu_time': 65.50999999977648, 'ram_used_mb': 5905.46944, 'net_sent_bytes': 92810, 'net_recv_bytes': 77082, 'gpu_mem_used_mb': 38955.0, 'gpu_load': 0.0, 'client_rank': 2, 'round': 15, 'timestamp': '2025-08-18 18:55:47', 'participated': 1, 'data_size': 13121, 'data_variance': 0.06358262151479721, 'local_loss': 0.6717068552970886, 'local_accuracy': 76.73195600509644, 'tn': -3055, 'fp': 3055, 'fn': 3055, 'tp': 10066, 'precision': 0.7703720454113977, 'recall': 0.7675337660683638, 'f1': 0.7630228033866165, 'confusion_mean': 0.7675337660677781}
Received system metrics from client 3: {'cpu_time': 158.03999999910593, 'ram_used_mb': 5627.2896, 'net_sent_bytes': 30632, 'net_recv_bytes': 71638, 'gpu_mem_used_mb': 38955.0, 'gpu_load': 0.01, 'client_rank': 3, 'round': 15, 'timestamp': '2025-08-18 18:55:48', 'participated': 1, 'data_size': 3484, 'data_variance': 0.0632089227437973, 'local_loss': 0.6227197051048279, 'local_accuracy': 77.89896726608276, 'tn': -770, 'fp': 770, 'fn': 770, 'tp': 2714, 'precision': 0.7965161695847828, 'recall': 0.7771260889640995, 'f1': 0.7775584969346128, 'confusion_mean': 0.7771260889618705}
Received system metrics from client 4: {'cpu_time': 100.83000000193715, 'ram_used_mb': 5615.919104, 'net_sent_bytes': 302, 'net_recv_bytes': 33467, 'gpu_mem_used_mb': 38955.0, 'gpu_load': 0.0, 'client_rank': 4, 'round': 15, 'timestamp': '2025-08-18 18:55:46', 'participated': 1, 'data_size': 1277, 'data_variance': 0.06359560787677765, 'local_loss': 0.5616934895515442, 'local_accuracy': 82.3022723197937, 'tn': -226, 'fp': 226, 'fn': 226, 'tp': 1051, 'precision': 0.8369575617325331, 'recall': 0.8189508444889265, 'f1': 0.8217185644713207, 'confusion_mean': 0.8189508444825071}
Received system metrics from client 5: {'cpu_time': 35.39000000059605, 'ram_used_mb': 5608.46848, 'net_sent_bytes': 2130, 'net_recv_bytes': 33886, 'gpu_mem_used_mb': 38955.0, 'gpu_load': 0.0, 'client_rank': 5, 'round': 15, 'timestamp': '2025-08-18 18:55:45', 'participated': 1, 'data_size': 1396, 'data_variance': 0.0641184002161026, 'local_loss': 0.6902942657470703, 'local_accuracy': 76.7192006111145, 'tn': -325, 'fp': 325, 'fn': 325, 'tp': 1071, 'precision': 0.7986204476487241, 'recall': 0.7687387517313515, 'f1': 0.7703791186707688, 'confusion_mean': 0.7687387517258173}
Received system metrics from client 6: {'cpu_time': 90.11000000033528, 'ram_used_mb': 4726.820864, 'net_sent_bytes': 27809, 'net_recv_bytes': 30001, 'gpu_mem_used_mb': 38945.0, 'gpu_load': 0.0, 'client_rank': 6, 'round': 15, 'timestamp': '2025-08-18 18:55:42', 'participated': 1, 'data_size': 160, 'data_variance': 0.06430966407060623, 'local_loss': 0.3681813180446625, 'local_accuracy': 93.12499761581421, 'tn': -11, 'fp': 11, 'fn': 11, 'tp': 149, 'precision': 0.9326846399214821, 'recall': 0.9202092352092353, 'f1': 0.9251014110973543, 'confusion_mean': 0.9202092351481301}
Received system metrics from client 7: {'cpu_time': 123.1600000038743, 'ram_used_mb': 5589.020672, 'net_sent_bytes': 1360, 'net_recv_bytes': 32887, 'gpu_mem_used_mb': 38955.0, 'gpu_load': 0.0, 'client_rank': 7, 'round': 15, 'timestamp': '2025-08-18 18:55:45', 'participated': 1, 'data_size': 1191, 'data_variance': 0.06395598500967026, 'local_loss': 0.6442323327064514, 'local_accuracy': 77.83375382423401, 'tn': -264, 'fp': 264, 'fn': 264, 'tp': 927, 'precision': 0.7923930814767346, 'recall': 0.7711266620367114, 'f1': 0.7696218295112163, 'confusion_mean': 0.7711266620302526}
Received system metrics from client 8: {'cpu_time': 36.25, 'ram_used_mb': 5974.249472, 'net_sent_bytes': 53673, 'net_recv_bytes': 71854, 'gpu_mem_used_mb': 38955.0, 'gpu_load': 0.0, 'client_rank': 8, 'round': 15, 'timestamp': '2025-08-18 18:55:47', 'participated': 1, 'data_size': 26307, 'data_variance': 0.0630842074751854, 'local_loss': 0.7173746228218079, 'local_accuracy': 74.84700083732605, 'tn': -6618, 'fp': 6618, 'fn': 6618, 'tp': 19689, 'precision': 0.7705039904060158, 'recall': 0.7483387624661392, 'f1': 0.7486621303990809, 'confusion_mean': 0.7483387624658546}
Received system metrics from client 9: {'cpu_time': 21.12999999523163, 'ram_used_mb': 4749.234176, 'net_sent_bytes': 1197, 'net_recv_bytes': 20390, 'gpu_mem_used_mb': 38945.0, 'gpu_load': 0.0, 'client_rank': 9, 'round': 15, 'timestamp': '2025-08-18 18:55:42', 'participated': 1, 'data_size': 2, 'data_variance': 0.04466967657208443, 'local_loss': 0.049436409026384354, 'local_accuracy': 100.0, 'tn': 0, 'fp': 0, 'fn': 0, 'tp': 2, 'precision': 1.0, 'recall': 1.0, 'f1': 1.0, 'confusion_mean': 0.9999999989999999}
Received system metrics from client 10: {'cpu_time': 88.7800000011921, 'ram_used_mb': 5626.048512, 'net_sent_bytes': 73782, 'net_recv_bytes': 84426, 'gpu_mem_used_mb': 38955.0, 'gpu_load': 0.0, 'client_rank': 10, 'round': 15, 'timestamp': '2025-08-18 18:55:46', 'participated': 1, 'data_size': 1827, 'data_variance': 0.06289092451334, 'local_loss': 0.5222457647323608, 'local_accuracy': 82.92282223701477, 'tn': -312, 'fp': 312, 'fn': 312, 'tp': 1515, 'precision': 0.8306419403805272, 'recall': 0.825664515195877, 'f1': 0.8233736976893697, 'confusion_mean': 0.8256645151913565}
[selector] Round 15: participants used in averaging = 10/10
Averaging model weights...
Evaluating updated global model on test set...
    [Client 1] Round 16 - Selected, will train.
    [Client 1] Round 16 - Waiting for global weights...
    [Client 5] Round 16 - Selected, will train.
    [Client 5] Round 16 - Waiting for global weights...
    [Client 9] Round 16 - Selected, will train.
    [Client 9] Round 16 - Waiting for global weights...
    [Client 2] Round 16 - Selected, will train.
    [Client 2] Round 16 - Waiting for global weights...
    [Client 6] Round 16 - Selected, will train.
    [Client 6] Round 16 - Waiting for global weights...
    [Client 10] Round 16 - Selected, will train.
    [Client 10] Round 16 - Waiting for global weights...
    [Client 4] Round 16 - Selected, will train.
    [Client 4] Round 16 - Waiting for global weights...
    [Client 8] Round 16 - Selected, will train.
    [Client 8] Round 16 - Waiting for global weights...
    [Client 7] Round 16 - Selected, will train.
    [Client 7] Round 16 - Waiting for global weights...
    [Client 3] Round 16 - Selected, will train.
    [Client 3] Round 16 - Waiting for global weights...
Round 15 Evaluation - Accuracy: 0.7501, Loss: 0.7069

===== Round 16 =====
Broadcasting global model to all clients...
Waiting for model weights from client 1...
    [Client 6] Round 16 - Sending updated weights to server...
    [Client 1] Round 16 - Sending updated weights to server...
Received weights from client 1
Waiting for model weights from client 2...
    [Client 7] Round 16 - Sending updated weights to server...
    [Client 5] Round 16 - Sending updated weights to server...
    [Client 9] Round 16 - Sending updated weights to server...
    [Client 4] Round 16 - Sending updated weights to server...
    [Client 8] Round 16 - Sending updated weights to server...
    [Client 2] Round 16 - Sending updated weights to server...
Received weights from client 2
Waiting for model weights from client 3...
    [Client 3] Round 16 - Sending updated weights to server...
Received weights from client 3
Waiting for model weights from client 4...
Received weights from client 4
Waiting for model weights from client 5...
Received weights from client 5
Waiting for model weights from client 6...
Received weights from client 6
Waiting for model weights from client 7...
Received weights from client 7
Waiting for model weights from client 8...
Received weights from client 8
Waiting for model weights from client 9...
Received weights from client 9
Waiting for model weights from client 10...
    [Client 10] Round 16 - Sending updated weights to server...
Received weights from client 10
Received system metrics from client 1: {'cpu_time': 21.140000000596046, 'ram_used_mb': 5797.728256, 'net_sent_bytes': 1888, 'net_recv_bytes': 35427, 'gpu_mem_used_mb': 38957.0, 'gpu_load': 0.0, 'client_rank': 1, 'round': 16, 'timestamp': '2025-08-18 18:56:02', 'participated': 1, 'data_size': 1235, 'data_variance': 0.0631512776017189, 'local_loss': 0.5041159391403198, 'local_accuracy': 83.07692408561707, 'tn': -209, 'fp': 209, 'fn': 209, 'tp': 1026, 'precision': 0.8266884620413167, 'recall': 0.8267035962926821, 'f1': 0.8232720062427035, 'confusion_mean': 0.8267035962859935}
    [Client 5] Round 17 - Selected, will train.
    [Client 1] Round 17 - Selected, will train.
    [Client 1] Round 17 - Waiting for global weights...
    [Client 9] Round 17 - Selected, will train.
    [Client 9] Round 17 - Waiting for global weights...
    [Client 2] Round 17 - Selected, will train.
    [Client 2] Round 17 - Waiting for global weights...
    [Client 6] Round 17 - Selected, will train.
    [Client 6] Round 17 - Waiting for global weights...
    [Client 4] Round 17 - Selected, will train.
    [Client 4] Round 17 - Waiting for global weights...
    [Client 7] Round 17 - Selected, will train.
    [Client 7] Round 17 - Waiting for global weights...
    [Client 8] Round 17 - Selected, will train.
    [Client 8] Round 17 - Waiting for global weights...
    [Client 3] Round 17 - Selected, will train.
    [Client 3] Round 17 - Waiting for global weights...
    [Client 10] Round 17 - Selected, will train.
    [Client 10] Round 17 - Waiting for global weights...
Received system metrics from client 2: {'cpu_time': 62.27000000048429, 'ram_used_mb': 6096.293888, 'net_sent_bytes': 77310, 'net_recv_bytes': 92511, 'gpu_mem_used_mb': 38955.0, 'gpu_load': 0.0, 'client_rank': 2, 'round': 16, 'timestamp': '2025-08-18 18:56:03', 'participated': 1, 'data_size': 13121, 'data_variance': 0.06358262151479721, 'local_loss': 0.7883580923080444, 'local_accuracy': 72.75360226631165, 'tn': -3577, 'fp': 3577, 'fn': 3577, 'tp': 9544, 'precision': 0.7619609194538655, 'recall': 0.7270025213688027, 'f1': 0.72420856340304, 'confusion_mean': 0.7270025213682485}
    [Client 5] Round 17 - Waiting for global weights...
Received system metrics from client 3: {'cpu_time': 122.07000000029802, 'ram_used_mb': 5819.707392, 'net_sent_bytes': 2273, 'net_recv_bytes': 38715, 'gpu_mem_used_mb': 38957.0, 'gpu_load': 0.0, 'client_rank': 3, 'round': 16, 'timestamp': '2025-08-18 18:56:04', 'participated': 1, 'data_size': 3484, 'data_variance': 0.0632089227437973, 'local_loss': 0.5685527920722961, 'local_accuracy': 80.19517660140991, 'tn': -690, 'fp': 690, 'fn': 690, 'tp': 2794, 'precision': 0.8086028171803674, 'recall': 0.799833068384436, 'f1': 0.7973724237786264, 'confusion_mean': 0.7998330683821423}
Received system metrics from client 4: {'cpu_time': 91.11999999731779, 'ram_used_mb': 5795.26656, 'net_sent_bytes': 2046, 'net_recv_bytes': 34997, 'gpu_mem_used_mb': 38957.0, 'gpu_load': 0.0, 'client_rank': 4, 'round': 16, 'timestamp': '2025-08-18 18:56:03', 'participated': 1, 'data_size': 1277, 'data_variance': 0.06359560787677765, 'local_loss': 0.5484304428100586, 'local_accuracy': 82.69381523132324, 'tn': -221, 'fp': 221, 'fn': 221, 'tp': 1056, 'precision': 0.8343023257532851, 'recall': 0.8278982900416088, 'f1': 0.8275036249740813, 'confusion_mean': 0.82789829003508}
Received system metrics from client 5: {'cpu_time': 33.32000000029802, 'ram_used_mb': 5802.008576, 'net_sent_bytes': 3825, 'net_recv_bytes': 31440, 'gpu_mem_used_mb': 38957.0, 'gpu_load': 0.0, 'client_rank': 5, 'round': 16, 'timestamp': '2025-08-18 18:56:02', 'participated': 1, 'data_size': 1396, 'data_variance': 0.0641184002161026, 'local_loss': 0.5710511207580566, 'local_accuracy': 80.51576018333435, 'tn': -272, 'fp': 272, 'fn': 272, 'tp': 1124, 'precision': 0.8250041394317927, 'recall': 0.805869908709828, 'f1': 0.8063937366433691, 'confusion_mean': 0.8058699087040326}
Received system metrics from client 6: {'cpu_time': 53.93999999947846, 'ram_used_mb': 4767.27296, 'net_sent_bytes': 42379, 'net_recv_bytes': 40340, 'gpu_mem_used_mb': 38947.0, 'gpu_load': 0.02, 'client_rank': 6, 'round': 16, 'timestamp': '2025-08-18 18:56:00', 'participated': 1, 'data_size': 160, 'data_variance': 0.06430966407060623, 'local_loss': 0.3550110161304474, 'local_accuracy': 92.5000011920929, 'tn': -12, 'fp': 12, 'fn': 12, 'tp': 148, 'precision': 0.9269414065466697, 'recall': 0.9171951659451659, 'f1': 0.9200303523240363, 'confusion_mean': 0.91719516588383}
Received system metrics from client 7: {'cpu_time': 116.85999999940395, 'ram_used_mb': 5778.2272, 'net_sent_bytes': 50779, 'net_recv_bytes': 72122, 'gpu_mem_used_mb': 38957.0, 'gpu_load': 0.0, 'client_rank': 7, 'round': 16, 'timestamp': '2025-08-18 18:56:02', 'participated': 1, 'data_size': 1191, 'data_variance': 0.06395598500967026, 'local_loss': 0.5510673522949219, 'local_accuracy': 81.36020302772522, 'tn': -222, 'fp': 222, 'fn': 222, 'tp': 969, 'precision': 0.8187908652226801, 'recall': 0.8073949621461184, 'f1': 0.8070210163625029, 'confusion_mean': 0.8073949621393455}
Received system metrics from client 8: {'cpu_time': 32.69000000040978, 'ram_used_mb': 6159.622144, 'net_sent_bytes': 20748, 'net_recv_bytes': 55229, 'gpu_mem_used_mb': 38955.0, 'gpu_load': 0.0, 'client_rank': 8, 'round': 16, 'timestamp': '2025-08-18 18:56:04', 'participated': 1, 'data_size': 26307, 'data_variance': 0.0630842074751854, 'local_loss': 0.646974503993988, 'local_accuracy': 77.19618082046509, 'tn': -5999, 'fp': 5999, 'fn': 5999, 'tp': 20308, 'precision': 0.7841709387144421, 'recall': 0.7723229400366189, 'f1': 0.7709689256632771, 'confusion_mean': 0.7723229400363252}
Received system metrics from client 9: {'cpu_time': 23.67000000178814, 'ram_used_mb': 4790.329344, 'net_sent_bytes': 32423, 'net_recv_bytes': 21923, 'gpu_mem_used_mb': 38945.0, 'gpu_load': 0.0, 'client_rank': 9, 'round': 16, 'timestamp': '2025-08-18 18:56:00', 'participated': 1, 'data_size': 2, 'data_variance': 0.04466967657208443, 'local_loss': 0.04201916605234146, 'local_accuracy': 100.0, 'tn': 0, 'fp': 0, 'fn': 0, 'tp': 2, 'precision': 1.0, 'recall': 1.0, 'f1': 1.0, 'confusion_mean': 0.9999999989999999}
Received system metrics from client 10: {'cpu_time': 83.03000000864267, 'ram_used_mb': 5808.979968, 'net_sent_bytes': 105411, 'net_recv_bytes': 114072, 'gpu_mem_used_mb': 38955.0, 'gpu_load': 0.0, 'client_rank': 10, 'round': 16, 'timestamp': '2025-08-18 18:56:03', 'participated': 1, 'data_size': 1827, 'data_variance': 0.06289092451334, 'local_loss': 0.520845353603363, 'local_accuracy': 81.17132186889648, 'tn': -344, 'fp': 344, 'fn': 344, 'tp': 1483, 'precision': 0.8184660875625258, 'recall': 0.8091952531325504, 'f1': 0.8054526135156008, 'confusion_mean': 0.8091952531281139}
[selector] Round 16: participants used in averaging = 10/10
Averaging model weights...
Evaluating updated global model on test set...
Round 16 Evaluation - Accuracy: 0.7567, Loss: 0.6978

===== Round 17 =====
Broadcasting global model to all clients...
Waiting for model weights from client 1...
    [Client 6] Round 17 - Sending updated weights to server...
    [Client 3] Round 17 - Sending updated weights to server...
    [Client 7] Round 17 - Sending updated weights to server...
    [Client 1] Round 17 - Sending updated weights to server...
Received weights from client 1
Waiting for model weights from client 2...
    [Client 8] Round 17 - Sending updated weights to server...
    [Client 5] Round 17 - Sending updated weights to server...
    [Client 9] Round 17 - Sending updated weights to server...
    [Client 2] Round 17 - Sending updated weights to server...
Received weights from client 2
Waiting for model weights from client 3...
Received weights from client 3
Waiting for model weights from client 4...
    [Client 10] Round 17 - Sending updated weights to server...
    [Client 4] Round 17 - Sending updated weights to server...
Received weights from client 4
Waiting for model weights from client 5...
Received weights from client 5
Waiting for model weights from client 6...
Received weights from client 6
Waiting for model weights from client 7...
Received weights from client 7
Waiting for model weights from client 8...
Received weights from client 8
Waiting for model weights from client 9...
Received weights from client 9
Waiting for model weights from client 10...
Received weights from client 10
Received system metrics from client 1: {'cpu_time': 27.700000001117587, 'ram_used_mb': 5970.202624, 'net_sent_bytes': 57350, 'net_recv_bytes': 37438, 'gpu_mem_used_mb': 38957.0, 'gpu_load': 0.0, 'client_rank': 1, 'round': 17, 'timestamp': '2025-08-18 18:56:24', 'participated': 1, 'data_size': 1235, 'data_variance': 0.0631512776017189, 'local_loss': 0.47261276841163635, 'local_accuracy': 84.21052694320679, 'tn': -195, 'fp': 195, 'fn': 195, 'tp': 1040, 'precision': 0.8427997537589373, 'recall': 0.83931046901229, 'f1': 0.8391724463870952, 'confusion_mean': 0.8393104690054892}
Received system metrics from client 2: {'cpu_time': 61.33999999985099, 'ram_used_mb': 6278.217728, 'net_sent_bytes': 36351, 'net_recv_bytes': 72380, 'gpu_mem_used_mb': 38957.0, 'gpu_load': 0.0, 'client_rank': 2, 'round': 17, 'timestamp': '2025-08-18 18:56:26', 'participated': 1, 'data_size': 13121, 'data_variance': 0.06358262151479721, 'local_loss': 0.6021886467933655, 'local_accuracy': 78.90404462814331, 'tn': -2768, 'fp': 2768, 'fn': 2768, 'tp': 10353, 'precision': 0.7905530830766034, 'recall': 0.7893281654386279, 'f1': 0.7874002193224864, 'confusion_mean': 0.7893281654380258}
Received system metrics from client 3: {'cpu_time': 146.0599999986589, 'ram_used_mb': 6010.396672, 'net_sent_bytes': 34927, 'net_recv_bytes': 40642, 'gpu_mem_used_mb': 38957.0, 'gpu_load': 0.0, 'client_rank': 3, 'round': 17, 'timestamp': '2025-08-18 18:56:27', 'participated': 1, 'data_size': 3484, 'data_variance': 0.0632089227437973, 'local_loss': 0.5678362250328064, 'local_accuracy': 79.93685603141785, 'tn': -699, 'fp': 699, 'fn': 699, 'tp': 2785, 'precision': 0.8076432186363771, 'recall': 0.7987206128277444, 'f1': 0.8003632824493373, 'confusion_mean': 0.7987206128254495}
Received system metrics from client 4: {'cpu_time': 87.92000000178814, 'ram_used_mb': 6017.39264, 'net_sent_bytes': 91092, 'net_recv_bytes': 62421, 'gpu_mem_used_mb': 38959.0, 'gpu_load': 0.0, 'client_rank': 4, 'round': 17, 'timestamp': '2025-08-18 18:56:25', 'participated': 1, 'data_size': 1277, 'data_variance': 0.06359560787677765, 'local_loss': 0.5199810266494751, 'local_accuracy': 83.00704956054688, 'tn': -217, 'fp': 217, 'fn': 217, 'tp': 1060, 'precision': 0.8481478127967137, 'recall': 0.8269614174857575, 'f1': 0.8324489542095677, 'confusion_mean': 0.8269614174792679}
Received system metrics from client 5: {'cpu_time': 32.899999998509884, 'ram_used_mb': 5986.799616, 'net_sent_bytes': 2219, 'net_recv_bytes': 30221, 'gpu_mem_used_mb': 38957.0, 'gpu_load': 0.0, 'client_rank': 5, 'round': 17, 'timestamp': '2025-08-18 18:56:25', 'participated': 1, 'data_size': 1396, 'data_variance': 0.0641184002161026, 'local_loss': 0.670550525188446, 'local_accuracy': 76.21776461601257, 'tn': -332, 'fp': 332, 'fn': 332, 'tp': 1064, 'precision': 0.7994412817544782, 'recall': 0.7631676758487583, 'f1': 0.7630085298168593, 'confusion_mean': 0.7631676758432681}
Received system metrics from client 6: {'cpu_time': 91.25, 'ram_used_mb': 4911.747072, 'net_sent_bytes': 158, 'net_recv_bytes': 20501, 'gpu_mem_used_mb': 38947.0, 'gpu_load': 0.0, 'client_rank': 6, 'round': 17, 'timestamp': '2025-08-18 18:56:22', 'participated': 1, 'data_size': 160, 'data_variance': 0.06430966407060623, 'local_loss': 0.4134966731071472, 'local_accuracy': 86.87499761581421, 'tn': -21, 'fp': 21, 'fn': 21, 'tp': 139, 'precision': 0.9162891604010024, 'recall': 0.8645995670995671, 'f1': 0.8731462351414014, 'confusion_mean': 0.8645995670422252}
Received system metrics from client 7: {'cpu_time': 116.00999999791384, 'ram_used_mb': 5988.749312, 'net_sent_bytes': 75556, 'net_recv_bytes': 52981, 'gpu_mem_used_mb': 38957.0, 'gpu_load': 0.0, 'client_rank': 7, 'round': 17, 'timestamp': '2025-08-18 18:56:25', 'participated': 1, 'data_size': 1191, 'data_variance': 0.06395598500967026, 'local_loss': 0.5112160444259644, 'local_accuracy': 81.78001642227173, 'tn': -218, 'fp': 218, 'fn': 218, 'tp': 973, 'precision': 0.8233676879210519, 'recall': 0.8109329504263387, 'f1': 0.8109851894348182, 'confusion_mean': 0.8109329504195346}
Received system metrics from client 8: {'cpu_time': 33.66000000014901, 'ram_used_mb': 6393.114624, 'net_sent_bytes': 70250, 'net_recv_bytes': 79135, 'gpu_mem_used_mb': 38957.0, 'gpu_load': 0.0, 'client_rank': 8, 'round': 17, 'timestamp': '2025-08-18 18:56:26', 'participated': 1, 'data_size': 26307, 'data_variance': 0.0630842074751854, 'local_loss': 0.6609821319580078, 'local_accuracy': 76.71722173690796, 'tn': -6126, 'fp': 6126, 'fn': 6126, 'tp': 20181, 'precision': 0.7762285706971614, 'recall': 0.7678561052732857, 'f1': 0.7669487764097921, 'confusion_mean': 0.7678561052729936}
Received system metrics from client 9: {'cpu_time': 21.20999999344349, 'ram_used_mb': 4942.557184, 'net_sent_bytes': 1380, 'net_recv_bytes': 21790, 'gpu_mem_used_mb': 38947.0, 'gpu_load': 0.0, 'client_rank': 9, 'round': 17, 'timestamp': '2025-08-18 18:56:22', 'participated': 1, 'data_size': 2, 'data_variance': 0.04466967657208443, 'local_loss': 0.03235286846756935, 'local_accuracy': 100.0, 'tn': 0, 'fp': 0, 'fn': 0, 'tp': 2, 'precision': 1.0, 'recall': 1.0, 'f1': 1.0, 'confusion_mean': 0.9999999989999999}
Received system metrics from client 10: {'cpu_time': 85.05000000447035, 'ram_used_mb': 6023.999488, 'net_sent_bytes': 33098, 'net_recv_bytes': 64223, 'gpu_mem_used_mb': 38957.0, 'gpu_load': 0.0, 'client_rank': 10, 'round': 17, 'timestamp': '2025-08-18 18:56:25', 'participated': 1, 'data_size': 1827, 'data_variance': 0.06289092451334, 'local_loss': 0.7988958954811096, 'local_accuracy': 73.39901328086853, 'tn': -486, 'fp': 486, 'fn': 486, 'tp': 1341, 'precision': 0.7875008351216517, 'recall': 0.7266950070038927, 'f1': 0.7360020175670873, 'confusion_mean': 0.7266950069999385}
[selector] Round 17: participants used in averaging = 10/10
Averaging model weights...
Evaluating updated global model on test set...
    [Client 1] Round 18 - Selected, will train.
    [Client 1] Round 18 - Waiting for global weights...
    [Client 5] Round 18 - Selected, will train.
    [Client 5] Round 18 - Waiting for global weights...
    [Client 9] Round 18 - Selected, will train.
    [Client 9] Round 18 - Waiting for global weights...
    [Client 2] Round 18 - Selected, will train.
    [Client 6] Round 18 - Selected, will train.
    [Client 6] Round 18 - Waiting for global weights...
    [Client 4] Round 18 - Selected, will train.
    [Client 4] Round 18 - Waiting for global weights...
    [Client 8] Round 18 - Selected, will train.
    [Client 8] Round 18 - Waiting for global weights...
    [Client 10] Round 18 - Selected, will train.
    [Client 10] Round 18 - Waiting for global weights...
    [Client 2] Round 18 - Waiting for global weights...
    [Client 7] Round 18 - Selected, will train.
    [Client 7] Round 18 - Waiting for global weights...
    [Client 3] Round 18 - Selected, will train.
    [Client 3] Round 18 - Waiting for global weights...
Round 17 Evaluation - Accuracy: 0.7591, Loss: 0.6830

===== Round 18 =====
Broadcasting global model to all clients...
Waiting for model weights from client 1...
    [Client 6] Round 18 - Sending updated weights to server...
    [Client 1] Round 18 - Sending updated weights to server...
Received weights from client 1
Waiting for model weights from client 2...
    [Client 5] Round 18 - Sending updated weights to server...
    [Client 8] Round 18 - Sending updated weights to server...
    [Client 10] Round 18 - Sending updated weights to server...
    [Client 3] Round 18 - Sending updated weights to server...
    [Client 4] Round 18 - Sending updated weights to server...
    [Client 9] Round 18 - Sending updated weights to server...
    [Client 7] Round 18 - Sending updated weights to server...
    [Client 2] Round 18 - Sending updated weights to server...
Received weights from client 2
Waiting for model weights from client 3...
Received weights from client 3
Waiting for model weights from client 4...
Received weights from client 4
Waiting for model weights from client 5...
Received weights from client 5
Waiting for model weights from client 6...
Received weights from client 6
Waiting for model weights from client 7...
Received weights from client 7
Waiting for model weights from client 8...
Received weights from client 8
Waiting for model weights from client 9...
Received weights from client 9
Waiting for model weights from client 10...
Received weights from client 10
Received system metrics from client 1: {'cpu_time': 28.140000000596046, 'ram_used_mb': 6187.032576, 'net_sent_bytes': 327, 'net_recv_bytes': 29049, 'gpu_mem_used_mb': 38959.0, 'gpu_load': 0.01, 'client_rank': 1, 'round': 18, 'timestamp': '2025-08-18 18:56:42', 'participated': 1, 'data_size': 1235, 'data_variance': 0.0631512776017189, 'local_loss': 0.49599945545196533, 'local_accuracy': 84.61538553237915, 'tn': -190, 'fp': 190, 'fn': 190, 'tp': 1045, 'precision': 0.8543873420980528, 'recall': 0.8426878581375566, 'f1': 0.8433565456116752, 'confusion_mean': 0.8426878581307328}
Received system metrics from client 2: {'cpu_time': 62.260000000707805, 'ram_used_mb': 6522.875904, 'net_sent_bytes': 63192, 'net_recv_bytes': 67451, 'gpu_mem_used_mb': 38957.0, 'gpu_load': 0.0, 'client_rank': 2, 'round': 18, 'timestamp': '2025-08-18 18:56:43', 'participated': 1, 'data_size': 13121, 'data_variance': 0.06358262151479721, 'local_loss': 0.6145450472831726, 'local_accuracy': 78.51535677909851, 'tn': -2821, 'fp': 2821, 'fn': 2821, 'tp': 10300, 'precision': 0.7927811482867042, 'recall': 0.785527308967905, 'f1': 0.7814055631835762, 'confusion_mean': 0.7855273089673056}
Received system metrics from client 3: {'cpu_time': 138.25, 'ram_used_mb': 6255.16544, 'net_sent_bytes': 57376, 'net_recv_bytes': 70844, 'gpu_mem_used_mb': 38959.0, 'gpu_load': 0.0, 'client_rank': 3, 'round': 18, 'timestamp': '2025-08-18 18:56:44', 'participated': 1, 'data_size': 3484, 'data_variance': 0.0632089227437973, 'local_loss': 0.5996972322463989, 'local_accuracy': 79.2479932308197, 'tn': -723, 'fp': 723, 'fn': 723, 'tp': 2761, 'precision': 0.810046440147798, 'recall': 0.7910899347048176, 'f1': 0.7919578408195106, 'confusion_mean': 0.7910899347025467}
Received system metrics from client 4: {'cpu_time': 93.16000000014901, 'ram_used_mb': 6231.867392, 'net_sent_bytes': 944, 'net_recv_bytes': 33402, 'gpu_mem_used_mb': 38959.0, 'gpu_load': 0.0, 'client_rank': 4, 'round': 18, 'timestamp': '2025-08-18 18:56:43', 'participated': 1, 'data_size': 1277, 'data_variance': 0.06359560787677765, 'local_loss': 0.5003253221511841, 'local_accuracy': 84.02506113052368, 'tn': -205, 'fp': 205, 'fn': 205, 'tp': 1072, 'precision': 0.8422858766257892, 'recall': 0.8404492937023145, 'f1': 0.8379371529134609, 'confusion_mean': 0.8404492936956871}
Received system metrics from client 5: {'cpu_time': 32.830000000074506, 'ram_used_mb': 6248.52992, 'net_sent_bytes': 64427, 'net_recv_bytes': 43231, 'gpu_mem_used_mb': 38959.0, 'gpu_load': 0.0, 'client_rank': 5, 'round': 18, 'timestamp': '2025-08-18 18:56:42', 'participated': 1, 'data_size': 1396, 'data_variance': 0.0641184002161026, 'local_loss': 0.6895977854728699, 'local_accuracy': 76.21776461601257, 'tn': -332, 'fp': 332, 'fn': 332, 'tp': 1064, 'precision': 0.8189782394763707, 'recall': 0.7653201530247071, 'f1': 0.7667906966901337, 'confusion_mean': 0.7653201530191858}
Received system metrics from client 6: {'cpu_time': 90.02999999979511, 'ram_used_mb': 5068.509184, 'net_sent_bytes': 2292, 'net_recv_bytes': 21326, 'gpu_mem_used_mb': 38947.0, 'gpu_load': 0.0, 'client_rank': 6, 'round': 18, 'timestamp': '2025-08-18 18:56:40', 'participated': 1, 'data_size': 160, 'data_variance': 0.06430966407060623, 'local_loss': 0.3217202126979828, 'local_accuracy': 92.5000011920929, 'tn': -12, 'fp': 12, 'fn': 12, 'tp': 148, 'precision': 0.9345225563909775, 'recall': 0.9049116161616162, 'f1': 0.9109005694994734, 'confusion_mean': 0.9049116161024863}
Received system metrics from client 7: {'cpu_time': 116.42000000178814, 'ram_used_mb': 6229.64736, 'net_sent_bytes': 2567, 'net_recv_bytes': 35327, 'gpu_mem_used_mb': 38959.0, 'gpu_load': 0.01, 'client_rank': 7, 'round': 18, 'timestamp': '2025-08-18 18:56:42', 'participated': 1, 'data_size': 1191, 'data_variance': 0.06395598500967026, 'local_loss': 0.7728838920593262, 'local_accuracy': 72.4601149559021, 'tn': -328, 'fp': 328, 'fn': 328, 'tp': 863, 'precision': 0.770789340434117, 'recall': 0.7175402185375579, 'f1': 0.7110536897397302, 'confusion_mean': 0.717540218531546}
Received system metrics from client 8: {'cpu_time': 34.18000000016764, 'ram_used_mb': 6662.88128, 'net_sent_bytes': 90207, 'net_recv_bytes': 76382, 'gpu_mem_used_mb': 38959.0, 'gpu_load': 0.01, 'client_rank': 8, 'round': 18, 'timestamp': '2025-08-18 18:56:44', 'participated': 1, 'data_size': 26307, 'data_variance': 0.0630842074751854, 'local_loss': 0.567409336566925, 'local_accuracy': 80.0433337688446, 'tn': -5249, 'fp': 5249, 'fn': 5249, 'tp': 21058, 'precision': 0.805564026012814, 'recall': 0.8010101296543493, 'f1': 0.8013798872940695, 'confusion_mean': 0.8010101296540446}
Received system metrics from client 9: {'cpu_time': 21.69999999552965, 'ram_used_mb': 5113.9584, 'net_sent_bytes': 491, 'net_recv_bytes': 20920, 'gpu_mem_used_mb': 38947.0, 'gpu_load': 0.0, 'client_rank': 9, 'round': 18, 'timestamp': '2025-08-18 18:56:40', 'participated': 1, 'data_size': 2, 'data_variance': 0.04466967657208443, 'local_loss': 0.10647638887166977, 'local_accuracy': 100.0, 'tn': 0, 'fp': 0, 'fn': 0, 'tp': 2, 'precision': 1.0, 'recall': 1.0, 'f1': 1.0, 'confusion_mean': 0.9999999989999999}
Received system metrics from client 10: {'cpu_time': 85.45000000298023, 'ram_used_mb': 6245.609472, 'net_sent_bytes': 32015, 'net_recv_bytes': 61248, 'gpu_mem_used_mb': 38959.0, 'gpu_load': 0.0, 'client_rank': 10, 'round': 18, 'timestamp': '2025-08-18 18:56:43', 'participated': 1, 'data_size': 1827, 'data_variance': 0.06289092451334, 'local_loss': 0.5191131830215454, 'local_accuracy': 82.37547874450684, 'tn': -322, 'fp': 322, 'fn': 322, 'tp': 1505, 'precision': 0.835199976312162, 'recall': 0.8203358549434601, 'f1': 0.8213276107140048, 'confusion_mean': 0.8203358549389688}
[selector] Round 18: participants used in averaging = 10/10
Averaging model weights...
Evaluating updated global model on test set...
    [Client 1] Round 19 - Selected, will train.
    [Client 1] Round 19 - Waiting for global weights...
    [Client 2] Round 19 - Selected, will train.
    [Client 2] Round 19 - Waiting for global weights...
    [Client 6] Round 19 - Selected, will train.
    [Client 6] Round 19 - Waiting for global weights...
    [Client 9] Round 19 - Selected, will train.
    [Client 9] Round 19 - Waiting for global weights...
    [Client 5] Round 19 - Selected, will train.
    [Client 5] Round 19 - Waiting for global weights...
    [Client 4] Round 19 - Selected, will train.
    [Client 4] Round 19 - Waiting for global weights...
    [Client 8] Round 19 - Selected, will train.
    [Client 8] Round 19 - Waiting for global weights...
    [Client 10] Round 19 - Selected, will train.
    [Client 10] Round 19 - Waiting for global weights...
    [Client 7] Round 19 - Selected, will train.
    [Client 3] Round 19 - Selected, will train.
    [Client 3] Round 19 - Waiting for global weights...
    [Client 7] Round 19 - Waiting for global weights...
Round 18 Evaluation - Accuracy: 0.7670, Loss: 0.6626

===== Round 19 =====
Broadcasting global model to all clients...
Waiting for model weights from client 1...
    [Client 6] Round 19 - Sending updated weights to server...
    [Client 5] Round 19 - Sending updated weights to server...
    [Client 7] Round 19 - Sending updated weights to server...
    [Client 10] Round 19 - Sending updated weights to server...
    [Client 8] Round 19 - Sending updated weights to server...
    [Client 3] Round 19 - Sending updated weights to server...
    [Client 2] Round 19 - Sending updated weights to server...
    [Client 9] Round 19 - Sending updated weights to server...
    [Client 1] Round 19 - Sending updated weights to server...
Received weights from client 1
Waiting for model weights from client 2...
Received weights from client 2
Waiting for model weights from client 3...
Received weights from client 3
Waiting for model weights from client 4...
    [Client 4] Round 19 - Sending updated weights to server...
Received weights from client 4
Waiting for model weights from client 5...
Received weights from client 5
Waiting for model weights from client 6...
Received weights from client 6
Waiting for model weights from client 7...
Received weights from client 7
Waiting for model weights from client 8...
Received weights from client 8
Waiting for model weights from client 9...
Received weights from client 9
Waiting for model weights from client 10...
Received weights from client 10
Received system metrics from client 1: {'cpu_time': 36.559999998658895, 'ram_used_mb': 6307.028992, 'net_sent_bytes': 946, 'net_recv_bytes': 33088, 'gpu_mem_used_mb': 38961.0, 'gpu_load': 0.0, 'client_rank': 1, 'round': 19, 'timestamp': '2025-08-18 18:57:04', 'participated': 1, 'data_size': 1235, 'data_variance': 0.0631512776017189, 'local_loss': 0.46344196796417236, 'local_accuracy': 84.69635844230652, 'tn': -189, 'fp': 189, 'fn': 189, 'tp': 1046, 'precision': 0.850634689223352, 'recall': 0.8434628971255718, 'f1': 0.8413219272907554, 'confusion_mean': 0.8434628971187432}
Received system metrics from client 2: {'cpu_time': 73.04999999981374, 'ram_used_mb': 6575.955968, 'net_sent_bytes': 127322, 'net_recv_bytes': 109232, 'gpu_mem_used_mb': 38959.0, 'gpu_load': 0.0, 'client_rank': 2, 'round': 19, 'timestamp': '2025-08-18 18:57:05', 'participated': 1, 'data_size': 13121, 'data_variance': 0.06358262151479721, 'local_loss': 0.5556514859199524, 'local_accuracy': 80.64934015274048, 'tn': -2539, 'fp': 2539, 'fn': 2539, 'tp': 10582, 'precision': 0.8099118929081783, 'recall': 0.8069969552704531, 'f1': 0.8033024620007374, 'confusion_mean': 0.8069969552698373}
Received system metrics from client 3: {'cpu_time': 162.26999999955297, 'ram_used_mb': 6337.388544, 'net_sent_bytes': 43959, 'net_recv_bytes': 61074, 'gpu_mem_used_mb': 38961.0, 'gpu_load': 0.0, 'client_rank': 3, 'round': 19, 'timestamp': '2025-08-18 18:57:06', 'participated': 1, 'data_size': 3484, 'data_variance': 0.0632089227437973, 'local_loss': 0.5187181234359741, 'local_accuracy': 82.03214406967163, 'tn': -626, 'fp': 626, 'fn': 626, 'tp': 2858, 'precision': 0.8331339794565145, 'recall': 0.8199098282776518, 'f1': 0.8201322167484163, 'confusion_mean': 0.8199098282752952}
Received system metrics from client 4: {'cpu_time': 105.06000000238419, 'ram_used_mb': 6323.8144, 'net_sent_bytes': 35655, 'net_recv_bytes': 40099, 'gpu_mem_used_mb': 38961.0, 'gpu_load': 0.0, 'client_rank': 4, 'round': 19, 'timestamp': '2025-08-18 18:57:04', 'participated': 1, 'data_size': 1277, 'data_variance': 0.06359560787677765, 'local_loss': 0.45110949873924255, 'local_accuracy': 85.27799248695374, 'tn': -188, 'fp': 188, 'fn': 188, 'tp': 1089, 'precision': 0.8600246849989477, 'recall': 0.8511518610174631, 'f1': 0.8530717883661945, 'confusion_mean': 0.85115186101077}
Received system metrics from client 5: {'cpu_time': 35.80000000074506, 'ram_used_mb': 6351.21664, 'net_sent_bytes': 4024, 'net_recv_bytes': 38998, 'gpu_mem_used_mb': 38961.0, 'gpu_load': 0.0, 'client_rank': 5, 'round': 19, 'timestamp': '2025-08-18 18:57:04', 'participated': 1, 'data_size': 1396, 'data_variance': 0.0641184002161026, 'local_loss': 0.48654624819755554, 'local_accuracy': 84.59885120391846, 'tn': -215, 'fp': 215, 'fn': 215, 'tp': 1181, 'precision': 0.8554781055058267, 'recall': 0.8471267402065502, 'f1': 0.8475773520031883, 'confusion_mean': 0.8471267402004555}
Received system metrics from client 6: {'cpu_time': 37.32000000029802, 'ram_used_mb': 5229.744128, 'net_sent_bytes': 25063, 'net_recv_bytes': 22417, 'gpu_mem_used_mb': 38949.0, 'gpu_load': 0.0, 'client_rank': 6, 'round': 19, 'timestamp': '2025-08-18 18:57:00', 'participated': 1, 'data_size': 160, 'data_variance': 0.06430966407060623, 'local_loss': 0.27046799659729004, 'local_accuracy': 93.12499761581421, 'tn': -11, 'fp': 11, 'fn': 11, 'tp': 149, 'precision': 0.9386335200746965, 'recall': 0.9211652236652237, 'f1': 0.9279210070289532, 'confusion_mean': 0.92116522360419}
Received system metrics from client 7: {'cpu_time': 128.22999999672174, 'ram_used_mb': 6327.975936, 'net_sent_bytes': 29148, 'net_recv_bytes': 61147, 'gpu_mem_used_mb': 38959.0, 'gpu_load': 0.0, 'client_rank': 7, 'round': 19, 'timestamp': '2025-08-18 18:57:04', 'participated': 1, 'data_size': 1191, 'data_variance': 0.06395598500967026, 'local_loss': 0.6409090161323547, 'local_accuracy': 76.74223184585571, 'tn': -277, 'fp': 277, 'fn': 277, 'tp': 914, 'precision': 0.8165239594445379, 'recall': 0.7570921557586531, 'f1': 0.7611769830675905, 'confusion_mean': 0.7570921557523411}
Received system metrics from client 8: {'cpu_time': 39.77999999979511, 'ram_used_mb': 6706.937856, 'net_sent_bytes': 7700, 'net_recv_bytes': 48320, 'gpu_mem_used_mb': 38959.0, 'gpu_load': 0.0, 'client_rank': 8, 'round': 19, 'timestamp': '2025-08-18 18:57:06', 'participated': 1, 'data_size': 26307, 'data_variance': 0.0630842074751854, 'local_loss': 0.6702113747596741, 'local_accuracy': 76.35230422019958, 'tn': -6220, 'fp': 6220, 'fn': 6220, 'tp': 20087, 'precision': 0.7909341127435642, 'recall': 0.7643510767647104, 'f1': 0.7666870718092704, 'confusion_mean': 0.7643510767644195}
Received system metrics from client 9: {'cpu_time': 21.859999999403954, 'ram_used_mb': 5272.612864, 'net_sent_bytes': 33093, 'net_recv_bytes': 21911, 'gpu_mem_used_mb': 38947.0, 'gpu_load': 0.0, 'client_rank': 9, 'round': 19, 'timestamp': '2025-08-18 18:57:01', 'participated': 1, 'data_size': 2, 'data_variance': 0.04466967657208443, 'local_loss': 0.07721312344074249, 'local_accuracy': 100.0, 'tn': 0, 'fp': 0, 'fn': 0, 'tp': 2, 'precision': 1.0, 'recall': 1.0, 'f1': 1.0, 'confusion_mean': 0.9999999989999999}
Received system metrics from client 10: {'cpu_time': 93.04999999701977, 'ram_used_mb': 6328.676352, 'net_sent_bytes': 109549, 'net_recv_bytes': 86852, 'gpu_mem_used_mb': 38959.0, 'gpu_load': 0.0, 'client_rank': 10, 'round': 19, 'timestamp': '2025-08-18 18:57:04', 'participated': 1, 'data_size': 1827, 'data_variance': 0.06289092451334, 'local_loss': 0.4556964635848999, 'local_accuracy': 84.29118990898132, 'tn': -287, 'fp': 287, 'fn': 287, 'tp': 1540, 'precision': 0.848488206332337, 'recall': 0.8387655907389119, 'f1': 0.8366305538116381, 'confusion_mean': 0.8387655907343229}
[selector] Round 19: participants used in averaging = 10/10
Averaging model weights...
Evaluating updated global model on test set...
    [Client 1] Round 20 - Selected, will train.
    [Client 1] Round 20 - Waiting for global weights...
    [Client 9] Round 20 - Selected, will train.
    [Client 9] Round 20 - Waiting for global weights...
    [Client 5] Round 20 - Selected, will train.
    [Client 5] Round 20 - Waiting for global weights...
    [Client 4] Round 20 - Selected, will train.
    [Client 4] Round 20 - Waiting for global weights...
    [Client 8] Round 20 - Selected, will train.
    [Client 2] Round 20 - Selected, will train.
    [Client 6] Round 20 - Selected, will train.
    [Client 10] Round 20 - Selected, will train.
    [Client 10] Round 20 - Waiting for global weights...
    [Client 2] Round 20 - Waiting for global weights...
    [Client 8] Round 20 - Waiting for global weights...
    [Client 6] Round 20 - Waiting for global weights...
    [Client 7] Round 20 - Selected, will train.
    [Client 3] Round 20 - Selected, will train.
    [Client 3] Round 20 - Waiting for global weights...
    [Client 7] Round 20 - Waiting for global weights...
Round 19 Evaluation - Accuracy: 0.7699, Loss: 0.6555

===== Round 20 =====
Broadcasting global model to all clients...
Waiting for model weights from client 1...
    [Client 6] Round 20 - Sending updated weights to server...
    [Client 1] Round 20 - Sending updated weights to server...
Received weights from client 1
Waiting for model weights from client 2...
    [Client 5] Round 20 - Sending updated weights to server...
    [Client 10] Round 20 - Sending updated weights to server...
    [Client 7] Round 20 - Sending updated weights to server...
    [Client 2] Round 20 - Sending updated weights to server...
Received weights from client 2
Waiting for model weights from client 3...
    [Client 3] Round 20 - Sending updated weights to server...
Received weights from client 3
Waiting for model weights from client 4...
    [Client 8] Round 20 - Sending updated weights to server...
    [Client 4] Round 20 - Sending updated weights to server...
Received weights from client 4
Waiting for model weights from client 5...
Received weights from client 5
Waiting for model weights from client 6...
Received weights from client 6
Waiting for model weights from client 7...
Received weights from client 7
Waiting for model weights from client 8...
Received weights from client 8
Waiting for model weights from client 9...
    [Client 9] Round 20 - Sending updated weights to server...
Received weights from client 9
Waiting for model weights from client 10...
Received weights from client 10
Received system metrics from client 1: {'cpu_time': 13.410000002011657, 'ram_used_mb': 6496.866304, 'net_sent_bytes': 2701, 'net_recv_bytes': 34439, 'gpu_mem_used_mb': 38961.0, 'gpu_load': 0.0, 'client_rank': 1, 'round': 20, 'timestamp': '2025-08-18 18:58:44', 'participated': 1, 'data_size': 1235, 'data_variance': 0.0631512776017189, 'local_loss': 0.4579305648803711, 'local_accuracy': 84.29149985313416, 'tn': -194, 'fp': 194, 'fn': 194, 'tp': 1041, 'precision': 0.8466094847698804, 'recall': 0.8392426033448999, 'f1': 0.8396874970748966, 'confusion_mean': 0.8392426033381064}
Received system metrics from client 2: {'cpu_time': 58.5699999993667, 'ram_used_mb': 6801.932288, 'net_sent_bytes': 67213, 'net_recv_bytes': 71049, 'gpu_mem_used_mb': 38961.0, 'gpu_load': 0.0, 'client_rank': 2, 'round': 20, 'timestamp': '2025-08-18 18:58:45', 'participated': 1, 'data_size': 13121, 'data_variance': 0.06358262151479721, 'local_loss': 0.610589861869812, 'local_accuracy': 78.42389941215515, 'tn': -2831, 'fp': 2831, 'fn': 2831, 'tp': 10290, 'precision': 0.7941369159641994, 'recall': 0.7845227902392539, 'f1': 0.7795687332347012, 'confusion_mean': 0.7845227902386555}
Received system metrics from client 3: {'cpu_time': 144.50999999791384, 'ram_used_mb': 6541.848576, 'net_sent_bytes': 29310, 'net_recv_bytes': 63508, 'gpu_mem_used_mb': 38961.0, 'gpu_load': 0.0, 'client_rank': 3, 'round': 20, 'timestamp': '2025-08-18 18:58:46', 'participated': 1, 'data_size': 3484, 'data_variance': 0.0632089227437973, 'local_loss': 0.4203254282474518, 'local_accuracy': 86.79678440093994, 'tn': -459, 'fp': 459, 'fn': 459, 'tp': 3025, 'precision': 0.8694837832935323, 'recall': 0.8668591406176679, 'f1': 0.8671493862398328, 'confusion_mean': 0.8668591406151792}
Received system metrics from client 4: {'cpu_time': 76.28999999910593, 'ram_used_mb': 6538.05568, 'net_sent_bytes': 2587, 'net_recv_bytes': 32346, 'gpu_mem_used_mb': 38961.0, 'gpu_load': 0.0, 'client_rank': 4, 'round': 20, 'timestamp': '2025-08-18 18:58:44', 'participated': 1, 'data_size': 1277, 'data_variance': 0.06359560787677765, 'local_loss': 0.4628469944000244, 'local_accuracy': 84.72983837127686, 'tn': -195, 'fp': 195, 'fn': 195, 'tp': 1082, 'precision': 0.860213822864648, 'recall': 0.8446592719626416, 'f1': 0.8461707750666342, 'confusion_mean': 0.8446592719560106}
Received system metrics from client 5: {'cpu_time': 32.730000000447035, 'ram_used_mb': 6569.73824, 'net_sent_bytes': 534, 'net_recv_bytes': 27719, 'gpu_mem_used_mb': 38961.0, 'gpu_load': 0.0, 'client_rank': 5, 'round': 20, 'timestamp': '2025-08-18 18:58:44', 'participated': 1, 'data_size': 1396, 'data_variance': 0.0641184002161026, 'local_loss': 0.5036344528198242, 'local_accuracy': 82.80802369117737, 'tn': -240, 'fp': 240, 'fn': 240, 'tp': 1156, 'precision': 0.8481103913924315, 'recall': 0.8280534701368063, 'f1': 0.8269433479711408, 'confusion_mean': 0.8280534701308566}
Received system metrics from client 6: {'cpu_time': 103.0, 'ram_used_mb': 5283.213312, 'net_sent_bytes': 31162, 'net_recv_bytes': 28900, 'gpu_mem_used_mb': 38949.0, 'gpu_load': 0.0, 'client_rank': 6, 'round': 20, 'timestamp': '2025-08-18 18:58:42', 'participated': 1, 'data_size': 160, 'data_variance': 0.06430966407060623, 'local_loss': 0.33502697944641113, 'local_accuracy': 89.99999761581421, 'tn': -16, 'fp': 16, 'fn': 16, 'tp': 144, 'precision': 0.9127683548335723, 'recall': 0.8941612554112555, 'f1': 0.8981694164199772, 'confusion_mean': 0.8941612553517793}
Received system metrics from client 7: {'cpu_time': 114.3399999961257, 'ram_used_mb': 6540.951552, 'net_sent_bytes': 1300, 'net_recv_bytes': 31068, 'gpu_mem_used_mb': 38961.0, 'gpu_load': 0.0, 'client_rank': 7, 'round': 20, 'timestamp': '2025-08-18 18:58:44', 'participated': 1, 'data_size': 1191, 'data_variance': 0.06395598500967026, 'local_loss': 0.5124229788780212, 'local_accuracy': 81.86398148536682, 'tn': -216, 'fp': 216, 'fn': 216, 'tp': 975, 'precision': 0.828833225847099, 'recall': 0.811604857893727, 'f1': 0.8116533434312956, 'confusion_mean': 0.8116048578869257}
Received system metrics from client 8: {'cpu_time': 35.96999999997206, 'ram_used_mb': 6907.133952, 'net_sent_bytes': 51260, 'net_recv_bytes': 66464, 'gpu_mem_used_mb': 38961.0, 'gpu_load': 0.0, 'client_rank': 8, 'round': 20, 'timestamp': '2025-08-18 18:58:46', 'participated': 1, 'data_size': 26307, 'data_variance': 0.0630842074751854, 'local_loss': 0.6500593423843384, 'local_accuracy': 77.59151458740234, 'tn': -5896, 'fp': 5896, 'fn': 5896, 'tp': 20411, 'precision': 0.7834163826958715, 'recall': 0.7761421382219625, 'f1': 0.77210278979815, 'confusion_mean': 0.7761421382216673}
Received system metrics from client 9: {'cpu_time': 24.600000001490116, 'ram_used_mb': 5319.667712, 'net_sent_bytes': 579, 'net_recv_bytes': 19388, 'gpu_mem_used_mb': 38947.0, 'gpu_load': 0.0, 'client_rank': 9, 'round': 20, 'timestamp': '2025-08-18 18:58:42', 'participated': 1, 'data_size': 2, 'data_variance': 0.04466967657208443, 'local_loss': 0.041071970015764236, 'local_accuracy': 100.0, 'tn': 0, 'fp': 0, 'fn': 0, 'tp': 2, 'precision': 1.0, 'recall': 1.0, 'f1': 1.0, 'confusion_mean': 0.9999999989999999}
Received system metrics from client 10: {'cpu_time': 85.21000000089407, 'ram_used_mb': 6531.846144, 'net_sent_bytes': 69841, 'net_recv_bytes': 75095, 'gpu_mem_used_mb': 38961.0, 'gpu_load': 0.0, 'client_rank': 10, 'round': 20, 'timestamp': '2025-08-18 18:58:44', 'participated': 1, 'data_size': 1827, 'data_variance': 0.06289092451334, 'local_loss': 0.4750938415527344, 'local_accuracy': 84.23645496368408, 'tn': -288, 'fp': 288, 'fn': 288, 'tp': 1539, 'precision': 0.8478969020489799, 'recall': 0.8402356873906125, 'f1': 0.8381909978320119, 'confusion_mean': 0.8402356873860045}
[selector] Round 20: participants used in averaging = 10/10
Averaging model weights...
Evaluating updated global model on test set...
    [Client 1] Round 21 - Selected, will train.
    [Client 5] Round 21 - Selected, will train.
    [Client 5] Round 21 - Waiting for global weights...
    [Client 9] Round 21 - Selected, will train.
    [Client 9] Round 21 - Waiting for global weights...
    [Client 1] Round 21 - Waiting for global weights...
    [Client 8] Round 21 - Selected, will train.
    [Client 2] Round 21 - Selected, will train.
    [Client 2] Round 21 - Waiting for global weights...
    [Client 6] Round 21 - Selected, will train.
    [Client 6] Round 21 - Waiting for global weights...
    [Client 4] Round 21 - Selected, will train.
    [Client 10] Round 21 - Selected, will train.
    [Client 10] Round 21 - Waiting for global weights...
    [Client 4] Round 21 - Waiting for global weights...
    [Client 8] Round 21 - Waiting for global weights...
    [Client 7] Round 21 - Selected, will train.
    [Client 3] Round 21 - Selected, will train.
    [Client 3] Round 21 - Waiting for global weights...
    [Client 7] Round 21 - Waiting for global weights...
Round 20 Evaluation - Accuracy: 0.7803, Loss: 0.6300

===== Round 21 =====
Broadcasting global model to all clients...
Waiting for model weights from client 1...
    [Client 6] Round 21 - Sending updated weights to server...
    [Client 10] Round 21 - Sending updated weights to server...
    [Client 7] Round 21 - Sending updated weights to server...
    [Client 4] Round 21 - Sending updated weights to server...
    [Client 9] Round 21 - Sending updated weights to server...
    [Client 8] Round 21 - Sending updated weights to server...
    [Client 3] Round 21 - Sending updated weights to server...
    [Client 5] Round 21 - Sending updated weights to server...
    [Client 1] Round 21 - Sending updated weights to server...
Received weights from client 1
Waiting for model weights from client 2...
    [Client 2] Round 21 - Sending updated weights to server...
Received weights from client 2
Waiting for model weights from client 3...
Received weights from client 3
Waiting for model weights from client 4...
Received weights from client 4
Waiting for model weights from client 5...
Received weights from client 5
Waiting for model weights from client 6...
Received weights from client 6
Waiting for model weights from client 7...
Received weights from client 7
Waiting for model weights from client 8...
Received weights from client 8
Waiting for model weights from client 9...
Received weights from client 9
Waiting for model weights from client 10...
Received weights from client 10
Received system metrics from client 1: {'cpu_time': 19.970000000670552, 'ram_used_mb': 6740.45952, 'net_sent_bytes': 60909, 'net_recv_bytes': 71892, 'gpu_mem_used_mb': 38963.0, 'gpu_load': 0.0, 'client_rank': 1, 'round': 21, 'timestamp': '2025-08-18 19:00:09', 'participated': 1, 'data_size': 1235, 'data_variance': 0.0631512776017189, 'local_loss': 0.43615439534187317, 'local_accuracy': 85.18218398094177, 'tn': -183, 'fp': 183, 'fn': 183, 'tp': 1052, 'precision': 0.854795749451309, 'recall': 0.8486766142361735, 'f1': 0.8490911817130462, 'confusion_mean': 0.8486766142292985}
Received system metrics from client 2: {'cpu_time': 60.42999999970198, 'ram_used_mb': 7045.472256, 'net_sent_bytes': 76917, 'net_recv_bytes': 73081, 'gpu_mem_used_mb': 38961.0, 'gpu_load': 0.0, 'client_rank': 2, 'round': 21, 'timestamp': '2025-08-18 19:00:10', 'participated': 1, 'data_size': 13121, 'data_variance': 0.06358262151479721, 'local_loss': 0.573462188243866, 'local_accuracy': 79.8338532447815, 'tn': -2646, 'fp': 2646, 'fn': 2646, 'tp': 10475, 'precision': 0.8043923068182591, 'recall': 0.7981287497730929, 'f1': 0.7938297221438626, 'confusion_mean': 0.7981287497724844}
Received system metrics from client 3: {'cpu_time': 140.15000000223517, 'ram_used_mb': 6763.831296, 'net_sent_bytes': 33657, 'net_recv_bytes': 53169, 'gpu_mem_used_mb': 38963.0, 'gpu_load': 0.0, 'client_rank': 3, 'round': 21, 'timestamp': '2025-08-18 19:00:12', 'participated': 1, 'data_size': 3484, 'data_variance': 0.0632089227437973, 'local_loss': 0.5008707046508789, 'local_accuracy': 82.233065366745, 'tn': -619, 'fp': 619, 'fn': 619, 'tp': 2865, 'precision': 0.8389013896156641, 'recall': 0.8197646330734484, 'f1': 0.8189551490597392, 'confusion_mean': 0.8197646330710988}
Received system metrics from client 4: {'cpu_time': 77.75, 'ram_used_mb': 6733.94688, 'net_sent_bytes': 32786, 'net_recv_bytes': 35672, 'gpu_mem_used_mb': 38963.0, 'gpu_load': 0.0, 'client_rank': 4, 'round': 21, 'timestamp': '2025-08-18 19:00:10', 'participated': 1, 'data_size': 1277, 'data_variance': 0.06359560787677765, 'local_loss': 0.39937624335289, 'local_accuracy': 87.8621757030487, 'tn': -155, 'fp': 155, 'fn': 155, 'tp': 1122, 'precision': 0.8858948287746712, 'recall': 0.8802485782414535, 'f1': 0.8805435459082653, 'confusion_mean': 0.880248578234507}
Received system metrics from client 5: {'cpu_time': 33.28000000119209, 'ram_used_mb': 6776.40192, 'net_sent_bytes': 41372, 'net_recv_bytes': 53192, 'gpu_mem_used_mb': 38963.0, 'gpu_load': 0.0, 'client_rank': 5, 'round': 21, 'timestamp': '2025-08-18 19:00:10', 'participated': 1, 'data_size': 1396, 'data_variance': 0.0641184002161026, 'local_loss': 0.461234986782074, 'local_accuracy': 84.38395261764526, 'tn': -218, 'fp': 218, 'fn': 218, 'tp': 1178, 'precision': 0.8557870741682978, 'recall': 0.8446105599974748, 'f1': 0.8449984960898258, 'confusion_mean': 0.8446105599914008}
Received system metrics from client 6: {'cpu_time': 86.62999999988824, 'ram_used_mb': 5424.70144, 'net_sent_bytes': 15045, 'net_recv_bytes': 26230, 'gpu_mem_used_mb': 38949.0, 'gpu_load': 0.0, 'client_rank': 6, 'round': 21, 'timestamp': '2025-08-18 19:00:07', 'participated': 1, 'data_size': 160, 'data_variance': 0.06430966407060623, 'local_loss': 0.28247207403182983, 'local_accuracy': 93.12499761581421, 'tn': -11, 'fp': 11, 'fn': 11, 'tp': 149, 'precision': 0.9251138716356108, 'recall': 0.9267207792207792, 'f1': 0.9237193135076203, 'confusion_mean': 0.9267207791590237}
Received system metrics from client 7: {'cpu_time': 109.56000000238419, 'ram_used_mb': 6755.92192, 'net_sent_bytes': 204, 'net_recv_bytes': 29956, 'gpu_mem_used_mb': 38963.0, 'gpu_load': 0.0, 'client_rank': 7, 'round': 21, 'timestamp': '2025-08-18 19:00:09', 'participated': 1, 'data_size': 1191, 'data_variance': 0.06395598500967026, 'local_loss': 0.5765302777290344, 'local_accuracy': 80.35264611244202, 'tn': -234, 'fp': 234, 'fn': 234, 'tp': 957, 'precision': 0.8201623189984071, 'recall': 0.7965507225248449, 'f1': 0.7954762567527762, 'confusion_mean': 0.7965507225181708}
Received system metrics from client 8: {'cpu_time': 35.52000000001863, 'ram_used_mb': 7194.03008, 'net_sent_bytes': 48601, 'net_recv_bytes': 65075, 'gpu_mem_used_mb': 38961.0, 'gpu_load': 0.0, 'client_rank': 8, 'round': 21, 'timestamp': '2025-08-18 19:00:11', 'participated': 1, 'data_size': 26307, 'data_variance': 0.0630842074751854, 'local_loss': 0.6277487874031067, 'local_accuracy': 77.941232919693, 'tn': -5803, 'fp': 5803, 'fn': 5803, 'tp': 20504, 'precision': 0.7995855714129518, 'recall': 0.7791277762774886, 'f1': 0.7812103801264408, 'confusion_mean': 0.7791277762771924}
Received system metrics from client 9: {'cpu_time': 21.189999997615814, 'ram_used_mb': 5478.436864, 'net_sent_bytes': 78125, 'net_recv_bytes': 51693, 'gpu_mem_used_mb': 38949.0, 'gpu_load': 0.0, 'client_rank': 9, 'round': 21, 'timestamp': '2025-08-18 19:00:07', 'participated': 1, 'data_size': 2, 'data_variance': 0.04466967657208443, 'local_loss': 0.030733518302440643, 'local_accuracy': 100.0, 'tn': 0, 'fp': 0, 'fn': 0, 'tp': 2, 'precision': 1.0, 'recall': 1.0, 'f1': 1.0, 'confusion_mean': 0.9999999989999999}
Received system metrics from client 10: {'cpu_time': 83.5899999961257, 'ram_used_mb': 6758.576128, 'net_sent_bytes': 65573, 'net_recv_bytes': 64134, 'gpu_mem_used_mb': 38961.0, 'gpu_load': 0.0, 'client_rank': 10, 'round': 21, 'timestamp': '2025-08-18 19:00:10', 'participated': 1, 'data_size': 1827, 'data_variance': 0.06289092451334, 'local_loss': 0.4032232165336609, 'local_accuracy': 86.86370849609375, 'tn': -240, 'fp': 240, 'fn': 240, 'tp': 1587, 'precision': 0.8697756302900338, 'recall': 0.865625402820686, 'f1': 0.8657523775824905, 'confusion_mean': 0.8656254028159435}
[selector] Round 21: participants used in averaging = 10/10
Averaging model weights...
Evaluating updated global model on test set...
    [Client 1] Round 22 - Selected, will train.
    [Client 1] Round 22 - Waiting for global weights...
    [Client 5] Round 22 - Selected, will train.
    [Client 5] Round 22 - Waiting for global weights...
    [Client 9] Round 22 - Selected, will train.
    [Client 9] Round 22 - Waiting for global weights...
    [Client 2] Round 22 - Selected, will train.
    [Client 2] Round 22 - Waiting for global weights...
    [Client 6] Round 22 - Selected, will train.
    [Client 6] Round 22 - Waiting for global weights...
    [Client 10] Round 22 - Selected, will train.
    [Client 10] Round 22 - Waiting for global weights...
    [Client 8] Round 22 - Selected, will train.
    [Client 8] Round 22 - Waiting for global weights...
    [Client 4] Round 22 - Selected, will train.
    [Client 4] Round 22 - Waiting for global weights...
    [Client 7] Round 22 - Selected, will train.
    [Client 7] Round 22 - Waiting for global weights...
    [Client 3] Round 22 - Selected, will train.
    [Client 3] Round 22 - Waiting for global weights...
Round 21 Evaluation - Accuracy: 0.7911, Loss: 0.6060

===== Round 22 =====
Broadcasting global model to all clients...
Waiting for model weights from client 1...
    [Client 1] Round 22 - Sending updated weights to server...
Received weights from client 1
Waiting for model weights from client 2...
    [Client 7] Round 22 - Sending updated weights to server...
    [Client 6] Round 22 - Sending updated weights to server...
    [Client 3] Round 22 - Sending updated weights to server...
    [Client 8] Round 22 - Sending updated weights to server...
    [Client 4] Round 22 - Sending updated weights to server...
    [Client 5] Round 22 - Sending updated weights to server...
    [Client 10] Round 22 - Sending updated weights to server...
    [Client 9] Round 22 - Sending updated weights to server...
    [Client 2] Round 22 - Sending updated weights to server...
Received weights from client 2
Waiting for model weights from client 3...
Received weights from client 3
Waiting for model weights from client 4...
Received weights from client 4
Waiting for model weights from client 5...
Received weights from client 5
Waiting for model weights from client 6...
Received weights from client 6
Waiting for model weights from client 7...
Received weights from client 7
Waiting for model weights from client 8...
Received weights from client 8
Waiting for model weights from client 9...
Received weights from client 9
Waiting for model weights from client 10...
Received weights from client 10
Received system metrics from client 1: {'cpu_time': 17.66000000014901, 'ram_used_mb': 6970.486784, 'net_sent_bytes': 35915, 'net_recv_bytes': 33230, 'gpu_mem_used_mb': 38963.0, 'gpu_load': 0.0, 'client_rank': 1, 'round': 22, 'timestamp': '2025-08-18 19:00:25', 'participated': 1, 'data_size': 1235, 'data_variance': 0.0631512776017189, 'local_loss': 0.4030900001525879, 'local_accuracy': 87.77328133583069, 'tn': -151, 'fp': 151, 'fn': 151, 'tp': 1084, 'precision': 0.8793286354133741, 'recall': 0.8758126042504152, 'f1': 0.8741250995251466, 'confusion_mean': 0.8758126042433096}
Received system metrics from client 2: {'cpu_time': 61.53000000026077, 'ram_used_mb': 7228.8256, 'net_sent_bytes': 37550, 'net_recv_bytes': 69463, 'gpu_mem_used_mb': 38963.0, 'gpu_load': 0.0, 'client_rank': 2, 'round': 22, 'timestamp': '2025-08-18 19:00:26', 'participated': 1, 'data_size': 13121, 'data_variance': 0.06358262151479721, 'local_loss': 0.5203048586845398, 'local_accuracy': 81.46482706069946, 'tn': -2432, 'fp': 2432, 'fn': 2432, 'tp': 10689, 'precision': 0.825579719178587, 'recall': 0.8161575050037253, 'f1': 0.8123523482877444, 'confusion_mean': 0.8161575050031018}
Received system metrics from client 3: {'cpu_time': 138.94999999925494, 'ram_used_mb': 6999.38816, 'net_sent_bytes': 37176, 'net_recv_bytes': 43497, 'gpu_mem_used_mb': 38965.0, 'gpu_load': 0.0, 'client_rank': 3, 'round': 22, 'timestamp': '2025-08-18 19:00:27', 'participated': 1, 'data_size': 3484, 'data_variance': 0.0632089227437973, 'local_loss': 0.41494637727737427, 'local_accuracy': 86.33754253387451, 'tn': -476, 'fp': 476, 'fn': 476, 'tp': 3008, 'precision': 0.8698433286093611, 'recall': 0.862252103934454, 'f1': 0.862582714508236, 'confusion_mean': 0.8622521039319778}
Received system metrics from client 4: {'cpu_time': 77.6600000038743, 'ram_used_mb': 6980.763648, 'net_sent_bytes': 35929, 'net_recv_bytes': 49300, 'gpu_mem_used_mb': 38965.0, 'gpu_load': 0.0, 'client_rank': 4, 'round': 22, 'timestamp': '2025-08-18 19:00:25', 'participated': 1, 'data_size': 1277, 'data_variance': 0.06359560787677765, 'local_loss': 0.47499844431877136, 'local_accuracy': 83.32028388977051, 'tn': -212, 'fp': 212, 'fn': 212, 'tp': 1065, 'precision': 0.8527273305087849, 'recall': 0.8345202290816187, 'f1': 0.8359768950172102, 'confusion_mean': 0.8345202290750422}
Received system metrics from client 5: {'cpu_time': 33.789999997243285, 'ram_used_mb': 7032.451072, 'net_sent_bytes': 42402, 'net_recv_bytes': 44541, 'gpu_mem_used_mb': 38963.0, 'gpu_load': 0.0, 'client_rank': 5, 'round': 22, 'timestamp': '2025-08-18 19:00:25', 'participated': 1, 'data_size': 1396, 'data_variance': 0.0641184002161026, 'local_loss': 0.38816165924072266, 'local_accuracy': 88.7535810470581, 'tn': -157, 'fp': 157, 'fn': 157, 'tp': 1239, 'precision': 0.8904859147479842, 'recall': 0.8883909079522434, 'f1': 0.8878116197159382, 'confusion_mean': 0.8883909079458541}
Received system metrics from client 6: {'cpu_time': 101.3800000003539, 'ram_used_mb': 5589.377024, 'net_sent_bytes': 1104, 'net_recv_bytes': 21678, 'gpu_mem_used_mb': 38951.0, 'gpu_load': 0.0, 'client_rank': 6, 'round': 22, 'timestamp': '2025-08-18 19:00:22', 'participated': 1, 'data_size': 160, 'data_variance': 0.06430966407060623, 'local_loss': 0.2966417074203491, 'local_accuracy': 89.99999761581421, 'tn': -16, 'fp': 16, 'fn': 16, 'tp': 144, 'precision': 0.9091740715424926, 'recall': 0.8919693786605551, 'f1': 0.8942939762169113, 'confusion_mean': 0.8919693786013173}
Received system metrics from client 7: {'cpu_time': 115.28000000864267, 'ram_used_mb': 6944.70656, 'net_sent_bytes': 75095, 'net_recv_bytes': 49546, 'gpu_mem_used_mb': 38963.0, 'gpu_load': 0.0, 'client_rank': 7, 'round': 22, 'timestamp': '2025-08-18 19:00:25', 'participated': 1, 'data_size': 1191, 'data_variance': 0.06395598500967026, 'local_loss': 0.43885210156440735, 'local_accuracy': 85.30646562576294, 'tn': -175, 'fp': 175, 'fn': 175, 'tp': 1016, 'precision': 0.8526446634216885, 'recall': 0.8463473339562023, 'f1': 0.8450517986021346, 'confusion_mean': 0.8463473339491051}
Received system metrics from client 8: {'cpu_time': 35.730000000447035, 'ram_used_mb': 7400.075264, 'net_sent_bytes': 44925, 'net_recv_bytes': 79323, 'gpu_mem_used_mb': 38963.0, 'gpu_load': 0.0, 'client_rank': 8, 'round': 22, 'timestamp': '2025-08-18 19:00:27', 'participated': 1, 'data_size': 26307, 'data_variance': 0.0630842074751854, 'local_loss': 0.565875232219696, 'local_accuracy': 80.06614446640015, 'tn': -5246, 'fp': 5246, 'fn': 5246, 'tp': 21061, 'precision': 0.8052209027376923, 'recall': 0.8007780602272607, 'f1': 0.8005220030510545, 'confusion_mean': 0.8007780602269561}
Received system metrics from client 9: {'cpu_time': 21.12999999523163, 'ram_used_mb': 5635.395584, 'net_sent_bytes': 1578, 'net_recv_bytes': 22617, 'gpu_mem_used_mb': 38949.0, 'gpu_load': 0.0, 'client_rank': 9, 'round': 22, 'timestamp': '2025-08-18 19:00:22', 'participated': 1, 'data_size': 2, 'data_variance': 0.04466967657208443, 'local_loss': 0.023334449157118797, 'local_accuracy': 100.0, 'tn': 0, 'fp': 0, 'fn': 0, 'tp': 2, 'precision': 1.0, 'recall': 1.0, 'f1': 1.0, 'confusion_mean': 0.9999999989999999}
Received system metrics from client 10: {'cpu_time': 84.04999999701977, 'ram_used_mb': 6977.318912, 'net_sent_bytes': 27723, 'net_recv_bytes': 60528, 'gpu_mem_used_mb': 38963.0, 'gpu_load': 0.0, 'client_rank': 10, 'round': 22, 'timestamp': '2025-08-18 19:00:25', 'participated': 1, 'data_size': 1827, 'data_variance': 0.06289092451334, 'local_loss': 0.44927284121513367, 'local_accuracy': 83.8533103466034, 'tn': -294, 'fp': 294, 'fn': 294, 'tp': 1533, 'precision': 0.8562925681803986, 'recall': 0.8364355171949297, 'f1': 0.8352611520640597, 'confusion_mean': 0.8364355171903449}
[selector] Round 22: participants used in averaging = 10/10
Averaging model weights...
Evaluating updated global model on test set...
    [Client 1] Round 23 - Selected, will train.
    [Client 1] Round 23 - Waiting for global weights...
    [Client 5] Round 23 - Selected, will train.
    [Client 5] Round 23 - Waiting for global weights...
    [Client 9] Round 23 - Selected, will train.
    [Client 9] Round 23 - Waiting for global weights...
    [Client 4] Round 23 - Selected, will train.
    [Client 4] Round 23 - Waiting for global weights...
    [Client 8] Round 23 - Selected, will train.
    [Client 8] Round 23 - Waiting for global weights...
    [Client 2] Round 23 - Selected, will train.
    [Client 2] Round 23 - Waiting for global weights...
    [Client 6] Round 23 - Selected, will train.
    [Client 6] Round 23 - Waiting for global weights...
    [Client 10] Round 23 - Selected, will train.
    [Client 10] Round 23 - Waiting for global weights...
    [Client 7] Round 23 - Selected, will train.
    [Client 7] Round 23 - Waiting for global weights...
    [Client 3] Round 23 - Selected, will train.
    [Client 3] Round 23 - Waiting for global weights...
Round 22 Evaluation - Accuracy: 0.7903, Loss: 0.6024

===== Round 23 =====
Broadcasting global model to all clients...
Waiting for model weights from client 1...
    [Client 6] Round 23 - Sending updated weights to server...
    [Client 9] Round 23 - Sending updated weights to server...
    [Client 1] Round 23 - Sending updated weights to server...
Received weights from client 1
Waiting for model weights from client 2...
    [Client 7] Round 23 - Sending updated weights to server...
    [Client 5] Round 23 - Sending updated weights to server...
    [Client 10] Round 23 - Sending updated weights to server...
    [Client 2] Round 23 - Sending updated weights to server...
Received weights from client 2
Waiting for model weights from client 3...
    [Client 3] Round 23 - Sending updated weights to server...
Received weights from client 3
Waiting for model weights from client 4...
    [Client 8] Round 23 - Sending updated weights to server...
    [Client 4] Round 23 - Sending updated weights to server...
Received weights from client 4
Waiting for model weights from client 5...
Received weights from client 5
Waiting for model weights from client 6...
Received weights from client 6
Waiting for model weights from client 7...
Received weights from client 7
Waiting for model weights from client 8...
Received weights from client 8
Waiting for model weights from client 9...
Received weights from client 9
Waiting for model weights from client 10...
Received weights from client 10
Received system metrics from client 1: {'cpu_time': 17.22999999858439, 'ram_used_mb': 7194.591232, 'net_sent_bytes': 19508, 'net_recv_bytes': 30591, 'gpu_mem_used_mb': 38965.0, 'gpu_load': 0.0, 'client_rank': 1, 'round': 23, 'timestamp': '2025-08-18 19:00:42', 'participated': 1, 'data_size': 1235, 'data_variance': 0.0631512776017189, 'local_loss': 0.386213093996048, 'local_accuracy': 87.77328133583069, 'tn': -151, 'fp': 151, 'fn': 151, 'tp': 1084, 'precision': 0.8797940331138004, 'recall': 0.8734370410270657, 'f1': 0.8726819981113204, 'confusion_mean': 0.8734370410199996}
Received system metrics from client 2: {'cpu_time': 68.04999999888241, 'ram_used_mb': 7299.985408, 'net_sent_bytes': 105385, 'net_recv_bytes': 83681, 'gpu_mem_used_mb': 38963.0, 'gpu_load': 0.0, 'client_rank': 2, 'round': 23, 'timestamp': '2025-08-18 19:00:45', 'participated': 1, 'data_size': 13121, 'data_variance': 0.06358262151479721, 'local_loss': 0.5805694460868835, 'local_accuracy': 79.54424023628235, 'tn': -2684, 'fp': 2684, 'fn': 2684, 'tp': 10437, 'precision': 0.8107440993243717, 'recall': 0.7962016772939886, 'f1': 0.7953073532231193, 'confusion_mean': 0.7962016772933806}
Received system metrics from client 3: {'cpu_time': 139.21000000089407, 'ram_used_mb': 7185.67424, 'net_sent_bytes': 72855, 'net_recv_bytes': 78603, 'gpu_mem_used_mb': 38965.0, 'gpu_load': 0.0, 'client_rank': 3, 'round': 23, 'timestamp': '2025-08-18 19:00:45', 'participated': 1, 'data_size': 3484, 'data_variance': 0.0632089227437973, 'local_loss': 0.45159152150154114, 'local_accuracy': 84.01262760162354, 'tn': -557, 'fp': 557, 'fn': 557, 'tp': 2927, 'precision': 0.8607979516709694, 'recall': 0.8384084883320915, 'f1': 0.840381974071199, 'confusion_mean': 0.8384084883296857}
Received system metrics from client 4: {'cpu_time': 79.57000000029802, 'ram_used_mb': 7219.154944, 'net_sent_bytes': 2094, 'net_recv_bytes': 34067, 'gpu_mem_used_mb': 38965.0, 'gpu_load': 0.0, 'client_rank': 4, 'round': 23, 'timestamp': '2025-08-18 19:00:43', 'participated': 1, 'data_size': 1277, 'data_variance': 0.06359560787677765, 'local_loss': 0.6382990479469299, 'local_accuracy': 76.42912864685059, 'tn': -301, 'fp': 301, 'fn': 301, 'tp': 976, 'precision': 0.8247742437341573, 'recall': 0.7659818847487433, 'f1': 0.7739156141980521, 'confusion_mean': 0.7659818847426951}
Received system metrics from client 5: {'cpu_time': 33.2200000025332, 'ram_used_mb': 7248.621568, 'net_sent_bytes': 2217, 'net_recv_bytes': 31141, 'gpu_mem_used_mb': 38965.0, 'gpu_load': 0.0, 'client_rank': 5, 'round': 23, 'timestamp': '2025-08-18 19:00:43', 'participated': 1, 'data_size': 1396, 'data_variance': 0.0641184002161026, 'local_loss': 0.44568562507629395, 'local_accuracy': 85.24355292320251, 'tn': -206, 'fp': 206, 'fn': 206, 'tp': 1190, 'precision': 0.8653122114624863, 'recall': 0.8530552417047531, 'f1': 0.855340242768688, 'confusion_mean': 0.8530552416986199}
Received system metrics from client 6: {'cpu_time': 89.0699999993667, 'ram_used_mb': 5749.608448, 'net_sent_bytes': 22684, 'net_recv_bytes': 29820, 'gpu_mem_used_mb': 38951.0, 'gpu_load': 0.0, 'client_rank': 6, 'round': 23, 'timestamp': '2025-08-18 19:00:40', 'participated': 1, 'data_size': 160, 'data_variance': 0.06430966407060623, 'local_loss': 0.22912880778312683, 'local_accuracy': 92.5000011920929, 'tn': -12, 'fp': 12, 'fn': 12, 'tp': 148, 'precision': 0.9321428571428572, 'recall': 0.9204329004329004, 'f1': 0.9238138106192866, 'confusion_mean': 0.9204329003715565}
Received system metrics from client 7: {'cpu_time': 115.32000000029802, 'ram_used_mb': 7196.11904, 'net_sent_bytes': 2232, 'net_recv_bytes': 35470, 'gpu_mem_used_mb': 38965.0, 'gpu_load': 0.0, 'client_rank': 7, 'round': 23, 'timestamp': '2025-08-18 19:00:43', 'participated': 1, 'data_size': 1191, 'data_variance': 0.06395598500967026, 'local_loss': 0.3890897035598755, 'local_accuracy': 87.57346868515015, 'tn': -148, 'fp': 148, 'fn': 148, 'tp': 1043, 'precision': 0.8741964952907135, 'recall': 0.8695866719398285, 'f1': 0.8688804689633567, 'confusion_mean': 0.8695866719325318}
Received system metrics from client 8: {'cpu_time': 34.95999999972992, 'ram_used_mb': 7592.701952, 'net_sent_bytes': 50854, 'net_recv_bytes': 65050, 'gpu_mem_used_mb': 38963.0, 'gpu_load': 0.0, 'client_rank': 8, 'round': 23, 'timestamp': '2025-08-18 19:00:44', 'participated': 1, 'data_size': 26307, 'data_variance': 0.0630842074751854, 'local_loss': 0.5907723307609558, 'local_accuracy': 79.43133115768433, 'tn': -5411, 'fp': 5411, 'fn': 5411, 'tp': 20896, 'precision': 0.8018802123113211, 'recall': 0.7949666334423903, 'f1': 0.7918719527777849, 'confusion_mean': 0.7949666334420878}
Received system metrics from client 9: {'cpu_time': 21.36999999731779, 'ram_used_mb': 5797.654528, 'net_sent_bytes': 2431, 'net_recv_bytes': 21252, 'gpu_mem_used_mb': 38949.0, 'gpu_load': 0.0, 'client_rank': 9, 'round': 23, 'timestamp': '2025-08-18 19:00:40', 'participated': 1, 'data_size': 2, 'data_variance': 0.04466967657208443, 'local_loss': 0.012924518436193466, 'local_accuracy': 100.0, 'tn': 0, 'fp': 0, 'fn': 0, 'tp': 2, 'precision': 1.0, 'recall': 1.0, 'f1': 1.0, 'confusion_mean': 0.9999999989999999}
Received system metrics from client 10: {'cpu_time': 92.68999999761581, 'ram_used_mb': 7201.25952, 'net_sent_bytes': 50168, 'net_recv_bytes': 74125, 'gpu_mem_used_mb': 38963.0, 'gpu_load': 0.0, 'client_rank': 10, 'round': 23, 'timestamp': '2025-08-18 19:00:43', 'participated': 1, 'data_size': 1827, 'data_variance': 0.06289092451334, 'local_loss': 0.3347383141517639, 'local_accuracy': 89.60043787956238, 'tn': -190, 'fp': 190, 'fn': 190, 'tp': 1637, 'precision': 0.896104420318264, 'recall': 0.8938433374749198, 'f1': 0.8937920506858872, 'confusion_mean': 0.8938433374700171}
[selector] Round 23: participants used in averaging = 10/10
Averaging model weights...
Evaluating updated global model on test set...
    [Client 1] Round 24 - Selected, will train.
    [Client 1] Round 24 - Waiting for global weights...
    [Client 5] Round 24 - Selected, will train.
    [Client 9] Round 24 - Selected, will train.
    [Client 9] Round 24 - Waiting for global weights...
    [Client 5] Round 24 - Waiting for global weights...
    [Client 4] Round 24 - Selected, will train.
    [Client 4] Round 24 - Waiting for global weights...
    [Client 6] Round 24 - Selected, will train.
    [Client 6] Round 24 - Waiting for global weights...
    [Client 8] Round 24 - Selected, will train.
    [Client 8] Round 24 - Waiting for global weights...
    [Client 2] Round 24 - Selected, will train.
    [Client 2] Round 24 - Waiting for global weights...
    [Client 10] Round 24 - Selected, will train.
    [Client 10] Round 24 - Waiting for global weights...
    [Client 7] Round 24 - Selected, will train.
    [Client 3] Round 24 - Selected, will train.
    [Client 3] Round 24 - Waiting for global weights...
    [Client 7] Round 24 - Waiting for global weights...
Round 23 Evaluation - Accuracy: 0.7961, Loss: 0.5882

===== Round 24 =====
Broadcasting global model to all clients...
Waiting for model weights from client 1...
    [Client 6] Round 24 - Sending updated weights to server...
    [Client 9] Round 24 - Sending updated weights to server...
    [Client 7] Round 24 - Sending updated weights to server...
    [Client 5] Round 24 - Sending updated weights to server...
    [Client 10] Round 24 - Sending updated weights to server...
    [Client 1] Round 24 - Sending updated weights to server...
Received weights from client 1
Waiting for model weights from client 2...
    [Client 2] Round 24 - Sending updated weights to server...
    [Client 4] Round 24 - Sending updated weights to server...
    [Client 3] Round 24 - Sending updated weights to server...
Received weights from client 2
Waiting for model weights from client 3...
Received weights from client 3
Waiting for model weights from client 4...
Received weights from client 4
Waiting for model weights from client 5...
Received weights from client 5
Waiting for model weights from client 6...
Received weights from client 6
Waiting for model weights from client 7...
Received weights from client 7
Waiting for model weights from client 8...
    [Client 8] Round 24 - Sending updated weights to server...
Received weights from client 8
Waiting for model weights from client 9...
Received weights from client 9
Waiting for model weights from client 10...
Received weights from client 10
Received system metrics from client 1: {'cpu_time': 19.959999999031425, 'ram_used_mb': 7242.616832, 'net_sent_bytes': 1782, 'net_recv_bytes': 29838, 'gpu_mem_used_mb': 38967.0, 'gpu_load': 0.0, 'client_rank': 1, 'round': 24, 'timestamp': '2025-08-18 19:01:00', 'participated': 1, 'data_size': 1235, 'data_variance': 0.0631512776017189, 'local_loss': 0.3572689890861511, 'local_accuracy': 88.17813992500305, 'tn': -146, 'fp': 146, 'fn': 146, 'tp': 1089, 'precision': 0.8812039987511285, 'recall': 0.878032627042867, 'f1': 0.8758057588005649, 'confusion_mean': 0.8780326270357592}
Received system metrics from client 2: {'cpu_time': 74.04999999981374, 'ram_used_mb': 7517.220864, 'net_sent_bytes': 70267, 'net_recv_bytes': 81431, 'gpu_mem_used_mb': 38965.0, 'gpu_load': 0.01, 'client_rank': 2, 'round': 24, 'timestamp': '2025-08-18 19:01:02', 'participated': 1, 'data_size': 13121, 'data_variance': 0.06358262151479721, 'local_loss': 0.5154531598091125, 'local_accuracy': 82.15837478637695, 'tn': -2341, 'fp': 2341, 'fn': 2341, 'tp': 10780, 'precision': 0.8274463470931707, 'recall': 0.8219967860221196, 'f1': 0.8219353818232834, 'confusion_mean': 0.8219967860214925}
Received system metrics from client 3: {'cpu_time': 143.410000000149, 'ram_used_mb': 7277.334528, 'net_sent_bytes': 1888, 'net_recv_bytes': 42387, 'gpu_mem_used_mb': 38967.0, 'gpu_load': 0.0, 'client_rank': 3, 'round': 24, 'timestamp': '2025-08-18 19:01:03', 'participated': 1, 'data_size': 3484, 'data_variance': 0.0632089227437973, 'local_loss': 0.4479842483997345, 'local_accuracy': 84.2135488986969, 'tn': -550, 'fp': 550, 'fn': 550, 'tp': 2934, 'precision': 0.8502449185227077, 'recall': 0.8410424129183319, 'f1': 0.8401171782734552, 'confusion_mean': 0.8410424129159166}
Received system metrics from client 4: {'cpu_time': 82.5599999986589, 'ram_used_mb': 7295.893504, 'net_sent_bytes': 29103, 'net_recv_bytes': 61207, 'gpu_mem_used_mb': 38967.0, 'gpu_load': 0.0, 'client_rank': 4, 'round': 24, 'timestamp': '2025-08-18 19:01:01', 'participated': 1, 'data_size': 1277, 'data_variance': 0.06359560787677765, 'local_loss': 0.4319247603416443, 'local_accuracy': 85.82615256309509, 'tn': -181, 'fp': 181, 'fn': 181, 'tp': 1096, 'precision': 0.8635781892954062, 'recall': 0.8576241008561485, 'f1': 0.8557492619691931, 'confusion_mean': 0.8576241008493989}
Received system metrics from client 5: {'cpu_time': 33.71999999880791, 'ram_used_mb': 7310.741504, 'net_sent_bytes': 3464, 'net_recv_bytes': 35011, 'gpu_mem_used_mb': 38967.0, 'gpu_load': 0.0, 'client_rank': 5, 'round': 24, 'timestamp': '2025-08-18 19:01:01', 'participated': 1, 'data_size': 1396, 'data_variance': 0.0641184002161026, 'local_loss': 0.3793269693851471, 'local_accuracy': 87.96561360359192, 'tn': -168, 'fp': 168, 'fn': 168, 'tp': 1228, 'precision': 0.8876109550764552, 'recall': 0.8810471080328179, 'f1': 0.8807075356526781, 'confusion_mean': 0.8810471080264772}
Received system metrics from client 6: {'cpu_time': 91.37000000011176, 'ram_used_mb': 5912.154112, 'net_sent_bytes': 53273, 'net_recv_bytes': 44159, 'gpu_mem_used_mb': 38951.0, 'gpu_load': 0.0, 'client_rank': 6, 'round': 24, 'timestamp': '2025-08-18 19:00:58', 'participated': 1, 'data_size': 160, 'data_variance': 0.06430966407060623, 'local_loss': 0.2571636140346527, 'local_accuracy': 91.25000238418579, 'tn': -14, 'fp': 14, 'fn': 14, 'tp': 146, 'precision': 0.9104890066074278, 'recall': 0.9127233469145235, 'f1': 0.9089709400055141, 'confusion_mean': 0.91272334685327}
Received system metrics from client 7: {'cpu_time': 117.46000000089407, 'ram_used_mb': 7258.312704, 'net_sent_bytes': 27210, 'net_recv_bytes': 56428, 'gpu_mem_used_mb': 38965.0, 'gpu_load': 0.0, 'client_rank': 7, 'round': 24, 'timestamp': '2025-08-18 19:01:01', 'participated': 1, 'data_size': 1191, 'data_variance': 0.06395598500967026, 'local_loss': 0.37776055932044983, 'local_accuracy': 88.49706053733826, 'tn': -137, 'fp': 137, 'fn': 137, 'tp': 1054, 'precision': 0.8855688146711591, 'recall': 0.8799267336335527, 'f1': 0.8803505978594733, 'confusion_mean': 0.8799267336261583}
Received system metrics from client 8: {'cpu_time': 33.24000000022352, 'ram_used_mb': 7683.960832, 'net_sent_bytes': 13415, 'net_recv_bytes': 86871, 'gpu_mem_used_mb': 38965.0, 'gpu_load': 0.0, 'client_rank': 8, 'round': 24, 'timestamp': '2025-08-18 19:01:02', 'participated': 1, 'data_size': 26307, 'data_variance': 0.0630842074751854, 'local_loss': 0.5650908946990967, 'local_accuracy': 79.9825131893158, 'tn': -5267, 'fp': 5267, 'fn': 5267, 'tp': 21040, 'precision': 0.8152059796310054, 'recall': 0.7997028101203554, 'f1': 0.7982771618148121, 'confusion_mean': 0.7997028101200513}
Received system metrics from client 9: {'cpu_time': 21.5, 'ram_used_mb': 5967.40096, 'net_sent_bytes': 12790, 'net_recv_bytes': 25040, 'gpu_mem_used_mb': 38951.0, 'gpu_load': 0.0, 'client_rank': 9, 'round': 24, 'timestamp': '2025-08-18 19:00:58', 'participated': 1, 'data_size': 2, 'data_variance': 0.04466967657208443, 'local_loss': 0.026811817660927773, 'local_accuracy': 100.0, 'tn': 0, 'fp': 0, 'fn': 0, 'tp': 2, 'precision': 1.0, 'recall': 1.0, 'f1': 1.0, 'confusion_mean': 0.9999999989999999}
Received system metrics from client 10: {'cpu_time': 87.03999999910593, 'ram_used_mb': 7268.737024, 'net_sent_bytes': 106001, 'net_recv_bytes': 112558, 'gpu_mem_used_mb': 38965.0, 'gpu_load': 0.0, 'client_rank': 10, 'round': 24, 'timestamp': '2025-08-18 19:01:01', 'participated': 1, 'data_size': 1827, 'data_variance': 0.06289092451334, 'local_loss': 0.4004947245121002, 'local_accuracy': 85.60481667518616, 'tn': -263, 'fp': 263, 'fn': 263, 'tp': 1564, 'precision': 0.8618878753767942, 'recall': 0.8538651667182895, 'f1': 0.851575755441087, 'confusion_mean': 0.8538651667136066}
[selector] Round 24: participants used in averaging = 10/10
Averaging model weights...
Evaluating updated global model on test set...
    [Client 1] Round 25 - Selected, will train.
    [Client 1] Round 25 - Waiting for global weights...
    [Client 2] Round 25 - Selected, will train.
    [Client 2] Round 25 - Waiting for global weights...
    [Client 6] Round 25 - Selected, will train.
    [Client 6] Round 25 - Waiting for global weights...
    [Client 10] Round 25 - Selected, will train.
    [Client 10] Round 25 - Waiting for global weights...
    [Client 5] Round 25 - Selected, will train.
    [Client 5] Round 25 - Waiting for global weights...
    [Client 9] Round 25 - Selected, will train.
    [Client 9] Round 25 - Waiting for global weights...
    [Client 4] Round 25 - Selected, will train.
    [Client 8] Round 25 - Selected, will train.
    [Client 8] Round 25 - Waiting for global weights...
    [Client 4] Round 25 - Waiting for global weights...
    [Client 7] Round 25 - Selected, will train.
    [Client 7] Round 25 - Waiting for global weights...
    [Client 3] Round 25 - Selected, will train.
    [Client 3] Round 25 - Waiting for global weights...
Round 24 Evaluation - Accuracy: 0.7967, Loss: 0.5878

===== Round 25 =====
Broadcasting global model to all clients...
Waiting for model weights from client 1...
    [Client 6] Round 25 - Sending updated weights to server...
    [Client 9] Round 25 - Sending updated weights to server...
    [Client 3] Round 25 - Sending updated weights to server...
    [Client 1] Round 25 - Sending updated weights to server...
Received weights from client 1
Waiting for model weights from client 2...
    [Client 8] Round 25 - Sending updated weights to server...
    [Client 5] Round 25 - Sending updated weights to server...
    [Client 7] Round 25 - Sending updated weights to server...
    [Client 10] Round 25 - Sending updated weights to server...
    [Client 4] Round 25 - Sending updated weights to server...
    [Client 2] Round 25 - Sending updated weights to server...
Received weights from client 2
Waiting for model weights from client 3...
    [Client 5] Round 26 - Selected, will train.
    [Client 1] Round 26 - Selected, will train.
    [Client 9] Round 26 - Selected, will train.
    [Client 2] Round 26 - Selected, will train.
    [Client 2] Round 26 - Waiting for global weights...
    [Client 6] Round 26 - Selected, will train.
    [Client 6] Round 26 - Waiting for global weights...
    [Client 4] Round 26 - Selected, will train.
    [Client 4] Round 26 - Waiting for global weights...
    [Client 7] Round 26 - Selected, will train.
    [Client 8] Round 26 - Selected, will train.
    [Client 8] Round 26 - Waiting for global weights...
    [Client 3] Round 26 - Selected, will train.
    [Client 3] Round 26 - Waiting for global weights...
    [Client 10] Round 26 - Selected, will train.
    [Client 10] Round 26 - Waiting for global weights...
Received weights from client 3
    [Client 5] Round 26 - Waiting for global weights...
    [Client 1] Round 26 - Waiting for global weights...
    [Client 9] Round 26 - Waiting for global weights...
    [Client 7] Round 26 - Waiting for global weights...
Waiting for model weights from client 4...
Received weights from client 4
Waiting for model weights from client 5...
Received weights from client 5
Waiting for model weights from client 6...
Received weights from client 6
Waiting for model weights from client 7...
Received weights from client 7
Waiting for model weights from client 8...
Received weights from client 8
Waiting for model weights from client 9...
Received weights from client 9
Waiting for model weights from client 10...
Received weights from client 10
Received system metrics from client 1: {'cpu_time': 16.859999999403954, 'ram_used_mb': 7446.4256, 'net_sent_bytes': 817, 'net_recv_bytes': 28784, 'gpu_mem_used_mb': 38967.0, 'gpu_load': 0.0, 'client_rank': 1, 'round': 25, 'timestamp': '2025-08-18 19:01:17', 'participated': 1, 'data_size': 1235, 'data_variance': 0.0631512776017189, 'local_loss': 0.37715139985084534, 'local_accuracy': 86.96356415748596, 'tn': -161, 'fp': 161, 'fn': 161, 'tp': 1074, 'precision': 0.8811821565103702, 'recall': 0.8655412098109624, 'f1': 0.8671307602364294, 'confusion_mean': 0.86554120980396}
Received system metrics from client 2: {'cpu_time': 68.87000000011176, 'ram_used_mb': 7700.922368, 'net_sent_bytes': 63950, 'net_recv_bytes': 95095, 'gpu_mem_used_mb': 38965.0, 'gpu_load': 0.0, 'client_rank': 2, 'round': 25, 'timestamp': '2025-08-18 19:01:18', 'participated': 1, 'data_size': 13121, 'data_variance': 0.06358262151479721, 'local_loss': 0.49415165185928345, 'local_accuracy': 83.05769562721252, 'tn': -2222, 'fp': 2222, 'fn': 2222, 'tp': 10899, 'precision': 0.839855911254781, 'recall': 0.8303037027498803, 'f1': 0.8292411881207131, 'confusion_mean': 0.8303037027492474}
Received system metrics from client 3: {'cpu_time': 119.36000000312924, 'ram_used_mb': 7486.001152, 'net_sent_bytes': 35435, 'net_recv_bytes': 42401, 'gpu_mem_used_mb': 38967.0, 'gpu_load': 0.0, 'client_rank': 3, 'round': 25, 'timestamp': '2025-08-18 19:01:19', 'participated': 1, 'data_size': 3484, 'data_variance': 0.0632089227437973, 'local_loss': 0.4201931357383728, 'local_accuracy': 85.8208954334259, 'tn': -493, 'fp': 493, 'fn': 493, 'tp': 2991, 'precision': 0.8664676796982871, 'recall': 0.8571211401864482, 'f1': 0.85825749141105, 'confusion_mean': 0.8571211401839877}
Received system metrics from client 4: {'cpu_time': 77.32999999821186, 'ram_used_mb': 7498.887168, 'net_sent_bytes': 928, 'net_recv_bytes': 33210, 'gpu_mem_used_mb': 38969.0, 'gpu_load': 0.0, 'client_rank': 4, 'round': 25, 'timestamp': '2025-08-18 19:01:17', 'participated': 1, 'data_size': 1277, 'data_variance': 0.06359560787677765, 'local_loss': 0.5437703132629395, 'local_accuracy': 81.75411224365234, 'tn': -233, 'fp': 233, 'fn': 233, 'tp': 1044, 'precision': 0.8426269801100815, 'recall': 0.8228479267535015, 'f1': 0.8174201230447935, 'confusion_mean': 0.8228479267469814}
Received system metrics from client 5: {'cpu_time': 33.75, 'ram_used_mb': 7516.721152, 'net_sent_bytes': 67949, 'net_recv_bytes': 67658, 'gpu_mem_used_mb': 38967.0, 'gpu_load': 0.0, 'client_rank': 5, 'round': 25, 'timestamp': '2025-08-18 19:01:17', 'participated': 1, 'data_size': 1396, 'data_variance': 0.0641184002161026, 'local_loss': 0.4682936668395996, 'local_accuracy': 84.38395261764526, 'tn': -218, 'fp': 218, 'fn': 218, 'tp': 1178, 'precision': 0.8629487123601376, 'recall': 0.8440414614435188, 'f1': 0.8439680391630937, 'confusion_mean': 0.8440414614374528}
Received system metrics from client 6: {'cpu_time': 105.42999999970198, 'ram_used_mb': 5918.253056, 'net_sent_bytes': 61111, 'net_recv_bytes': 52836, 'gpu_mem_used_mb': 38951.0, 'gpu_load': 0.0, 'client_rank': 6, 'round': 25, 'timestamp': '2025-08-18 19:01:15', 'participated': 1, 'data_size': 160, 'data_variance': 0.06430966407060623, 'local_loss': 0.20567798614501953, 'local_accuracy': 93.75, 'tn': -10, 'fp': 10, 'fn': 10, 'tp': 150, 'precision': 0.9370445798163191, 'recall': 0.9376713564213564, 'f1': 0.9361505547292813, 'confusion_mean': 0.9376713563582081}
Received system metrics from client 7: {'cpu_time': 115.59000000357628, 'ram_used_mb': 7485.800448, 'net_sent_bytes': 40656, 'net_recv_bytes': 40704, 'gpu_mem_used_mb': 38967.0, 'gpu_load': 0.0, 'client_rank': 7, 'round': 25, 'timestamp': '2025-08-18 19:01:17', 'participated': 1, 'data_size': 1191, 'data_variance': 0.06395598500967026, 'local_loss': 0.3370789885520935, 'local_accuracy': 89.84047174453735, 'tn': -121, 'fp': 121, 'fn': 121, 'tp': 1070, 'precision': 0.89922235067216, 'recall': 0.894986822058026, 'f1': 0.8948122042837335, 'confusion_mean': 0.8949868220504908}
Received system metrics from client 8: {'cpu_time': 35.669999999925494, 'ram_used_mb': 7847.358464, 'net_sent_bytes': 102360, 'net_recv_bytes': 61069, 'gpu_mem_used_mb': 38967.0, 'gpu_load': 0.0, 'client_rank': 8, 'round': 25, 'timestamp': '2025-08-18 19:01:19', 'participated': 1, 'data_size': 26307, 'data_variance': 0.0630842074751854, 'local_loss': 0.4896046817302704, 'local_accuracy': 83.0197274684906, 'tn': -4468, 'fp': 4468, 'fn': 4468, 'tp': 21839, 'precision': 0.8348470130319665, 'recall': 0.8301495139318933, 'f1': 0.829992572521778, 'confusion_mean': 0.8301495139315775}
Received system metrics from client 9: {'cpu_time': 24.78999999910593, 'ram_used_mb': 5971.29216, 'net_sent_bytes': 1382, 'net_recv_bytes': 24426, 'gpu_mem_used_mb': 38951.0, 'gpu_load': 0.0, 'client_rank': 9, 'round': 25, 'timestamp': '2025-08-18 19:01:15', 'participated': 1, 'data_size': 2, 'data_variance': 0.04466967657208443, 'local_loss': 0.030006298795342445, 'local_accuracy': 100.0, 'tn': 0, 'fp': 0, 'fn': 0, 'tp': 2, 'precision': 1.0, 'recall': 1.0, 'f1': 1.0, 'confusion_mean': 0.9999999989999999}
Received system metrics from client 10: {'cpu_time': 84.29999999701977, 'ram_used_mb': 7443.27168, 'net_sent_bytes': 32923, 'net_recv_bytes': 61169, 'gpu_mem_used_mb': 38967.0, 'gpu_load': 0.0, 'client_rank': 10, 'round': 25, 'timestamp': '2025-08-18 19:01:17', 'participated': 1, 'data_size': 1827, 'data_variance': 0.06289092451334, 'local_loss': 0.31236815452575684, 'local_accuracy': 90.36672115325928, 'tn': -176, 'fp': 176, 'fn': 176, 'tp': 1651, 'precision': 0.9035861476222266, 'recall': 0.9018130440423026, 'f1': 0.9020120572422664, 'confusion_mean': 0.9018130440373543}
[selector] Round 25: participants used in averaging = 10/10
Averaging model weights...
Evaluating updated global model on test set...
Round 25 Evaluation - Accuracy: 0.8043, Loss: 0.5682

===== Round 26 =====
Broadcasting global model to all clients...
Waiting for model weights from client 1...
    [Client 6] Round 26 - Sending updated weights to server...
    [Client 9] Round 26 - Sending updated weights to server...
    [Client 5] Round 26 - Sending updated weights to server...
    [Client 1] Round 26 - Sending updated weights to server...
Received weights from client 1
Waiting for model weights from client 2...
    [Client 10] Round 26 - Sending updated weights to server...
    [Client 4] Round 26 - Sending updated weights to server...
    [Client 7] Round 26 - Sending updated weights to server...
    [Client 2] Round 26 - Sending updated weights to server...
Received weights from client 2
    [Client 8] Round 26 - Sending updated weights to server...
Waiting for model weights from client 3...
    [Client 3] Round 26 - Sending updated weights to server...
Received weights from client 3
Waiting for model weights from client 4...
Received weights from client 4
Waiting for model weights from client 5...
Received weights from client 5
Waiting for model weights from client 6...
Received weights from client 6
Waiting for model weights from client 7...
Received weights from client 7
Waiting for model weights from client 8...
Received weights from client 8
Waiting for model weights from client 9...
Received weights from client 9
Waiting for model weights from client 10...
Received weights from client 10
Received system metrics from client 1: {'cpu_time': 16.949999999254942, 'ram_used_mb': 7671.238656, 'net_sent_bytes': 34201, 'net_recv_bytes': 43323, 'gpu_mem_used_mb': 38969.0, 'gpu_load': 0.0, 'client_rank': 1, 'round': 26, 'timestamp': '2025-08-18 19:01:41', 'participated': 1, 'data_size': 1235, 'data_variance': 0.0631512776017189, 'local_loss': 0.31375405192375183, 'local_accuracy': 90.93117117881775, 'tn': -112, 'fp': 112, 'fn': 112, 'tp': 1123, 'precision': 0.9102401184645025, 'recall': 0.9075584874821743, 'f1': 0.9064347278846159, 'confusion_mean': 0.9075584874748088}
Received system metrics from client 2: {'cpu_time': 61.45999999996275, 'ram_used_mb': 7935.954944, 'net_sent_bytes': 77220, 'net_recv_bytes': 72541, 'gpu_mem_used_mb': 38967.0, 'gpu_load': 0.0, 'client_rank': 2, 'round': 26, 'timestamp': '2025-08-18 19:01:42', 'participated': 1, 'data_size': 13121, 'data_variance': 0.06358262151479721, 'local_loss': 0.4199761748313904, 'local_accuracy': 85.3822112083435, 'tn': -1918, 'fp': 1918, 'fn': 1918, 'tp': 11203, 'precision': 0.8557128565920833, 'recall': 0.8536859388404201, 'f1': 0.8535449833825053, 'confusion_mean': 0.8536859388397693}
Received system metrics from client 3: {'cpu_time': 141.2800000011921, 'ram_used_mb': 7727.173632, 'net_sent_bytes': 59824, 'net_recv_bytes': 82874, 'gpu_mem_used_mb': 38969.0, 'gpu_load': 0.0, 'client_rank': 3, 'round': 26, 'timestamp': '2025-08-18 19:01:43', 'participated': 1, 'data_size': 3484, 'data_variance': 0.0632089227437973, 'local_loss': 0.3687690496444702, 'local_accuracy': 87.14121580123901, 'tn': -449, 'fp': 449, 'fn': 449, 'tp': 3035, 'precision': 0.876350213555116, 'recall': 0.8700396443907552, 'f1': 0.870327728593684, 'confusion_mean': 0.8700396443882565}
Received system metrics from client 4: {'cpu_time': 75.98000000044703, 'ram_used_mb': 7706.025984, 'net_sent_bytes': 32942, 'net_recv_bytes': 34495, 'gpu_mem_used_mb': 38969.0, 'gpu_load': 0.0, 'client_rank': 4, 'round': 26, 'timestamp': '2025-08-18 19:01:41', 'participated': 1, 'data_size': 1277, 'data_variance': 0.06359560787677765, 'local_loss': 0.319292277097702, 'local_accuracy': 90.6029760837555, 'tn': -120, 'fp': 120, 'fn': 120, 'tp': 1157, 'precision': 0.9079076256353295, 'recall': 0.9056991382572337, 'f1': 0.9062351540669157, 'confusion_mean': 0.9056991382501014}
Received system metrics from client 5: {'cpu_time': 33.50999999977648, 'ram_used_mb': 7757.705216, 'net_sent_bytes': 86312, 'net_recv_bytes': 59257, 'gpu_mem_used_mb': 38969.0, 'gpu_load': 0.0, 'client_rank': 5, 'round': 26, 'timestamp': '2025-08-18 19:01:41', 'participated': 1, 'data_size': 1396, 'data_variance': 0.0641184002161026, 'local_loss': 0.3837863504886627, 'local_accuracy': 87.3925507068634, 'tn': -176, 'fp': 176, 'fn': 176, 'tp': 1220, 'precision': 0.8933044361353728, 'recall': 0.8731585965128753, 'f1': 0.8777728405122032, 'confusion_mean': 0.8731585965066062}
Received system metrics from client 6: {'cpu_time': 89.92999999970198, 'ram_used_mb': 6068.588544, 'net_sent_bytes': 37417, 'net_recv_bytes': 32740, 'gpu_mem_used_mb': 38953.0, 'gpu_load': 0.0, 'client_rank': 6, 'round': 26, 'timestamp': '2025-08-18 19:01:38', 'participated': 1, 'data_size': 160, 'data_variance': 0.06430966407060623, 'local_loss': 0.2052120715379715, 'local_accuracy': 93.12499761581421, 'tn': -11, 'fp': 11, 'fn': 11, 'tp': 149, 'precision': 0.9341569630471233, 'recall': 0.9314466089466089, 'f1': 0.9319465941361825, 'confusion_mean': 0.9314466088840632}
Received system metrics from client 7: {'cpu_time': 114.47999999672174, 'ram_used_mb': 7707.15648, 'net_sent_bytes': 662, 'net_recv_bytes': 29259, 'gpu_mem_used_mb': 38969.0, 'gpu_load': 0.0, 'client_rank': 7, 'round': 26, 'timestamp': '2025-08-18 19:01:41', 'participated': 1, 'data_size': 1191, 'data_variance': 0.06395598500967026, 'local_loss': 0.3383849561214447, 'local_accuracy': 89.75650668144226, 'tn': -122, 'fp': 122, 'fn': 122, 'tp': 1069, 'precision': 0.8977062866817731, 'recall': 0.8929201111631585, 'f1': 0.8937978253107968, 'confusion_mean': 0.892920111155652}
Received system metrics from client 8: {'cpu_time': 28.149999999906868, 'ram_used_mb': 8080.666624, 'net_sent_bytes': 50391, 'net_recv_bytes': 63716, 'gpu_mem_used_mb': 38967.0, 'gpu_load': 0.0, 'client_rank': 8, 'round': 26, 'timestamp': '2025-08-18 19:01:43', 'participated': 1, 'data_size': 26307, 'data_variance': 0.0630842074751854, 'local_loss': 0.486132949590683, 'local_accuracy': 83.10335874557495, 'tn': -4443, 'fp': 4443, 'fn': 4443, 'tp': 21864, 'precision': 0.8361788410099225, 'recall': 0.8309832099643089, 'f1': 0.828991299933632, 'confusion_mean': 0.830983209963993}
Received system metrics from client 9: {'cpu_time': 21.189999997615814, 'ram_used_mb': 6119.682048, 'net_sent_bytes': 38433, 'net_recv_bytes': 33124, 'gpu_mem_used_mb': 38951.0, 'gpu_load': 0.0, 'client_rank': 9, 'round': 26, 'timestamp': '2025-08-18 19:01:38', 'participated': 1, 'data_size': 2, 'data_variance': 0.04466967657208443, 'local_loss': 0.014704182744026184, 'local_accuracy': 100.0, 'tn': 0, 'fp': 0, 'fn': 0, 'tp': 2, 'precision': 1.0, 'recall': 1.0, 'f1': 1.0, 'confusion_mean': 0.9999999989999999}
Received system metrics from client 10: {'cpu_time': 84.21000000089407, 'ram_used_mb': 7651.69664, 'net_sent_bytes': 67737, 'net_recv_bytes': 66805, 'gpu_mem_used_mb': 38967.0, 'gpu_load': 0.0, 'client_rank': 10, 'round': 26, 'timestamp': '2025-08-18 19:01:41', 'participated': 1, 'data_size': 1827, 'data_variance': 0.06289092451334, 'local_loss': 0.35183560848236084, 'local_accuracy': 88.56047987937927, 'tn': -209, 'fp': 209, 'fn': 209, 'tp': 1618, 'precision': 0.8877251112514895, 'recall': 0.8832639634172187, 'f1': 0.8823598260408467, 'confusion_mean': 0.8832639634123755}
[selector] Round 26: participants used in averaging = 10/10
Averaging model weights...
Evaluating updated global model on test set...
    [Client 1] Round 27 - Selected, will train.
    [Client 1] Round 27 - Waiting for global weights...
    [Client 9] Round 27 - Selected, will train.
    [Client 9] Round 27 - Waiting for global weights...
    [Client 5] Round 27 - Selected, will train.
    [Client 5] Round 27 - Waiting for global weights...
    [Client 2] Round 27 - Selected, will train.
    [Client 6] Round 27 - Selected, will train.
    [Client 6] Round 27 - Waiting for global weights...
    [Client 10] Round 27 - Selected, will train.
    [Client 10] Round 27 - Waiting for global weights...
    [Client 2] Round 27 - Waiting for global weights...
    [Client 4] Round 27 - Selected, will train.
    [Client 8] Round 27 - Selected, will train.
    [Client 8] Round 27 - Waiting for global weights...
    [Client 4] Round 27 - Waiting for global weights...
    [Client 7] Round 27 - Selected, will train.
    [Client 7] Round 27 - Waiting for global weights...
    [Client 3] Round 27 - Selected, will train.
    [Client 3] Round 27 - Waiting for global weights...
Round 26 Evaluation - Accuracy: 0.8103, Loss: 0.5518

===== Round 27 =====
Broadcasting global model to all clients...
Waiting for model weights from client 1...
    [Client 6] Round 27 - Sending updated weights to server...
    [Client 9] Round 27 - Sending updated weights to server...
    [Client 1] Round 27 - Sending updated weights to server...
Received weights from client 1
Waiting for model weights from client 2...
    [Client 7] Round 27 - Sending updated weights to server...
    [Client 10] Round 27 - Sending updated weights to server...
    [Client 2] Round 27 - Sending updated weights to server...
Received weights from client 2
Waiting for model weights from client 3...
    [Client 5] Round 27 - Sending updated weights to server...
Received weights from client 3
    [Client 3] Round 27 - Sending updated weights to server...
Waiting for model weights from client 4...
    [Client 8] Round 27 - Sending updated weights to server...
    [Client 4] Round 27 - Sending updated weights to server...
Received weights from client 4
Waiting for model weights from client 5...
Received weights from client 5
Waiting for model weights from client 6...
Received weights from client 6
Waiting for model weights from client 7...
Received weights from client 7
Waiting for model weights from client 8...
Received weights from client 8
Waiting for model weights from client 9...
Received weights from client 9
Waiting for model weights from client 10...
Received weights from client 10
Received system metrics from client 1: {'cpu_time': 28.81000000052154, 'ram_used_mb': 7923.99872, 'net_sent_bytes': 508, 'net_recv_bytes': 30683, 'gpu_mem_used_mb': 38969.0, 'gpu_load': 0.0, 'client_rank': 1, 'round': 27, 'timestamp': '2025-08-18 19:01:58', 'participated': 1, 'data_size': 1235, 'data_variance': 0.0631512776017189, 'local_loss': 0.3794551193714142, 'local_accuracy': 88.50202560424805, 'tn': -142, 'fp': 142, 'fn': 142, 'tp': 1093, 'precision': 0.8930736568892309, 'recall': 0.8824148504851518, 'f1': 0.8840283826150495, 'confusion_mean': 0.8824148504779998}
Received system metrics from client 2: {'cpu_time': 60.15000000037253, 'ram_used_mb': 8188.461056, 'net_sent_bytes': 76420, 'net_recv_bytes': 84744, 'gpu_mem_used_mb': 38969.0, 'gpu_load': 0.0, 'client_rank': 2, 'round': 27, 'timestamp': '2025-08-18 19:01:59', 'participated': 1, 'data_size': 13121, 'data_variance': 0.06358262151479721, 'local_loss': 0.6246160864830017, 'local_accuracy': 77.0901620388031, 'tn': -3008, 'fp': 3008, 'fn': 3008, 'tp': 10113, 'precision': 0.8046711052534906, 'recall': 0.773393940394775, 'f1': 0.7712694830753162, 'confusion_mean': 0.7733939403941832}
Received system metrics from client 3: {'cpu_time': 150.87999999895692, 'ram_used_mb': 7940.071424, 'net_sent_bytes': 3405, 'net_recv_bytes': 45207, 'gpu_mem_used_mb': 38971.0, 'gpu_load': 0.0, 'client_rank': 3, 'round': 27, 'timestamp': '2025-08-18 19:02:00', 'participated': 1, 'data_size': 3484, 'data_variance': 0.0632089227437973, 'local_loss': 0.37171241641044617, 'local_accuracy': 87.05511093139648, 'tn': -451, 'fp': 451, 'fn': 451, 'tp': 3033, 'precision': 0.875678769843202, 'recall': 0.8703583642106093, 'f1': 0.8687341950234968, 'confusion_mean': 0.8703583642081067}
Received system metrics from client 4: {'cpu_time': 94.00999999791384, 'ram_used_mb': 7948.63616, 'net_sent_bytes': 31380, 'net_recv_bytes': 64834, 'gpu_mem_used_mb': 38971.0, 'gpu_load': 0.0, 'client_rank': 4, 'round': 27, 'timestamp': '2025-08-18 19:01:58', 'participated': 1, 'data_size': 1277, 'data_variance': 0.06359560787677765, 'local_loss': 0.32051417231559753, 'local_accuracy': 90.28974175453186, 'tn': -124, 'fp': 124, 'fn': 124, 'tp': 1153, 'precision': 0.9063785376069265, 'recall': 0.9019634529851317, 'f1': 0.9024155107395275, 'confusion_mean': 0.9019634529780329}
Received system metrics from client 5: {'cpu_time': 32.92999999970198, 'ram_used_mb': 7972.462592, 'net_sent_bytes': 2053, 'net_recv_bytes': 37683, 'gpu_mem_used_mb': 38969.0, 'gpu_load': 0.0, 'client_rank': 5, 'round': 27, 'timestamp': '2025-08-18 19:01:58', 'participated': 1, 'data_size': 1396, 'data_variance': 0.0641184002161026, 'local_loss': 0.34634560346603394, 'local_accuracy': 88.32378387451172, 'tn': -163, 'fp': 163, 'fn': 163, 'tp': 1233, 'precision': 0.8971036213233792, 'recall': 0.8843998079286497, 'f1': 0.8865107779587168, 'confusion_mean': 0.8843998079222863}
Received system metrics from client 6: {'cpu_time': 90.70000000018626, 'ram_used_mb': 6240.464896, 'net_sent_bytes': 19994, 'net_recv_bytes': 41275, 'gpu_mem_used_mb': 38953.0, 'gpu_load': 0.0, 'client_rank': 6, 'round': 27, 'timestamp': '2025-08-18 19:01:55', 'participated': 1, 'data_size': 160, 'data_variance': 0.06430966407060623, 'local_loss': 0.19765952229499817, 'local_accuracy': 94.9999988079071, 'tn': -8, 'fp': 8, 'fn': 8, 'tp': 152, 'precision': 0.9435042735042736, 'recall': 0.9495541549953315, 'f1': 0.9442353562952475, 'confusion_mean': 0.9495541549313433}
Received system metrics from client 7: {'cpu_time': 116.01000000536442, 'ram_used_mb': 7931.846656, 'net_sent_bytes': 39383, 'net_recv_bytes': 48773, 'gpu_mem_used_mb': 38969.0, 'gpu_load': 0.0, 'client_rank': 7, 'round': 27, 'timestamp': '2025-08-18 19:01:58', 'participated': 1, 'data_size': 1191, 'data_variance': 0.06395598500967026, 'local_loss': 0.48354822397232056, 'local_accuracy': 82.19982981681824, 'tn': -212, 'fp': 212, 'fn': 212, 'tp': 979, 'precision': 0.8501830387226954, 'recall': 0.8145622428260417, 'f1': 0.8163337788063375, 'confusion_mean': 0.814562242819218}
Received system metrics from client 8: {'cpu_time': 27.319999999832362, 'ram_used_mb': 8295.776256, 'net_sent_bytes': 23445, 'net_recv_bytes': 53306, 'gpu_mem_used_mb': 38969.0, 'gpu_load': 0.0, 'client_rank': 8, 'round': 27, 'timestamp': '2025-08-18 19:02:00', 'participated': 1, 'data_size': 26307, 'data_variance': 0.0630842074751854, 'local_loss': 0.5156660079956055, 'local_accuracy': 81.82232975959778, 'tn': -4781, 'fp': 4781, 'fn': 4781, 'tp': 21526, 'precision': 0.8249101300720983, 'recall': 0.8185756772031357, 'f1': 0.8172080564683247, 'confusion_mean': 0.8185756772028245}
Received system metrics from client 9: {'cpu_time': 21.149999998509884, 'ram_used_mb': 6285.9264, 'net_sent_bytes': 376, 'net_recv_bytes': 23288, 'gpu_mem_used_mb': 38951.0, 'gpu_load': 0.0, 'client_rank': 9, 'round': 27, 'timestamp': '2025-08-18 19:01:55', 'participated': 1, 'data_size': 2, 'data_variance': 0.04466967657208443, 'local_loss': 0.02031775563955307, 'local_accuracy': 100.0, 'tn': 0, 'fp': 0, 'fn': 0, 'tp': 2, 'precision': 1.0, 'recall': 1.0, 'f1': 1.0, 'confusion_mean': 0.9999999989999999}
Received system metrics from client 10: {'cpu_time': 83.98999999463558, 'ram_used_mb': 7899.15648, 'net_sent_bytes': 60768, 'net_recv_bytes': 90017, 'gpu_mem_used_mb': 38969.0, 'gpu_load': 0.01, 'client_rank': 10, 'round': 27, 'timestamp': '2025-08-18 19:01:58', 'participated': 1, 'data_size': 1827, 'data_variance': 0.06289092451334, 'local_loss': 0.3070305585861206, 'local_accuracy': 89.7646427154541, 'tn': -187, 'fp': 187, 'fn': 187, 'tp': 1640, 'precision': 0.8981634547352734, 'recall': 0.8954577809319518, 'f1': 0.8942373283272846, 'confusion_mean': 0.8954577809270402}
[selector] Round 27: participants used in averaging = 10/10
Averaging model weights...
Evaluating updated global model on test set...
    [Client 1] Round 28 - Selected, will train.
    [Client 1] Round 28 - Waiting for global weights...
    [Client 5] Round 28 - Selected, will train.
    [Client 5] Round 28 - Waiting for global weights...
    [Client 2] Round 28 - Selected, will train.
    [Client 6] Round 28 - Selected, will train.
    [Client 6] Round 28 - Waiting for global weights...
    [Client 2] Round 28 - Waiting for global weights...
    [Client 9] Round 28 - Selected, will train.
    [Client 9] Round 28 - Waiting for global weights...
    [Client 8] Round 28 - Selected, will train.
    [Client 4] Round 28 - Selected, will train.
    [Client 4] Round 28 - Waiting for global weights...
    [Client 8] Round 28 - Waiting for global weights...
    [Client 10] Round 28 - Selected, will train.
    [Client 10] Round 28 - Waiting for global weights...
    [Client 7] Round 28 - Selected, will train.
    [Client 3] Round 28 - Selected, will train.
    [Client 3] Round 28 - Waiting for global weights...
    [Client 7] Round 28 - Waiting for global weights...
Round 27 Evaluation - Accuracy: 0.8083, Loss: 0.5535

===== Round 28 =====
Broadcasting global model to all clients...
Waiting for model weights from client 1...
    [Client 6] Round 28 - Sending updated weights to server...
    [Client 9] Round 28 - Sending updated weights to server...
    [Client 1] Round 28 - Sending updated weights to server...
Received weights from client 1
Waiting for model weights from client 2...
    [Client 5] Round 28 - Sending updated weights to server...
    [Client 10] Round 28 - Sending updated weights to server...
    [Client 7] Round 28 - Sending updated weights to server...
    [Client 3] Round 28 - Sending updated weights to server...
    [Client 8] Round 28 - Sending updated weights to server...
    [Client 4] Round 28 - Sending updated weights to server...
    [Client 2] Round 28 - Sending updated weights to server...
Received weights from client 2
Waiting for model weights from client 3...
Received weights from client 3
Waiting for model weights from client 4...
Received weights from client 4
Waiting for model weights from client 5...
Received weights from client 5
Waiting for model weights from client 6...
Received weights from client 6
Waiting for model weights from client 7...
Received weights from client 7
Waiting for model weights from client 8...
Received weights from client 8
Waiting for model weights from client 9...
Received weights from client 9
Waiting for model weights from client 10...
Received weights from client 10
Received system metrics from client 1: {'cpu_time': 29.08000000193715, 'ram_used_mb': 8128.892928, 'net_sent_bytes': 35327, 'net_recv_bytes': 43148, 'gpu_mem_used_mb': 38971.0, 'gpu_load': 0.0, 'client_rank': 1, 'round': 28, 'timestamp': '2025-08-18 19:02:47', 'participated': 1, 'data_size': 1235, 'data_variance': 0.0631512776017189, 'local_loss': 0.3176945745944977, 'local_accuracy': 90.60728549957275, 'tn': -116, 'fp': 116, 'fn': 116, 'tp': 1119, 'precision': 0.9100078606564225, 'recall': 0.9019779086071033, 'f1': 0.9024596012406942, 'confusion_mean': 0.901977908599805}
Received system metrics from client 2: {'cpu_time': 67.70999999996275, 'ram_used_mb': 8287.37536, 'net_sent_bytes': 40453, 'net_recv_bytes': 82597, 'gpu_mem_used_mb': 38969.0, 'gpu_load': 0.0, 'client_rank': 2, 'round': 28, 'timestamp': '2025-08-18 19:02:49', 'participated': 1, 'data_size': 13121, 'data_variance': 0.06358262151479721, 'local_loss': 0.4426606595516205, 'local_accuracy': 84.53624248504639, 'tn': -2028, 'fp': 2028, 'fn': 2028, 'tp': 11093, 'precision': 0.8454552148398582, 'recall': 0.8456905468938889, 'f1': 0.8426578906479211, 'confusion_mean': 0.8456905468932436}
Received system metrics from client 3: {'cpu_time': 156.87999999895692, 'ram_used_mb': 8170.315776, 'net_sent_bytes': 64182, 'net_recv_bytes': 71985, 'gpu_mem_used_mb': 38971.0, 'gpu_load': 0.0, 'client_rank': 3, 'round': 28, 'timestamp': '2025-08-18 19:02:49', 'participated': 1, 'data_size': 3484, 'data_variance': 0.0632089227437973, 'local_loss': 0.4587574005126953, 'local_accuracy': 83.78300666809082, 'tn': -566, 'fp': 566, 'fn': 566, 'tp': 2918, 'precision': 0.8479958596727677, 'recall': 0.8369167804801496, 'f1': 0.8357983970736278, 'confusion_mean': 0.8369167804777448}
Received system metrics from client 4: {'cpu_time': 89.78999999910593, 'ram_used_mb': 8181.874688, 'net_sent_bytes': 1312, 'net_recv_bytes': 34400, 'gpu_mem_used_mb': 38971.0, 'gpu_load': 0.0, 'client_rank': 4, 'round': 28, 'timestamp': '2025-08-18 19:02:47', 'participated': 1, 'data_size': 1277, 'data_variance': 0.06359560787677765, 'local_loss': 0.3330265283584595, 'local_accuracy': 88.8018786907196, 'tn': -143, 'fp': 143, 'fn': 143, 'tp': 1134, 'precision': 0.8947390183725472, 'recall': 0.8881577233580804, 'f1': 0.888983668895375, 'confusion_mean': 0.8881577233510823}
Received system metrics from client 5: {'cpu_time': 33.00999999977648, 'ram_used_mb': 8217.460736, 'net_sent_bytes': 34836, 'net_recv_bytes': 36944, 'gpu_mem_used_mb': 38971.0, 'gpu_load': 0.0, 'client_rank': 5, 'round': 28, 'timestamp': '2025-08-18 19:02:47', 'participated': 1, 'data_size': 1396, 'data_variance': 0.0641184002161026, 'local_loss': 0.3250485956668854, 'local_accuracy': 89.82807993888855, 'tn': -142, 'fp': 142, 'fn': 142, 'tp': 1254, 'precision': 0.9031056080891506, 'recall': 0.8985012169999782, 'f1': 0.898982255283219, 'confusion_mean': 0.8985012169935208}
Received system metrics from client 6: {'cpu_time': 50.45999999996275, 'ram_used_mb': 6391.402496, 'net_sent_bytes': 31947, 'net_recv_bytes': 21854, 'gpu_mem_used_mb': 38953.0, 'gpu_load': 0.0, 'client_rank': 6, 'round': 28, 'timestamp': '2025-08-18 19:02:44', 'participated': 1, 'data_size': 160, 'data_variance': 0.06430966407060623, 'local_loss': 0.19554822146892548, 'local_accuracy': 94.9999988079071, 'tn': -8, 'fp': 8, 'fn': 8, 'tp': 152, 'precision': 0.95313668787353, 'recall': 0.9334848484848484, 'f1': 0.9407777777777777, 'confusion_mean': 0.9334848484234423}
Received system metrics from client 7: {'cpu_time': 116.64999999850988, 'ram_used_mb': 8169.869312, 'net_sent_bytes': 40575, 'net_recv_bytes': 41746, 'gpu_mem_used_mb': 38971.0, 'gpu_load': 0.0, 'client_rank': 7, 'round': 28, 'timestamp': '2025-08-18 19:02:47', 'participated': 1, 'data_size': 1191, 'data_variance': 0.06395598500967026, 'local_loss': 0.4615722894668579, 'local_accuracy': 83.45927596092224, 'tn': -197, 'fp': 197, 'fn': 197, 'tp': 994, 'precision': 0.8492418372709677, 'recall': 0.8270803601435304, 'f1': 0.824162861954384, 'confusion_mean': 0.8270803601366028}
Received system metrics from client 8: {'cpu_time': 27.91000000014901, 'ram_used_mb': 8568.254464, 'net_sent_bytes': 110902, 'net_recv_bytes': 69485, 'gpu_mem_used_mb': 38969.0, 'gpu_load': 0.0, 'client_rank': 8, 'round': 28, 'timestamp': '2025-08-18 19:02:49', 'participated': 1, 'data_size': 26307, 'data_variance': 0.0630842074751854, 'local_loss': 0.5077994465827942, 'local_accuracy': 82.19105005264282, 'tn': -4685, 'fp': 4685, 'fn': 4685, 'tp': 21622, 'precision': 0.8279834297267744, 'recall': 0.8221824327172917, 'f1': 0.8201135021083223, 'confusion_mean': 0.8221824327169791}
Received system metrics from client 9: {'cpu_time': 22.0, 'ram_used_mb': 6446.772224, 'net_sent_bytes': 2570, 'net_recv_bytes': 23058, 'gpu_mem_used_mb': 38953.0, 'gpu_load': 0.0, 'client_rank': 9, 'round': 28, 'timestamp': '2025-08-18 19:02:44', 'participated': 1, 'data_size': 2, 'data_variance': 0.04466967657208443, 'local_loss': 0.03513200581073761, 'local_accuracy': 100.0, 'tn': 0, 'fp': 0, 'fn': 0, 'tp': 2, 'precision': 1.0, 'recall': 1.0, 'f1': 1.0, 'confusion_mean': 0.9999999989999999}
Received system metrics from client 10: {'cpu_time': 87.1600000038743, 'ram_used_mb': 8128.548864, 'net_sent_bytes': 32631, 'net_recv_bytes': 60886, 'gpu_mem_used_mb': 38969.0, 'gpu_load': 0.0, 'client_rank': 10, 'round': 28, 'timestamp': '2025-08-18 19:02:47', 'participated': 1, 'data_size': 1827, 'data_variance': 0.06289092451334, 'local_loss': 0.35329684615135193, 'local_accuracy': 87.9584014415741, 'tn': -220, 'fp': 220, 'fn': 220, 'tp': 1607, 'precision': 0.8810811750509062, 'recall': 0.8782297189195003, 'f1': 0.87613868439963, 'confusion_mean': 0.8782297189146782}
[selector] Round 28: participants used in averaging = 10/10
Averaging model weights...
Evaluating updated global model on test set...
    [Client 2] Round 29 - Selected, will train.
    [Client 2] Round 29 - Waiting for global weights...
    [Client 6] Round 29 - Selected, will train.
    [Client 6] Round 29 - Waiting for global weights...
Round 28 Evaluation - Accuracy: 0.8099, Loss: 0.5454

===== Round 29 =====
Broadcasting global model to all clients...
    [Client 1] Round 29 - Selected, will train.
    [Client 1] Round 29 - Waiting for global weights...
Waiting for model weights from client 1...
    [Client 5] Round 29 - Selected, will train.
    [Client 5] Round 29 - Waiting for global weights...
    [Client 9] Round 29 - Selected, will train.
    [Client 9] Round 29 - Waiting for global weights...
    [Client 4] Round 29 - Selected, will train.
    [Client 4] Round 29 - Waiting for global weights...
    [Client 7] Round 29 - Selected, will train.
    [Client 7] Round 29 - Waiting for global weights...
    [Client 8] Round 29 - Selected, will train.
    [Client 8] Round 29 - Waiting for global weights...
    [Client 3] Round 29 - Selected, will train.
    [Client 3] Round 29 - Waiting for global weights...
    [Client 10] Round 29 - Selected, will train.
    [Client 10] Round 29 - Waiting for global weights...
    [Client 6] Round 29 - Sending updated weights to server...
    [Client 3] Round 29 - Sending updated weights to server...
    [Client 8] Round 29 - Sending updated weights to server...
    [Client 10] Round 29 - Sending updated weights to server...
    [Client 5] Round 29 - Sending updated weights to server...
    [Client 9] Round 29 - Sending updated weights to server...
    [Client 2] Round 29 - Sending updated weights to server...
    [Client 7] Round 29 - Sending updated weights to server...
    [Client 1] Round 29 - Sending updated weights to server...
Received weights from client 1
Waiting for model weights from client 2...
Received weights from client 2
Waiting for model weights from client 3...
Received weights from client 3
Waiting for model weights from client 4...
    [Client 4] Round 29 - Sending updated weights to server...
Received weights from client 4
Waiting for model weights from client 5...
Received weights from client 5
Waiting for model weights from client 6...
Received weights from client 6
Waiting for model weights from client 7...
Received weights from client 7
Waiting for model weights from client 8...
Received weights from client 8
Waiting for model weights from client 9...
Received weights from client 9
Waiting for model weights from client 10...
Received weights from client 10
Received system metrics from client 1: {'cpu_time': 27.929999999701977, 'ram_used_mb': 8186.642432, 'net_sent_bytes': 68370, 'net_recv_bytes': 74746, 'gpu_mem_used_mb': 38973.0, 'gpu_load': 0.0, 'client_rank': 1, 'round': 29, 'timestamp': '2025-08-18 19:03:06', 'participated': 1, 'data_size': 1235, 'data_variance': 0.0631512776017189, 'local_loss': 0.3172425925731659, 'local_accuracy': 90.85020422935486, 'tn': -113, 'fp': 113, 'fn': 113, 'tp': 1122, 'precision': 0.9113835062967224, 'recall': 0.9060616164013078, 'f1': 0.9066875175316884, 'confusion_mean': 0.9060616163939622}
Received system metrics from client 2: {'cpu_time': 74.3999999994412, 'ram_used_mb': 8439.922688, 'net_sent_bytes': 150704, 'net_recv_bytes': 102538, 'gpu_mem_used_mb': 38971.0, 'gpu_load': 0.0, 'client_rank': 2, 'round': 29, 'timestamp': '2025-08-18 19:03:06', 'participated': 1, 'data_size': 13121, 'data_variance': 0.06358262151479721, 'local_loss': 0.5493564605712891, 'local_accuracy': 80.79414963722229, 'tn': -2520, 'fp': 2520, 'fn': 2520, 'tp': 10601, 'precision': 0.8296467177576338, 'recall': 0.8076430670354554, 'f1': 0.8089624059918863, 'confusion_mean': 0.8076430670348398}
Received system metrics from client 3: {'cpu_time': 147.9400000013411, 'ram_used_mb': 8199.626752, 'net_sent_bytes': 56102, 'net_recv_bytes': 65648, 'gpu_mem_used_mb': 38973.0, 'gpu_load': 0.0, 'client_rank': 3, 'round': 29, 'timestamp': '2025-08-18 19:03:08', 'participated': 1, 'data_size': 3484, 'data_variance': 0.0632089227437973, 'local_loss': 0.5362980365753174, 'local_accuracy': 81.34328126907349, 'tn': -649, 'fp': 649, 'fn': 649, 'tp': 2835, 'precision': 0.8462429665699552, 'recall': 0.811814876635301, 'f1': 0.8158009293664386, 'confusion_mean': 0.8118148766329721}
Received system metrics from client 4: {'cpu_time': 91.37000000104308, 'ram_used_mb': 8208.785408, 'net_sent_bytes': 34510, 'net_recv_bytes': 34350, 'gpu_mem_used_mb': 38973.0, 'gpu_load': 0.0, 'client_rank': 4, 'round': 29, 'timestamp': '2025-08-18 19:03:07', 'participated': 1, 'data_size': 1277, 'data_variance': 0.06359560787677765, 'local_loss': 0.33810994029045105, 'local_accuracy': 90.28974175453186, 'tn': -124, 'fp': 124, 'fn': 124, 'tp': 1153, 'precision': 0.9082770523072403, 'recall': 0.9044997569409391, 'f1': 0.903929845430342, 'confusion_mean': 0.9044997569338016}
Received system metrics from client 5: {'cpu_time': 33.49000000022352, 'ram_used_mb': 8259.833856, 'net_sent_bytes': 42330, 'net_recv_bytes': 48482, 'gpu_mem_used_mb': 38973.0, 'gpu_load': 0.0, 'client_rank': 5, 'round': 29, 'timestamp': '2025-08-18 19:03:06', 'participated': 1, 'data_size': 1396, 'data_variance': 0.0641184002161026, 'local_loss': 0.30918824672698975, 'local_accuracy': 89.25501704216003, 'tn': -150, 'fp': 150, 'fn': 150, 'tp': 1246, 'precision': 0.8992750035148183, 'recall': 0.8933567343085486, 'f1': 0.8946044916870598, 'confusion_mean': 0.8933567343021236}
Received system metrics from client 6: {'cpu_time': 78.84999999962747, 'ram_used_mb': 6549.479424, 'net_sent_bytes': 432, 'net_recv_bytes': 20775, 'gpu_mem_used_mb': 38955.0, 'gpu_load': 0.0, 'client_rank': 6, 'round': 29, 'timestamp': '2025-08-18 19:03:03', 'participated': 1, 'data_size': 160, 'data_variance': 0.06430966407060623, 'local_loss': 0.22287686169147491, 'local_accuracy': 92.5000011920929, 'tn': -12, 'fp': 12, 'fn': 12, 'tp': 148, 'precision': 0.9229590017825313, 'recall': 0.9308080808080808, 'f1': 0.9221267161742853, 'confusion_mean': 0.9308080807454175}
Received system metrics from client 7: {'cpu_time': 117.56000000238419, 'ram_used_mb': 8219.119616, 'net_sent_bytes': 29262, 'net_recv_bytes': 60777, 'gpu_mem_used_mb': 38971.0, 'gpu_load': 0.0, 'client_rank': 7, 'round': 29, 'timestamp': '2025-08-18 19:03:06', 'participated': 1, 'data_size': 1191, 'data_variance': 0.06395598500967026, 'local_loss': 0.3635045289993286, 'local_accuracy': 87.74139285087585, 'tn': -146, 'fp': 146, 'fn': 146, 'tp': 1045, 'precision': 0.8838584065239514, 'recall': 0.8717852823260912, 'f1': 0.871499886084939, 'confusion_mean': 0.8717852823187711}
Received system metrics from client 8: {'cpu_time': 25.889999999897555, 'ram_used_mb': 8592.420864, 'net_sent_bytes': 7065, 'net_recv_bytes': 43549, 'gpu_mem_used_mb': 38971.0, 'gpu_load': 0.0, 'client_rank': 8, 'round': 29, 'timestamp': '2025-08-18 19:03:08', 'participated': 1, 'data_size': 26307, 'data_variance': 0.0630842074751854, 'local_loss': 0.541023850440979, 'local_accuracy': 81.00505471229553, 'tn': -4998, 'fp': 4998, 'fn': 4998, 'tp': 21309, 'precision': 0.8284425833987779, 'recall': 0.8108526885999773, 'f1': 0.8119891006593658, 'confusion_mean': 0.8108526885996687}
Received system metrics from client 9: {'cpu_time': 21.480000004172325, 'ram_used_mb': 6606.966784, 'net_sent_bytes': 73641, 'net_recv_bytes': 41794, 'gpu_mem_used_mb': 38953.0, 'gpu_load': 0.0, 'client_rank': 9, 'round': 29, 'timestamp': '2025-08-18 19:03:03', 'participated': 1, 'data_size': 2, 'data_variance': 0.04466967657208443, 'local_loss': 0.01006047148257494, 'local_accuracy': 100.0, 'tn': 0, 'fp': 0, 'fn': 0, 'tp': 2, 'precision': 1.0, 'recall': 1.0, 'f1': 1.0, 'confusion_mean': 0.9999999989999999}
Received system metrics from client 10: {'cpu_time': 82.72999999672174, 'ram_used_mb': 8149.03296, 'net_sent_bytes': 107461, 'net_recv_bytes': 84378, 'gpu_mem_used_mb': 38971.0, 'gpu_load': 0.0, 'client_rank': 10, 'round': 29, 'timestamp': '2025-08-18 19:03:06', 'participated': 1, 'data_size': 1827, 'data_variance': 0.06289092451334, 'local_loss': 0.2876178026199341, 'local_accuracy': 90.69513082504272, 'tn': -170, 'fp': 170, 'fn': 170, 'tp': 1657, 'precision': 0.9075688655213983, 'recall': 0.9052845056662507, 'f1': 0.9047657801163614, 'confusion_mean': 0.9052845056612826}
[selector] Round 29: participants used in averaging = 10/10
Averaging model weights...
Evaluating updated global model on test set...
    [Client 1] Round 30 - Selected, will train.
    [Client 1] Round 30 - Waiting for global weights...
    [Client 5] Round 30 - Selected, will train.
    [Client 5] Round 30 - Waiting for global weights...
    [Client 9] Round 30 - Selected, will train.
    [Client 9] Round 30 - Waiting for global weights...
    [Client 2] Round 30 - Selected, will train.
    [Client 2] Round 30 - Waiting for global weights...
    [Client 6] Round 30 - Selected, will train.
    [Client 6] Round 30 - Waiting for global weights...
    [Client 10] Round 30 - Selected, will train.
    [Client 10] Round 30 - Waiting for global weights...
    [Client 4] Round 30 - Selected, will train.
    [Client 4] Round 30 - Waiting for global weights...
    [Client 8] Round 30 - Selected, will train.
    [Client 8] Round 30 - Waiting for global weights...
    [Client 7] Round 30 - Selected, will train.
    [Client 7] Round 30 - Waiting for global weights...
    [Client 3] Round 30 - Selected, will train.
    [Client 3] Round 30 - Waiting for global weights...
Round 29 Evaluation - Accuracy: 0.8093, Loss: 0.5544

===== Round 30 =====
Broadcasting global model to all clients...
Waiting for model weights from client 1...
    [Client 3] Round 30 - Sending updated weights to server...
    [Client 1] Round 30 - Sending updated weights to server...
Received weights from client 1
Waiting for model weights from client 2...
    [Client 6] Round 30 - Sending updated weights to server...
    [Client 7] Round 30 - Sending updated weights to server...
    [Client 8] Round 30 - Sending updated weights to server...
    [Client 9] Round 30 - Sending updated weights to server...
    [Client 10] Round 30 - Sending updated weights to server...
    [Client 4] Round 30 - Sending updated weights to server...
    [Client 2] Round 30 - Sending updated weights to server...
Received weights from client 2
Waiting for model weights from client 3...
Received weights from client 3
Waiting for model weights from client 4...
Received weights from client 4
Waiting for model weights from client 5...
    [Client 5] Round 30 - Sending updated weights to server...
Received weights from client 5
Waiting for model weights from client 6...
Received weights from client 6
Waiting for model weights from client 7...
Received weights from client 7
Waiting for model weights from client 8...
Received weights from client 8
Waiting for model weights from client 9...
Received weights from client 9
Waiting for model weights from client 10...
Received weights from client 10
Received system metrics from client 1: {'cpu_time': 28.869999999180436, 'ram_used_mb': 8409.186304, 'net_sent_bytes': 1524, 'net_recv_bytes': 32579, 'gpu_mem_used_mb': 38973.0, 'gpu_load': 0.01, 'client_rank': 1, 'round': 30, 'timestamp': '2025-08-18 19:03:27', 'participated': 1, 'data_size': 1235, 'data_variance': 0.0631512776017189, 'local_loss': 0.270818293094635, 'local_accuracy': 91.33602976799011, 'tn': -107, 'fp': 107, 'fn': 107, 'tp': 1128, 'precision': 0.9133475869596834, 'recall': 0.9120633354953668, 'f1': 0.9097033239759813, 'confusion_mean': 0.9120633354879617}
Received system metrics from client 2: {'cpu_time': 64.55999999959022, 'ram_used_mb': 8573.730816, 'net_sent_bytes': 80886, 'net_recv_bytes': 89716, 'gpu_mem_used_mb': 38971.0, 'gpu_load': 0.0, 'client_rank': 2, 'round': 30, 'timestamp': '2025-08-18 19:03:29', 'participated': 1, 'data_size': 13121, 'data_variance': 0.06358262151479721, 'local_loss': 0.5073976516723633, 'local_accuracy': 82.30317831039429, 'tn': -2322, 'fp': 2322, 'fn': 2322, 'tp': 10799, 'precision': 0.8343528607072207, 'recall': 0.8238905426112695, 'f1': 0.8214844138876429, 'confusion_mean': 0.8238905426106407}
Received system metrics from client 3: {'cpu_time': 146.26999999955297, 'ram_used_mb': 8393.039872, 'net_sent_bytes': 3165, 'net_recv_bytes': 37351, 'gpu_mem_used_mb': 38973.0, 'gpu_load': 0.0, 'client_rank': 3, 'round': 30, 'timestamp': '2025-08-18 19:03:29', 'participated': 1, 'data_size': 3484, 'data_variance': 0.0632089227437973, 'local_loss': 0.3284105658531189, 'local_accuracy': 89.38002586364746, 'tn': -370, 'fp': 370, 'fn': 370, 'tp': 3114, 'precision': 0.8977576783546075, 'recall': 0.8945734214391565, 'f1': 0.8935713397329812, 'confusion_mean': 0.8945734214365817}
Received system metrics from client 4: {'cpu_time': 89.39999999850988, 'ram_used_mb': 8435.95776, 'net_sent_bytes': 26946, 'net_recv_bytes': 38207, 'gpu_mem_used_mb': 38975.0, 'gpu_load': 0.0, 'client_rank': 4, 'round': 30, 'timestamp': '2025-08-18 19:03:28', 'participated': 1, 'data_size': 1277, 'data_variance': 0.06359560787677765, 'local_loss': 0.28795504570007324, 'local_accuracy': 91.54267907142639, 'tn': -108, 'fp': 108, 'fn': 108, 'tp': 1169, 'precision': 0.9172206116927557, 'recall': 0.9152193083142202, 'f1': 0.9152260410388683, 'confusion_mean': 0.9152193083070118}
Received system metrics from client 5: {'cpu_time': 33.40000000037253, 'ram_used_mb': 8430.043136, 'net_sent_bytes': 1971, 'net_recv_bytes': 29561, 'gpu_mem_used_mb': 38973.0, 'gpu_load': 0.0, 'client_rank': 5, 'round': 30, 'timestamp': '2025-08-18 19:03:28', 'participated': 1, 'data_size': 1396, 'data_variance': 0.0641184002161026, 'local_loss': 0.601492702960968, 'local_accuracy': 79.4412612915039, 'tn': -287, 'fp': 287, 'fn': 287, 'tp': 1109, 'precision': 0.8320373594743102, 'recall': 0.7931799717998839, 'f1': 0.7949680141313503, 'confusion_mean': 0.7931799717941931}
Received system metrics from client 6: {'cpu_time': 107.42999999970198, 'ram_used_mb': 6578.348032, 'net_sent_bytes': 20923, 'net_recv_bytes': 39581, 'gpu_mem_used_mb': 38955.0, 'gpu_load': 0.0, 'client_rank': 6, 'round': 30, 'timestamp': '2025-08-18 19:03:26', 'participated': 1, 'data_size': 160, 'data_variance': 0.06430966407060623, 'local_loss': 0.1808837652206421, 'local_accuracy': 95.6250011920929, 'tn': -7, 'fp': 7, 'fn': 7, 'tp': 153, 'precision': 0.956282702804442, 'recall': 0.9580339105339105, 'f1': 0.9570384698044272, 'confusion_mean': 0.9580339104692728}
Received system metrics from client 7: {'cpu_time': 116.46000000089407, 'ram_used_mb': 8410.78784, 'net_sent_bytes': 43980, 'net_recv_bytes': 51342, 'gpu_mem_used_mb': 38973.0, 'gpu_load': 0.0, 'client_rank': 7, 'round': 30, 'timestamp': '2025-08-18 19:03:27', 'participated': 1, 'data_size': 1191, 'data_variance': 0.06395598500967026, 'local_loss': 0.35244423151016235, 'local_accuracy': 88.16120624542236, 'tn': -141, 'fp': 141, 'fn': 141, 'tp': 1050, 'precision': 0.8786981816391577, 'recall': 0.8750423210271476, 'f1': 0.8717822927456214, 'confusion_mean': 0.8750423210198075}
Received system metrics from client 8: {'cpu_time': 29.19000000017695, 'ram_used_mb': 8758.9888, 'net_sent_bytes': 52947, 'net_recv_bytes': 82961, 'gpu_mem_used_mb': 38973.0, 'gpu_load': 0.0, 'client_rank': 8, 'round': 30, 'timestamp': '2025-08-18 19:03:29', 'participated': 1, 'data_size': 26307, 'data_variance': 0.0630842074751854, 'local_loss': 0.5108562707901001, 'local_accuracy': 82.07701444625854, 'tn': -4715, 'fp': 4715, 'fn': 4715, 'tp': 21592, 'precision': 0.8309621759870469, 'recall': 0.8207274181753246, 'f1': 0.8186583977770263, 'confusion_mean': 0.8207274181750126}
Received system metrics from client 9: {'cpu_time': 25.13000000268221, 'ram_used_mb': 6621.687808, 'net_sent_bytes': 232, 'net_recv_bytes': 20863, 'gpu_mem_used_mb': 38953.0, 'gpu_load': 0.0, 'client_rank': 9, 'round': 30, 'timestamp': '2025-08-18 19:03:26', 'participated': 1, 'data_size': 2, 'data_variance': 0.04466967657208443, 'local_loss': 0.008936913684010506, 'local_accuracy': 100.0, 'tn': 0, 'fp': 0, 'fn': 0, 'tp': 2, 'precision': 1.0, 'recall': 1.0, 'f1': 1.0, 'confusion_mean': 0.9999999989999999}
Received system metrics from client 10: {'cpu_time': 85.5899999961257, 'ram_used_mb': 8331.128832, 'net_sent_bytes': 33039, 'net_recv_bytes': 64094, 'gpu_mem_used_mb': 38973.0, 'gpu_load': 0.0, 'client_rank': 10, 'round': 30, 'timestamp': '2025-08-18 19:03:28', 'participated': 1, 'data_size': 1827, 'data_variance': 0.06289092451334, 'local_loss': 0.3182988464832306, 'local_accuracy': 88.724684715271, 'tn': -206, 'fp': 206, 'fn': 206, 'tp': 1621, 'precision': 0.8960716727786362, 'recall': 0.8844254040168307, 'f1': 0.8841255594236564, 'confusion_mean': 0.8844254040119841}
[selector] Round 30: participants used in averaging = 10/10
Averaging model weights...
Evaluating updated global model on test set...
    [Client 1] Round 31 - Selected, will train.
    [Client 1] Round 31 - Waiting for global weights...
    [Client 9] Round 31 - Selected, will train.
    [Client 9] Round 31 - Waiting for global weights...
    [Client 5] Round 31 - Selected, will train.
    [Client 5] Round 31 - Waiting for global weights...
    [Client 2] Round 31 - Selected, will train.
    [Client 6] Round 31 - Selected, will train.
    [Client 6] Round 31 - Waiting for global weights...
    [Client 10] Round 31 - Selected, will train.
    [Client 10] Round 31 - Waiting for global weights...
    [Client 2] Round 31 - Waiting for global weights...
    [Client 4] Round 31 - Selected, will train.
    [Client 4] Round 31 - Waiting for global weights...
    [Client 8] Round 31 - Selected, will train.
    [Client 8] Round 31 - Waiting for global weights...
    [Client 7] Round 31 - Selected, will train.
    [Client 7] Round 31 - Waiting for global weights...
    [Client 3] Round 31 - Selected, will train.
    [Client 3] Round 31 - Waiting for global weights...
Round 30 Evaluation - Accuracy: 0.8108, Loss: 0.5473

===== Round 31 =====
Broadcasting global model to all clients...
Waiting for model weights from client 1...
    [Client 6] Round 31 - Sending updated weights to server...
    [Client 1] Round 31 - Sending updated weights to server...
Received weights from client 1
Waiting for model weights from client 2...
    [Client 5] Round 31 - Sending updated weights to server...
    [Client 7] Round 31 - Sending updated weights to server...
    [Client 9] Round 31 - Sending updated weights to server...
    [Client 10] Round 31 - Sending updated weights to server...
    [Client 3] Round 31 - Sending updated weights to server...
    [Client 2] Round 31 - Sending updated weights to server...
Received weights from client 2
Waiting for model weights from client 3...
Received weights from client 3
Waiting for model weights from client 4...
    [Client 8] Round 31 - Sending updated weights to server...
    [Client 4] Round 31 - Sending updated weights to server...
Received weights from client 4
Waiting for model weights from client 5...
Received weights from client 5
Waiting for model weights from client 6...
Received weights from client 6
Waiting for model weights from client 7...
Received weights from client 7
Waiting for model weights from client 8...
Received weights from client 8
Waiting for model weights from client 9...
Received weights from client 9
Waiting for model weights from client 10...
Received weights from client 10
Received system metrics from client 1: {'cpu_time': 27.380000000819564, 'ram_used_mb': 8613.126144, 'net_sent_bytes': 357, 'net_recv_bytes': 28972, 'gpu_mem_used_mb': 38975.0, 'gpu_load': 0.0, 'client_rank': 1, 'round': 31, 'timestamp': '2025-08-18 19:03:44', 'participated': 1, 'data_size': 1235, 'data_variance': 0.0631512776017189, 'local_loss': 0.26437073945999146, 'local_accuracy': 92.38866567611694, 'tn': -94, 'fp': 94, 'fn': 94, 'tp': 1141, 'precision': 0.9252788614400554, 'recall': 0.9216309449403429, 'f1': 0.9226691413288641, 'confusion_mean': 0.9216309449328686}
Received system metrics from client 2: {'cpu_time': 61.22999999951571, 'ram_used_mb': 8860.086272, 'net_sent_bytes': 33869, 'net_recv_bytes': 67031, 'gpu_mem_used_mb': 38973.0, 'gpu_load': 0.0, 'client_rank': 2, 'round': 31, 'timestamp': '2025-08-18 19:03:45', 'participated': 1, 'data_size': 13121, 'data_variance': 0.06358262151479721, 'local_loss': 0.38944220542907715, 'local_accuracy': 86.62449717521667, 'tn': -1757, 'fp': 1757, 'fn': 1757, 'tp': 11364, 'precision': 0.867511532001586, 'recall': 0.866238745088865, 'f1': 0.8656865302522666, 'confusion_mean': 0.8662387450882043}
Received system metrics from client 3: {'cpu_time': 144.53999999910593, 'ram_used_mb': 8640.7168, 'net_sent_bytes': 30624, 'net_recv_bytes': 68103, 'gpu_mem_used_mb': 38975.0, 'gpu_load': 0.0, 'client_rank': 3, 'round': 31, 'timestamp': '2025-08-18 19:03:46', 'participated': 1, 'data_size': 3484, 'data_variance': 0.0632089227437973, 'local_loss': 0.38885611295700073, 'local_accuracy': 86.96900010108948, 'tn': -454, 'fp': 454, 'fn': 454, 'tp': 3030, 'precision': 0.8835088416972783, 'recall': 0.8684381483740463, 'f1': 0.8704831248050183, 'confusion_mean': 0.8684381483715526}
Received system metrics from client 4: {'cpu_time': 90.0300000011921, 'ram_used_mb': 8684.032, 'net_sent_bytes': 7371, 'net_recv_bytes': 36380, 'gpu_mem_used_mb': 38975.0, 'gpu_load': 0.0, 'client_rank': 4, 'round': 31, 'timestamp': '2025-08-18 19:03:45', 'participated': 1, 'data_size': 1277, 'data_variance': 0.06359560787677765, 'local_loss': 0.26580581068992615, 'local_accuracy': 92.40407347679138, 'tn': -97, 'fp': 97, 'fn': 97, 'tp': 1180, 'precision': 0.9276348572893733, 'recall': 0.9231068730972758, 'f1': 0.9247513449481337, 'confusion_mean': 0.92310687309001}
Received system metrics from client 5: {'cpu_time': 32.66000000014901, 'ram_used_mb': 8687.333376, 'net_sent_bytes': 2661, 'net_recv_bytes': 34368, 'gpu_mem_used_mb': 38975.0, 'gpu_load': 0.0, 'client_rank': 5, 'round': 31, 'timestamp': '2025-08-18 19:03:44', 'participated': 1, 'data_size': 1396, 'data_variance': 0.0641184002161026, 'local_loss': 0.3156719207763672, 'local_accuracy': 89.68481421470642, 'tn': -144, 'fp': 144, 'fn': 144, 'tp': 1252, 'precision': 0.9071724128406056, 'recall': 0.8975412787035821, 'f1': 0.8990003856733324, 'confusion_mean': 0.897541278697128}
Received system metrics from client 6: {'cpu_time': 50.21999999973923, 'ram_used_mb': 6718.062592, 'net_sent_bytes': 832, 'net_recv_bytes': 21010, 'gpu_mem_used_mb': 38955.0, 'gpu_load': 0.0, 'client_rank': 6, 'round': 31, 'timestamp': '2025-08-18 19:03:42', 'participated': 1, 'data_size': 160, 'data_variance': 0.06430966407060623, 'local_loss': 0.2118074893951416, 'local_accuracy': 91.25000238418579, 'tn': -14, 'fp': 14, 'fn': 14, 'tp': 146, 'precision': 0.9175282234105764, 'recall': 0.9184072871572871, 'f1': 0.9119505917116275, 'confusion_mean': 0.9184072870951369}
Received system metrics from client 7: {'cpu_time': 116.96000000089407, 'ram_used_mb': 8599.584768, 'net_sent_bytes': 1222, 'net_recv_bytes': 29588, 'gpu_mem_used_mb': 38975.0, 'gpu_load': 0.0, 'client_rank': 7, 'round': 31, 'timestamp': '2025-08-18 19:03:44', 'participated': 1, 'data_size': 1191, 'data_variance': 0.06395598500967026, 'local_loss': 0.38627752661705017, 'local_accuracy': 86.56591176986694, 'tn': -160, 'fp': 160, 'fn': 160, 'tp': 1031, 'precision': 0.8798278887972352, 'recall': 0.8615205637747587, 'f1': 0.8614180926059222, 'confusion_mean': 0.8615205637675094}
Received system metrics from client 8: {'cpu_time': 27.709999999729916, 'ram_used_mb': 8990.879744, 'net_sent_bytes': 53013, 'net_recv_bytes': 68011, 'gpu_mem_used_mb': 38973.0, 'gpu_load': 0.01, 'client_rank': 8, 'round': 31, 'timestamp': '2025-08-18 19:03:46', 'participated': 1, 'data_size': 26307, 'data_variance': 0.0630842074751854, 'local_loss': 0.5196712613105774, 'local_accuracy': 81.78431391716003, 'tn': -4792, 'fp': 4792, 'fn': 4792, 'tp': 21515, 'precision': 0.8234032609865187, 'recall': 0.8178133594082073, 'f1': 0.8171649724699732, 'confusion_mean': 0.8178133594078962}
Received system metrics from client 9: {'cpu_time': 21.269999995827675, 'ram_used_mb': 6766.534656, 'net_sent_bytes': 1761, 'net_recv_bytes': 20698, 'gpu_mem_used_mb': 38955.0, 'gpu_load': 0.0, 'client_rank': 9, 'round': 31, 'timestamp': '2025-08-18 19:03:42', 'participated': 1, 'data_size': 2, 'data_variance': 0.04466967657208443, 'local_loss': 0.011075909249484539, 'local_accuracy': 100.0, 'tn': 0, 'fp': 0, 'fn': 0, 'tp': 2, 'precision': 1.0, 'recall': 1.0, 'f1': 1.0, 'confusion_mean': 0.9999999989999999}
Received system metrics from client 10: {'cpu_time': 84.87999999523163, 'ram_used_mb': 8577.036288, 'net_sent_bytes': 44147, 'net_recv_bytes': 63829, 'gpu_mem_used_mb': 38973.0, 'gpu_load': 0.0, 'client_rank': 10, 'round': 31, 'timestamp': '2025-08-18 19:03:45', 'participated': 1, 'data_size': 1827, 'data_variance': 0.06289092451334, 'local_loss': 0.2855137288570404, 'local_accuracy': 91.46141409873962, 'tn': -156, 'fp': 156, 'fn': 156, 'tp': 1671, 'precision': 0.9194139446252985, 'recall': 0.9117055683928781, 'f1': 0.9129703114494028, 'confusion_mean': 0.9117055683878817}
[selector] Round 31: participants used in averaging = 10/10
Averaging model weights...
Evaluating updated global model on test set...
    [Client 1] Round 32 - Selected, will train.
    [Client 1] Round 32 - Waiting for global weights...
Round 31 Evaluation - Accuracy: 0.8200, Loss: 0.5230

===== Round 32 =====
Broadcasting global model to all clients...
    [Client 5] Round 32 - Selected, will train.
    [Client 5] Round 32 - Waiting for global weights...
    [Client 9] Round 32 - Selected, will train.
    [Client 9] Round 32 - Waiting for global weights...
    [Client 2] Round 32 - Selected, will train.
    [Client 2] Round 32 - Waiting for global weights...
    [Client 6] Round 32 - Selected, will train.
    [Client 6] Round 32 - Waiting for global weights...
    [Client 4] Round 32 - Selected, will train.
    [Client 4] Round 32 - Waiting for global weights...
    [Client 7] Round 32 - Selected, will train.
    [Client 7] Round 32 - Waiting for global weights...
    [Client 8] Round 32 - Selected, will train.
    [Client 8] Round 32 - Waiting for global weights...
    [Client 3] Round 32 - Selected, will train.
    [Client 3] Round 32 - Waiting for global weights...
    [Client 10] Round 32 - Selected, will train.
    [Client 10] Round 32 - Waiting for global weights...
Waiting for model weights from client 1...
    [Client 6] Round 32 - Sending updated weights to server...
    [Client 9] Round 32 - Sending updated weights to server...
    [Client 3] Round 32 - Sending updated weights to server...
    [Client 8] Round 32 - Sending updated weights to server...
Received weights from client 1
Waiting for model weights from client 2...
    [Client 1] Round 32 - Sending updated weights to server...
    [Client 7] Round 32 - Sending updated weights to server...
    [Client 4] Round 32 - Sending updated weights to server...
    [Client 5] Round 32 - Sending updated weights to server...
    [Client 10] Round 32 - Sending updated weights to server...
    [Client 2] Round 32 - Sending updated weights to server...
Received weights from client 2
Waiting for model weights from client 3...
Received weights from client 3
    [Client 5] Round 33 - Selected, will train.
    [Client 5] Round 33 - Waiting for global weights...
    [Client 1] Round 33 - Selected, will train.
    [Client 1] Round 33 - Waiting for global weights...
    [Client 9] Round 33 - Selected, will train.
    [Client 9] Round 33 - Waiting for global weights...
    [Client 2] Round 33 - Selected, will train.
    [Client 2] Round 33 - Waiting for global weights...
    [Client 6] Round 33 - Selected, will train.
    [Client 6] Round 33 - Waiting for global weights...
    [Client 4] Round 33 - Selected, will train.
    [Client 7] Round 33 - Selected, will train.
    [Client 7] Round 33 - Waiting for global weights...
    [Client 8] Round 33 - Selected, will train.
    [Client 3] Round 33 - Selected, will train.
    [Client 3] Round 33 - Waiting for global weights...
    [Client 10] Round 33 - Selected, will train.
    [Client 10] Round 33 - Waiting for global weights...
Waiting for model weights from client 4...
    [Client 4] Round 33 - Waiting for global weights...
    [Client 8] Round 33 - Waiting for global weights...
Received weights from client 4
Waiting for model weights from client 5...
Received weights from client 5
Waiting for model weights from client 6...
Received weights from client 6
Waiting for model weights from client 7...
Received weights from client 7
Waiting for model weights from client 8...
Received weights from client 8
Waiting for model weights from client 9...
Received weights from client 9
Waiting for model weights from client 10...
Received weights from client 10
Received system metrics from client 1: {'cpu_time': 27.050000000745058, 'ram_used_mb': 8857.522176, 'net_sent_bytes': 254, 'net_recv_bytes': 28042, 'gpu_mem_used_mb': 38975.0, 'gpu_load': 0.0, 'client_rank': 1, 'round': 32, 'timestamp': '2025-08-18 19:04:01', 'participated': 1, 'data_size': 1235, 'data_variance': 0.0631512776017189, 'local_loss': 0.27709347009658813, 'local_accuracy': 91.49797558784485, 'tn': -105, 'fp': 105, 'fn': 105, 'tp': 1130, 'precision': 0.9168206611205845, 'recall': 0.9124673501500272, 'f1': 0.9124596030310789, 'confusion_mean': 0.9124673501426299}
Received system metrics from client 2: {'cpu_time': 59.27999999932945, 'ram_used_mb': 9138.536448, 'net_sent_bytes': 74956, 'net_recv_bytes': 88457, 'gpu_mem_used_mb': 38973.0, 'gpu_load': 0.01, 'client_rank': 2, 'round': 32, 'timestamp': '2025-08-18 19:04:02', 'participated': 1, 'data_size': 13121, 'data_variance': 0.06358262151479721, 'local_loss': 0.41471514105796814, 'local_accuracy': 85.62609553337097, 'tn': -1886, 'fp': 1886, 'fn': 1886, 'tp': 11235, 'precision': 0.8607230421271177, 'recall': 0.8565542766923029, 'f1': 0.8549128067764601, 'confusion_mean': 0.8565542766916495}
Received system metrics from client 3: {'cpu_time': 145.26999999582767, 'ram_used_mb': 8819.986432, 'net_sent_bytes': 2071, 'net_recv_bytes': 40702, 'gpu_mem_used_mb': 38977.0, 'gpu_load': 0.0, 'client_rank': 3, 'round': 32, 'timestamp': '2025-08-18 19:04:04', 'participated': 1, 'data_size': 3484, 'data_variance': 0.0632089227437973, 'local_loss': 0.34188762307167053, 'local_accuracy': 88.49024176597595, 'tn': -401, 'fp': 401, 'fn': 401, 'tp': 3083, 'precision': 0.8945123667982896, 'recall': 0.8837635253118323, 'f1': 0.8857052193902246, 'confusion_mean': 0.8837635253092945}
Received system metrics from client 4: {'cpu_time': 94.14999999850988, 'ram_used_mb': 8897.531904, 'net_sent_bytes': 29025, 'net_recv_bytes': 60018, 'gpu_mem_used_mb': 38977.0, 'gpu_load': 0.0, 'client_rank': 4, 'round': 32, 'timestamp': '2025-08-18 19:04:03', 'participated': 1, 'data_size': 1277, 'data_variance': 0.06359560787677765, 'local_loss': 0.2784278392791748, 'local_accuracy': 91.69929623603821, 'tn': -106, 'fp': 106, 'fn': 106, 'tp': 1171, 'precision': 0.9225111558181615, 'recall': 0.9168665906055983, 'f1': 0.9181187600545251, 'confusion_mean': 0.9168665905983759}
Received system metrics from client 5: {'cpu_time': 33.1399999987334, 'ram_used_mb': 8905.453568, 'net_sent_bytes': 587, 'net_recv_bytes': 32442, 'gpu_mem_used_mb': 38977.0, 'gpu_load': 0.01, 'client_rank': 5, 'round': 32, 'timestamp': '2025-08-18 19:04:02', 'participated': 1, 'data_size': 1396, 'data_variance': 0.0641184002161026, 'local_loss': 0.30205515027046204, 'local_accuracy': 90.54441452026367, 'tn': -132, 'fp': 132, 'fn': 132, 'tp': 1264, 'precision': 0.910812653862866, 'recall': 0.9059814730525291, 'f1': 0.9064888527925581, 'confusion_mean': 0.905981473046016}
Received system metrics from client 6: {'cpu_time': 90.66000000061467, 'ram_used_mb': 6876.540928, 'net_sent_bytes': 53546, 'net_recv_bytes': 44221, 'gpu_mem_used_mb': 38957.0, 'gpu_load': 0.0, 'client_rank': 6, 'round': 32, 'timestamp': '2025-08-18 19:03:59', 'participated': 1, 'data_size': 160, 'data_variance': 0.06430966407060623, 'local_loss': 0.1592692881822586, 'local_accuracy': 97.50000238418579, 'tn': -4, 'fp': 4, 'fn': 4, 'tp': 156, 'precision': 0.981140350877193, 'recall': 0.9734126984126984, 'f1': 0.9761627356256513, 'confusion_mean': 0.973412698347236}
Received system metrics from client 7: {'cpu_time': 116.74000000208616, 'ram_used_mb': 8819.376128, 'net_sent_bytes': 28486, 'net_recv_bytes': 60205, 'gpu_mem_used_mb': 38975.0, 'gpu_load': 0.0, 'client_rank': 7, 'round': 32, 'timestamp': '2025-08-18 19:04:02', 'participated': 1, 'data_size': 1191, 'data_variance': 0.06395598500967026, 'local_loss': 0.4096517264842987, 'local_accuracy': 86.23005747795105, 'tn': -164, 'fp': 164, 'fn': 164, 'tp': 1027, 'precision': 0.8806531124718531, 'recall': 0.8586541977564183, 'f1': 0.8603464509386773, 'confusion_mean': 0.8586541977491882}
Received system metrics from client 8: {'cpu_time': 29.06000000005588, 'ram_used_mb': 9249.251328, 'net_sent_bytes': 9433, 'net_recv_bytes': 45135, 'gpu_mem_used_mb': 38975.0, 'gpu_load': 0.0, 'client_rank': 8, 'round': 32, 'timestamp': '2025-08-18 19:04:03', 'participated': 1, 'data_size': 26307, 'data_variance': 0.0630842074751854, 'local_loss': 0.4947095811367035, 'local_accuracy': 82.63199925422668, 'tn': -4566, 'fp': 4566, 'fn': 4566, 'tp': 21741, 'precision': 0.8324758553133771, 'recall': 0.8269245482680919, 'f1': 0.8259574460413208, 'confusion_mean': 0.8269245482677773}
Received system metrics from client 9: {'cpu_time': 21.45999999344349, 'ram_used_mb': 6925.586432, 'net_sent_bytes': 2269, 'net_recv_bytes': 20991, 'gpu_mem_used_mb': 38955.0, 'gpu_load': 0.0, 'client_rank': 9, 'round': 32, 'timestamp': '2025-08-18 19:03:59', 'participated': 1, 'data_size': 2, 'data_variance': 0.04466967657208443, 'local_loss': 0.03586721047759056, 'local_accuracy': 100.0, 'tn': 0, 'fp': 0, 'fn': 0, 'tp': 2, 'precision': 1.0, 'recall': 1.0, 'f1': 1.0, 'confusion_mean': 0.9999999989999999}
Received system metrics from client 10: {'cpu_time': 85.82000000029802, 'ram_used_mb': 8798.633984, 'net_sent_bytes': 106126, 'net_recv_bytes': 109052, 'gpu_mem_used_mb': 38975.0, 'gpu_load': 0.0, 'client_rank': 10, 'round': 32, 'timestamp': '2025-08-18 19:04:02', 'participated': 1, 'data_size': 1827, 'data_variance': 0.06289092451334, 'local_loss': 0.33011943101882935, 'local_accuracy': 89.16256427764893, 'tn': -198, 'fp': 198, 'fn': 198, 'tp': 1629, 'precision': 0.8939058662597358, 'recall': 0.8899289234757447, 'f1': 0.8890435008655857, 'confusion_mean': 0.8899289234708607}
[selector] Round 32: participants used in averaging = 10/10
Averaging model weights...
Evaluating updated global model on test set...
Round 32 Evaluation - Accuracy: 0.8231, Loss: 0.5201

===== Round 33 =====
Broadcasting global model to all clients...
Waiting for model weights from client 1...
    [Client 6] Round 33 - Sending updated weights to server...
    [Client 3] Round 33 - Sending updated weights to server...
    [Client 5] Round 33 - Sending updated weights to server...
    [Client 4] Round 33 - Sending updated weights to server...
    [Client 8] Round 33 - Sending updated weights to server...
    [Client 10] Round 33 - Sending updated weights to server...
    [Client 7] Round 33 - Sending updated weights to server...
    [Client 1] Round 33 - Sending updated weights to server...
Received weights from client 1
Waiting for model weights from client 2...
    [Client 2] Round 33 - Sending updated weights to server...
Received weights from client 2
Waiting for model weights from client 3...
Received weights from client 3
Waiting for model weights from client 4...
Received weights from client 4
Waiting for model weights from client 5...
Received weights from client 5
Waiting for model weights from client 6...
Received weights from client 6
Waiting for model weights from client 7...
Received weights from client 7
Waiting for model weights from client 8...
Received weights from client 8
Waiting for model weights from client 9...
    [Client 9] Round 33 - Sending updated weights to server...
Received weights from client 9
Waiting for model weights from client 10...
Received weights from client 10
Received system metrics from client 1: {'cpu_time': 28.630000000819564, 'ram_used_mb': 9035.808768, 'net_sent_bytes': 56955, 'net_recv_bytes': 40097, 'gpu_mem_used_mb': 38977.0, 'gpu_load': 0.0, 'client_rank': 1, 'round': 33, 'timestamp': '2025-08-18 19:04:21', 'participated': 1, 'data_size': 1235, 'data_variance': 0.0631512776017189, 'local_loss': 0.2642560303211212, 'local_accuracy': 91.17408990859985, 'tn': -109, 'fp': 109, 'fn': 109, 'tp': 1126, 'precision': 0.9117110592610349, 'recall': 0.9094563957019771, 'f1': 0.9078402784126103, 'confusion_mean': 0.9094563956946009}
Received system metrics from client 2: {'cpu_time': 61.450000000186265, 'ram_used_mb': 9287.725056, 'net_sent_bytes': 64823, 'net_recv_bytes': 96426, 'gpu_mem_used_mb': 38975.0, 'gpu_load': 0.01, 'client_rank': 2, 'round': 33, 'timestamp': '2025-08-18 19:04:23', 'participated': 1, 'data_size': 13121, 'data_variance': 0.06358262151479721, 'local_loss': 0.3989604711532593, 'local_accuracy': 86.20532155036926, 'tn': -1809, 'fp': 1809, 'fn': 1809, 'tp': 11312, 'precision': 0.8658300839314451, 'recall': 0.8619793236066056, 'f1': 0.860889545417125, 'confusion_mean': 0.8619793236059483}
Received system metrics from client 3: {'cpu_time': 128.19999999925494, 'ram_used_mb': 9064.42752, 'net_sent_bytes': 47692, 'net_recv_bytes': 45387, 'gpu_mem_used_mb': 38977.0, 'gpu_load': 0.0, 'client_rank': 3, 'round': 33, 'timestamp': '2025-08-18 19:04:23', 'participated': 1, 'data_size': 3484, 'data_variance': 0.0632089227437973, 'local_loss': 0.2740401327610016, 'local_accuracy': 90.75775146484375, 'tn': -322, 'fp': 322, 'fn': 322, 'tp': 3162, 'precision': 0.913474729033957, 'recall': 0.9060244035169458, 'f1': 0.9070797762865712, 'confusion_mean': 0.9060244035143452}
Received system metrics from client 4: {'cpu_time': 94.73000000044703, 'ram_used_mb': 9101.586432, 'net_sent_bytes': 67551, 'net_recv_bytes': 65981, 'gpu_mem_used_mb': 38979.0, 'gpu_load': 0.0, 'client_rank': 4, 'round': 33, 'timestamp': '2025-08-18 19:04:23', 'participated': 1, 'data_size': 1277, 'data_variance': 0.06359560787677765, 'local_loss': 0.26485592126846313, 'local_accuracy': 92.40407347679138, 'tn': -97, 'fp': 97, 'fn': 97, 'tp': 1180, 'precision': 0.9284380404541235, 'recall': 0.9225298693745456, 'f1': 0.9240065955271023, 'confusion_mean': 0.9225298693672892}
Received system metrics from client 5: {'cpu_time': 32.769999999552965, 'ram_used_mb': 9079.48032, 'net_sent_bytes': 55898, 'net_recv_bytes': 52716, 'gpu_mem_used_mb': 38977.0, 'gpu_load': 0.0, 'client_rank': 5, 'round': 33, 'timestamp': '2025-08-18 19:04:22', 'participated': 1, 'data_size': 1396, 'data_variance': 0.0641184002161026, 'local_loss': 0.29708993434906006, 'local_accuracy': 91.04584455490112, 'tn': -125, 'fp': 125, 'fn': 125, 'tp': 1271, 'precision': 0.9139007288214209, 'recall': 0.9115542081792869, 'f1': 0.9110244061716803, 'confusion_mean': 0.9115542081727293}
Received system metrics from client 6: {'cpu_time': 89.45000000018626, 'ram_used_mb': 7035.518976, 'net_sent_bytes': 34281, 'net_recv_bytes': 22690, 'gpu_mem_used_mb': 38957.0, 'gpu_load': 0.0, 'client_rank': 6, 'round': 33, 'timestamp': '2025-08-18 19:04:19', 'participated': 1, 'data_size': 160, 'data_variance': 0.06430966407060623, 'local_loss': 0.14884047210216522, 'local_accuracy': 97.50000238418579, 'tn': -4, 'fp': 4, 'fn': 4, 'tp': 156, 'precision': 0.9677777777777777, 'recall': 0.976010101010101, 'f1': 0.9712317001142724, 'confusion_mean': 0.9760101009443349}
Received system metrics from client 7: {'cpu_time': 115.19999999552965, 'ram_used_mb': 9050.021888, 'net_sent_bytes': 85169, 'net_recv_bytes': 58358, 'gpu_mem_used_mb': 38977.0, 'gpu_load': 0.0, 'client_rank': 7, 'round': 33, 'timestamp': '2025-08-18 19:04:21', 'participated': 1, 'data_size': 1191, 'data_variance': 0.06395598500967026, 'local_loss': 0.367624968290329, 'local_accuracy': 87.57346868515015, 'tn': -148, 'fp': 148, 'fn': 148, 'tp': 1043, 'precision': 0.8848756287825885, 'recall': 0.8723108983601217, 'f1': 0.8723344988278512, 'confusion_mean': 0.8723108983527752}
Received system metrics from client 8: {'cpu_time': 26.119999999878928, 'ram_used_mb': 9412.063232, 'net_sent_bytes': 95052, 'net_recv_bytes': 65680, 'gpu_mem_used_mb': 38975.0, 'gpu_load': 0.0, 'client_rank': 8, 'round': 33, 'timestamp': '2025-08-18 19:04:23', 'participated': 1, 'data_size': 26307, 'data_variance': 0.0630842074751854, 'local_loss': 0.4325431287288666, 'local_accuracy': 85.33470034599304, 'tn': -3858, 'fp': 3858, 'fn': 3858, 'tp': 22449, 'precision': 0.8565190247121371, 'recall': 0.8533696179218262, 'f1': 0.8532926490977772, 'confusion_mean': 0.8533696179215019}
Received system metrics from client 9: {'cpu_time': 22.13000000268221, 'ram_used_mb': 7085.54752, 'net_sent_bytes': 1572, 'net_recv_bytes': 22026, 'gpu_mem_used_mb': 38955.0, 'gpu_load': 0.0, 'client_rank': 9, 'round': 33, 'timestamp': '2025-08-18 19:04:19', 'participated': 1, 'data_size': 2, 'data_variance': 0.04466967657208443, 'local_loss': 0.010652423836290836, 'local_accuracy': 100.0, 'tn': 0, 'fp': 0, 'fn': 0, 'tp': 2, 'precision': 1.0, 'recall': 1.0, 'f1': 1.0, 'confusion_mean': 0.9999999989999999}
Received system metrics from client 10: {'cpu_time': 78.34000000357628, 'ram_used_mb': 8990.797824, 'net_sent_bytes': 59871, 'net_recv_bytes': 75283, 'gpu_mem_used_mb': 38975.0, 'gpu_load': 0.01, 'client_rank': 10, 'round': 33, 'timestamp': '2025-08-18 19:04:22', 'participated': 1, 'data_size': 1827, 'data_variance': 0.06289092451334, 'local_loss': 0.38297829031944275, 'local_accuracy': 86.86370849609375, 'tn': -240, 'fp': 240, 'fn': 240, 'tp': 1587, 'precision': 0.8848372631184693, 'recall': 0.8677035130086919, 'f1': 0.8653922589454506, 'confusion_mean': 0.8677035130039255}
[selector] Round 33: participants used in averaging = 10/10
Averaging model weights...
Evaluating updated global model on test set...
    [Client 1] Round 34 - Selected, will train.
    [Client 1] Round 34 - Waiting for global weights...
    [Client 9] Round 34 - Selected, will train.
    [Client 5] Round 34 - Selected, will train.
    [Client 9] Round 34 - Waiting for global weights...
    [Client 5] Round 34 - Waiting for global weights...
    [Client 2] Round 34 - Selected, will train.
    [Client 6] Round 34 - Selected, will train.
    [Client 6] Round 34 - Waiting for global weights...
    [Client 10] Round 34 - Selected, will train.
    [Client 10] Round 34 - Waiting for global weights...
    [Client 2] Round 34 - Waiting for global weights...
    [Client 4] Round 34 - Selected, will train.
    [Client 8] Round 34 - Selected, will train.
    [Client 4] Round 34 - Waiting for global weights...
    [Client 8] Round 34 - Waiting for global weights...
    [Client 7] Round 34 - Selected, will train.
    [Client 7] Round 34 - Waiting for global weights...
    [Client 3] Round 34 - Selected, will train.
    [Client 3] Round 34 - Waiting for global weights...
Round 33 Evaluation - Accuracy: 0.8276, Loss: 0.5063

===== Round 34 =====
Broadcasting global model to all clients...
Waiting for model weights from client 1...
    [Client 6] Round 34 - Sending updated weights to server...
    [Client 9] Round 34 - Sending updated weights to server...
    [Client 10] Round 34 - Sending updated weights to server...
    [Client 1] Round 34 - Sending updated weights to server...
Received weights from client 1
Waiting for model weights from client 2...
    [Client 5] Round 34 - Sending updated weights to server...
    [Client 3] Round 34 - Sending updated weights to server...
    [Client 7] Round 34 - Sending updated weights to server...
    [Client 4] Round 34 - Sending updated weights to server...
    [Client 8] Round 34 - Sending updated weights to server...
    [Client 2] Round 34 - Sending updated weights to server...
Received weights from client 2
Waiting for model weights from client 3...
Received weights from client 3
Waiting for model weights from client 4...
Received weights from client 4
Waiting for model weights from client 5...
Received weights from client 5
Waiting for model weights from client 6...
Received weights from client 6
Waiting for model weights from client 7...
Received weights from client 7
Waiting for model weights from client 8...
Received weights from client 8
Waiting for model weights from client 9...
Received weights from client 9
Waiting for model weights from client 10...
Received weights from client 10
Received system metrics from client 1: {'cpu_time': 19.93999999947846, 'ram_used_mb': 9270.501376, 'net_sent_bytes': 32696, 'net_recv_bytes': 30586, 'gpu_mem_used_mb': 38979.0, 'gpu_load': 0.0, 'client_rank': 1, 'round': 34, 'timestamp': '2025-08-18 19:05:19', 'participated': 1, 'data_size': 1235, 'data_variance': 0.0631512776017189, 'local_loss': 0.25363051891326904, 'local_accuracy': 91.74088835716248, 'tn': -102, 'fp': 102, 'fn': 102, 'tp': 1133, 'precision': 0.9229126710856473, 'recall': 0.9157198101587231, 'f1': 0.9129839588645492, 'confusion_mean': 0.9157198101512902}
Received system metrics from client 2: {'cpu_time': 77.38999999966472, 'ram_used_mb': 9369.018368, 'net_sent_bytes': 66984, 'net_recv_bytes': 103874, 'gpu_mem_used_mb': 38977.0, 'gpu_load': 0.0, 'client_rank': 2, 'round': 34, 'timestamp': '2025-08-18 19:05:21', 'participated': 1, 'data_size': 13121, 'data_variance': 0.06358262151479721, 'local_loss': 0.4196552634239197, 'local_accuracy': 84.9630355834961, 'tn': -1973, 'fp': 1973, 'fn': 1973, 'tp': 11148, 'precision': 0.8582132499867174, 'recall': 0.8488748880425614, 'f1': 0.8499565082678734, 'confusion_mean': 0.8488748880419148}
Received system metrics from client 3: {'cpu_time': 148.7499999962747, 'ram_used_mb': 9291.702272, 'net_sent_bytes': 39145, 'net_recv_bytes': 41953, 'gpu_mem_used_mb': 38979.0, 'gpu_load': 0.0, 'client_rank': 3, 'round': 34, 'timestamp': '2025-08-18 19:05:21', 'participated': 1, 'data_size': 3484, 'data_variance': 0.0632089227437973, 'local_loss': 0.31758907437324524, 'local_accuracy': 89.35132026672363, 'tn': -371, 'fp': 371, 'fn': 371, 'tp': 3113, 'precision': 0.894168482450745, 'recall': 0.8933946758269775, 'f1': 0.8920542299584054, 'confusion_mean': 0.8933946758244087}
Received system metrics from client 4: {'cpu_time': 90.12999999895692, 'ram_used_mb': 9337.540608, 'net_sent_bytes': 57473, 'net_recv_bytes': 63329, 'gpu_mem_used_mb': 38979.0, 'gpu_load': 0.0, 'client_rank': 4, 'round': 34, 'timestamp': '2025-08-18 19:05:19', 'participated': 1, 'data_size': 1277, 'data_variance': 0.06359560787677765, 'local_loss': 0.29085829854011536, 'local_accuracy': 90.44635891914368, 'tn': -122, 'fp': 122, 'fn': 122, 'tp': 1155, 'precision': 0.9142257705632073, 'recall': 0.904331900214656, 'f1': 0.9056051362746912, 'confusion_mean': 0.9043319002075332}
Received system metrics from client 5: {'cpu_time': 34.01000000163913, 'ram_used_mb': 9349.20192, 'net_sent_bytes': 64049, 'net_recv_bytes': 64126, 'gpu_mem_used_mb': 38979.0, 'gpu_load': 0.0, 'client_rank': 5, 'round': 34, 'timestamp': '2025-08-18 19:05:19', 'participated': 1, 'data_size': 1396, 'data_variance': 0.0641184002161026, 'local_loss': 0.2501627206802368, 'local_accuracy': 92.0487105846405, 'tn': -111, 'fp': 111, 'fn': 111, 'tp': 1285, 'precision': 0.924477589195954, 'recall': 0.9206467994059644, 'f1': 0.9216173692953233, 'confusion_mean': 0.9206467993993483}
Received system metrics from client 6: {'cpu_time': 92.05999999959022, 'ram_used_mb': 7196.975104, 'net_sent_bytes': 61453, 'net_recv_bytes': 50245, 'gpu_mem_used_mb': 38957.0, 'gpu_load': 0.0, 'client_rank': 6, 'round': 34, 'timestamp': '2025-08-18 19:05:16', 'participated': 1, 'data_size': 160, 'data_variance': 0.06430966407060623, 'local_loss': 0.15777984261512756, 'local_accuracy': 95.6250011920929, 'tn': -7, 'fp': 7, 'fn': 7, 'tp': 153, 'precision': 0.9543531543052003, 'recall': 0.961111111111111, 'f1': 0.9559134856288557, 'confusion_mean': 0.961111111046103}
Received system metrics from client 7: {'cpu_time': 117.05000000447035, 'ram_used_mb': 9288.077312, 'net_sent_bytes': 33796, 'net_recv_bytes': 30801, 'gpu_mem_used_mb': 38977.0, 'gpu_load': 0.0, 'client_rank': 7, 'round': 34, 'timestamp': '2025-08-18 19:05:19', 'participated': 1, 'data_size': 1191, 'data_variance': 0.06395598500967026, 'local_loss': 0.239517480134964, 'local_accuracy': 92.35936403274536, 'tn': -91, 'fp': 91, 'fn': 91, 'tp': 1100, 'precision': 0.9224118726764315, 'recall': 0.9195116860591359, 'f1': 0.9199953185463045, 'confusion_mean': 0.9195116860513997}
Received system metrics from client 8: {'cpu_time': 45.389999999897555, 'ram_used_mb': 9684.901888, 'net_sent_bytes': 38804, 'net_recv_bytes': 46577, 'gpu_mem_used_mb': 38977.0, 'gpu_load': 0.0, 'client_rank': 8, 'round': 34, 'timestamp': '2025-08-18 19:05:21', 'participated': 1, 'data_size': 26307, 'data_variance': 0.0630842074751854, 'local_loss': 0.5094300508499146, 'local_accuracy': 82.20245838165283, 'tn': -4683, 'fp': 4683, 'fn': 4683, 'tp': 21624, 'precision': 0.833356897579853, 'recall': 0.8228046222483467, 'f1': 0.8211408735503609, 'confusion_mean': 0.8228046222480335}
Received system metrics from client 9: {'cpu_time': 21.530000001192093, 'ram_used_mb': 7244.214272, 'net_sent_bytes': 1249, 'net_recv_bytes': 21681, 'gpu_mem_used_mb': 38955.0, 'gpu_load': 0.01, 'client_rank': 9, 'round': 34, 'timestamp': '2025-08-18 19:05:16', 'participated': 1, 'data_size': 2, 'data_variance': 0.04466967657208443, 'local_loss': 0.008007052354514599, 'local_accuracy': 100.0, 'tn': 0, 'fp': 0, 'fn': 0, 'tp': 2, 'precision': 1.0, 'recall': 1.0, 'f1': 1.0, 'confusion_mean': 0.9999999989999999}
Received system metrics from client 10: {'cpu_time': 86.27000000327826, 'ram_used_mb': 9250.902016, 'net_sent_bytes': 32873, 'net_recv_bytes': 65930, 'gpu_mem_used_mb': 38977.0, 'gpu_load': 0.0, 'client_rank': 10, 'round': 34, 'timestamp': '2025-08-18 19:05:19', 'participated': 1, 'data_size': 1827, 'data_variance': 0.06289092451334, 'local_loss': 0.24603509902954102, 'local_accuracy': 92.337167263031, 'tn': -140, 'fp': 140, 'fn': 140, 'tp': 1687, 'precision': 0.9258641027661056, 'recall': 0.9213541302055598, 'f1': 0.9218598248700042, 'confusion_mean': 0.9213541302005049}
[selector] Round 34: participants used in averaging = 10/10
Averaging model weights...
Evaluating updated global model on test set...
    [Client 2] Round 35 - Selected, will train.
    [Client 2] Round 35 - Waiting for global weights...
    [Client 6] Round 35 - Selected, will train.
    [Client 6] Round 35 - Waiting for global weights...
Round 34 Evaluation - Accuracy: 0.8286, Loss: 0.5085

===== Round 35 =====
Broadcasting global model to all clients...
    [Client 5] Round 35 - Selected, will train.
    [Client 5] Round 35 - Waiting for global weights...
    [Client 1] Round 35 - Selected, will train.
    [Client 1] Round 35 - Waiting for global weights...
    [Client 9] Round 35 - Selected, will train.
    [Client 9] Round 35 - Waiting for global weights...
    [Client 10] Round 35 - Selected, will train.
    [Client 10] Round 35 - Waiting for global weights...
    [Client 4] Round 35 - Selected, will train.
    [Client 4] Round 35 - Waiting for global weights...
    [Client 8] Round 35 - Selected, will train.
    [Client 8] Round 35 - Waiting for global weights...
    [Client 7] Round 35 - Selected, will train.
    [Client 7] Round 35 - Waiting for global weights...
    [Client 3] Round 35 - Selected, will train.
    [Client 3] Round 35 - Waiting for global weights...
Waiting for model weights from client 1...
    [Client 6] Round 35 - Sending updated weights to server...
    [Client 9] Round 35 - Sending updated weights to server...
    [Client 3] Round 35 - Sending updated weights to server...
    [Client 1] Round 35 - Sending updated weights to server...
Received weights from client 1
Waiting for model weights from client 2...
    [Client 5] Round 35 - Sending updated weights to server...
    [Client 8] Round 35 - Sending updated weights to server...
    [Client 7] Round 35 - Sending updated weights to server...
    [Client 2] Round 35 - Sending updated weights to server...
Received weights from client 2
Waiting for model weights from client 3...
Received weights from client 3
Waiting for model weights from client 4...
    [Client 4] Round 35 - Sending updated weights to server...
Received weights from client 4
Waiting for model weights from client 5...
Received weights from client 5
Waiting for model weights from client 6...
Received weights from client 6
Waiting for model weights from client 7...
Received weights from client 7
Waiting for model weights from client 8...
Received weights from client 8
Waiting for model weights from client 9...
Received weights from client 9
Waiting for model weights from client 10...
    [Client 10] Round 35 - Sending updated weights to server...
Received weights from client 10
Received system metrics from client 1: {'cpu_time': 20.349999997764826, 'ram_used_mb': 9301.54496, 'net_sent_bytes': 35902, 'net_recv_bytes': 43248, 'gpu_mem_used_mb': 38979.0, 'gpu_load': 0.0, 'client_rank': 1, 'round': 35, 'timestamp': '2025-08-18 19:05:41', 'participated': 1, 'data_size': 1235, 'data_variance': 0.0631512776017189, 'local_loss': 0.2578725516796112, 'local_accuracy': 93.03643703460693, 'tn': -86, 'fp': 86, 'fn': 86, 'tp': 1149, 'precision': 0.9301850747737419, 'recall': 0.9295200456079623, 'f1': 0.9292368523508963, 'confusion_mean': 0.9295200456004118}
Received system metrics from client 2: {'cpu_time': 61.89000000059605, 'ram_used_mb': 9506.676736, 'net_sent_bytes': 104616, 'net_recv_bytes': 74759, 'gpu_mem_used_mb': 38977.0, 'gpu_load': 0.0, 'client_rank': 2, 'round': 35, 'timestamp': '2025-08-18 19:05:41', 'participated': 1, 'data_size': 13121, 'data_variance': 0.06358262151479721, 'local_loss': 0.45711836218833923, 'local_accuracy': 83.82745385169983, 'tn': -2120, 'fp': 2120, 'fn': 2120, 'tp': 11001, 'precision': 0.8543445493436851, 'recall': 0.8376897595942943, 'f1': 0.8382473271411468, 'confusion_mean': 0.8376897595936559}
Received system metrics from client 3: {'cpu_time': 143.51999999582767, 'ram_used_mb': 9311.715328, 'net_sent_bytes': 69538, 'net_recv_bytes': 82613, 'gpu_mem_used_mb': 38981.0, 'gpu_load': 0.0, 'client_rank': 3, 'round': 35, 'timestamp': '2025-08-18 19:05:44', 'participated': 1, 'data_size': 3484, 'data_variance': 0.0632089227437973, 'local_loss': 0.2554975152015686, 'local_accuracy': 91.56142473220825, 'tn': -294, 'fp': 294, 'fn': 294, 'tp': 3190, 'precision': 0.9168020504839097, 'recall': 0.9150571842046402, 'f1': 0.9149598064478865, 'confusion_mean': 0.9150571842020104}
Received system metrics from client 4: {'cpu_time': 90.10999999940395, 'ram_used_mb': 9361.895424, 'net_sent_bytes': 32813, 'net_recv_bytes': 33630, 'gpu_mem_used_mb': 38981.0, 'gpu_load': 0.0, 'client_rank': 4, 'round': 35, 'timestamp': '2025-08-18 19:05:42', 'participated': 1, 'data_size': 1277, 'data_variance': 0.06359560787677765, 'local_loss': 0.2910967767238617, 'local_accuracy': 90.28974175453186, 'tn': -124, 'fp': 124, 'fn': 124, 'tp': 1153, 'precision': 0.9141352159702549, 'recall': 0.9041460264164485, 'f1': 0.9055722435299721, 'confusion_mean': 0.9041460264093155}
Received system metrics from client 5: {'cpu_time': 33.34999999962747, 'ram_used_mb': 9341.640704, 'net_sent_bytes': 44081, 'net_recv_bytes': 51510, 'gpu_mem_used_mb': 38979.0, 'gpu_load': 0.0, 'client_rank': 5, 'round': 35, 'timestamp': '2025-08-18 19:05:41', 'participated': 1, 'data_size': 1396, 'data_variance': 0.0641184002161026, 'local_loss': 0.31597915291786194, 'local_accuracy': 90.18624424934387, 'tn': -137, 'fp': 137, 'fn': 137, 'tp': 1259, 'precision': 0.9104269281255624, 'recall': 0.9023199927039572, 'f1': 0.902768164794901, 'confusion_mean': 0.9023199926974705}
Received system metrics from client 6: {'cpu_time': 46.46000000042841, 'ram_used_mb': 7363.325952, 'net_sent_bytes': 810, 'net_recv_bytes': 20594, 'gpu_mem_used_mb': 38957.0, 'gpu_load': 0.0, 'client_rank': 6, 'round': 35, 'timestamp': '2025-08-18 19:05:38', 'participated': 1, 'data_size': 160, 'data_variance': 0.06430966407060623, 'local_loss': 0.15016764402389526, 'local_accuracy': 96.875, 'tn': -5, 'fp': 5, 'fn': 5, 'tp': 155, 'precision': 0.961207729468599, 'recall': 0.9648989898989899, 'f1': 0.9627637989398128, 'confusion_mean': 0.9648989898344584}
Received system metrics from client 7: {'cpu_time': 115.92999999970198, 'ram_used_mb': 9321.480192, 'net_sent_bytes': 318, 'net_recv_bytes': 32690, 'gpu_mem_used_mb': 38979.0, 'gpu_load': 0.0, 'client_rank': 7, 'round': 35, 'timestamp': '2025-08-18 19:05:42', 'participated': 1, 'data_size': 1191, 'data_variance': 0.06395598500967026, 'local_loss': 0.28647035360336304, 'local_accuracy': 90.59613943099976, 'tn': -112, 'fp': 112, 'fn': 112, 'tp': 1079, 'precision': 0.9082095623373986, 'recall': 0.9022517986389943, 'f1': 0.903233094562375, 'confusion_mean': 0.9022517986314}
Received system metrics from client 8: {'cpu_time': 50.72999999998137, 'ram_used_mb': 9638.95296, 'net_sent_bytes': 67768, 'net_recv_bytes': 70765, 'gpu_mem_used_mb': 38979.0, 'gpu_load': 0.0, 'client_rank': 8, 'round': 35, 'timestamp': '2025-08-18 19:05:43', 'participated': 1, 'data_size': 26307, 'data_variance': 0.0630842074751854, 'local_loss': 0.4931813180446625, 'local_accuracy': 82.67000913619995, 'tn': -4558, 'fp': 4558, 'fn': 4558, 'tp': 21749, 'precision': 0.8393078451536189, 'recall': 0.8265385395055727, 'f1': 0.8253433326946059, 'confusion_mean': 0.8265385395052587}
Received system metrics from client 9: {'cpu_time': 21.42000000178814, 'ram_used_mb': 7408.27136, 'net_sent_bytes': 1247, 'net_recv_bytes': 21310, 'gpu_mem_used_mb': 38957.0, 'gpu_load': 0.0, 'client_rank': 9, 'round': 35, 'timestamp': '2025-08-18 19:05:38', 'participated': 1, 'data_size': 2, 'data_variance': 0.04466967657208443, 'local_loss': 0.012320532463490963, 'local_accuracy': 100.0, 'tn': 0, 'fp': 0, 'fn': 0, 'tp': 2, 'precision': 1.0, 'recall': 1.0, 'f1': 1.0, 'confusion_mean': 0.9999999989999999}
Received system metrics from client 10: {'cpu_time': 79.10000000149012, 'ram_used_mb': 9267.544064, 'net_sent_bytes': 32639, 'net_recv_bytes': 60766, 'gpu_mem_used_mb': 38977.0, 'gpu_load': 0.0, 'client_rank': 10, 'round': 35, 'timestamp': '2025-08-18 19:05:41', 'participated': 1, 'data_size': 1827, 'data_variance': 0.06289092451334, 'local_loss': 0.2351953685283661, 'local_accuracy': 91.5708839893341, 'tn': -154, 'fp': 154, 'fn': 154, 'tp': 1673, 'precision': 0.9196173910148426, 'recall': 0.9144417362755715, 'f1': 0.9112384459841257, 'confusion_mean': 0.9144417362705504}
[selector] Round 35: participants used in averaging = 10/10
Averaging model weights...
Evaluating updated global model on test set...
    [Client 1] Round 36 - Selected, will train.
    [Client 1] Round 36 - Waiting for global weights...
    [Client 9] Round 36 - Selected, will train.
    [Client 9] Round 36 - Waiting for global weights...
    [Client 5] Round 36 - Selected, will train.
    [Client 5] Round 36 - Waiting for global weights...
    [Client 2] Round 36 - Selected, will train.
    [Client 2] Round 36 - Waiting for global weights...
    [Client 6] Round 36 - Selected, will train.
    [Client 6] Round 36 - Waiting for global weights...
    [Client 4] Round 36 - Selected, will train.
    [Client 4] Round 36 - Waiting for global weights...
    [Client 8] Round 36 - Selected, will train.
    [Client 8] Round 36 - Waiting for global weights...
    [Client 10] Round 36 - Selected, will train.
    [Client 10] Round 36 - Waiting for global weights...
    [Client 7] Round 36 - Selected, will train.
    [Client 7] Round 36 - Waiting for global weights...
Round 35 Evaluation - Accuracy: 0.8266, Loss: 0.5146

===== Round 36 =====
Broadcasting global model to all clients...
    [Client 3] Round 36 - Selected, will train.
    [Client 3] Round 36 - Waiting for global weights...
Waiting for model weights from client 1...
    [Client 6] Round 36 - Sending updated weights to server...
    [Client 3] Round 36 - Sending updated weights to server...
    [Client 8] Round 36 - Sending updated weights to server...
    [Client 7] Round 36 - Sending updated weights to server...
    [Client 5] Round 36 - Sending updated weights to server...
    [Client 10] Round 36 - Sending updated weights to server...
    [Client 4] Round 36 - Sending updated weights to server...
    [Client 9] Round 36 - Sending updated weights to server...
    [Client 2] Round 36 - Sending updated weights to server...
    [Client 1] Round 36 - Sending updated weights to server...
Received weights from client 1
Waiting for model weights from client 2...
Received weights from client 2
Waiting for model weights from client 3...
Received weights from client 3
Waiting for model weights from client 4...
Received weights from client 4
Waiting for model weights from client 5...
Received weights from client 5
Waiting for model weights from client 6...
Received weights from client 6
Waiting for model weights from client 7...
Received weights from client 7
Waiting for model weights from client 8...
Received weights from client 8
Waiting for model weights from client 9...
Received weights from client 9
Waiting for model weights from client 10...
Received weights from client 10
Received system metrics from client 1: {'cpu_time': 19.700000001117587, 'ram_used_mb': 9525.71904, 'net_sent_bytes': 272, 'net_recv_bytes': 29220, 'gpu_mem_used_mb': 38981.0, 'gpu_load': 0.0, 'client_rank': 1, 'round': 36, 'timestamp': '2025-08-18 19:06:01', 'participated': 1, 'data_size': 1235, 'data_variance': 0.0631512776017189, 'local_loss': 0.24345354735851288, 'local_accuracy': 93.4412956237793, 'tn': -81, 'fp': 81, 'fn': 81, 'tp': 1154, 'precision': 0.9344562573635414, 'recall': 0.9328098011339346, 'f1': 0.9330315556078549, 'confusion_mean': 0.9328098011263635}
Received system metrics from client 2: {'cpu_time': 61.90000000037253, 'ram_used_mb': 9734.012928, 'net_sent_bytes': 112673, 'net_recv_bytes': 98595, 'gpu_mem_used_mb': 38979.0, 'gpu_load': 0.0, 'client_rank': 2, 'round': 36, 'timestamp': '2025-08-18 19:06:02', 'participated': 1, 'data_size': 13121, 'data_variance': 0.06358262151479721, 'local_loss': 0.3512553870677948, 'local_accuracy': 87.69910931587219, 'tn': -1613, 'fp': 1613, 'fn': 1613, 'tp': 11508, 'precision': 0.8787152064603914, 'recall': 0.8775236973080582, 'f1': 0.8773211412806173, 'confusion_mean': 0.877523697307389}
Received system metrics from client 3: {'cpu_time': 124.0599999986589, 'ram_used_mb': 9524.10112, 'net_sent_bytes': 2041, 'net_recv_bytes': 39077, 'gpu_mem_used_mb': 38981.0, 'gpu_load': 0.0, 'client_rank': 3, 'round': 36, 'timestamp': '2025-08-18 19:06:02', 'participated': 1, 'data_size': 3484, 'data_variance': 0.0632089227437973, 'local_loss': 0.2747354507446289, 'local_accuracy': 90.24110436439514, 'tn': -340, 'fp': 340, 'fn': 340, 'tp': 3144, 'precision': 0.9039315847813756, 'recall': 0.9014428779740612, 'f1': 0.9015369002850147, 'confusion_mean': 0.901442877971472}
Received system metrics from client 4: {'cpu_time': 81.5300000011921, 'ram_used_mb': 9554.231296, 'net_sent_bytes': 32565, 'net_recv_bytes': 63316, 'gpu_mem_used_mb': 38981.0, 'gpu_load': 0.0, 'client_rank': 4, 'round': 36, 'timestamp': '2025-08-18 19:06:01', 'participated': 1, 'data_size': 1277, 'data_variance': 0.06359560787677765, 'local_loss': 0.24879734218120575, 'local_accuracy': 92.71730780601501, 'tn': -93, 'fp': 93, 'fn': 93, 'tp': 1184, 'precision': 0.9342574486748731, 'recall': 0.9265288317045555, 'f1': 0.9288085611549516, 'confusion_mean': 0.92652883169726}
Received system metrics from client 5: {'cpu_time': 33.850000001490116, 'ram_used_mb': 9549.959168, 'net_sent_bytes': 6080, 'net_recv_bytes': 37750, 'gpu_mem_used_mb': 38981.0, 'gpu_load': 0.0, 'client_rank': 5, 'round': 36, 'timestamp': '2025-08-18 19:06:01', 'participated': 1, 'data_size': 1396, 'data_variance': 0.0641184002161026, 'local_loss': 0.38861072063446045, 'local_accuracy': 87.17765212059021, 'tn': -179, 'fp': 179, 'fn': 179, 'tp': 1217, 'precision': 0.8908573494443885, 'recall': 0.870928007914436, 'f1': 0.87410888725259, 'confusion_mean': 0.8709280079081843}
Received system metrics from client 6: {'cpu_time': 97.75, 'ram_used_mb': 7526.825984, 'net_sent_bytes': 42145, 'net_recv_bytes': 39552, 'gpu_mem_used_mb': 38959.0, 'gpu_load': 0.0, 'client_rank': 6, 'round': 36, 'timestamp': '2025-08-18 19:05:58', 'participated': 1, 'data_size': 160, 'data_variance': 0.06430966407060623, 'local_loss': 0.16567084193229675, 'local_accuracy': 95.6250011920929, 'tn': -7, 'fp': 7, 'fn': 7, 'tp': 153, 'precision': 0.9476176236044657, 'recall': 0.9609126984126984, 'f1': 0.9515392012254271, 'confusion_mean': 0.9609126983477567}
Received system metrics from client 7: {'cpu_time': 116.75, 'ram_used_mb': 9511.243776, 'net_sent_bytes': 308, 'net_recv_bytes': 29206, 'gpu_mem_used_mb': 38981.0, 'gpu_load': 0.0, 'client_rank': 7, 'round': 36, 'timestamp': '2025-08-18 19:06:01', 'participated': 1, 'data_size': 1191, 'data_variance': 0.06395598500967026, 'local_loss': 0.27382251620292664, 'local_accuracy': 91.01595282554626, 'tn': -107, 'fp': 107, 'fn': 107, 'tp': 1084, 'precision': 0.914975881823531, 'recall': 0.9060071796559883, 'f1': 0.9068500602549499, 'confusion_mean': 0.9060071796483665}
Received system metrics from client 8: {'cpu_time': 42.019999999785796, 'ram_used_mb': 9839.325184, 'net_sent_bytes': 9936, 'net_recv_bytes': 47940, 'gpu_mem_used_mb': 38979.0, 'gpu_load': 0.0, 'client_rank': 8, 'round': 36, 'timestamp': '2025-08-18 19:06:02', 'participated': 1, 'data_size': 26307, 'data_variance': 0.0630842074751854, 'local_loss': 0.39222007989883423, 'local_accuracy': 86.4940881729126, 'tn': -3553, 'fp': 3553, 'fn': 3553, 'tp': 22754, 'precision': 0.869366043940013, 'recall': 0.8653449397895233, 'f1': 0.8654641432778662, 'confusion_mean': 0.865344939789194}
Received system metrics from client 9: {'cpu_time': 21.529999993741512, 'ram_used_mb': 7582.838784, 'net_sent_bytes': 890, 'net_recv_bytes': 21282, 'gpu_mem_used_mb': 38957.0, 'gpu_load': 0.0, 'client_rank': 9, 'round': 36, 'timestamp': '2025-08-18 19:05:58', 'participated': 1, 'data_size': 2, 'data_variance': 0.04466967657208443, 'local_loss': 0.0219817403703928, 'local_accuracy': 100.0, 'tn': 0, 'fp': 0, 'fn': 0, 'tp': 2, 'precision': 1.0, 'recall': 1.0, 'f1': 1.0, 'confusion_mean': 0.9999999989999999}
Received system metrics from client 10: {'cpu_time': 85.0300000011921, 'ram_used_mb': 9488.777216, 'net_sent_bytes': 105512, 'net_recv_bytes': 113461, 'gpu_mem_used_mb': 38979.0, 'gpu_load': 0.0, 'client_rank': 10, 'round': 36, 'timestamp': '2025-08-18 19:06:01', 'participated': 1, 'data_size': 1827, 'data_variance': 0.06289092451334, 'local_loss': 0.20936255156993866, 'local_accuracy': 93.65079402923584, 'tn': -116, 'fp': 116, 'fn': 116, 'tp': 1711, 'precision': 0.9360748538348707, 'recall': 0.9354327613867767, 'f1': 0.9349206998915237, 'confusion_mean': 0.9354327613816391}
[selector] Round 36: participants used in averaging = 10/10
Averaging model weights...
Evaluating updated global model on test set...
    [Client 1] Round 37 - Selected, will train.
    [Client 1] Round 37 - Waiting for global weights...
    [Client 5] Round 37 - Selected, will train.
    [Client 5] Round 37 - Waiting for global weights...
    [Client 2] Round 37 - Selected, will train.
    [Client 2] Round 37 - Waiting for global weights...
    [Client 9] Round 37 - Selected, will train.
    [Client 9] Round 37 - Waiting for global weights...
    [Client 4] Round 37 - Selected, will train.
    [Client 4] Round 37 - Waiting for global weights...
    [Client 8] Round 37 - Selected, will train.
    [Client 8] Round 37 - Waiting for global weights...
    [Client 7] Round 37 - Selected, will train.
    [Client 7] Round 37 - Waiting for global weights...
    [Client 3] Round 37 - Selected, will train.
    [Client 3] Round 37 - Waiting for global weights...
Round 36 Evaluation - Accuracy: 0.8301, Loss: 0.4973

===== Round 37 =====
Broadcasting global model to all clients...
    [Client 6] Round 37 - Selected, will train.
    [Client 6] Round 37 - Waiting for global weights...
Waiting for model weights from client 1...
    [Client 10] Round 37 - Selected, will train.
    [Client 10] Round 37 - Waiting for global weights...
    [Client 6] Round 37 - Sending updated weights to server...
    [Client 1] Round 37 - Sending updated weights to server...
Received weights from client 1
Waiting for model weights from client 2...
    [Client 3] Round 37 - Sending updated weights to server...
    [Client 7] Round 37 - Sending updated weights to server...
    [Client 9] Round 37 - Sending updated weights to server...
    [Client 4] Round 37 - Sending updated weights to server...
    [Client 8] Round 37 - Sending updated weights to server...
    [Client 10] Round 37 - Sending updated weights to server...
    [Client 5] Round 37 - Sending updated weights to server...
    [Client 2] Round 37 - Sending updated weights to server...
Received weights from client 2
Waiting for model weights from client 3...
Received weights from client 3
Waiting for model weights from client 4...
Received weights from client 4
Waiting for model weights from client 5...
Received weights from client 5
Waiting for model weights from client 6...
Received weights from client 6
Waiting for model weights from client 7...
Received weights from client 7
Waiting for model weights from client 8...
Received weights from client 8
Waiting for model weights from client 9...
Received weights from client 9
Waiting for model weights from client 10...
Received weights from client 10
Received system metrics from client 1: {'cpu_time': 19.33000000193715, 'ram_used_mb': 9741.799424, 'net_sent_bytes': 48941, 'net_recv_bytes': 38639, 'gpu_mem_used_mb': 38983.0, 'gpu_load': 0.0, 'client_rank': 1, 'round': 37, 'timestamp': '2025-08-18 19:06:21', 'participated': 1, 'data_size': 1235, 'data_variance': 0.0631512776017189, 'local_loss': 0.20950216054916382, 'local_accuracy': 93.84615421295166, 'tn': -76, 'fp': 76, 'fn': 76, 'tp': 1159, 'precision': 0.938004085808059, 'recall': 0.9367569786520015, 'f1': 0.9366883700042011, 'confusion_mean': 0.9367569786443998}
Received system metrics from client 2: {'cpu_time': 62.09999999962747, 'ram_used_mb': 9942.700032, 'net_sent_bytes': 64919, 'net_recv_bytes': 95719, 'gpu_mem_used_mb': 38979.0, 'gpu_load': 0.0, 'client_rank': 2, 'round': 37, 'timestamp': '2025-08-18 19:06:22', 'participated': 1, 'data_size': 13121, 'data_variance': 0.06358262151479721, 'local_loss': 0.3727758526802063, 'local_accuracy': 86.79978847503662, 'tn': -1729, 'fp': 1729, 'fn': 1729, 'tp': 11392, 'precision': 0.8733798961852985, 'recall': 0.8685324594723675, 'f1': 0.8695249686440457, 'confusion_mean': 0.868532459471705}
Received system metrics from client 3: {'cpu_time': 120.5, 'ram_used_mb': 9717.4528, 'net_sent_bytes': 32988, 'net_recv_bytes': 38371, 'gpu_mem_used_mb': 38983.0, 'gpu_load': 0.0, 'client_rank': 3, 'round': 37, 'timestamp': '2025-08-18 19:06:23', 'participated': 1, 'data_size': 3484, 'data_variance': 0.0632089227437973, 'local_loss': 0.286129355430603, 'local_accuracy': 90.61423540115356, 'tn': -327, 'fp': 327, 'fn': 327, 'tp': 3157, 'precision': 0.910006323633662, 'recall': 0.9048527933674968, 'f1': 0.9054334359557112, 'confusion_mean': 0.9048527933648989}
Received system metrics from client 4: {'cpu_time': 78.76000000163913, 'ram_used_mb': 9765.576704, 'net_sent_bytes': 35770, 'net_recv_bytes': 48915, 'gpu_mem_used_mb': 38983.0, 'gpu_load': 0.0, 'client_rank': 4, 'round': 37, 'timestamp': '2025-08-18 19:06:21', 'participated': 1, 'data_size': 1277, 'data_variance': 0.06359560787677765, 'local_loss': 0.2872958779335022, 'local_accuracy': 91.46437048912048, 'tn': -109, 'fp': 109, 'fn': 109, 'tp': 1168, 'precision': 0.9189949337425369, 'recall': 0.9154300792168704, 'f1': 0.9149926491033289, 'confusion_mean': 0.9154300792096521}
Received system metrics from client 5: {'cpu_time': 35.12000000104308, 'ram_used_mb': 9783.230464, 'net_sent_bytes': 120826, 'net_recv_bytes': 89154, 'gpu_mem_used_mb': 38983.0, 'gpu_load': 0.01, 'client_rank': 5, 'round': 37, 'timestamp': '2025-08-18 19:06:21', 'participated': 1, 'data_size': 1396, 'data_variance': 0.0641184002161026, 'local_loss': 0.2830767333507538, 'local_accuracy': 90.329509973526, 'tn': -135, 'fp': 135, 'fn': 135, 'tp': 1261, 'precision': 0.9175050397966711, 'recall': 0.9019919122153031, 'f1': 0.904831429985341, 'confusion_mean': 0.9019919122088309}
Received system metrics from client 6: {'cpu_time': 90.99000000022352, 'ram_used_mb': 7503.593472, 'net_sent_bytes': 25544, 'net_recv_bytes': 41797, 'gpu_mem_used_mb': 38959.0, 'gpu_load': 0.0, 'client_rank': 6, 'round': 37, 'timestamp': '2025-08-18 19:06:19', 'participated': 1, 'data_size': 160, 'data_variance': 0.06430966407060623, 'local_loss': 0.15642733871936798, 'local_accuracy': 94.9999988079071, 'tn': -8, 'fp': 8, 'fn': 8, 'tp': 152, 'precision': 0.947121212121212, 'recall': 0.9568434343434344, 'f1': 0.9498141141567469, 'confusion_mean': 0.9568434342786336}
Received system metrics from client 7: {'cpu_time': 115.46000000089407, 'ram_used_mb': 9728.720896, 'net_sent_bytes': 50165, 'net_recv_bytes': 48051, 'gpu_mem_used_mb': 38981.0, 'gpu_load': 0.0, 'client_rank': 7, 'round': 37, 'timestamp': '2025-08-18 19:06:21', 'participated': 1, 'data_size': 1191, 'data_variance': 0.06395598500967026, 'local_loss': 0.26681438088417053, 'local_accuracy': 91.18387699127197, 'tn': -105, 'fp': 105, 'fn': 105, 'tp': 1086, 'precision': 0.9140471844053775, 'recall': 0.9092932424939928, 'f1': 0.9083157890072305, 'confusion_mean': 0.9092932424863281}
Received system metrics from client 8: {'cpu_time': 35.860000000102445, 'ram_used_mb': 10083.270656, 'net_sent_bytes': 36099, 'net_recv_bytes': 40808, 'gpu_mem_used_mb': 38981.0, 'gpu_load': 0.0, 'client_rank': 8, 'round': 37, 'timestamp': '2025-08-18 19:06:23', 'participated': 1, 'data_size': 26307, 'data_variance': 0.0630842074751854, 'local_loss': 0.46817517280578613, 'local_accuracy': 83.78758430480957, 'tn': -4266, 'fp': 4266, 'fn': 4266, 'tp': 22041, 'precision': 0.8488868830463184, 'recall': 0.838413540067908, 'f1': 0.8385321317968291, 'confusion_mean': 0.8384135400675892}
Received system metrics from client 9: {'cpu_time': 21.359999999403954, 'ram_used_mb': 7552.086016, 'net_sent_bytes': 2466, 'net_recv_bytes': 21237, 'gpu_mem_used_mb': 38957.0, 'gpu_load': 0.0, 'client_rank': 9, 'round': 37, 'timestamp': '2025-08-18 19:06:18', 'participated': 1, 'data_size': 2, 'data_variance': 0.04466967657208443, 'local_loss': 0.00909283198416233, 'local_accuracy': 100.0, 'tn': 0, 'fp': 0, 'fn': 0, 'tp': 2, 'precision': 1.0, 'recall': 1.0, 'f1': 1.0, 'confusion_mean': 0.9999999989999999}
Received system metrics from client 10: {'cpu_time': 82.92999999970198, 'ram_used_mb': 9685.516288, 'net_sent_bytes': 50274, 'net_recv_bytes': 71305, 'gpu_mem_used_mb': 38981.0, 'gpu_load': 0.0, 'client_rank': 10, 'round': 37, 'timestamp': '2025-08-18 19:06:22', 'participated': 1, 'data_size': 1827, 'data_variance': 0.06289092451334, 'local_loss': 0.22594231367111206, 'local_accuracy': 92.93924570083618, 'tn': -129, 'fp': 129, 'fn': 129, 'tp': 1698, 'precision': 0.9312573143903398, 'recall': 0.9281823190506658, 'f1': 0.9283438790123852, 'confusion_mean': 0.9281823190455691}
[selector] Round 37: participants used in averaging = 10/10
Averaging model weights...
Evaluating updated global model on test set...
    [Client 1] Round 38 - Selected, will train.
    [Client 1] Round 38 - Waiting for global weights...
    [Client 2] Round 38 - Selected, will train.
    [Client 2] Round 38 - Waiting for global weights...
    [Client 6] Round 38 - Selected, will train.
    [Client 6] Round 38 - Waiting for global weights...
    [Client 10] Round 38 - Selected, will train.
    [Client 10] Round 38 - Waiting for global weights...
    [Client 5] Round 38 - Selected, will train.
    [Client 5] Round 38 - Waiting for global weights...
    [Client 9] Round 38 - Selected, will train.
    [Client 9] Round 38 - Waiting for global weights...
    [Client 4] Round 38 - Selected, will train.
    [Client 8] Round 38 - Selected, will train.
    [Client 8] Round 38 - Waiting for global weights...
    [Client 4] Round 38 - Waiting for global weights...
    [Client 7] Round 38 - Selected, will train.
    [Client 7] Round 38 - Waiting for global weights...
    [Client 3] Round 38 - Selected, will train.
    [Client 3] Round 38 - Waiting for global weights...
Round 37 Evaluation - Accuracy: 0.8314, Loss: 0.4980

===== Round 38 =====
Broadcasting global model to all clients...
Waiting for model weights from client 1...
    [Client 6] Round 38 - Sending updated weights to server...
    [Client 9] Round 38 - Sending updated weights to server...
    [Client 5] Round 38 - Sending updated weights to server...
    [Client 3] Round 38 - Sending updated weights to server...
    [Client 8] Round 38 - Sending updated weights to server...
    [Client 4] Round 38 - Sending updated weights to server...
Received weights from client 1
Waiting for model weights from client 2...
    [Client 1] Round 38 - Sending updated weights to server...
    [Client 2] Round 38 - Sending updated weights to server...
    [Client 7] Round 38 - Sending updated weights to server...
Received weights from client 2
Waiting for model weights from client 3...
Received weights from client 3
Waiting for model weights from client 4...
Received weights from client 4
Waiting for model weights from client 5...
Received weights from client 5
Waiting for model weights from client 6...
Received weights from client 6
Waiting for model weights from client 7...
Received weights from client 7
Waiting for model weights from client 8...
Received weights from client 8
Waiting for model weights from client 9...
Received weights from client 9
Waiting for model weights from client 10...
    [Client 10] Round 38 - Sending updated weights to server...
Received weights from client 10
Received system metrics from client 1: {'cpu_time': 17.0, 'ram_used_mb': 9936.203776, 'net_sent_bytes': 34321, 'net_recv_bytes': 43807, 'gpu_mem_used_mb': 38983.0, 'gpu_load': 0.0, 'client_rank': 1, 'round': 38, 'timestamp': '2025-08-18 19:06:38', 'participated': 1, 'data_size': 1235, 'data_variance': 0.0631512776017189, 'local_loss': 0.22874948382377625, 'local_accuracy': 93.4412956237793, 'tn': -81, 'fp': 81, 'fn': 81, 'tp': 1154, 'precision': 0.9340538018218254, 'recall': 0.9330278358921967, 'f1': 0.9329779751053457, 'confusion_mean': 0.9330278358846226}
Received system metrics from client 2: {'cpu_time': 62.12000000011176, 'ram_used_mb': 10094.05952, 'net_sent_bytes': 68822, 'net_recv_bytes': 71246, 'gpu_mem_used_mb': 38981.0, 'gpu_load': 0.0, 'client_rank': 2, 'round': 38, 'timestamp': '2025-08-18 19:06:39', 'participated': 1, 'data_size': 13121, 'data_variance': 0.06358262151479721, 'local_loss': 0.38850894570350647, 'local_accuracy': 86.55590415000916, 'tn': -1764, 'fp': 1764, 'fn': 1764, 'tp': 11357, 'precision': 0.8701189138106169, 'recall': 0.8658912820262211, 'f1': 0.8632091055494691, 'confusion_mean': 0.8658912820255606}
Received system metrics from client 3: {'cpu_time': 102.07999999821186, 'ram_used_mb': 9948.99968, 'net_sent_bytes': 60986, 'net_recv_bytes': 60045, 'gpu_mem_used_mb': 38983.0, 'gpu_load': 0.0, 'client_rank': 3, 'round': 38, 'timestamp': '2025-08-18 19:06:39', 'participated': 1, 'data_size': 3484, 'data_variance': 0.0632089227437973, 'local_loss': 0.2365613877773285, 'local_accuracy': 92.22158193588257, 'tn': -271, 'fp': 271, 'fn': 271, 'tp': 3213, 'precision': 0.9235252756012736, 'recall': 0.9216337476633051, 'f1': 0.9209008626096074, 'confusion_mean': 0.9216337476606563}
Received system metrics from client 4: {'cpu_time': 79.8099999986589, 'ram_used_mb': 9991.790592, 'net_sent_bytes': 33761, 'net_recv_bytes': 35401, 'gpu_mem_used_mb': 38985.0, 'gpu_load': 0.0, 'client_rank': 4, 'round': 38, 'timestamp': '2025-08-18 19:06:38', 'participated': 1, 'data_size': 1277, 'data_variance': 0.06359560787677765, 'local_loss': 0.20648720860481262, 'local_accuracy': 94.28347945213318, 'tn': -73, 'fp': 73, 'fn': 73, 'tp': 1204, 'precision': 0.9453111341501561, 'recall': 0.94280251494039, 'f1': 0.943636598303202, 'confusion_mean': 0.9428025149329624}
Received system metrics from client 5: {'cpu_time': 33.17999999783933, 'ram_used_mb': 9982.984192, 'net_sent_bytes': 61942, 'net_recv_bytes': 139406, 'gpu_mem_used_mb': 38983.0, 'gpu_load': 0.0, 'client_rank': 5, 'round': 38, 'timestamp': '2025-08-18 19:06:38', 'participated': 1, 'data_size': 1396, 'data_variance': 0.0641184002161026, 'local_loss': 0.2113877683877945, 'local_accuracy': 93.9828097820282, 'tn': -84, 'fp': 84, 'fn': 84, 'tp': 1312, 'precision': 0.9427761458432654, 'recall': 0.9405452531476138, 'f1': 0.9408996359955916, 'confusion_mean': 0.9405452531408505}
Received system metrics from client 6: {'cpu_time': 50.06999999983236, 'ram_used_mb': 7649.009664, 'net_sent_bytes': 1798, 'net_recv_bytes': 23442, 'gpu_mem_used_mb': 38959.0, 'gpu_load': 0.0, 'client_rank': 6, 'round': 38, 'timestamp': '2025-08-18 19:06:35', 'participated': 1, 'data_size': 160, 'data_variance': 0.06430966407060623, 'local_loss': 0.12294073402881622, 'local_accuracy': 97.50000238418579, 'tn': -4, 'fp': 4, 'fn': 4, 'tp': 156, 'precision': 0.9663419913419913, 'recall': 0.979978354978355, 'f1': 0.971835909287881, 'confusion_mean': 0.9799783549118646}
Received system metrics from client 7: {'cpu_time': 116.18999999761581, 'ram_used_mb': 9907.789824, 'net_sent_bytes': 19314, 'net_recv_bytes': 37456, 'gpu_mem_used_mb': 38983.0, 'gpu_load': 0.0, 'client_rank': 7, 'round': 38, 'timestamp': '2025-08-18 19:06:38', 'participated': 1, 'data_size': 1191, 'data_variance': 0.06395598500967026, 'local_loss': 0.24760916829109192, 'local_accuracy': 92.61125326156616, 'tn': -88, 'fp': 88, 'fn': 88, 'tp': 1103, 'precision': 0.9270673516764539, 'recall': 0.9238301362674418, 'f1': 0.9236622167490516, 'confusion_mean': 0.9238301362596527}
Received system metrics from client 8: {'cpu_time': 22.919999999925494, 'ram_used_mb': 10247.200768, 'net_sent_bytes': 28067, 'net_recv_bytes': 65762, 'gpu_mem_used_mb': 38981.0, 'gpu_load': 0.01, 'client_rank': 8, 'round': 38, 'timestamp': '2025-08-18 19:06:40', 'participated': 1, 'data_size': 26307, 'data_variance': 0.0630842074751854, 'local_loss': 0.4730593264102936, 'local_accuracy': 83.55571031570435, 'tn': -4327, 'fp': 4327, 'fn': 4327, 'tp': 21980, 'precision': 0.8451985937757817, 'recall': 0.8357154693234605, 'f1': 0.8345177182262555, 'confusion_mean': 0.8357154693231428}
Received system metrics from client 9: {'cpu_time': 21.260000005364418, 'ram_used_mb': 7696.838656, 'net_sent_bytes': 71146, 'net_recv_bytes': 41023, 'gpu_mem_used_mb': 38957.0, 'gpu_load': 0.0, 'client_rank': 9, 'round': 38, 'timestamp': '2025-08-18 19:06:35', 'participated': 1, 'data_size': 2, 'data_variance': 0.04466967657208443, 'local_loss': 0.00837075524032116, 'local_accuracy': 100.0, 'tn': 0, 'fp': 0, 'fn': 0, 'tp': 2, 'precision': 1.0, 'recall': 1.0, 'f1': 1.0, 'confusion_mean': 0.9999999989999999}
Received system metrics from client 10: {'cpu_time': 88.99000000208616, 'ram_used_mb': 9893.801984, 'net_sent_bytes': 75773, 'net_recv_bytes': 67974, 'gpu_mem_used_mb': 38981.0, 'gpu_load': 0.0, 'client_rank': 10, 'round': 38, 'timestamp': '2025-08-18 19:06:38', 'participated': 1, 'data_size': 1827, 'data_variance': 0.06289092451334, 'local_loss': 0.250317245721817, 'local_accuracy': 91.73508286476135, 'tn': -151, 'fp': 151, 'fn': 151, 'tp': 1676, 'precision': 0.9198559832131101, 'recall': 0.9157220202532443, 'f1': 0.9162207853611608, 'confusion_mean': 0.9157220202482185}
[selector] Round 38: participants used in averaging = 10/10
Averaging model weights...
Evaluating updated global model on test set...
    [Client 1] Round 39 - Selected, will train.
    [Client 1] Round 39 - Waiting for global weights...
    [Client 9] Round 39 - Selected, will train.
    [Client 9] Round 39 - Waiting for global weights...
    [Client 5] Round 39 - Selected, will train.
    [Client 5] Round 39 - Waiting for global weights...
    [Client 2] Round 39 - Selected, will train.
    [Client 2] Round 39 - Waiting for global weights...
    [Client 4] Round 39 - Selected, will train.
    [Client 4] Round 39 - Waiting for global weights...
    [Client 8] Round 39 - Selected, will train.
    [Client 8] Round 39 - Waiting for global weights...
    [Client 6] Round 39 - Selected, will train.
    [Client 6] Round 39 - Waiting for global weights...
    [Client 10] Round 39 - Selected, will train.
    [Client 10] Round 39 - Waiting for global weights...
    [Client 7] Round 39 - Selected, will train.
    [Client 7] Round 39 - Waiting for global weights...
    [Client 3] Round 39 - Selected, will train.
    [Client 3] Round 39 - Waiting for global weights...
Round 38 Evaluation - Accuracy: 0.8322, Loss: 0.4921

===== Round 39 =====
Broadcasting global model to all clients...
Waiting for model weights from client 1...
    [Client 6] Round 39 - Sending updated weights to server...
    [Client 7] Round 39 - Sending updated weights to server...
    [Client 4] Round 39 - Sending updated weights to server...
    [Client 8] Round 39 - Sending updated weights to server...
    [Client 10] Round 39 - Sending updated weights to server...
    [Client 3] Round 39 - Sending updated weights to server...
    [Client 9] Round 39 - Sending updated weights to server...
    [Client 1] Round 39 - Sending updated weights to server...
Received weights from client 1
Waiting for model weights from client 2...
    [Client 5] Round 39 - Sending updated weights to server...
    [Client 2] Round 39 - Sending updated weights to server...
Received weights from client 2
Waiting for model weights from client 3...
Received weights from client 3
Waiting for model weights from client 4...
    [Client 5] Round 40 - Selected, will train.
    [Client 5] Round 40 - Waiting for global weights...
    [Client 1] Round 40 - Selected, will train.
    [Client 1] Round 40 - Waiting for global weights...
    [Client 9] Round 40 - Selected, will train.
    [Client 9] Round 40 - Waiting for global weights...
    [Client 2] Round 40 - Selected, will train.
    [Client 2] Round 40 - Waiting for global weights...
    [Client 6] Round 40 - Selected, will train.
    [Client 6] Round 40 - Waiting for global weights...
    [Client 4] Round 40 - Selected, will train.
    [Client 4] Round 40 - Waiting for global weights...
    [Client 7] Round 40 - Selected, will train.
    [Client 7] Round 40 - Waiting for global weights...
    [Client 8] Round 40 - Selected, will train.
    [Client 3] Round 40 - Selected, will train.
    [Client 3] Round 40 - Waiting for global weights...
    [Client 10] Round 40 - Selected, will train.
    [Client 10] Round 40 - Waiting for global weights...
Received weights from client 4
    [Client 8] Round 40 - Waiting for global weights...
Waiting for model weights from client 5...
Received weights from client 5
Waiting for model weights from client 6...
Received weights from client 6
Waiting for model weights from client 7...
Received weights from client 7
Waiting for model weights from client 8...
Received weights from client 8
Waiting for model weights from client 9...
Received weights from client 9
Waiting for model weights from client 10...
Received weights from client 10
Received system metrics from client 1: {'cpu_time': 18.950000001117587, 'ram_used_mb': 10149.801984, 'net_sent_bytes': 32999, 'net_recv_bytes': 38572, 'gpu_mem_used_mb': 38985.0, 'gpu_load': 0.0, 'client_rank': 1, 'round': 39, 'timestamp': '2025-08-18 19:06:55', 'participated': 1, 'data_size': 1235, 'data_variance': 0.0631512776017189, 'local_loss': 0.20596151053905487, 'local_accuracy': 94.0081000328064, 'tn': -74, 'fp': 74, 'fn': 74, 'tp': 1161, 'precision': 0.9420438236639814, 'recall': 0.9376896270398035, 'f1': 0.9389491382731598, 'confusion_mean': 0.9376896270322002}
Received system metrics from client 2: {'cpu_time': 60.06000000052154, 'ram_used_mb': 10381.836288, 'net_sent_bytes': 35504, 'net_recv_bytes': 75251, 'gpu_mem_used_mb': 38983.0, 'gpu_load': 0.0, 'client_rank': 2, 'round': 39, 'timestamp': '2025-08-18 19:06:56', 'participated': 1, 'data_size': 13121, 'data_variance': 0.06358262151479721, 'local_loss': 0.30544406175613403, 'local_accuracy': 89.3605649471283, 'tn': -1397, 'fp': 1397, 'fn': 1397, 'tp': 11724, 'precision': 0.8955234180583137, 'recall': 0.8936542766513578, 'f1': 0.8932106587128613, 'confusion_mean': 0.893654276650676}
Received system metrics from client 3: {'cpu_time': 119.23000000044703, 'ram_used_mb': 10146.603008, 'net_sent_bytes': 32666, 'net_recv_bytes': 42495, 'gpu_mem_used_mb': 38985.0, 'gpu_load': 0.0, 'client_rank': 3, 'round': 39, 'timestamp': '2025-08-18 19:06:57', 'participated': 1, 'data_size': 3484, 'data_variance': 0.0632089227437973, 'local_loss': 0.262707382440567, 'local_accuracy': 90.98737239837646, 'tn': -313, 'fp': 313, 'fn': 313, 'tp': 3171, 'precision': 0.9160535379131176, 'recall': 0.908138779847558, 'f1': 0.9084438012106745, 'confusion_mean': 0.9081387798449525}
Received system metrics from client 4: {'cpu_time': 83.20000000298023, 'ram_used_mb': 10215.206912, 'net_sent_bytes': 61968, 'net_recv_bytes': 79246, 'gpu_mem_used_mb': 38985.0, 'gpu_load': 0.0, 'client_rank': 4, 'round': 39, 'timestamp': '2025-08-18 19:06:56', 'participated': 1, 'data_size': 1277, 'data_variance': 0.06359560787677765, 'local_loss': 0.21423719823360443, 'local_accuracy': 94.04855370521545, 'tn': -76, 'fp': 76, 'fn': 76, 'tp': 1201, 'precision': 0.9433311085407681, 'recall': 0.9404109338204589, 'f1': 0.9408940061189149, 'confusion_mean': 0.9404109338130512}
Received system metrics from client 5: {'cpu_time': 33.21000000089407, 'ram_used_mb': 10180.354048, 'net_sent_bytes': 498, 'net_recv_bytes': 32608, 'gpu_mem_used_mb': 38985.0, 'gpu_load': 0.0, 'client_rank': 5, 'round': 39, 'timestamp': '2025-08-18 19:06:56', 'participated': 1, 'data_size': 1396, 'data_variance': 0.0641184002161026, 'local_loss': 0.22087177634239197, 'local_accuracy': 93.767911195755, 'tn': -87, 'fp': 87, 'fn': 87, 'tp': 1309, 'precision': 0.939332439318321, 'recall': 0.9383049599108089, 'f1': 0.9382198662202994, 'confusion_mean': 0.9383049599040628}
Received system metrics from client 6: {'cpu_time': 89.9199999999255, 'ram_used_mb': 7810.1504, 'net_sent_bytes': 0, 'net_recv_bytes': 24156, 'gpu_mem_used_mb': 38961.0, 'gpu_load': 0.0, 'client_rank': 6, 'round': 39, 'timestamp': '2025-08-18 19:06:53', 'participated': 1, 'data_size': 160, 'data_variance': 0.06430966407060623, 'local_loss': 0.14890547096729279, 'local_accuracy': 96.875, 'tn': -5, 'fp': 5, 'fn': 5, 'tp': 155, 'precision': 0.9633459595959597, 'recall': 0.9787878787878789, 'f1': 0.9690522843429173, 'confusion_mean': 0.9787878787212254}
Received system metrics from client 7: {'cpu_time': 115.56000000238419, 'ram_used_mb': 10157.50656, 'net_sent_bytes': 74476, 'net_recv_bytes': 59031, 'gpu_mem_used_mb': 38983.0, 'gpu_load': 0.0, 'client_rank': 7, 'round': 39, 'timestamp': '2025-08-18 19:06:55', 'participated': 1, 'data_size': 1191, 'data_variance': 0.06395598500967026, 'local_loss': 0.2450450360774994, 'local_accuracy': 91.51973128318787, 'tn': -101, 'fp': 101, 'fn': 101, 'tp': 1090, 'precision': 0.9155686551574428, 'recall': 0.9116911077830661, 'f1': 0.9100718336187675, 'confusion_mean': 0.9116911077753889}
Received system metrics from client 8: {'cpu_time': 41.08999999985099, 'ram_used_mb': 10508.009472, 'net_sent_bytes': 11417, 'net_recv_bytes': 56320, 'gpu_mem_used_mb': 38983.0, 'gpu_load': 0.0, 'client_rank': 8, 'round': 39, 'timestamp': '2025-08-18 19:06:57', 'participated': 1, 'data_size': 26307, 'data_variance': 0.0630842074751854, 'local_loss': 0.4318981468677521, 'local_accuracy': 84.60866212844849, 'tn': -4049, 'fp': 4049, 'fn': 4049, 'tp': 22258, 'precision': 0.8587639404854983, 'recall': 0.8458827731768505, 'f1': 0.8465932390044092, 'confusion_mean': 0.8458827731765289}
Received system metrics from client 9: {'cpu_time': 21.070000000298023, 'ram_used_mb': 7855.058944, 'net_sent_bytes': 286, 'net_recv_bytes': 24372, 'gpu_mem_used_mb': 38959.0, 'gpu_load': 0.0, 'client_rank': 9, 'round': 39, 'timestamp': '2025-08-18 19:06:53', 'participated': 1, 'data_size': 2, 'data_variance': 0.04466967657208443, 'local_loss': 0.008180730976164341, 'local_accuracy': 100.0, 'tn': 0, 'fp': 0, 'fn': 0, 'tp': 2, 'precision': 1.0, 'recall': 1.0, 'f1': 1.0, 'confusion_mean': 0.9999999989999999}
Received system metrics from client 10: {'cpu_time': 87.25000000745058, 'ram_used_mb': 10086.776832, 'net_sent_bytes': 32255, 'net_recv_bytes': 68573, 'gpu_mem_used_mb': 38983.0, 'gpu_load': 0.0, 'client_rank': 10, 'round': 39, 'timestamp': '2025-08-18 19:06:56', 'participated': 1, 'data_size': 1827, 'data_variance': 0.06289092451334, 'local_loss': 0.2920016348361969, 'local_accuracy': 90.2572512626648, 'tn': -178, 'fp': 178, 'fn': 178, 'tp': 1649, 'precision': 0.9108156533773777, 'recall': 0.8999554351026923, 'f1': 0.9015421588701982, 'confusion_mean': 0.8999554350977595}
[selector] Round 39: participants used in averaging = 10/10
Averaging model weights...
Evaluating updated global model on test set...
Round 39 Evaluation - Accuracy: 0.8347, Loss: 0.4881

===== Round 40 =====
Broadcasting global model to all clients...
Waiting for model weights from client 1...
    [Client 7] Round 40 - Sending updated weights to server...
    [Client 3] Round 40 - Sending updated weights to server...
    [Client 1] Round 40 - Sending updated weights to server...
Received weights from client 1
Waiting for model weights from client 2...
    [Client 9] Round 40 - Sending updated weights to server...
    [Client 4] Round 40 - Sending updated weights to server...
    [Client 5] Round 40 - Sending updated weights to server...
    [Client 10] Round 40 - Sending updated weights to server...
    [Client 2] Round 40 - Sending updated weights to server...
Received weights from client 2
Waiting for model weights from client 3...
Received weights from client 3
Waiting for model weights from client 4...
Received weights from client 4
Waiting for model weights from client 5...
Received weights from client 5
Waiting for model weights from client 6...
    [Client 8] Round 40 - Sending updated weights to server...
    [Client 6] Round 40 - Sending updated weights to server...
Received weights from client 6
Waiting for model weights from client 7...
Received weights from client 7
Waiting for model weights from client 8...
Received weights from client 8
Waiting for model weights from client 9...
Received weights from client 9
Waiting for model weights from client 10...
Received weights from client 10
Received system metrics from client 1: {'cpu_time': 19.22999999858439, 'ram_used_mb': 10370.752512, 'net_sent_bytes': 1737, 'net_recv_bytes': 27758, 'gpu_mem_used_mb': 38985.0, 'gpu_load': 0.0, 'client_rank': 1, 'round': 40, 'timestamp': '2025-08-18 19:07:14', 'participated': 1, 'data_size': 1235, 'data_variance': 0.0631512776017189, 'local_loss': 0.1901891976594925, 'local_accuracy': 95.06072998046875, 'tn': -61, 'fp': 61, 'fn': 61, 'tp': 1174, 'precision': 0.9502241645569967, 'recall': 0.9496720475425284, 'f1': 0.948901587276245, 'confusion_mean': 0.9496720475348148}
Received system metrics from client 2: {'cpu_time': 65.14000000059605, 'ram_used_mb': 10600.759296, 'net_sent_bytes': 32597, 'net_recv_bytes': 68113, 'gpu_mem_used_mb': 38983.0, 'gpu_load': 0.0, 'client_rank': 2, 'round': 40, 'timestamp': '2025-08-18 19:07:16', 'participated': 1, 'data_size': 13121, 'data_variance': 0.06358262151479721, 'local_loss': 0.36725494265556335, 'local_accuracy': 87.40187287330627, 'tn': -1654, 'fp': 1654, 'fn': 1654, 'tp': 11467, 'precision': 0.8761068863789048, 'recall': 0.8736402343748064, 'f1': 0.872907323658908, 'confusion_mean': 0.8736402343741403}
Received system metrics from client 3: {'cpu_time': 116.48000000417233, 'ram_used_mb': 10395.172864, 'net_sent_bytes': 2811, 'net_recv_bytes': 36895, 'gpu_mem_used_mb': 38987.0, 'gpu_load': 0.0, 'client_rank': 3, 'round': 40, 'timestamp': '2025-08-18 19:07:16', 'participated': 1, 'data_size': 3484, 'data_variance': 0.0632089227437973, 'local_loss': 0.27511388063430786, 'local_accuracy': 90.72904586791992, 'tn': -323, 'fp': 323, 'fn': 323, 'tp': 3161, 'precision': 0.9104470136959067, 'recall': 0.9067965862096925, 'f1': 0.9072718098552498, 'confusion_mean': 0.9067965862070861}
Received system metrics from client 4: {'cpu_time': 78.51999999955297, 'ram_used_mb': 10421.649408, 'net_sent_bytes': 978, 'net_recv_bytes': 32461, 'gpu_mem_used_mb': 38987.0, 'gpu_load': 0.0, 'client_rank': 4, 'round': 40, 'timestamp': '2025-08-18 19:07:15', 'participated': 1, 'data_size': 1277, 'data_variance': 0.06359560787677765, 'local_loss': 0.2545197606086731, 'local_accuracy': 91.38606190681458, 'tn': -110, 'fp': 110, 'fn': 110, 'tp': 1167, 'precision': 0.9199798499260797, 'recall': 0.9129141852647745, 'f1': 0.9142428719740143, 'confusion_mean': 0.91291418525759}
Received system metrics from client 5: {'cpu_time': 33.619999999180436, 'ram_used_mb': 10393.931776, 'net_sent_bytes': 28948, 'net_recv_bytes': 56962, 'gpu_mem_used_mb': 38985.0, 'gpu_load': 0.0, 'client_rank': 5, 'round': 40, 'timestamp': '2025-08-18 19:07:15', 'participated': 1, 'data_size': 1396, 'data_variance': 0.0641184002161026, 'local_loss': 0.23041458427906036, 'local_accuracy': 93.19484233856201, 'tn': -95, 'fp': 95, 'fn': 95, 'tp': 1301, 'precision': 0.9392605873939182, 'recall': 0.9318612322266742, 'f1': 0.9331710520728379, 'confusion_mean': 0.9318612322199785}
Received system metrics from client 6: {'cpu_time': 89.9499999997206, 'ram_used_mb': 7971.401728, 'net_sent_bytes': 2786, 'net_recv_bytes': 20294, 'gpu_mem_used_mb': 38961.0, 'gpu_load': 0.0, 'client_rank': 6, 'round': 40, 'timestamp': '2025-08-18 19:07:12', 'participated': 1, 'data_size': 160, 'data_variance': 0.06430966407060623, 'local_loss': 0.11802411079406738, 'local_accuracy': 96.875, 'tn': -5, 'fp': 5, 'fn': 5, 'tp': 155, 'precision': 0.9598484848484847, 'recall': 0.9692460317460319, 'f1': 0.9632528180354267, 'confusion_mean': 0.9692460316807429}
Received system metrics from client 7: {'cpu_time': 116.09999999403954, 'ram_used_mb': 10356.637696, 'net_sent_bytes': 28749, 'net_recv_bytes': 37381, 'gpu_mem_used_mb': 38985.0, 'gpu_load': 0.0, 'client_rank': 7, 'round': 40, 'timestamp': '2025-08-18 19:07:15', 'participated': 1, 'data_size': 1191, 'data_variance': 0.06395598500967026, 'local_loss': 0.3430243730545044, 'local_accuracy': 88.74894976615906, 'tn': -134, 'fp': 134, 'fn': 134, 'tp': 1057, 'precision': 0.8930087839627555, 'recall': 0.8829678155884849, 'f1': 0.8825245897078497, 'confusion_mean': 0.8829678155810605}
Received system metrics from client 8: {'cpu_time': 28.200000000186265, 'ram_used_mb': 10751.864832, 'net_sent_bytes': 85747, 'net_recv_bytes': 74721, 'gpu_mem_used_mb': 38983.0, 'gpu_load': 0.0, 'client_rank': 8, 'round': 40, 'timestamp': '2025-08-18 19:07:16', 'participated': 1, 'data_size': 26307, 'data_variance': 0.0630842074751854, 'local_loss': 0.3980827331542969, 'local_accuracy': 86.31162643432617, 'tn': -3601, 'fp': 3601, 'fn': 3601, 'tp': 22706, 'precision': 0.8665850914755481, 'recall': 0.862880565934834, 'f1': 0.861994658298053, 'confusion_mean': 0.862880565934506}
Received system metrics from client 9: {'cpu_time': 21.439999997615814, 'ram_used_mb': 8026.03008, 'net_sent_bytes': 1485, 'net_recv_bytes': 20528, 'gpu_mem_used_mb': 38959.0, 'gpu_load': 0.01, 'client_rank': 9, 'round': 40, 'timestamp': '2025-08-18 19:07:12', 'participated': 1, 'data_size': 2, 'data_variance': 0.04466967657208443, 'local_loss': 0.006631146185100079, 'local_accuracy': 100.0, 'tn': 0, 'fp': 0, 'fn': 0, 'tp': 2, 'precision': 1.0, 'recall': 1.0, 'f1': 1.0, 'confusion_mean': 0.9999999989999999}
Received system metrics from client 10: {'cpu_time': 85.01000000536442, 'ram_used_mb': 10331.717632, 'net_sent_bytes': 31550, 'net_recv_bytes': 62609, 'gpu_mem_used_mb': 38983.0, 'gpu_load': 0.0, 'client_rank': 10, 'round': 40, 'timestamp': '2025-08-18 19:07:15', 'participated': 1, 'data_size': 1827, 'data_variance': 0.06289092451334, 'local_loss': 0.19495083391666412, 'local_accuracy': 94.30760741233826, 'tn': -104, 'fp': 104, 'fn': 104, 'tp': 1723, 'precision': 0.9427899014594411, 'recall': 0.9417374057188683, 'f1': 0.9409715063150145, 'confusion_mean': 0.9417374057136977}
[selector] Round 40: participants used in averaging = 10/10
Averaging model weights...
Evaluating updated global model on test set...
    [Client 1] Round 41 - Selected, will train.
    [Client 1] Round 41 - Waiting for global weights...
    [Client 2] Round 41 - Selected, will train.
    [Client 2] Round 41 - Waiting for global weights...
    [Client 10] Round 41 - Selected, will train.
    [Client 10] Round 41 - Waiting for global weights...
    [Client 6] Round 41 - Selected, will train.
    [Client 6] Round 41 - Waiting for global weights...
    [Client 7] Round 41 - Selected, will train.
    [Client 7] Round 41 - Waiting for global weights...
    [Client 3] Round 41 - Selected, will train.
    [Client 3] Round 41 - Waiting for global weights...
    [Client 9] Round 41 - Selected, will train.
    [Client 9] Round 41 - Waiting for global weights...
    [Client 5] Round 41 - Selected, will train.
    [Client 5] Round 41 - Waiting for global weights...
    [Client 8] Round 41 - Selected, will train.
    [Client 8] Round 41 - Waiting for global weights...
    [Client 4] Round 41 - Selected, will train.
    [Client 4] Round 41 - Waiting for global weights...
Round 40 Evaluation - Accuracy: 0.8370, Loss: 0.4840

===== Round 41 =====
Broadcasting global model to all clients...
Waiting for model weights from client 1...
    [Client 6] Round 41 - Sending updated weights to server...
    [Client 9] Round 41 - Sending updated weights to server...
    [Client 3] Round 41 - Sending updated weights to server...
    [Client 8] Round 41 - Sending updated weights to server...
    [Client 7] Round 41 - Sending updated weights to server...
    [Client 5] Round 41 - Sending updated weights to server...
    [Client 4] Round 41 - Sending updated weights to server...
    [Client 1] Round 41 - Sending updated weights to server...
Received weights from client 1
Waiting for model weights from client 2...
    [Client 10] Round 41 - Sending updated weights to server...
    [Client 2] Round 41 - Sending updated weights to server...
Received weights from client 2
Waiting for model weights from client 3...
Received weights from client 3
Waiting for model weights from client 4...
Received weights from client 4
Waiting for model weights from client 5...
Received weights from client 5
Waiting for model weights from client 6...
Received weights from client 6
Waiting for model weights from client 7...
Received weights from client 7
Waiting for model weights from client 8...
Received weights from client 8
Waiting for model weights from client 9...
Received weights from client 9
Waiting for model weights from client 10...
Received weights from client 10
Received system metrics from client 1: {'cpu_time': 19.43999999947846, 'ram_used_mb': 10575.732736, 'net_sent_bytes': 13603, 'net_recv_bytes': 68652, 'gpu_mem_used_mb': 38987.0, 'gpu_load': 0.0, 'client_rank': 1, 'round': 41, 'timestamp': '2025-08-18 19:07:31', 'participated': 1, 'data_size': 1235, 'data_variance': 0.0631512776017189, 'local_loss': 0.18609760701656342, 'local_accuracy': 94.81781125068665, 'tn': -64, 'fp': 64, 'fn': 64, 'tp': 1171, 'precision': 0.9479092124646398, 'recall': 0.9475743036388338, 'f1': 0.9468378676880379, 'confusion_mean': 0.9475743036311342}
Received system metrics from client 2: {'cpu_time': 78.08999999985099, 'ram_used_mb': 10553.933824, 'net_sent_bytes': 123340, 'net_recv_bytes': 148414, 'gpu_mem_used_mb': 38985.0, 'gpu_load': 0.0, 'client_rank': 2, 'round': 41, 'timestamp': '2025-08-18 19:07:33', 'participated': 1, 'data_size': 13121, 'data_variance': 0.06358262151479721, 'local_loss': 0.3419322073459625, 'local_accuracy': 88.14114928245544, 'tn': -1556, 'fp': 1556, 'fn': 1556, 'tp': 11565, 'precision': 0.8852483946893199, 'recall': 0.881727484190766, 'f1': 0.881543556393477, 'confusion_mean': 0.8817274841900934}
Received system metrics from client 3: {'cpu_time': 149.34000000357628, 'ram_used_mb': 10575.0528, 'net_sent_bytes': 5566, 'net_recv_bytes': 88098, 'gpu_mem_used_mb': 38987.0, 'gpu_load': 0.0, 'client_rank': 3, 'round': 41, 'timestamp': '2025-08-18 19:07:34', 'participated': 1, 'data_size': 3484, 'data_variance': 0.0632089227437973, 'local_loss': 0.24255867302417755, 'local_accuracy': 92.2502875328064, 'tn': -270, 'fp': 270, 'fn': 270, 'tp': 3214, 'precision': 0.9243311517532327, 'recall': 0.9219458278368917, 'f1': 0.9220734865755297, 'confusion_mean': 0.9219458278342421}
Received system metrics from client 4: {'cpu_time': 77.69999999925494, 'ram_used_mb': 10670.57152, 'net_sent_bytes': 5466, 'net_recv_bytes': 70616, 'gpu_mem_used_mb': 38989.0, 'gpu_load': 0.0, 'client_rank': 4, 'round': 41, 'timestamp': '2025-08-18 19:07:31', 'participated': 1, 'data_size': 1277, 'data_variance': 0.06359560787677765, 'local_loss': 0.19958722591400146, 'local_accuracy': 94.440096616745, 'tn': -71, 'fp': 71, 'fn': 71, 'tp': 1206, 'precision': 0.9468099625257764, 'recall': 0.9457661534758351, 'f1': 0.945298541227157, 'confusion_mean': 0.9457661534683736}
Received system metrics from client 5: {'cpu_time': 34.20000000111759, 'ram_used_mb': 10620.68224, 'net_sent_bytes': 34925, 'net_recv_bytes': 91374, 'gpu_mem_used_mb': 38987.0, 'gpu_load': 0.0, 'client_rank': 5, 'round': 41, 'timestamp': '2025-08-18 19:07:31', 'participated': 1, 'data_size': 1396, 'data_variance': 0.0641184002161026, 'local_loss': 0.2898480296134949, 'local_accuracy': 91.11747741699219, 'tn': -124, 'fp': 124, 'fn': 124, 'tp': 1272, 'precision': 0.9205606213488071, 'recall': 0.9114178523583325, 'f1': 0.9115541112825506, 'confusion_mean': 0.9114178523517819}
Received system metrics from client 6: {'cpu_time': 92.6199999996461, 'ram_used_mb': 8138.862592, 'net_sent_bytes': 48252, 'net_recv_bytes': 76977, 'gpu_mem_used_mb': 38961.0, 'gpu_load': 0.0, 'client_rank': 6, 'round': 41, 'timestamp': '2025-08-18 19:07:28', 'participated': 1, 'data_size': 160, 'data_variance': 0.06430966407060623, 'local_loss': 0.15488097071647644, 'local_accuracy': 94.9999988079071, 'tn': -8, 'fp': 8, 'fn': 8, 'tp': 152, 'precision': 0.9416298613667035, 'recall': 0.9533910533910535, 'f1': 0.9453491436100132, 'confusion_mean': 0.953391053326655}
Received system metrics from client 7: {'cpu_time': 117.40999999642372, 'ram_used_mb': 10577.580032, 'net_sent_bytes': 908, 'net_recv_bytes': 29875, 'gpu_mem_used_mb': 38987.0, 'gpu_load': 0.0, 'client_rank': 7, 'round': 41, 'timestamp': '2025-08-18 19:07:31', 'participated': 1, 'data_size': 1191, 'data_variance': 0.06395598500967026, 'local_loss': 0.19586412608623505, 'local_accuracy': 93.70276927947998, 'tn': -75, 'fp': 75, 'fn': 75, 'tp': 1116, 'precision': 0.9347614671255959, 'recall': 0.9345677576345949, 'f1': 0.9342039513219873, 'confusion_mean': 0.9345677576267182}
Received system metrics from client 8: {'cpu_time': 35.10000000009313, 'ram_used_mb': 10798.829568, 'net_sent_bytes': 43905, 'net_recv_bytes': 117897, 'gpu_mem_used_mb': 38985.0, 'gpu_load': 0.01, 'client_rank': 8, 'round': 41, 'timestamp': '2025-08-18 19:07:34', 'participated': 1, 'data_size': 26307, 'data_variance': 0.0630842074751854, 'local_loss': 0.43439722061157227, 'local_accuracy': 84.79872345924377, 'tn': -3999, 'fp': 3999, 'fn': 3999, 'tp': 22308, 'precision': 0.8600735996481437, 'recall': 0.8477910870740674, 'f1': 0.8489594755826634, 'confusion_mean': 0.847791087073745}
Received system metrics from client 9: {'cpu_time': 22.229999996721745, 'ram_used_mb': 8193.048576, 'net_sent_bytes': 1230, 'net_recv_bytes': 21366, 'gpu_mem_used_mb': 38959.0, 'gpu_load': 0.0, 'client_rank': 9, 'round': 41, 'timestamp': '2025-08-18 19:07:28', 'participated': 1, 'data_size': 2, 'data_variance': 0.04466967657208443, 'local_loss': 0.004926582332700491, 'local_accuracy': 100.0, 'tn': 0, 'fp': 0, 'fn': 0, 'tp': 2, 'precision': 1.0, 'recall': 1.0, 'f1': 1.0, 'confusion_mean': 0.9999999989999999}
Received system metrics from client 10: {'cpu_time': 85.92000000178814, 'ram_used_mb': 10515.689472, 'net_sent_bytes': 72655, 'net_recv_bytes': 80368, 'gpu_mem_used_mb': 38985.0, 'gpu_load': 0.0, 'client_rank': 10, 'round': 41, 'timestamp': '2025-08-18 19:07:31', 'participated': 1, 'data_size': 1827, 'data_variance': 0.06289092451334, 'local_loss': 0.21743759512901306, 'local_accuracy': 92.5561010837555, 'tn': -136, 'fp': 136, 'fn': 136, 'tp': 1691, 'precision': 0.9299534223051233, 'recall': 0.9231705649210544, 'f1': 0.9234874138644902, 'confusion_mean': 0.9231705649159918}
[selector] Round 41: participants used in averaging = 10/10
Averaging model weights...
Evaluating updated global model on test set...
    [Client 1] Round 42 - Selected, will train.
    [Client 1] Round 42 - Waiting for global weights...
    [Client 2] Round 42 - Selected, will train.
    [Client 2] Round 42 - Waiting for global weights...
    [Client 6] Round 42 - Selected, will train.
    [Client 6] Round 42 - Waiting for global weights...
    [Client 10] Round 42 - Selected, will train.
    [Client 10] Round 42 - Waiting for global weights...
    [Client 8] Round 42 - Selected, will train.
    [Client 8] Round 42 - Waiting for global weights...
    [Client 4] Round 42 - Selected, will train.
    [Client 4] Round 42 - Waiting for global weights...
    [Client 9] Round 42 - Selected, will train.
    [Client 9] Round 42 - Waiting for global weights...
    [Client 5] Round 42 - Selected, will train.
    [Client 5] Round 42 - Waiting for global weights...
    [Client 7] Round 42 - Selected, will train.
    [Client 7] Round 42 - Waiting for global weights...
    [Client 3] Round 42 - Selected, will train.
    [Client 3] Round 42 - Waiting for global weights...
Round 41 Evaluation - Accuracy: 0.8334, Loss: 0.4951

===== Round 42 =====
Broadcasting global model to all clients...
Waiting for model weights from client 1...
    [Client 6] Round 42 - Sending updated weights to server...
    [Client 9] Round 42 - Sending updated weights to server...
    [Client 3] Round 42 - Sending updated weights to server...
    [Client 10] Round 42 - Sending updated weights to server...
    [Client 7] Round 42 - Sending updated weights to server...
    [Client 5] Round 42 - Sending updated weights to server...
    [Client 4] Round 42 - Sending updated weights to server...
    [Client 8] Round 42 - Sending updated weights to server...
    [Client 1] Round 42 - Sending updated weights to server...
Received weights from client 1
Waiting for model weights from client 2...
    [Client 2] Round 42 - Sending updated weights to server...
Received weights from client 2
Waiting for model weights from client 3...
Received weights from client 3
Waiting for model weights from client 4...
Received weights from client 4
Waiting for model weights from client 5...
Received weights from client 5
Waiting for model weights from client 6...
Received weights from client 6
Waiting for model weights from client 7...
Received weights from client 7
Waiting for model weights from client 8...
Received weights from client 8
Waiting for model weights from client 9...
Received weights from client 9
Waiting for model weights from client 10...
Received weights from client 10
Received system metrics from client 1: {'cpu_time': 25.029999999329448, 'ram_used_mb': 10527.27296, 'net_sent_bytes': 63076, 'net_recv_bytes': 78097, 'gpu_mem_used_mb': 38989.0, 'gpu_load': 0.0, 'client_rank': 1, 'round': 42, 'timestamp': '2025-08-18 19:07:53', 'participated': 1, 'data_size': 1235, 'data_variance': 0.0631512776017189, 'local_loss': 0.19133009016513824, 'local_accuracy': 94.73684430122375, 'tn': -65, 'fp': 65, 'fn': 65, 'tp': 1170, 'precision': 0.948137440235475, 'recall': 0.946049289197834, 'f1': 0.9467590583196603, 'confusion_mean': 0.9460492891901533}
Received system metrics from client 2: {'cpu_time': 62.54000000003725, 'ram_used_mb': 10759.483392, 'net_sent_bytes': 37562, 'net_recv_bytes': 76164, 'gpu_mem_used_mb': 38985.0, 'gpu_load': 0.01, 'client_rank': 2, 'round': 42, 'timestamp': '2025-08-18 19:07:54', 'participated': 1, 'data_size': 13121, 'data_variance': 0.06358262151479721, 'local_loss': 0.48163655400276184, 'local_accuracy': 83.27871561050415, 'tn': -2193, 'fp': 2193, 'fn': 2193, 'tp': 10928, 'precision': 0.849084918574557, 'recall': 0.8334190180086942, 'f1': 0.8332346238787597, 'confusion_mean': 0.8334190180080583}
Received system metrics from client 3: {'cpu_time': 141.9399999976158, 'ram_used_mb': 10581.868544, 'net_sent_bytes': 90709, 'net_recv_bytes': 120847, 'gpu_mem_used_mb': 38989.0, 'gpu_load': 0.0, 'client_rank': 3, 'round': 42, 'timestamp': '2025-08-18 19:07:55', 'participated': 1, 'data_size': 3484, 'data_variance': 0.0632089227437973, 'local_loss': 0.22850611805915833, 'local_accuracy': 92.79563426971436, 'tn': -251, 'fp': 251, 'fn': 251, 'tp': 3233, 'precision': 0.9310150575031761, 'recall': 0.927079282801782, 'f1': 0.9277478708351093, 'confusion_mean': 0.9270792827991187}
Received system metrics from client 4: {'cpu_time': 81.55000000074506, 'ram_used_mb': 10645.405696, 'net_sent_bytes': 35912, 'net_recv_bytes': 54643, 'gpu_mem_used_mb': 38989.0, 'gpu_load': 0.0, 'client_rank': 4, 'round': 42, 'timestamp': '2025-08-18 19:07:53', 'participated': 1, 'data_size': 1277, 'data_variance': 0.06359560787677765, 'local_loss': 0.20705769956111908, 'local_accuracy': 94.5184051990509, 'tn': -70, 'fp': 70, 'fn': 70, 'tp': 1207, 'precision': 0.9472661126212902, 'recall': 0.944738638094368, 'f1': 0.9452990478917475, 'confusion_mean': 0.9447386380869289}
Received system metrics from client 5: {'cpu_time': 34.78999999910593, 'ram_used_mb': 10625.18784, 'net_sent_bytes': 87178, 'net_recv_bytes': 58003, 'gpu_mem_used_mb': 38989.0, 'gpu_load': 0.0, 'client_rank': 5, 'round': 42, 'timestamp': '2025-08-18 19:07:53', 'participated': 1, 'data_size': 1396, 'data_variance': 0.0641184002161026, 'local_loss': 0.21305665373802185, 'local_accuracy': 93.4097409248352, 'tn': -92, 'fp': 92, 'fn': 92, 'tp': 1304, 'precision': 0.938497625228974, 'recall': 0.9337935531637538, 'f1': 0.9345540679771854, 'confusion_mean': 0.933793553157046}
Received system metrics from client 6: {'cpu_time': 90.16000000014901, 'ram_used_mb': 8299.114496, 'net_sent_bytes': 204, 'net_recv_bytes': 17140, 'gpu_mem_used_mb': 38963.0, 'gpu_load': 0.04, 'client_rank': 6, 'round': 42, 'timestamp': '2025-08-18 19:07:50', 'participated': 1, 'data_size': 160, 'data_variance': 0.06430966407060623, 'local_loss': 0.12304780632257462, 'local_accuracy': 95.6250011920929, 'tn': -7, 'fp': 7, 'fn': 7, 'tp': 153, 'precision': 0.9458874458874458, 'recall': 0.9556096681096682, 'f1': 0.948935476387448, 'confusion_mean': 0.9556096680454124}
Received system metrics from client 7: {'cpu_time': 116.24000000208616, 'ram_used_mb': 10566.791168, 'net_sent_bytes': 72608, 'net_recv_bytes': 57005, 'gpu_mem_used_mb': 38987.0, 'gpu_load': 0.0, 'client_rank': 7, 'round': 42, 'timestamp': '2025-08-18 19:07:53', 'participated': 1, 'data_size': 1191, 'data_variance': 0.06395598500967026, 'local_loss': 0.3008559048175812, 'local_accuracy': 90.42820930480957, 'tn': -114, 'fp': 114, 'fn': 114, 'tp': 1077, 'precision': 0.9089116556384459, 'recall': 0.9010952057638308, 'f1': 0.9011247149852764, 'confusion_mean': 0.90109520575624}
Received system metrics from client 8: {'cpu_time': 25.08999999985099, 'ram_used_mb': 10969.903104, 'net_sent_bytes': 43698, 'net_recv_bytes': 56560, 'gpu_mem_used_mb': 38987.0, 'gpu_load': 0.0, 'client_rank': 8, 'round': 42, 'timestamp': '2025-08-18 19:07:55', 'participated': 1, 'data_size': 26307, 'data_variance': 0.0630842074751854, 'local_loss': 0.38475894927978516, 'local_accuracy': 86.65754199028015, 'tn': -3510, 'fp': 3510, 'fn': 3510, 'tp': 22797, 'precision': 0.8684454753451127, 'recall': 0.8669202002384975, 'f1': 0.8664991695111828, 'confusion_mean': 0.8669202002381675}
Received system metrics from client 9: {'cpu_time': 22.219999998807907, 'ram_used_mb': 8352.321536, 'net_sent_bytes': 28788, 'net_recv_bytes': 50444, 'gpu_mem_used_mb': 38961.0, 'gpu_load': 0.0, 'client_rank': 9, 'round': 42, 'timestamp': '2025-08-18 19:07:50', 'participated': 1, 'data_size': 2, 'data_variance': 0.04466967657208443, 'local_loss': 0.006705612875521183, 'local_accuracy': 100.0, 'tn': 0, 'fp': 0, 'fn': 0, 'tp': 2, 'precision': 1.0, 'recall': 1.0, 'f1': 1.0, 'confusion_mean': 0.9999999989999999}
Received system metrics from client 10: {'cpu_time': 80.36999999731779, 'ram_used_mb': 10516.82816, 'net_sent_bytes': 32185, 'net_recv_bytes': 68884, 'gpu_mem_used_mb': 38987.0, 'gpu_load': 0.0, 'client_rank': 10, 'round': 42, 'timestamp': '2025-08-18 19:07:53', 'participated': 1, 'data_size': 1827, 'data_variance': 0.06289092451334, 'local_loss': 0.26582738757133484, 'local_accuracy': 91.2972092628479, 'tn': -159, 'fp': 159, 'fn': 159, 'tp': 1668, 'precision': 0.9130424006893014, 'recall': 0.912578360091486, 'f1': 0.9101346104242444, 'confusion_mean': 0.9125783600864704}
[selector] Round 42: participants used in averaging = 10/10
Averaging model weights...
Evaluating updated global model on test set...
    [Client 1] Round 43 - Selected, will train.
    [Client 1] Round 43 - Waiting for global weights...
    [Client 2] Round 43 - Selected, will train.
    [Client 2] Round 43 - Waiting for global weights...
    [Client 10] Round 43 - Selected, will train.
    [Client 10] Round 43 - Waiting for global weights...
    [Client 6] Round 43 - Selected, will train.
    [Client 6] Round 43 - Waiting for global weights...
    [Client 4] Round 43 - Selected, will train.
    [Client 4] Round 43 - Waiting for global weights...
    [Client 8] Round 43 - Selected, will train.
    [Client 8] Round 43 - Waiting for global weights...
    [Client 9] Round 43 - Selected, will train.
    [Client 9] Round 43 - Waiting for global weights...
    [Client 5] Round 43 - Selected, will train.
    [Client 5] Round 43 - Waiting for global weights...
    [Client 7] Round 43 - Selected, will train.
    [Client 7] Round 43 - Waiting for global weights...
    [Client 3] Round 43 - Selected, will train.
    [Client 3] Round 43 - Waiting for global weights...
Round 42 Evaluation - Accuracy: 0.8378, Loss: 0.4788

===== Round 43 =====
Broadcasting global model to all clients...
Waiting for model weights from client 1...
    [Client 9] Round 43 - Sending updated weights to server...
    [Client 8] Round 43 - Sending updated weights to server...
    [Client 10] Round 43 - Sending updated weights to server...
    [Client 5] Round 43 - Sending updated weights to server...
    [Client 3] Round 43 - Sending updated weights to server...
    [Client 1] Round 43 - Sending updated weights to server...
Received weights from client 1
Waiting for model weights from client 2...
    [Client 4] Round 43 - Sending updated weights to server...
    [Client 7] Round 43 - Sending updated weights to server...
    [Client 2] Round 43 - Sending updated weights to server...
Received weights from client 2
Waiting for model weights from client 3...
Received weights from client 3
Waiting for model weights from client 4...
Received weights from client 4
Waiting for model weights from client 5...
Received weights from client 5
Waiting for model weights from client 6...
    [Client 6] Round 43 - Sending updated weights to server...
Received weights from client 6
Waiting for model weights from client 7...
Received weights from client 7
Waiting for model weights from client 8...
Received weights from client 8
Waiting for model weights from client 9...
Received weights from client 9
Waiting for model weights from client 10...
Received weights from client 10
Received system metrics from client 1: {'cpu_time': 31.92000000178814, 'ram_used_mb': 10759.254016, 'net_sent_bytes': 29991, 'net_recv_bytes': 60009, 'gpu_mem_used_mb': 38989.0, 'gpu_load': 0.0, 'client_rank': 1, 'round': 43, 'timestamp': '2025-08-18 19:08:13', 'participated': 1, 'data_size': 1235, 'data_variance': 0.0631512776017189, 'local_loss': 0.17795641720294952, 'local_accuracy': 94.81781125068665, 'tn': -64, 'fp': 64, 'fn': 64, 'tp': 1171, 'precision': 0.9469852882699274, 'recall': 0.9467943688104024, 'f1': 0.9464490002267484, 'confusion_mean': 0.9467943688027163}
Received system metrics from client 2: {'cpu_time': 61.14999999944121, 'ram_used_mb': 10936.672256, 'net_sent_bytes': 65648, 'net_recv_bytes': 70160, 'gpu_mem_used_mb': 38987.0, 'gpu_load': 0.0, 'client_rank': 2, 'round': 43, 'timestamp': '2025-08-18 19:08:14', 'participated': 1, 'data_size': 13121, 'data_variance': 0.06358262151479721, 'local_loss': 0.3478994071483612, 'local_accuracy': 87.54668235778809, 'tn': -1636, 'fp': 1636, 'fn': 1636, 'tp': 11485, 'precision': 0.881371934465039, 'recall': 0.8763936927673385, 'f1': 0.8739454531858236, 'confusion_mean': 0.8763936927666693}
Received system metrics from client 3: {'cpu_time': 158.2200000025332, 'ram_used_mb': 10760.556544, 'net_sent_bytes': 53789, 'net_recv_bytes': 52785, 'gpu_mem_used_mb': 38989.0, 'gpu_load': 0.0, 'client_rank': 3, 'round': 43, 'timestamp': '2025-08-18 19:08:15', 'participated': 1, 'data_size': 3484, 'data_variance': 0.0632089227437973, 'local_loss': 0.254859983921051, 'local_accuracy': 91.18828773498535, 'tn': -307, 'fp': 307, 'fn': 307, 'tp': 3177, 'precision': 0.9144145410294288, 'recall': 0.911142256584314, 'f1': 0.9109497533531588, 'confusion_mean': 0.911142256581696}
Received system metrics from client 4: {'cpu_time': 80.78999999910593, 'ram_used_mb': 10816.835584, 'net_sent_bytes': 944, 'net_recv_bytes': 28333, 'gpu_mem_used_mb': 38991.0, 'gpu_load': 0.0, 'client_rank': 4, 'round': 43, 'timestamp': '2025-08-18 19:08:14', 'participated': 1, 'data_size': 1277, 'data_variance': 0.06359560787677765, 'local_loss': 0.20068718492984772, 'local_accuracy': 94.36178803443909, 'tn': -72, 'fp': 72, 'fn': 72, 'tp': 1205, 'precision': 0.9450667693839137, 'recall': 0.9434655454352466, 'f1': 0.9439821877275871, 'confusion_mean': 0.9434655454278154}
Received system metrics from client 5: {'cpu_time': 33.33999999985099, 'ram_used_mb': 10801.831936, 'net_sent_bytes': 614, 'net_recv_bytes': 32522, 'gpu_mem_used_mb': 38989.0, 'gpu_load': 0.0, 'client_rank': 5, 'round': 43, 'timestamp': '2025-08-18 19:08:13', 'participated': 1, 'data_size': 1396, 'data_variance': 0.0641184002161026, 'local_loss': 0.17449484765529633, 'local_accuracy': 95.70200443267822, 'tn': -60, 'fp': 60, 'fn': 60, 'tp': 1336, 'precision': 0.957892282367008, 'recall': 0.9578111294941147, 'f1': 0.9572135116875147, 'confusion_mean': 0.9578111294872267}
Received system metrics from client 6: {'cpu_time': 89.74000000022352, 'ram_used_mb': 8452.018176, 'net_sent_bytes': 140, 'net_recv_bytes': 20465, 'gpu_mem_used_mb': 38963.0, 'gpu_load': 0.0, 'client_rank': 6, 'round': 43, 'timestamp': '2025-08-18 19:08:11', 'participated': 1, 'data_size': 160, 'data_variance': 0.06430966407060623, 'local_loss': 0.1298624724149704, 'local_accuracy': 98.1249988079071, 'tn': -3, 'fp': 3, 'fn': 3, 'tp': 157, 'precision': 0.9734848484848484, 'recall': 0.985, 'f1': 0.9778560719640179, 'confusion_mean': 0.9849999999332372}
Received system metrics from client 7: {'cpu_time': 118.39000000059605, 'ram_used_mb': 10758.377472, 'net_sent_bytes': 2958, 'net_recv_bytes': 32684, 'gpu_mem_used_mb': 38989.0, 'gpu_load': 0.0, 'client_rank': 7, 'round': 43, 'timestamp': '2025-08-18 19:08:13', 'participated': 1, 'data_size': 1191, 'data_variance': 0.06395598500967026, 'local_loss': 0.29184913635253906, 'local_accuracy': 90.93198776245117, 'tn': -108, 'fp': 108, 'fn': 108, 'tp': 1083, 'precision': 0.9084021340013901, 'recall': 0.9067921755791722, 'f1': 0.905816433764582, 'confusion_mean': 0.9067921755715302}
Received system metrics from client 8: {'cpu_time': 28.820000000298023, 'ram_used_mb': 11114.938368, 'net_sent_bytes': 50279, 'net_recv_bytes': 68722, 'gpu_mem_used_mb': 38987.0, 'gpu_load': 0.0, 'client_rank': 8, 'round': 43, 'timestamp': '2025-08-18 19:08:15', 'participated': 1, 'data_size': 26307, 'data_variance': 0.0630842074751854, 'local_loss': 0.3837205469608307, 'local_accuracy': 86.71455979347229, 'tn': -3495, 'fp': 3495, 'fn': 3495, 'tp': 22812, 'precision': 0.8704134393763161, 'recall': 0.8671244120915291, 'f1': 0.8649587591756761, 'confusion_mean': 0.8671244120911995}
Received system metrics from client 9: {'cpu_time': 21.219999998807907, 'ram_used_mb': 8525.381632, 'net_sent_bytes': 357, 'net_recv_bytes': 20643, 'gpu_mem_used_mb': 38961.0, 'gpu_load': 0.0, 'client_rank': 9, 'round': 43, 'timestamp': '2025-08-18 19:08:11', 'participated': 1, 'data_size': 2, 'data_variance': 0.04466967657208443, 'local_loss': 0.017499102279543877, 'local_accuracy': 100.0, 'tn': 0, 'fp': 0, 'fn': 0, 'tp': 2, 'precision': 1.0, 'recall': 1.0, 'f1': 1.0, 'confusion_mean': 0.9999999989999999}
Received system metrics from client 10: {'cpu_time': 86.89000000059605, 'ram_used_mb': 10709.794816, 'net_sent_bytes': 45249, 'net_recv_bytes': 64205, 'gpu_mem_used_mb': 38987.0, 'gpu_load': 0.0, 'client_rank': 10, 'round': 43, 'timestamp': '2025-08-18 19:08:13', 'participated': 1, 'data_size': 1827, 'data_variance': 0.06289092451334, 'local_loss': 0.1541534960269928, 'local_accuracy': 95.67596912384033, 'tn': -79, 'fp': 79, 'fn': 79, 'tp': 1748, 'precision': 0.9560414498055408, 'recall': 0.95658796737544, 'f1': 0.9560397713331966, 'confusion_mean': 0.9565879673701808}
[selector] Round 43: participants used in averaging = 10/10
Averaging model weights...
Evaluating updated global model on test set...
    [Client 1] Round 44 - Selected, will train.
    [Client 1] Round 44 - Waiting for global weights...
    [Client 6] Round 44 - Selected, will train.
    [Client 6] Round 44 - Waiting for global weights...
    [Client 10] Round 44 - Selected, will train.
    [Client 10] Round 44 - Waiting for global weights...
    [Client 2] Round 44 - Selected, will train.
    [Client 2] Round 44 - Waiting for global weights...
    [Client 9] Round 44 - Selected, will train.
    [Client 5] Round 44 - Selected, will train.
    [Client 5] Round 44 - Waiting for global weights...
    [Client 9] Round 44 - Waiting for global weights...
    [Client 8] Round 44 - Selected, will train.
    [Client 4] Round 44 - Selected, will train.
    [Client 4] Round 44 - Waiting for global weights...
    [Client 8] Round 44 - Waiting for global weights...
    [Client 7] Round 44 - Selected, will train.
    [Client 3] Round 44 - Selected, will train.
    [Client 3] Round 44 - Waiting for global weights...
    [Client 7] Round 44 - Waiting for global weights...
Round 43 Evaluation - Accuracy: 0.8390, Loss: 0.4724

===== Round 44 =====
Broadcasting global model to all clients...
Waiting for model weights from client 1...
    [Client 6] Round 44 - Sending updated weights to server...
    [Client 3] Round 44 - Sending updated weights to server...
    [Client 8] Round 44 - Sending updated weights to server...
    [Client 7] Round 44 - Sending updated weights to server...
    [Client 5] Round 44 - Sending updated weights to server...
    [Client 10] Round 44 - Sending updated weights to server...
    [Client 4] Round 44 - Sending updated weights to server...
    [Client 1] Round 44 - Sending updated weights to server...
Received weights from client 1
Waiting for model weights from client 2...
    [Client 2] Round 44 - Sending updated weights to server...
Received weights from client 2
Waiting for model weights from client 3...
Received weights from client 3
Waiting for model weights from client 4...
Received weights from client 4
Waiting for model weights from client 5...
Received weights from client 5
Waiting for model weights from client 6...
Received weights from client 6
Waiting for model weights from client 7...
Received weights from client 7
Waiting for model weights from client 8...
Received weights from client 8
Waiting for model weights from client 9...
    [Client 9] Round 44 - Sending updated weights to server...
Received weights from client 9
Waiting for model weights from client 10...
Received weights from client 10
Received system metrics from client 1: {'cpu_time': 28.17000000178814, 'ram_used_mb': 10985.607168, 'net_sent_bytes': 14528, 'net_recv_bytes': 34740, 'gpu_mem_used_mb': 38991.0, 'gpu_load': 0.0, 'client_rank': 1, 'round': 44, 'timestamp': '2025-08-18 19:09:17', 'participated': 1, 'data_size': 1235, 'data_variance': 0.0631512776017189, 'local_loss': 0.26398053765296936, 'local_accuracy': 91.33602976799011, 'tn': -107, 'fp': 107, 'fn': 107, 'tp': 1128, 'precision': 0.9241714252040418, 'recall': 0.9101673941197316, 'f1': 0.9141895745702033, 'confusion_mean': 0.9101673941123577}
Received system metrics from client 2: {'cpu_time': 54.83999999985099, 'ram_used_mb': 11158.310912, 'net_sent_bytes': 35575, 'net_recv_bytes': 68265, 'gpu_mem_used_mb': 38987.0, 'gpu_load': 0.0, 'client_rank': 2, 'round': 44, 'timestamp': '2025-08-18 19:09:18', 'participated': 1, 'data_size': 13121, 'data_variance': 0.06358262151479721, 'local_loss': 0.3171854615211487, 'local_accuracy': 88.94901275634766, 'tn': -1451, 'fp': 1451, 'fn': 1451, 'tp': 11670, 'precision': 0.8934691399978751, 'recall': 0.8900133505355214, 'f1': 0.8884347745345377, 'confusion_mean': 0.8900133505348423}
Received system metrics from client 3: {'cpu_time': 143.3099999986589, 'ram_used_mb': 10997.620736, 'net_sent_bytes': 32482, 'net_recv_bytes': 37644, 'gpu_mem_used_mb': 38991.0, 'gpu_load': 0.0, 'client_rank': 3, 'round': 44, 'timestamp': '2025-08-18 19:09:19', 'participated': 1, 'data_size': 3484, 'data_variance': 0.0632089227437973, 'local_loss': 0.22928966581821442, 'local_accuracy': 92.56601333618164, 'tn': -260, 'fp': 260, 'fn': 260, 'tp': 3224, 'precision': 0.9277311140245279, 'recall': 0.9248431772102637, 'f1': 0.9252007949175575, 'confusion_mean': 0.9248431772076057}
Received system metrics from client 4: {'cpu_time': 79.67999999970198, 'ram_used_mb': 11051.692032, 'net_sent_bytes': 1134, 'net_recv_bytes': 33437, 'gpu_mem_used_mb': 38991.0, 'gpu_load': 0.01, 'client_rank': 4, 'round': 44, 'timestamp': '2025-08-18 19:09:18', 'participated': 1, 'data_size': 1277, 'data_variance': 0.06359560787677765, 'local_loss': 0.20538762211799622, 'local_accuracy': 93.65701079368591, 'tn': -81, 'fp': 81, 'fn': 81, 'tp': 1196, 'precision': 0.9396994746645966, 'recall': 0.9358179043913001, 'f1': 0.93684997263396, 'confusion_mean': 0.9358179043839329}
Received system metrics from client 5: {'cpu_time': 34.560000002384186, 'ram_used_mb': 11042.873344, 'net_sent_bytes': 68427, 'net_recv_bytes': 60486, 'gpu_mem_used_mb': 38991.0, 'gpu_load': 0.0, 'client_rank': 5, 'round': 44, 'timestamp': '2025-08-18 19:09:18', 'participated': 1, 'data_size': 1396, 'data_variance': 0.0641184002161026, 'local_loss': 0.1875755488872528, 'local_accuracy': 94.77077126502991, 'tn': -73, 'fp': 73, 'fn': 73, 'tp': 1323, 'precision': 0.9492099716815258, 'recall': 0.9483149858463527, 'f1': 0.9481715874936416, 'confusion_mean': 0.9483149858395341}
Received system metrics from client 6: {'cpu_time': 114.91999999945983, 'ram_used_mb': 8386.895872, 'net_sent_bytes': 61591, 'net_recv_bytes': 57916, 'gpu_mem_used_mb': 38963.0, 'gpu_load': 0.0, 'client_rank': 6, 'round': 44, 'timestamp': '2025-08-18 19:09:16', 'participated': 1, 'data_size': 160, 'data_variance': 0.06430966407060623, 'local_loss': 0.12423880398273468, 'local_accuracy': 97.50000238418579, 'tn': -4, 'fp': 4, 'fn': 4, 'tp': 156, 'precision': 0.9706060606060607, 'recall': 0.9755303030303031, 'f1': 0.9716684293940346, 'confusion_mean': 0.9755303029643997}
Received system metrics from client 7: {'cpu_time': 117.55000000447035, 'ram_used_mb': 10988.859392, 'net_sent_bytes': 1108, 'net_recv_bytes': 29028, 'gpu_mem_used_mb': 38989.0, 'gpu_load': 0.0, 'client_rank': 7, 'round': 44, 'timestamp': '2025-08-18 19:09:17', 'participated': 1, 'data_size': 1191, 'data_variance': 0.06395598500967026, 'local_loss': 0.26802438497543335, 'local_accuracy': 90.42820930480957, 'tn': -114, 'fp': 114, 'fn': 114, 'tp': 1077, 'precision': 0.9114197173695044, 'recall': 0.900677784337734, 'f1': 0.9011872890735798, 'confusion_mean': 0.9006777843301519}
Received system metrics from client 8: {'cpu_time': 28.68999999994412, 'ram_used_mb': 11343.699968, 'net_sent_bytes': 40301, 'net_recv_bytes': 46464, 'gpu_mem_used_mb': 38989.0, 'gpu_load': 0.0, 'client_rank': 8, 'round': 44, 'timestamp': '2025-08-18 19:09:19', 'participated': 1, 'data_size': 26307, 'data_variance': 0.0630842074751854, 'local_loss': 0.36361682415008545, 'local_accuracy': 87.18211650848389, 'tn': -3373, 'fp': 3373, 'fn': 3373, 'tp': 22934, 'precision': 0.8758517298378778, 'recall': 0.8717708441932508, 'f1': 0.8710880042234512, 'confusion_mean': 0.8717708441929194}
Received system metrics from client 9: {'cpu_time': 27.779999993741512, 'ram_used_mb': 8443.0848, 'net_sent_bytes': 3481, 'net_recv_bytes': 29506, 'gpu_mem_used_mb': 38961.0, 'gpu_load': 0.0, 'client_rank': 9, 'round': 44, 'timestamp': '2025-08-18 19:09:16', 'participated': 1, 'data_size': 2, 'data_variance': 0.04466967657208443, 'local_loss': 0.01215999387204647, 'local_accuracy': 100.0, 'tn': 0, 'fp': 0, 'fn': 0, 'tp': 2, 'precision': 1.0, 'recall': 1.0, 'f1': 1.0, 'confusion_mean': 0.9999999989999999}
Received system metrics from client 10: {'cpu_time': 88.49000000208616, 'ram_used_mb': 10951.102464, 'net_sent_bytes': 71716, 'net_recv_bytes': 78670, 'gpu_mem_used_mb': 38989.0, 'gpu_load': 0.0, 'client_rank': 10, 'round': 44, 'timestamp': '2025-08-18 19:09:18', 'participated': 1, 'data_size': 1827, 'data_variance': 0.06289092451334, 'local_loss': 0.19113551080226898, 'local_accuracy': 94.30760741233826, 'tn': -104, 'fp': 104, 'fn': 104, 'tp': 1723, 'precision': 0.9451427614339047, 'recall': 0.9431583185402097, 'f1': 0.9423336191814695, 'confusion_mean': 0.9431583185350227}
[selector] Round 44: participants used in averaging = 10/10
Averaging model weights...
Evaluating updated global model on test set...
    [Client 6] Round 45 - Selected, will train.
    [Client 6] Round 45 - Waiting for global weights...
    [Client 10] Round 45 - Selected, will train.
    [Client 10] Round 45 - Waiting for global weights...
    [Client 2] Round 45 - Selected, will train.
    [Client 2] Round 45 - Waiting for global weights...
    [Client 8] Round 45 - Selected, will train.
    [Client 4] Round 45 - Selected, will train.
    [Client 4] Round 45 - Waiting for global weights...
    [Client 8] Round 45 - Waiting for global weights...
    [Client 1] Round 45 - Selected, will train.
    [Client 1] Round 45 - Waiting for global weights...
    [Client 5] Round 45 - Selected, will train.
    [Client 7] Round 45 - Selected, will train.
    [Client 7] Round 45 - Waiting for global weights...
    [Client 9] Round 45 - Selected, will train.
    [Client 9] Round 45 - Waiting for global weights...
    [Client 5] Round 45 - Waiting for global weights...
    [Client 3] Round 45 - Selected, will train.
    [Client 3] Round 45 - Waiting for global weights...
Round 44 Evaluation - Accuracy: 0.8364, Loss: 0.4801

===== Round 45 =====
Broadcasting global model to all clients...
Waiting for model weights from client 1...
    [Client 6] Round 45 - Sending updated weights to server...
    [Client 1] Round 45 - Sending updated weights to server...
Received weights from client 1
Waiting for model weights from client 2...
    [Client 7] Round 45 - Sending updated weights to server...
    [Client 10] Round 45 - Sending updated weights to server...
    [Client 4] Round 45 - Sending updated weights to server...
    [Client 9] Round 45 - Sending updated weights to server...
    [Client 3] Round 45 - Sending updated weights to server...
Received weights from client 2
Waiting for model weights from client 3...
    [Client 5] Round 45 - Sending updated weights to server...
    [Client 2] Round 45 - Sending updated weights to server...
Received weights from client 3
Waiting for model weights from client 4...
Received weights from client 4
Waiting for model weights from client 5...
Received weights from client 5
Waiting for model weights from client 6...
Received weights from client 6
Waiting for model weights from client 7...
Received weights from client 7
Waiting for model weights from client 8...
    [Client 8] Round 45 - Sending updated weights to server...
Received weights from client 8
Waiting for model weights from client 9...
Received weights from client 9
Waiting for model weights from client 10...
Received weights from client 10
Received system metrics from client 1: {'cpu_time': 26.91000000014901, 'ram_used_mb': 11201.384448, 'net_sent_bytes': 32663, 'net_recv_bytes': 30903, 'gpu_mem_used_mb': 38991.0, 'gpu_load': 0.0, 'client_rank': 1, 'round': 45, 'timestamp': '2025-08-18 19:09:50', 'participated': 1, 'data_size': 1235, 'data_variance': 0.0631512776017189, 'local_loss': 0.2695541977882385, 'local_accuracy': 91.09311699867249, 'tn': -110, 'fp': 110, 'fn': 110, 'tp': 1125, 'precision': 0.9208449983760701, 'recall': 0.9072614173159771, 'f1': 0.9089582322333136, 'confusion_mean': 0.9072614173086311}
Received system metrics from client 2: {'cpu_time': 61.90000000037253, 'ram_used_mb': 11419.774976, 'net_sent_bytes': 33415, 'net_recv_bytes': 70393, 'gpu_mem_used_mb': 38989.0, 'gpu_load': 0.0, 'client_rank': 2, 'round': 45, 'timestamp': '2025-08-18 19:09:51', 'participated': 1, 'data_size': 13121, 'data_variance': 0.06358262151479721, 'local_loss': 0.29532891511917114, 'local_accuracy': 89.66541886329651, 'tn': -1356, 'fp': 1356, 'fn': 1356, 'tp': 11765, 'precision': 0.898651488099983, 'recall': 0.8970759925876648, 'f1': 0.8962726493329886, 'confusion_mean': 0.8970759925869803}
Received system metrics from client 3: {'cpu_time': 147.8100000023842, 'ram_used_mb': 11228.659712, 'net_sent_bytes': 32436, 'net_recv_bytes': 42510, 'gpu_mem_used_mb': 38993.0, 'gpu_load': 0.0, 'client_rank': 3, 'round': 45, 'timestamp': '2025-08-18 19:09:52', 'participated': 1, 'data_size': 3484, 'data_variance': 0.0632089227437973, 'local_loss': 0.19485978782176971, 'local_accuracy': 94.17336583137512, 'tn': -203, 'fp': 203, 'fn': 203, 'tp': 3281, 'precision': 0.941629201625673, 'recall': 0.9417435894952213, 'f1': 0.9410975465278222, 'confusion_mean': 0.9417435894925129}
Received system metrics from client 4: {'cpu_time': 77.65000000223517, 'ram_used_mb': 11288.326144, 'net_sent_bytes': 80892, 'net_recv_bytes': 69764, 'gpu_mem_used_mb': 38993.0, 'gpu_load': 0.0, 'client_rank': 4, 'round': 45, 'timestamp': '2025-08-18 19:09:50', 'participated': 1, 'data_size': 1277, 'data_variance': 0.06359560787677765, 'local_loss': 0.19801385700702667, 'local_accuracy': 94.04855370521545, 'tn': -76, 'fp': 76, 'fn': 76, 'tp': 1201, 'precision': 0.943318374297397, 'recall': 0.9392186687502232, 'f1': 0.940265225155518, 'confusion_mean': 0.9392186687428332}
Received system metrics from client 5: {'cpu_time': 33.41000000201166, 'ram_used_mb': 11249.659904, 'net_sent_bytes': 35403, 'net_recv_bytes': 36541, 'gpu_mem_used_mb': 38993.0, 'gpu_load': 0.0, 'client_rank': 5, 'round': 45, 'timestamp': '2025-08-18 19:09:50', 'participated': 1, 'data_size': 1396, 'data_variance': 0.0641184002161026, 'local_loss': 0.19335266947746277, 'local_accuracy': 94.26934123039246, 'tn': -80, 'fp': 80, 'fn': 80, 'tp': 1316, 'precision': 0.9444455915738332, 'recall': 0.9435387475783804, 'f1': 0.9434731011116689, 'confusion_mean': 0.9435387475715944}
Received system metrics from client 6: {'cpu_time': 91.3699999996461, 'ram_used_mb': 8530.763776, 'net_sent_bytes': 33302, 'net_recv_bytes': 21958, 'gpu_mem_used_mb': 38963.0, 'gpu_load': 0.0, 'client_rank': 6, 'round': 45, 'timestamp': '2025-08-18 19:09:48', 'participated': 1, 'data_size': 160, 'data_variance': 0.06430966407060623, 'local_loss': 0.11640868335962296, 'local_accuracy': 96.875, 'tn': -5, 'fp': 5, 'fn': 5, 'tp': 155, 'precision': 0.9617127799736496, 'recall': 0.9669191919191918, 'f1': 0.9630812592572731, 'confusion_mean': 0.9669191918542523}
Received system metrics from client 7: {'cpu_time': 115.47999999672174, 'ram_used_mb': 11206.852608, 'net_sent_bytes': 33103, 'net_recv_bytes': 30292, 'gpu_mem_used_mb': 38991.0, 'gpu_load': 0.0, 'client_rank': 7, 'round': 45, 'timestamp': '2025-08-18 19:09:50', 'participated': 1, 'data_size': 1191, 'data_variance': 0.06395598500967026, 'local_loss': 0.2672472894191742, 'local_accuracy': 91.43576622009277, 'tn': -102, 'fp': 102, 'fn': 102, 'tp': 1089, 'precision': 0.9144868596821769, 'recall': 0.9108593210713387, 'f1': 0.910247582373436, 'confusion_mean': 0.9108593210636695}
Received system metrics from client 8: {'cpu_time': 26.62999999988824, 'ram_used_mb': 11585.24928, 'net_sent_bytes': 40687, 'net_recv_bytes': 50955, 'gpu_mem_used_mb': 38989.0, 'gpu_load': 0.0, 'client_rank': 8, 'round': 45, 'timestamp': '2025-08-18 19:09:52', 'participated': 1, 'data_size': 26307, 'data_variance': 0.0630842074751854, 'local_loss': 0.4247620403766632, 'local_accuracy': 85.19785404205322, 'tn': -3894, 'fp': 3894, 'fn': 3894, 'tp': 22413, 'precision': 0.859228282332386, 'recall': 0.852352781172869, 'f1': 0.8518959542967833, 'confusion_mean': 0.8523527811725448}
Received system metrics from client 9: {'cpu_time': 22.03999999910593, 'ram_used_mb': 8583.18848, 'net_sent_bytes': 29869, 'net_recv_bytes': 48622, 'gpu_mem_used_mb': 38961.0, 'gpu_load': 0.0, 'client_rank': 9, 'round': 45, 'timestamp': '2025-08-18 19:09:47', 'participated': 1, 'data_size': 2, 'data_variance': 0.04466967657208443, 'local_loss': 0.0028940958436578512, 'local_accuracy': 100.0, 'tn': 0, 'fp': 0, 'fn': 0, 'tp': 2, 'precision': 1.0, 'recall': 1.0, 'f1': 1.0, 'confusion_mean': 0.9999999989999999}
Received system metrics from client 10: {'cpu_time': 86.78999999910593, 'ram_used_mb': 11162.054656, 'net_sent_bytes': 31580, 'net_recv_bytes': 68498, 'gpu_mem_used_mb': 38989.0, 'gpu_load': 0.0, 'client_rank': 10, 'round': 45, 'timestamp': '2025-08-18 19:09:50', 'participated': 1, 'data_size': 1827, 'data_variance': 0.06289092451334, 'local_loss': 0.2576267123222351, 'local_accuracy': 91.0235345363617, 'tn': -164, 'fp': 164, 'fn': 164, 'tp': 1663, 'precision': 0.9211401182102941, 'recall': 0.9075322456632391, 'f1': 0.9096664642867285, 'confusion_mean': 0.9075322456582647}
[selector] Round 45: participants used in averaging = 10/10
Averaging model weights...
Evaluating updated global model on test set...
    [Client 1] Round 46 - Selected, will train.
    [Client 1] Round 46 - Waiting for global weights...
    [Client 9] Round 46 - Selected, will train.
    [Client 9] Round 46 - Waiting for global weights...
    [Client 5] Round 46 - Selected, will train.
    [Client 5] Round 46 - Waiting for global weights...
    [Client 2] Round 46 - Selected, will train.
    [Client 2] Round 46 - Waiting for global weights...
    [Client 6] Round 46 - Selected, will train.
    [Client 6] Round 46 - Waiting for global weights...
    [Client 10] Round 46 - Selected, will train.
    [Client 10] Round 46 - Waiting for global weights...
    [Client 4] Round 46 - Selected, will train.
    [Client 4] Round 46 - Waiting for global weights...
    [Client 8] Round 46 - Selected, will train.
    [Client 8] Round 46 - Waiting for global weights...
    [Client 7] Round 46 - Selected, will train.
    [Client 3] Round 46 - Selected, will train.
    [Client 3] Round 46 - Waiting for global weights...
    [Client 7] Round 46 - Waiting for global weights...
Round 45 Evaluation - Accuracy: 0.8432, Loss: 0.4669

===== Round 46 =====
Broadcasting global model to all clients...
Waiting for model weights from client 1...
    [Client 6] Round 46 - Sending updated weights to server...
    [Client 9] Round 46 - Sending updated weights to server...
    [Client 8] Round 46 - Sending updated weights to server...
    [Client 1] Round 46 - Sending updated weights to server...
Received weights from client 1
Waiting for model weights from client 2...
    [Client 10] Round 46 - Sending updated weights to server...
    [Client 3] Round 46 - Sending updated weights to server...
    [Client 2] Round 46 - Sending updated weights to server...
Received weights from client 2
Waiting for model weights from client 3...
Received weights from client 3
Waiting for model weights from client 4...
    [Client 4] Round 46 - Sending updated weights to server...
Received weights from client 4
Waiting for model weights from client 5...
    [Client 5] Round 46 - Sending updated weights to server...
Received weights from client 5
Waiting for model weights from client 6...
Received weights from client 6
Waiting for model weights from client 7...
    [Client 7] Round 46 - Sending updated weights to server...
Received weights from client 7
Waiting for model weights from client 8...
Received weights from client 8
Waiting for model weights from client 9...
Received weights from client 9
Waiting for model weights from client 10...
Received weights from client 10
Received system metrics from client 1: {'cpu_time': 27.090000001713634, 'ram_used_mb': 11382.157312, 'net_sent_bytes': 210, 'net_recv_bytes': 28242, 'gpu_mem_used_mb': 38993.0, 'gpu_load': 0.0, 'client_rank': 1, 'round': 46, 'timestamp': '2025-08-18 19:10:04', 'participated': 1, 'data_size': 1235, 'data_variance': 0.0631512776017189, 'local_loss': 0.1597282439470291, 'local_accuracy': 95.38461565971375, 'tn': -57, 'fp': 57, 'fn': 57, 'tp': 1178, 'precision': 0.9542981908123714, 'recall': 0.9523495880536931, 'f1': 0.9527845089495134, 'confusion_mean': 0.9523495880459624}
Received system metrics from client 2: {'cpu_time': 60.83999999985099, 'ram_used_mb': 11611.045888, 'net_sent_bytes': 73411, 'net_recv_bytes': 83538, 'gpu_mem_used_mb': 38991.0, 'gpu_load': 0.0, 'client_rank': 2, 'round': 46, 'timestamp': '2025-08-18 19:10:05', 'participated': 1, 'data_size': 13121, 'data_variance': 0.06358262151479721, 'local_loss': 0.35250386595726013, 'local_accuracy': 87.63051629066467, 'tn': -1624, 'fp': 1624, 'fn': 1624, 'tp': 11497, 'precision': 0.8808601417814547, 'recall': 0.8762986956279691, 'f1': 0.8754464161180305, 'confusion_mean': 0.8762986956273011}
Received system metrics from client 3: {'cpu_time': 149.5299999974668, 'ram_used_mb': 11402.522624, 'net_sent_bytes': 43062, 'net_recv_bytes': 59070, 'gpu_mem_used_mb': 38993.0, 'gpu_load': 0.0, 'client_rank': 3, 'round': 46, 'timestamp': '2025-08-18 19:10:06', 'participated': 1, 'data_size': 3484, 'data_variance': 0.0632089227437973, 'local_loss': 0.2398507446050644, 'local_accuracy': 91.79104566574097, 'tn': -286, 'fp': 286, 'fn': 286, 'tp': 3198, 'precision': 0.922302285335976, 'recall': 0.9166164167238412, 'f1': 0.917258116372474, 'confusion_mean': 0.9166164167212092}
Received system metrics from client 4: {'cpu_time': 81.84999999776483, 'ram_used_mb': 11497.033728, 'net_sent_bytes': 32901, 'net_recv_bytes': 33718, 'gpu_mem_used_mb': 38995.0, 'gpu_load': 0.0, 'client_rank': 4, 'round': 46, 'timestamp': '2025-08-18 19:10:05', 'participated': 1, 'data_size': 1277, 'data_variance': 0.06359560787677765, 'local_loss': 0.170679971575737, 'local_accuracy': 95.53641080856323, 'tn': -57, 'fp': 57, 'fn': 57, 'tp': 1220, 'precision': 0.956610171452747, 'recall': 0.9571454835937313, 'f1': 0.9561820268587425, 'confusion_mean': 0.9571454835861772}
Received system metrics from client 5: {'cpu_time': 33.580000000074506, 'ram_used_mb': 11485.712384, 'net_sent_bytes': 20611, 'net_recv_bytes': 50510, 'gpu_mem_used_mb': 38993.0, 'gpu_load': 0.0, 'client_rank': 5, 'round': 46, 'timestamp': '2025-08-18 19:10:04', 'participated': 1, 'data_size': 1396, 'data_variance': 0.0641184002161026, 'local_loss': 0.24988821148872375, 'local_accuracy': 91.33237600326538, 'tn': -121, 'fp': 121, 'fn': 121, 'tp': 1275, 'precision': 0.9210582068067519, 'recall': 0.912915701458761, 'f1': 0.9146482279381594, 'confusion_mean': 0.9129157014522049}
Received system metrics from client 6: {'cpu_time': 91.95000000018626, 'ram_used_mb': 8667.869184, 'net_sent_bytes': 11827, 'net_recv_bytes': 25076, 'gpu_mem_used_mb': 38965.0, 'gpu_load': 0.0, 'client_rank': 6, 'round': 46, 'timestamp': '2025-08-18 19:10:02', 'participated': 1, 'data_size': 160, 'data_variance': 0.06430966407060623, 'local_loss': 0.12965843081474304, 'local_accuracy': 98.1249988079071, 'tn': -3, 'fp': 3, 'fn': 3, 'tp': 157, 'precision': 0.9751515151515152, 'recall': 0.985, 'f1': 0.9787556221889055, 'confusion_mean': 0.9849999999332372}
Received system metrics from client 7: {'cpu_time': 116.96000000089407, 'ram_used_mb': 11427.479552, 'net_sent_bytes': 29504, 'net_recv_bytes': 56763, 'gpu_mem_used_mb': 38993.0, 'gpu_load': 0.0, 'client_rank': 7, 'round': 46, 'timestamp': '2025-08-18 19:10:04', 'participated': 1, 'data_size': 1191, 'data_variance': 0.06395598500967026, 'local_loss': 0.21184423565864563, 'local_accuracy': 93.95465850830078, 'tn': -72, 'fp': 72, 'fn': 72, 'tp': 1119, 'precision': 0.9392915517864173, 'recall': 0.937191537304573, 'f1': 0.936915251761449, 'confusion_mean': 0.9371915372966712}
Received system metrics from client 8: {'cpu_time': 29.760000000009313, 'ram_used_mb': 11754.061824, 'net_sent_bytes': 10495, 'net_recv_bytes': 44885, 'gpu_mem_used_mb': 38991.0, 'gpu_load': 0.0, 'client_rank': 8, 'round': 46, 'timestamp': '2025-08-18 19:10:06', 'participated': 1, 'data_size': 26307, 'data_variance': 0.0630842074751854, 'local_loss': 0.3833999037742615, 'local_accuracy': 86.71836256980896, 'tn': -3493, 'fp': 3493, 'fn': 3493, 'tp': 22814, 'precision': 0.8743249630095484, 'recall': 0.8678601580281169, 'f1': 0.8665464452395375, 'confusion_mean': 0.8678601580277869}
Received system metrics from client 9: {'cpu_time': 21.390000000596046, 'ram_used_mb': 8740.179968, 'net_sent_bytes': 34723, 'net_recv_bytes': 21970, 'gpu_mem_used_mb': 38963.0, 'gpu_load': 0.0, 'client_rank': 9, 'round': 46, 'timestamp': '2025-08-18 19:10:01', 'participated': 1, 'data_size': 2, 'data_variance': 0.04466967657208443, 'local_loss': 0.02103310450911522, 'local_accuracy': 100.0, 'tn': 0, 'fp': 0, 'fn': 0, 'tp': 2, 'precision': 1.0, 'recall': 1.0, 'f1': 1.0, 'confusion_mean': 0.9999999989999999}
Received system metrics from client 10: {'cpu_time': 86.57000000029802, 'ram_used_mb': 11371.229184, 'net_sent_bytes': 136582, 'net_recv_bytes': 108570, 'gpu_mem_used_mb': 38991.0, 'gpu_load': 0.0, 'client_rank': 10, 'round': 46, 'timestamp': '2025-08-18 19:10:04', 'participated': 1, 'data_size': 1827, 'data_variance': 0.06289092451334, 'local_loss': 0.15542566776275635, 'local_accuracy': 95.4023003578186, 'tn': -83, 'fp': 83, 'fn': 83, 'tp': 1744, 'precision': 0.9560220405371606, 'recall': 0.9535827596521177, 'f1': 0.9535593714627307, 'confusion_mean': 0.9535827596468804}
[selector] Round 46: participants used in averaging = 10/10
Averaging model weights...
Evaluating updated global model on test set...
    [Client 1] Round 47 - Selected, will train.
    [Client 1] Round 47 - Waiting for global weights...
    [Client 5] Round 47 - Selected, will train.
    [Client 5] Round 47 - Waiting for global weights...
    [Client 9] Round 47 - Selected, will train.
    [Client 9] Round 47 - Waiting for global weights...
    [Client 2] Round 47 - Selected, will train.
    [Client 2] Round 47 - Waiting for global weights...
    [Client 6] Round 47 - Selected, will train.
    [Client 6] Round 47 - Waiting for global weights...
    [Client 8] Round 47 - Selected, will train.
    [Client 4] Round 47 - Selected, will train.
    [Client 4] Round 47 - Waiting for global weights...
    [Client 10] Round 47 - Selected, will train.
    [Client 10] Round 47 - Waiting for global weights...
    [Client 8] Round 47 - Waiting for global weights...
    [Client 7] Round 47 - Selected, will train.
    [Client 7] Round 47 - Waiting for global weights...
    [Client 3] Round 47 - Selected, will train.
    [Client 3] Round 47 - Waiting for global weights...
Round 46 Evaluation - Accuracy: 0.8411, Loss: 0.4701

===== Round 47 =====
Broadcasting global model to all clients...
Waiting for model weights from client 1...
    [Client 6] Round 47 - Sending updated weights to server...
    [Client 1] Round 47 - Sending updated weights to server...
Received weights from client 1
Waiting for model weights from client 2...
    [Client 9] Round 47 - Sending updated weights to server...
    [Client 5] Round 47 - Sending updated weights to server...
    [Client 3] Round 47 - Sending updated weights to server...
    [Client 7] Round 47 - Sending updated weights to server...
    [Client 2] Round 47 - Sending updated weights to server...
Received weights from client 2
Waiting for model weights from client 3...
Received weights from client 3
Waiting for model weights from client 4...
    [Client 4] Round 47 - Sending updated weights to server...
Received weights from client 4
Waiting for model weights from client 5...
Received weights from client 5
Waiting for model weights from client 6...
Received weights from client 6
Waiting for model weights from client 7...
Received weights from client 7
Waiting for model weights from client 8...
    [Client 10] Round 47 - Sending updated weights to server...
    [Client 8] Round 47 - Sending updated weights to server...
Received weights from client 8
Waiting for model weights from client 9...
Received weights from client 9
Waiting for model weights from client 10...
Received weights from client 10
Received system metrics from client 1: {'cpu_time': 28.309999998658895, 'ram_used_mb': 11630.882816, 'net_sent_bytes': 69445, 'net_recv_bytes': 43146, 'gpu_mem_used_mb': 38995.0, 'gpu_load': 0.0, 'client_rank': 1, 'round': 47, 'timestamp': '2025-08-18 19:10:22', 'participated': 1, 'data_size': 1235, 'data_variance': 0.0631512776017189, 'local_loss': 0.285788893699646, 'local_accuracy': 90.52631855010986, 'tn': -117, 'fp': 117, 'fn': 117, 'tp': 1118, 'precision': 0.9182009622875148, 'recall': 0.9018801102957555, 'f1': 0.9041774957388314, 'confusion_mean': 0.9018801102884512}
Received system metrics from client 2: {'cpu_time': 61.66000000014901, 'ram_used_mb': 11834.908672, 'net_sent_bytes': 64056, 'net_recv_bytes': 94956, 'gpu_mem_used_mb': 38991.0, 'gpu_load': 0.0, 'client_rank': 2, 'round': 47, 'timestamp': '2025-08-18 19:10:23', 'participated': 1, 'data_size': 13121, 'data_variance': 0.06358262151479721, 'local_loss': 0.3009140193462372, 'local_accuracy': 89.74925875663757, 'tn': -1344, 'fp': 1344, 'fn': 1344, 'tp': 11777, 'precision': 0.8995895591428209, 'recall': 0.8982498571918918, 'f1': 0.8969707848016665, 'confusion_mean': 0.8982498571912062}
Received system metrics from client 3: {'cpu_time': 130.66999999806285, 'ram_used_mb': 11667.050496, 'net_sent_bytes': 47585, 'net_recv_bytes': 45142, 'gpu_mem_used_mb': 38995.0, 'gpu_load': 0.0, 'client_rank': 3, 'round': 47, 'timestamp': '2025-08-18 19:10:24', 'participated': 1, 'data_size': 3484, 'data_variance': 0.0632089227437973, 'local_loss': 0.17614634335041046, 'local_accuracy': 94.46039199829102, 'tn': -193, 'fp': 193, 'fn': 193, 'tp': 3291, 'precision': 0.9443816556798798, 'recall': 0.9441148513878973, 'f1': 0.9441637873525082, 'confusion_mean': 0.9441148513851838}
Received system metrics from client 4: {'cpu_time': 81.48000000044703, 'ram_used_mb': 11707.129856, 'net_sent_bytes': 56452, 'net_recv_bytes': 57069, 'gpu_mem_used_mb': 38995.0, 'gpu_load': 0.0, 'client_rank': 4, 'round': 47, 'timestamp': '2025-08-18 19:10:22', 'participated': 1, 'data_size': 1277, 'data_variance': 0.06359560787677765, 'local_loss': 0.1722070276737213, 'local_accuracy': 96.1628794670105, 'tn': -49, 'fp': 49, 'fn': 49, 'tp': 1228, 'precision': 0.9625106885775703, 'recall': 0.9620727629999566, 'f1': 0.9621000158920561, 'confusion_mean': 0.9620727629923731}
Received system metrics from client 5: {'cpu_time': 33.18999999947846, 'ram_used_mb': 11720.474624, 'net_sent_bytes': 62441, 'net_recv_bytes': 59041, 'gpu_mem_used_mb': 38995.0, 'gpu_load': 0.0, 'client_rank': 5, 'round': 47, 'timestamp': '2025-08-18 19:10:22', 'participated': 1, 'data_size': 1396, 'data_variance': 0.0641184002161026, 'local_loss': 0.1958354115486145, 'local_accuracy': 94.26934123039246, 'tn': -80, 'fp': 80, 'fn': 80, 'tp': 1316, 'precision': 0.9444445638310146, 'recall': 0.9430988231966424, 'f1': 0.9429529521318564, 'confusion_mean': 0.9430988231898627}
Received system metrics from client 6: {'cpu_time': 89.72999999998137, 'ram_used_mb': 8835.85024, 'net_sent_bytes': 60899, 'net_recv_bytes': 49904, 'gpu_mem_used_mb': 38965.0, 'gpu_load': 0.04, 'client_rank': 6, 'round': 47, 'timestamp': '2025-08-18 19:10:19', 'participated': 1, 'data_size': 160, 'data_variance': 0.06430966407060623, 'local_loss': 0.12732228636741638, 'local_accuracy': 96.24999761581421, 'tn': -6, 'fp': 6, 'fn': 6, 'tp': 154, 'precision': 0.9564935064935065, 'recall': 0.9647005772005771, 'f1': 0.9596160361377752, 'confusion_mean': 0.964700577135495}
Received system metrics from client 7: {'cpu_time': 115.77000000327826, 'ram_used_mb': 11619.889152, 'net_sent_bytes': 86913, 'net_recv_bytes': 51082, 'gpu_mem_used_mb': 38993.0, 'gpu_load': 0.0, 'client_rank': 7, 'round': 47, 'timestamp': '2025-08-18 19:10:22', 'participated': 1, 'data_size': 1191, 'data_variance': 0.06395598500967026, 'local_loss': 0.23203806579113007, 'local_accuracy': 93.11503171920776, 'tn': -82, 'fp': 82, 'fn': 82, 'tp': 1109, 'precision': 0.9337845174827428, 'recall': 0.9283337518248788, 'f1': 0.9299136132712439, 'confusion_mean': 0.9283337518170562}
Received system metrics from client 8: {'cpu_time': 25.62999999988824, 'ram_used_mb': 11983.720448, 'net_sent_bytes': 39775, 'net_recv_bytes': 44397, 'gpu_mem_used_mb': 38993.0, 'gpu_load': 0.0, 'client_rank': 8, 'round': 47, 'timestamp': '2025-08-18 19:10:24', 'participated': 1, 'data_size': 26307, 'data_variance': 0.0630842074751854, 'local_loss': 0.36691388487815857, 'local_accuracy': 87.28475570678711, 'tn': -3345, 'fp': 3345, 'fn': 3345, 'tp': 22962, 'precision': 0.8730025803089946, 'recall': 0.8732710688975562, 'f1': 0.8716907126935418, 'confusion_mean': 0.8732710688972241}
Received system metrics from client 9: {'cpu_time': 22.270000003278255, 'ram_used_mb': 8900.763648, 'net_sent_bytes': 3472, 'net_recv_bytes': 24830, 'gpu_mem_used_mb': 38963.0, 'gpu_load': 0.0, 'client_rank': 9, 'round': 47, 'timestamp': '2025-08-18 19:10:19', 'participated': 1, 'data_size': 2, 'data_variance': 0.04466967657208443, 'local_loss': 0.01364305429160595, 'local_accuracy': 100.0, 'tn': 0, 'fp': 0, 'fn': 0, 'tp': 2, 'precision': 1.0, 'recall': 1.0, 'f1': 1.0, 'confusion_mean': 0.9999999989999999}
Received system metrics from client 10: {'cpu_time': 84.27000000327826, 'ram_used_mb': 11578.687488, 'net_sent_bytes': 35170, 'net_recv_bytes': 64899, 'gpu_mem_used_mb': 38993.0, 'gpu_load': 0.0, 'client_rank': 10, 'round': 47, 'timestamp': '2025-08-18 19:10:22', 'participated': 1, 'data_size': 1827, 'data_variance': 0.06289092451334, 'local_loss': 0.14435021579265594, 'local_accuracy': 96.38752341270447, 'tn': -66, 'fp': 66, 'fn': 66, 'tp': 1761, 'precision': 0.9636579038906431, 'recall': 0.963794481701067, 'f1': 0.9631629330254468, 'confusion_mean': 0.9637944816957678}
[selector] Round 47: participants used in averaging = 10/10
Averaging model weights...
Evaluating updated global model on test set...
    [Client 5] Round 48 - Selected, will train.
    [Client 5] Round 48 - Waiting for global weights...
    [Client 1] Round 48 - Selected, will train.
    [Client 1] Round 48 - Waiting for global weights...
    [Client 9] Round 48 - Selected, will train.
    [Client 9] Round 48 - Waiting for global weights...
    [Client 2] Round 48 - Selected, will train.
    [Client 2] Round 48 - Waiting for global weights...
    [Client 6] Round 48 - Selected, will train.
    [Client 6] Round 48 - Waiting for global weights...
    [Client 10] Round 48 - Selected, will train.
    [Client 10] Round 48 - Waiting for global weights...
    [Client 4] Round 48 - Selected, will train.
    [Client 4] Round 48 - Waiting for global weights...
    [Client 8] Round 48 - Selected, will train.
    [Client 8] Round 48 - Waiting for global weights...
    [Client 7] Round 48 - Selected, will train.
    [Client 7] Round 48 - Waiting for global weights...
    [Client 3] Round 48 - Selected, will train.
    [Client 3] Round 48 - Waiting for global weights...
Round 47 Evaluation - Accuracy: 0.8444, Loss: 0.4589

===== Round 48 =====
Broadcasting global model to all clients...
Waiting for model weights from client 1...
    [Client 6] Round 48 - Sending updated weights to server...
    [Client 9] Round 48 - Sending updated weights to server...
    [Client 1] Round 48 - Sending updated weights to server...
Received weights from client 1
Waiting for model weights from client 2...
    [Client 10] Round 48 - Sending updated weights to server...
    [Client 4] Round 48 - Sending updated weights to server...
    [Client 5] Round 48 - Sending updated weights to server...
    [Client 2] Round 48 - Sending updated weights to server...
Received weights from client 2
Waiting for model weights from client 3...
    [Client 8] Round 48 - Sending updated weights to server...
    [Client 7] Round 48 - Sending updated weights to server...
    [Client 3] Round 48 - Sending updated weights to server...
Received weights from client 3
Waiting for model weights from client 4...
Received weights from client 4
Waiting for model weights from client 5...
Received weights from client 5
Waiting for model weights from client 6...
Received weights from client 6
Waiting for model weights from client 7...
Received weights from client 7
Waiting for model weights from client 8...
Received weights from client 8
Waiting for model weights from client 9...
Received weights from client 9
Waiting for model weights from client 10...
Received weights from client 10
Received system metrics from client 1: {'cpu_time': 28.709999999031425, 'ram_used_mb': 11866.243072, 'net_sent_bytes': 43351, 'net_recv_bytes': 48273, 'gpu_mem_used_mb': 38995.0, 'gpu_load': 0.0, 'client_rank': 1, 'round': 48, 'timestamp': '2025-08-18 19:10:36', 'participated': 1, 'data_size': 1235, 'data_variance': 0.0631512776017189, 'local_loss': 0.1583274006843567, 'local_accuracy': 95.38461565971375, 'tn': -57, 'fp': 57, 'fn': 57, 'tp': 1178, 'precision': 0.9533453539519694, 'recall': 0.9519839866540192, 'f1': 0.9521536998573741, 'confusion_mean': 0.9519839866462947}
Received system metrics from client 2: {'cpu_time': 61.59999999962747, 'ram_used_mb': 12094.03392, 'net_sent_bytes': 148433, 'net_recv_bytes': 93145, 'gpu_mem_used_mb': 38993.0, 'gpu_load': 0.0, 'client_rank': 2, 'round': 48, 'timestamp': '2025-08-18 19:10:37', 'participated': 1, 'data_size': 13121, 'data_variance': 0.06358262151479721, 'local_loss': 0.33154281973838806, 'local_accuracy': 88.57556581497192, 'tn': -1499, 'fp': 1499, 'fn': 1499, 'tp': 11622, 'precision': 0.889832234109045, 'recall': 0.8856433040911321, 'f1': 0.8851414246995306, 'confusion_mean': 0.885643304090457}
Received system metrics from client 3: {'cpu_time': 145.85999999940395, 'ram_used_mb': 11886.596096, 'net_sent_bytes': 39190, 'net_recv_bytes': 55957, 'gpu_mem_used_mb': 38997.0, 'gpu_load': 0.0, 'client_rank': 3, 'round': 48, 'timestamp': '2025-08-18 19:10:38', 'participated': 1, 'data_size': 3484, 'data_variance': 0.0632089227437973, 'local_loss': 0.23842370510101318, 'local_accuracy': 91.64752960205078, 'tn': -291, 'fp': 291, 'fn': 291, 'tp': 3193, 'precision': 0.9214499697567018, 'recall': 0.9155167944935011, 'f1': 0.9157005490155411, 'confusion_mean': 0.9155167944908712}
Received system metrics from client 4: {'cpu_time': 83.23000000044703, 'ram_used_mb': 11936.210944, 'net_sent_bytes': 35119, 'net_recv_bytes': 35035, 'gpu_mem_used_mb': 38997.0, 'gpu_load': 0.0, 'client_rank': 4, 'round': 48, 'timestamp': '2025-08-18 19:10:37', 'participated': 1, 'data_size': 1277, 'data_variance': 0.06359560787677765, 'local_loss': 0.2236756831407547, 'local_accuracy': 92.95223355293274, 'tn': -90, 'fp': 90, 'fn': 90, 'tp': 1187, 'precision': 0.9339391705869489, 'recall': 0.9321397531292576, 'f1': 0.9307748913528975, 'confusion_mean': 0.9321397531218943}
Received system metrics from client 5: {'cpu_time': 33.119999999180436, 'ram_used_mb': 11960.50432, 'net_sent_bytes': 45388, 'net_recv_bytes': 49911, 'gpu_mem_used_mb': 38995.0, 'gpu_load': 0.0, 'client_rank': 5, 'round': 48, 'timestamp': '2025-08-18 19:10:36', 'participated': 1, 'data_size': 1396, 'data_variance': 0.0641184002161026, 'local_loss': 0.2216850221157074, 'local_accuracy': 92.90831089019775, 'tn': -99, 'fp': 99, 'fn': 99, 'tp': 1297, 'precision': 0.9348292609078028, 'recall': 0.9290761620148086, 'f1': 0.9304166135341616, 'confusion_mean': 0.9290761620081328}
Received system metrics from client 6: {'cpu_time': 69.38999999966472, 'ram_used_mb': 8996.696064, 'net_sent_bytes': 2203, 'net_recv_bytes': 23405, 'gpu_mem_used_mb': 38965.0, 'gpu_load': 0.0, 'client_rank': 6, 'round': 48, 'timestamp': '2025-08-18 19:10:34', 'participated': 1, 'data_size': 160, 'data_variance': 0.06430966407060623, 'local_loss': 0.1171843409538269, 'local_accuracy': 97.50000238418579, 'tn': -4, 'fp': 4, 'fn': 4, 'tp': 156, 'precision': 0.9684848484848485, 'recall': 0.9755303030303031, 'f1': 0.9704400266820714, 'confusion_mean': 0.9755303029643997}
Received system metrics from client 7: {'cpu_time': 115.54999999701977, 'ram_used_mb': 11869.274112, 'net_sent_bytes': 536, 'net_recv_bytes': 29962, 'gpu_mem_used_mb': 38995.0, 'gpu_load': 0.0, 'client_rank': 7, 'round': 48, 'timestamp': '2025-08-18 19:10:36', 'participated': 1, 'data_size': 1191, 'data_variance': 0.06395598500967026, 'local_loss': 0.20822951197624207, 'local_accuracy': 94.03862357139587, 'tn': -71, 'fp': 71, 'fn': 71, 'tp': 1120, 'precision': 0.9412575167074573, 'recall': 0.9367333575714895, 'f1': 0.9369662297432845, 'confusion_mean': 0.936733357563605}
Received system metrics from client 8: {'cpu_time': 25.56000000005588, 'ram_used_mb': 12238.761984, 'net_sent_bytes': 10229, 'net_recv_bytes': 47440, 'gpu_mem_used_mb': 38993.0, 'gpu_load': 0.0, 'client_rank': 8, 'round': 48, 'timestamp': '2025-08-18 19:10:38', 'participated': 1, 'data_size': 26307, 'data_variance': 0.0630842074751854, 'local_loss': 0.338016539812088, 'local_accuracy': 88.38332295417786, 'tn': -3056, 'fp': 3056, 'fn': 3056, 'tp': 23251, 'precision': 0.884422528874713, 'recall': 0.8840892559564237, 'f1': 0.8831005883088545, 'confusion_mean': 0.8840892559560874}
Received system metrics from client 9: {'cpu_time': 21.489999994635582, 'ram_used_mb': 9071.439872, 'net_sent_bytes': 71179, 'net_recv_bytes': 40408, 'gpu_mem_used_mb': 38963.0, 'gpu_load': 0.0, 'client_rank': 9, 'round': 48, 'timestamp': '2025-08-18 19:10:34', 'participated': 1, 'data_size': 2, 'data_variance': 0.04466967657208443, 'local_loss': 0.002887176815420389, 'local_accuracy': 100.0, 'tn': 0, 'fp': 0, 'fn': 0, 'tp': 2, 'precision': 1.0, 'recall': 1.0, 'f1': 1.0, 'confusion_mean': 0.9999999989999999}
Received system metrics from client 10: {'cpu_time': 85.14999999850988, 'ram_used_mb': 11826.036736, 'net_sent_bytes': 127915, 'net_recv_bytes': 86900, 'gpu_mem_used_mb': 38993.0, 'gpu_load': 0.0, 'client_rank': 10, 'round': 48, 'timestamp': '2025-08-18 19:10:36', 'participated': 1, 'data_size': 1827, 'data_variance': 0.06289092451334, 'local_loss': 0.18305552005767822, 'local_accuracy': 94.74548697471619, 'tn': -96, 'fp': 96, 'fn': 96, 'tp': 1731, 'precision': 0.9493647759138222, 'recall': 0.9460660801840618, 'f1': 0.9462348480784591, 'confusion_mean': 0.9460660801788675}
[selector] Round 48: participants used in averaging = 10/10
Averaging model weights...
Evaluating updated global model on test set...
    [Client 1] Round 49 - Selected, will train.
    [Client 1] Round 49 - Waiting for global weights...
    [Client 5] Round 49 - Selected, will train.
    [Client 5] Round 49 - Waiting for global weights...
    [Client 9] Round 49 - Selected, will train.
    [Client 9] Round 49 - Waiting for global weights...
    [Client 2] Round 49 - Selected, will train.
    [Client 2] Round 49 - Waiting for global weights...
    [Client 8] Round 49 - Selected, will train.
    [Client 6] Round 49 - Selected, will train.
    [Client 6] Round 49 - Waiting for global weights...
    [Client 4] Round 49 - Selected, will train.
    [Client 4] Round 49 - Waiting for global weights...
    [Client 10] Round 49 - Selected, will train.
    [Client 10] Round 49 - Waiting for global weights...
    [Client 8] Round 49 - Waiting for global weights...
    [Client 7] Round 49 - Selected, will train.
    [Client 3] Round 49 - Selected, will train.
    [Client 3] Round 49 - Waiting for global weights...
    [Client 7] Round 49 - Waiting for global weights...
Round 48 Evaluation - Accuracy: 0.8418, Loss: 0.4685

===== Round 49 =====
Broadcasting global model to all clients...
Waiting for model weights from client 1...
    [Client 6] Round 49 - Sending updated weights to server...
    [Client 1] Round 49 - Sending updated weights to server...
Received weights from client 1
Waiting for model weights from client 2...
    [Client 9] Round 49 - Sending updated weights to server...
    [Client 7] Round 49 - Sending updated weights to server...
    [Client 10] Round 49 - Sending updated weights to server...
    [Client 2] Round 49 - Sending updated weights to server...
Received weights from client 2
Waiting for model weights from client 3...
    [Client 3] Round 49 - Sending updated weights to server...
Received weights from client 3
Waiting for model weights from client 4...
    [Client 8] Round 49 - Sending updated weights to server...
    [Client 5] Round 49 - Sending updated weights to server...
    [Client 4] Round 49 - Sending updated weights to server...
Received weights from client 4
Waiting for model weights from client 5...
Received weights from client 5
Waiting for model weights from client 6...
Received weights from client 6
Waiting for model weights from client 7...
Received weights from client 7
Waiting for model weights from client 8...
Received weights from client 8
Waiting for model weights from client 9...
Received weights from client 9
Waiting for model weights from client 10...
Received weights from client 10
Received system metrics from client 1: {'cpu_time': 20.030000001192093, 'ram_used_mb': 12070.309888, 'net_sent_bytes': 33249, 'net_recv_bytes': 35448, 'gpu_mem_used_mb': 38997.0, 'gpu_load': 0.0, 'client_rank': 1, 'round': 49, 'timestamp': '2025-08-18 19:11:48', 'participated': 1, 'data_size': 1235, 'data_variance': 0.0631512776017189, 'local_loss': 0.17826230823993683, 'local_accuracy': 94.89878416061401, 'tn': -64, 'fp': 64, 'fn': 64, 'tp': 1171, 'precision': 0.9507836078781734, 'recall': 0.9469746472734073, 'f1': 0.9465176403845831, 'confusion_mean': 0.9469746472657175}
Received system metrics from client 2: {'cpu_time': 77.26999999955297, 'ram_used_mb': 11974.873088, 'net_sent_bytes': 42142, 'net_recv_bytes': 87334, 'gpu_mem_used_mb': 38993.0, 'gpu_load': 0.0, 'client_rank': 2, 'round': 49, 'timestamp': '2025-08-18 19:11:51', 'participated': 1, 'data_size': 13121, 'data_variance': 0.06358262151479721, 'local_loss': 0.36850011348724365, 'local_accuracy': 87.3485267162323, 'tn': -1659, 'fp': 1659, 'fn': 1659, 'tp': 11462, 'precision': 0.8771931094057358, 'recall': 0.873127622019191, 'f1': 0.8729593349394278, 'confusion_mean': 0.8731276220185255}
Received system metrics from client 3: {'cpu_time': 131.07999999821186, 'ram_used_mb': 11855.511552, 'net_sent_bytes': 76937, 'net_recv_bytes': 85719, 'gpu_mem_used_mb': 38997.0, 'gpu_load': 0.0, 'client_rank': 3, 'round': 49, 'timestamp': '2025-08-18 19:11:52', 'participated': 1, 'data_size': 3484, 'data_variance': 0.0632089227437973, 'local_loss': 0.1979290246963501, 'local_accuracy': 94.00115013122559, 'tn': -209, 'fp': 209, 'fn': 209, 'tp': 3275, 'precision': 0.940325463804057, 'recall': 0.9398676910607001, 'f1': 0.9396617150239445, 'confusion_mean': 0.939867691057998}
Received system metrics from client 4: {'cpu_time': 83.53999999910593, 'ram_used_mb': 12139.352064, 'net_sent_bytes': 1634, 'net_recv_bytes': 36143, 'gpu_mem_used_mb': 38999.0, 'gpu_load': 0.01, 'client_rank': 4, 'round': 49, 'timestamp': '2025-08-18 19:11:49', 'participated': 1, 'data_size': 1277, 'data_variance': 0.06359560787677765, 'local_loss': 0.17865614593029022, 'local_accuracy': 94.20517086982727, 'tn': -74, 'fp': 74, 'fn': 74, 'tp': 1203, 'precision': 0.9450562349769223, 'recall': 0.9426367343768703, 'f1': 0.9430057891612937, 'confusion_mean': 0.9426367343694382}
Received system metrics from client 5: {'cpu_time': 33.07000000216067, 'ram_used_mb': 12159.42656, 'net_sent_bytes': 32692, 'net_recv_bytes': 30981, 'gpu_mem_used_mb': 38997.0, 'gpu_load': 0.0, 'client_rank': 5, 'round': 49, 'timestamp': '2025-08-18 19:11:48', 'participated': 1, 'data_size': 1396, 'data_variance': 0.0641184002161026, 'local_loss': 0.2181423157453537, 'local_accuracy': 93.4097409248352, 'tn': -92, 'fp': 92, 'fn': 92, 'tp': 1304, 'precision': 0.9401496607014934, 'recall': 0.9338047279641396, 'f1': 0.9346263735846284, 'confusion_mean': 0.9338047279574319}
Received system metrics from client 6: {'cpu_time': 92.77999999979511, 'ram_used_mb': 9170.194432, 'net_sent_bytes': 35061, 'net_recv_bytes': 24087, 'gpu_mem_used_mb': 38967.0, 'gpu_load': 0.0, 'client_rank': 6, 'round': 49, 'timestamp': '2025-08-18 19:11:46', 'participated': 1, 'data_size': 160, 'data_variance': 0.06430966407060623, 'local_loss': 0.10189788043498993, 'local_accuracy': 97.50000238418579, 'tn': -4, 'fp': 4, 'fn': 4, 'tp': 156, 'precision': 0.9724999999999999, 'recall': 0.9755303030303031, 'f1': 0.9731378616951358, 'confusion_mean': 0.9755303029643997}
Received system metrics from client 7: {'cpu_time': 117.12000000476837, 'ram_used_mb': 12068.581376, 'net_sent_bytes': 73431, 'net_recv_bytes': 47668, 'gpu_mem_used_mb': 38997.0, 'gpu_load': 0.0, 'client_rank': 7, 'round': 49, 'timestamp': '2025-08-18 19:11:48', 'participated': 1, 'data_size': 1191, 'data_variance': 0.06395598500967026, 'local_loss': 0.14998973906040192, 'local_accuracy': 96.1376965045929, 'tn': -46, 'fp': 46, 'fn': 46, 'tp': 1145, 'precision': 0.9598156021806451, 'recall': 0.9595495623601284, 'f1': 0.9593140875086597, 'confusion_mean': 0.9595495623520354}
Received system metrics from client 8: {'cpu_time': 30.109999999869615, 'ram_used_mb': 12170.399744, 'net_sent_bytes': 80066, 'net_recv_bytes': 73147, 'gpu_mem_used_mb': 38995.0, 'gpu_load': 0.0, 'client_rank': 8, 'round': 49, 'timestamp': '2025-08-18 19:11:52', 'participated': 1, 'data_size': 26307, 'data_variance': 0.0630842074751854, 'local_loss': 0.44535714387893677, 'local_accuracy': 84.55163836479187, 'tn': -4063, 'fp': 4063, 'fn': 4063, 'tp': 22244, 'precision': 0.8586828153025742, 'recall': 0.8454115904494094, 'f1': 0.8452010718160498, 'confusion_mean': 0.845411590449088}
Received system metrics from client 9: {'cpu_time': 21.62000000476837, 'ram_used_mb': 9229.991936, 'net_sent_bytes': 2568, 'net_recv_bytes': 21954, 'gpu_mem_used_mb': 38965.0, 'gpu_load': 0.0, 'client_rank': 9, 'round': 49, 'timestamp': '2025-08-18 19:11:45', 'participated': 1, 'data_size': 2, 'data_variance': 0.04466967657208443, 'local_loss': 0.0025335950776934624, 'local_accuracy': 100.0, 'tn': 0, 'fp': 0, 'fn': 0, 'tp': 2, 'precision': 1.0, 'recall': 1.0, 'f1': 1.0, 'confusion_mean': 0.9999999989999999}
Received system metrics from client 10: {'cpu_time': 83.51999999582767, 'ram_used_mb': 12052.422656, 'net_sent_bytes': 33033, 'net_recv_bytes': 65899, 'gpu_mem_used_mb': 38995.0, 'gpu_load': 0.0, 'client_rank': 10, 'round': 49, 'timestamp': '2025-08-18 19:11:48', 'participated': 1, 'data_size': 1827, 'data_variance': 0.06289092451334, 'local_loss': 0.1372910887002945, 'local_accuracy': 95.94964385032654, 'tn': -74, 'fp': 74, 'fn': 74, 'tp': 1753, 'precision': 0.9619835200856481, 'recall': 0.9593132003859106, 'f1': 0.9590348816150136, 'confusion_mean': 0.9593132003806367}
[selector] Round 49: participants used in averaging = 10/10
Averaging model weights...
Evaluating updated global model on test set...
    [Client 1] Round 50 - Selected, will train.
    [Client 9] Round 50 - Selected, will train.
    [Client 5] Round 50 - Selected, will train.
    [Client 9] Round 50 - Waiting for global weights...
    [Client 5] Round 50 - Waiting for global weights...
    [Client 1] Round 50 - Waiting for global weights...
    [Client 8] Round 50 - Selected, will train.
    [Client 6] Round 50 - Selected, will train.
    [Client 6] Round 50 - Waiting for global weights...
    [Client 4] Round 50 - Selected, will train.
    [Client 4] Round 50 - Waiting for global weights...
    [Client 2] Round 50 - Selected, will train.
    [Client 8] Round 50 - Waiting for global weights...
    [Client 2] Round 50 - Waiting for global weights...
    [Client 10] Round 50 - Selected, will train.
    [Client 10] Round 50 - Waiting for global weights...
    [Client 7] Round 50 - Selected, will train.
    [Client 3] Round 50 - Selected, will train.
    [Client 3] Round 50 - Waiting for global weights...
    [Client 7] Round 50 - Waiting for global weights...
Round 49 Evaluation - Accuracy: 0.8492, Loss: 0.4548

===== Round 50 =====
Broadcasting global model to all clients...
Waiting for model weights from client 1...
    [Client 6] Round 50 - Sending updated weights to server...
    [Client 9] Round 50 - Sending updated weights to server...
    [Client 1] Round 50 - Sending updated weights to server...
Received weights from client 1
Waiting for model weights from client 2...
    [Client 4] Round 50 - Sending updated weights to server...
    [Client 5] Round 50 - Sending updated weights to server...
    [Client 3] Round 50 - Sending updated weights to server...
    [Client 2] Round 50 - Sending updated weights to server...
Received weights from client 2
Waiting for model weights from client 3...
Received weights from client 3
Waiting for model weights from client 4...
Received weights from client 4
Waiting for model weights from client 5...
Received weights from client 5
Waiting for model weights from client 6...
Received weights from client 6
Waiting for model weights from client 7...
    [Client 7] Round 50 - Sending updated weights to server...
Received weights from client 7
Waiting for model weights from client 8...
    [Client 8] Round 50 - Sending updated weights to server...
Received weights from client 8
Waiting for model weights from client 9...
Received weights from client 9
Waiting for model weights from client 10...
    [Client 10] Round 50 - Sending updated weights to server...
Received weights from client 10
Received system metrics from client 1: {'cpu_time': 19.009999999776483, 'ram_used_mb': 12018.294784, 'net_sent_bytes': 63534, 'net_recv_bytes': 75429, 'gpu_mem_used_mb': 38997.0, 'gpu_load': 0.0, 'client_rank': 1, 'round': 50, 'timestamp': '2025-08-18 19:13:09', 'participated': 1, 'data_size': 1235, 'data_variance': 0.0631512776017189, 'local_loss': 0.13092991709709167, 'local_accuracy': 96.84210419654846, 'tn': -39, 'fp': 39, 'fn': 39, 'tp': 1196, 'precision': 0.9674488345328414, 'recall': 0.9670379321798885, 'f1': 0.9671491779852477, 'confusion_mean': 0.9670379321720375}
Received system metrics from client 2: {'cpu_time': 61.57000000029802, 'ram_used_mb': 12231.245824, 'net_sent_bytes': 69279, 'net_recv_bytes': 72881, 'gpu_mem_used_mb': 38995.0, 'gpu_load': 0.0, 'client_rank': 2, 'round': 50, 'timestamp': '2025-08-18 19:13:10', 'participated': 1, 'data_size': 13121, 'data_variance': 0.06358262151479721, 'local_loss': 0.24753697216510773, 'local_accuracy': 91.95183515548706, 'tn': -1056, 'fp': 1056, 'fn': 1056, 'tp': 12065, 'precision': 0.9203208069576932, 'recall': 0.9199421236053327, 'f1': 0.9196772918606113, 'confusion_mean': 0.9199421236046309}
Received system metrics from client 3: {'cpu_time': 123.4700000025332, 'ram_used_mb': 12030.60736, 'net_sent_bytes': 26861, 'net_recv_bytes': 46830, 'gpu_mem_used_mb': 38999.0, 'gpu_load': 0.0, 'client_rank': 3, 'round': 50, 'timestamp': '2025-08-18 19:13:11', 'participated': 1, 'data_size': 3484, 'data_variance': 0.0632089227437973, 'local_loss': 0.17771752178668976, 'local_accuracy': 94.43168640136719, 'tn': -194, 'fp': 194, 'fn': 194, 'tp': 3290, 'precision': 0.9449159886915173, 'recall': 0.9441961692743245, 'f1': 0.9440488440066028, 'confusion_mean': 0.9441961692716097}
Received system metrics from client 4: {'cpu_time': 76.19999999925494, 'ram_used_mb': 12114.440192, 'net_sent_bytes': 33455, 'net_recv_bytes': 31112, 'gpu_mem_used_mb': 38999.0, 'gpu_load': 0.0, 'client_rank': 4, 'round': 50, 'timestamp': '2025-08-18 19:13:10', 'participated': 1, 'data_size': 1277, 'data_variance': 0.06359560787677765, 'local_loss': 0.14445583522319794, 'local_accuracy': 95.77133655548096, 'tn': -54, 'fp': 54, 'fn': 54, 'tp': 1223, 'precision': 0.958780221758721, 'recall': 0.9584824159976968, 'f1': 0.9583319811425778, 'confusion_mean': 0.9584824159901393}
Received system metrics from client 5: {'cpu_time': 34.21000000089407, 'ram_used_mb': 12106.940416, 'net_sent_bytes': 45047, 'net_recv_bytes': 53203, 'gpu_mem_used_mb': 38999.0, 'gpu_load': 0.0, 'client_rank': 5, 'round': 50, 'timestamp': '2025-08-18 19:13:10', 'participated': 1, 'data_size': 1396, 'data_variance': 0.0641184002161026, 'local_loss': 0.20833761990070343, 'local_accuracy': 94.41260695457458, 'tn': -78, 'fp': 78, 'fn': 78, 'tp': 1318, 'precision': 0.9484931925174964, 'recall': 0.9436096308515104, 'f1': 0.9447167701557552, 'confusion_mean': 0.9436096308447341}
Received system metrics from client 6: {'cpu_time': 91.0800000000745, 'ram_used_mb': 9322.25024, 'net_sent_bytes': 128, 'net_recv_bytes': 20807, 'gpu_mem_used_mb': 38967.0, 'gpu_load': 0.0, 'client_rank': 6, 'round': 50, 'timestamp': '2025-08-18 19:13:07', 'participated': 1, 'data_size': 160, 'data_variance': 0.06430966407060623, 'local_loss': 0.08309312164783478, 'local_accuracy': 98.7500011920929, 'tn': -2, 'fp': 2, 'fn': 2, 'tp': 158, 'precision': 0.9833333333333334, 'recall': 0.9912878787878789, 'f1': 0.9868353252733773, 'confusion_mean': 0.9912878787207046}
Received system metrics from client 7: {'cpu_time': 118.98999999463558, 'ram_used_mb': 12018.679808, 'net_sent_bytes': 30679, 'net_recv_bytes': 61888, 'gpu_mem_used_mb': 38997.0, 'gpu_load': 0.0, 'client_rank': 7, 'round': 50, 'timestamp': '2025-08-18 19:13:09', 'participated': 1, 'data_size': 1191, 'data_variance': 0.06395598500967026, 'local_loss': 0.15264977514743805, 'local_accuracy': 96.05373740196228, 'tn': -47, 'fp': 47, 'fn': 47, 'tp': 1144, 'precision': 0.9591352408608593, 'recall': 0.9580893035439118, 'f1': 0.9581804280813462, 'confusion_mean': 0.9580893035358361}
Received system metrics from client 8: {'cpu_time': 46.06999999983236, 'ram_used_mb': 12415.827968, 'net_sent_bytes': 51522, 'net_recv_bytes': 68407, 'gpu_mem_used_mb': 38995.0, 'gpu_load': 0.0, 'client_rank': 8, 'round': 50, 'timestamp': '2025-08-18 19:13:11', 'participated': 1, 'data_size': 26307, 'data_variance': 0.0630842074751854, 'local_loss': 0.35919496417045593, 'local_accuracy': 87.47861981391907, 'tn': -3294, 'fp': 3294, 'fn': 3294, 'tp': 23013, 'precision': 0.8821681430461654, 'recall': 0.8747895086988638, 'f1': 0.8752437821614999, 'confusion_mean': 0.8747895086985311}
Received system metrics from client 9: {'cpu_time': 21.530000001192093, 'ram_used_mb': 9386.942464, 'net_sent_bytes': 40477, 'net_recv_bytes': 40728, 'gpu_mem_used_mb': 38965.0, 'gpu_load': 0.0, 'client_rank': 9, 'round': 50, 'timestamp': '2025-08-18 19:13:07', 'participated': 1, 'data_size': 2, 'data_variance': 0.04466967657208443, 'local_loss': 0.004111387301236391, 'local_accuracy': 100.0, 'tn': 0, 'fp': 0, 'fn': 0, 'tp': 2, 'precision': 1.0, 'recall': 1.0, 'f1': 1.0, 'confusion_mean': 0.9999999989999999}
Received system metrics from client 10: {'cpu_time': 90.99000000208616, 'ram_used_mb': 12007.227392, 'net_sent_bytes': 63924, 'net_recv_bytes': 61241, 'gpu_mem_used_mb': 38995.0, 'gpu_load': 0.0, 'client_rank': 10, 'round': 50, 'timestamp': '2025-08-18 19:13:10', 'participated': 1, 'data_size': 1827, 'data_variance': 0.06289092451334, 'local_loss': 0.15587776899337769, 'local_accuracy': 95.62123417854309, 'tn': -81, 'fp': 81, 'fn': 81, 'tp': 1746, 'precision': 0.9567407733810457, 'recall': 0.9550450955702837, 'f1': 0.9546020933853626, 'confusion_mean': 0.9550450955650358}
[selector] Round 50: participants used in averaging = 10/10
    [Client 10] Training complete. Waiting for others...
    [Client 10] Exiting.
    [Client 6] Training complete. Waiting for others...
    [Client 6] Exiting.
    [Client 8] Training complete. Waiting for others...
    [Client 8] Exiting.
    [Client 2] Training complete. Waiting for others...
    [Client 2] Exiting.
    [Client 4] Training complete. Waiting for others...
    [Client 1] Training complete. Waiting for others...
    [Client 1] Exiting.
    [Client 7] Training complete. Waiting for others...
    [Client 7] Exiting.
    [Client 5] Training complete. Waiting for others...
    [Client 9] Training complete. Waiting for others...
    [Client 3] Training complete. Waiting for others...
    [Client 4] Exiting.
    [Client 5] Exiting.
    [Client 9] Exiting.
    [Client 3] Exiting.
Averaging model weights...
Evaluating updated global model on test set...
Round 50 Evaluation - Accuracy: 0.8456, Loss: 0.4497

=== Federated Training Complete ===
Generating training metrics plot...
Wrote: Data/logs/clients_stats_normalized.csv
Wrote: Data/logs/clients_system_normalized.csv
Wrote tidy CSV: Data/logs/confusion_csv/normalized/confusion_matrices_tidy.csv
Normalized matrices under: Data/logs/confusion_csv/normalized
[postprocess] ERROR: 'client_rank'
[1755559086.507162] [ng10708:1494294:0]       tag_match.c:62   UCX  WARN  unexpected tag-receive descriptor 0x556ff08b9c00 was not matched
[1755559086.507173] [ng10708:1494294:0]       tag_match.c:62   UCX  WARN  unexpected tag-receive descriptor 0x15028bdf8a52 was not matched
