[job] CWD=/lustre07/scratch/aymenoml/system-utility-cifar10
[job] Found Model/mlp_client_selector.h5
=== Federated Server Started ===
[server] CWD = /lustre07/scratch/aymenoml/system-utility-cifar10
Total processes: 11 (1 server + 10 clients)

    [Client 9] Initializing...
    [Client 9] Starting on host: ng30705
    [Client 7] Initializing...
    [Client 7] Starting on host: ng30701
    [Client 1] Initializing...
    [Client 1] Starting on host: ng10802
    [Client 10] Initializing...
    [Client 10] Starting on host: ng30711
    [Client 4] Initializing...
    [Client 4] Starting on host: ng20301
    [Client 5] Initializing...
    [Client 5] Starting on host: ng20303
Loading data from .npy files...
Loading data from .npy files...
Loading data from .npy files...
Loading data from .npy files...
Loading data from .npy files...
Loading data from .npy files...
    [Client 3] Initializing...
    [Client 3] Starting on host: ng20203
Loading data from .npy files...
Loading data from .npy files...
    [Client 2] Initializing...
    [Client 2] Starting on host: ng11106
Loading data from .npy files...
    [Client 8] Initializing...
    [Client 8] Starting on host: ng30704
    [Client 6] Initializing...
    [Client 6] Starting on host: ng30603
Training set: (50000, 32, 32, 3), Labels: (50000, 1)
Test set:     (10000, 32, 32, 3), Labels: (10000, 1)
Training set: (50000, 32, 32, 3), Labels: (50000, 1)
Test set:     (10000, 32, 32, 3), Labels: (10000, 1)
Training set: (50000, 32, 32, 3), Labels: (50000, 1)
Test set:     (10000, 32, 32, 3), Labels: (10000, 1)
Training set: (50000, 32, 32, 3), Labels: (50000, 1)
Test set:     (10000, 32, 32, 3), Labels: (10000, 1)
Training set: (50000, 32, 32, 3), Labels: (50000, 1)
Test set:     (10000, 32, 32, 3), Labels: (10000, 1)
Training set: (50000, 32, 32, 3), Labels: (50000, 1)
Test set:     (10000, 32, 32, 3), Labels: (10000, 1)
[Client 1] Generated proportions: [0.09847331 0.28172766 0.01180175 0.16841152 0.20510917 0.02912759
 0.09004366 0.020869   0.09194202 0.00249431]
[Client 1] Assigned 4923 samples (from 0 to 4923)
Training set: (50000, 32, 32, 3), Labels: (50000, 1)
Test set:     (10000, 32, 32, 3), Labels: (10000, 1)
[Client 3] Assigned 590 samples (from 19010 to 19600)
[Client 9] Assigned 4597 samples (from 45278 to 49875)
[Client 7] Assigned 4502 samples (from 39732 to 44234)
[Client 5] Assigned 10256 samples (from 28020 to 38276)
Training set: (50000, 32, 32, 3), Labels: (50000, 1)
Test set:     (10000, 32, 32, 3), Labels: (10000, 1)
[Client 2] Assigned 14087 samples (from 4923 to 19010)
[Client 4] Assigned 8420 samples (from 19600 to 28020)
Loading data from .npy files...
Loading data from .npy files...
Training set: (50000, 32, 32, 3), Labels: (50000, 1)
Test set:     (10000, 32, 32, 3), Labels: (10000, 1)
[Client 8] Assigned 1044 samples (from 44234 to 45278)
Training set: (50000, 32, 32, 3), Labels: (50000, 1)
Test set:     (10000, 32, 32, 3), Labels: (10000, 1)
[Client 10] Assigned 124 samples (from 49875 to 49999)
[Client 6] Assigned 1456 samples (from 38276 to 39732)
Training set: (50000, 32, 32, 3), Labels: (50000, 10)
Test set:     (10000, 32, 32, 3), Labels: (10000, 10)
[selector] Loaded MLP (threshold=0.5)
[selector] ENFORCE = True

===== Round 1 =====
Broadcasting global model to all clients...
    [Client 7] Round 1 - Waiting for global weights...
    [Client 3] Round 1 - Waiting for global weights...
    [Client 1] Round 1 - Waiting for global weights...
    [Client 8] Round 1 - Waiting for global weights...
    [Client 5] Round 1 - Waiting for global weights...
    [Client 9] Round 1 - Waiting for global weights...
    [Client 2] Round 1 - Waiting for global weights...
    [Client 10] Round 1 - Waiting for global weights...
    [Client 4] Round 1 - Waiting for global weights...
    [Client 6] Round 1 - Waiting for global weights...
Waiting for model weights from client 1...
    [Client 1] Round 1 - Training on local data...
    [Client 2] Round 1 - Training on local data...
    [Client 7] Round 1 - Training on local data...
    [Client 9] Round 1 - Training on local data...
    [Client 4] Round 1 - Training on local data...
    [Client 3] Round 1 - Training on local data...
    [Client 6] Round 1 - Training on local data...
    [Client 8] Round 1 - Training on local data...
    [Client 5] Round 1 - Training on local data...
    [Client 10] Round 1 - Training on local data...
    [Client 10] Round 1 - Sending updated weights to server...
    [Client 1] Round 1 - Sending updated weights to server...
Received weights from client 1
Waiting for model weights from client 2...
    [Client 7] Round 1 - Sending updated weights to server...
    [Client 9] Round 1 - Sending updated weights to server...
    [Client 4] Round 1 - Sending updated weights to server...
    [Client 5] Round 1 - Sending updated weights to server...
    [Client 2] Round 1 - Sending updated weights to server...
Received weights from client 2
Waiting for model weights from client 3...
    [Client 6] Round 1 - Sending updated weights to server...
    [Client 8] Round 1 - Sending updated weights to server...
    [Client 3] Round 1 - Sending updated weights to server...
Received weights from client 3
Waiting for model weights from client 4...
Received weights from client 4
Waiting for model weights from client 5...
Received weights from client 5
Waiting for model weights from client 6...
Received weights from client 6
Waiting for model weights from client 7...
Received weights from client 7
Waiting for model weights from client 8...
Received weights from client 8
Waiting for model weights from client 9...
Received weights from client 9
Waiting for model weights from client 10...
Received weights from client 10
Received system metrics from client 1: {'cpu_time': 48.49999999906868, 'ram_used_mb': 2896.03584, 'net_sent_bytes': 5734, 'net_recv_bytes': 49246, 'gpu_mem_used_mb': 38937.0, 'gpu_load': 0.0, 'client_rank': 1, 'round': 1, 'timestamp': '2025-08-18 11:37:20', 'participated': 1, 'data_size': 4923, 'data_variance': 0.06380366533994675, 'local_loss': 2.597478151321411, 'local_accuracy': 19.622181355953217, 'tn': -3957, 'fp': 3957, 'fn': 3957, 'tp': 966, 'precision': 0.18295194114511215, 'recall': 0.19088882927516684, 'f1': 0.14172588816626902}
Received system metrics from client 2: {'cpu_time': 67.28999999910593, 'ram_used_mb': 3089.604608, 'net_sent_bytes': 36055, 'net_recv_bytes': 47766, 'gpu_mem_used_mb': 38937.0, 'gpu_load': 0.0, 'client_rank': 2, 'round': 1, 'timestamp': '2025-08-18 11:37:21', 'participated': 1, 'data_size': 14087, 'data_variance': 0.0633707344532013, 'local_loss': 1.65404212474823, 'local_accuracy': 39.52580392360687, 'tn': -8520, 'fp': 8520, 'fn': 8520, 'tp': 5567, 'precision': 0.5163586502505944, 'recall': 0.3977421325146828, 'f1': 0.3809761161320366}
Received system metrics from client 3: {'cpu_time': 59.57000000402331, 'ram_used_mb': 2855.079936, 'net_sent_bytes': 3879, 'net_recv_bytes': 42954, 'gpu_mem_used_mb': 38937.0, 'gpu_load': 0.0, 'client_rank': 3, 'round': 1, 'timestamp': '2025-08-18 11:37:20', 'participated': 1, 'data_size': 590, 'data_variance': 0.06486573070287704, 'local_loss': 2.2486627101898193, 'local_accuracy': 15.084746479988098, 'tn': -501, 'fp': 501, 'fn': 501, 'tp': 89, 'precision': 0.19752259792802732, 'recall': 0.15324776178271507, 'f1': 0.11587012955434009}
Received system metrics from client 4: {'cpu_time': 164.7199999988079, 'ram_used_mb': 2988.843008, 'net_sent_bytes': 26714, 'net_recv_bytes': 48951, 'gpu_mem_used_mb': 38937.0, 'gpu_load': 0.0, 'client_rank': 4, 'round': 1, 'timestamp': '2025-08-18 11:37:21', 'participated': 1, 'data_size': 8420, 'data_variance': 0.06345649808645248, 'local_loss': 2.371699094772339, 'local_accuracy': 26.235154271125793, 'tn': -6210, 'fp': 6210, 'fn': 6210, 'tp': 2210, 'precision': 0.42522866202906595, 'recall': 0.26595342584973586, 'f1': 0.2003796891074147}
Received system metrics from client 5: {'cpu_time': 127.32999999821186, 'ram_used_mb': 3038.871552, 'net_sent_bytes': 99883, 'net_recv_bytes': 66151, 'gpu_mem_used_mb': 38937.0, 'gpu_load': 0.0, 'client_rank': 5, 'round': 1, 'timestamp': '2025-08-18 11:37:21', 'participated': 1, 'data_size': 10256, 'data_variance': 0.06330867111682892, 'local_loss': 2.0775091648101807, 'local_accuracy': 26.36505365371704, 'tn': -7553, 'fp': 7553, 'fn': 7553, 'tp': 2703, 'precision': 0.4601669904975722, 'recall': 0.26300430656469165, 'f1': 0.21181451847222704}
Received system metrics from client 6: {'cpu_time': 62.63000000268221, 'ram_used_mb': 2882.945024, 'net_sent_bytes': 140175, 'net_recv_bytes': 157736, 'gpu_mem_used_mb': 38937.0, 'gpu_load': 0.0, 'client_rank': 6, 'round': 1, 'timestamp': '2025-08-18 11:37:20', 'participated': 1, 'data_size': 1456, 'data_variance': 0.061793986707925797, 'local_loss': 2.268049716949463, 'local_accuracy': 19.574175775051117, 'tn': -1171, 'fp': 1171, 'fn': 1171, 'tp': 285, 'precision': 0.1892767525924255, 'recall': 0.1824325516456006, 'f1': 0.13595942857003804}
Received system metrics from client 7: {'cpu_time': 47.33999999985099, 'ram_used_mb': 2948.923392, 'net_sent_bytes': 61451, 'net_recv_bytes': 68633, 'gpu_mem_used_mb': 38937.0, 'gpu_load': 0.0, 'client_rank': 7, 'round': 1, 'timestamp': '2025-08-18 11:37:20', 'participated': 1, 'data_size': 4502, 'data_variance': 0.06294825673103333, 'local_loss': 2.8656039237976074, 'local_accuracy': 17.792092263698578, 'tn': -3701, 'fp': 3701, 'fn': 3701, 'tp': 801, 'precision': 0.16320257820685585, 'recall': 0.1811489720489282, 'f1': 0.10034072307885118}
Received system metrics from client 8: {'cpu_time': 185.57000000029802, 'ram_used_mb': 2848.555008, 'net_sent_bytes': 33864, 'net_recv_bytes': 46659, 'gpu_mem_used_mb': 38937.0, 'gpu_load': 0.0, 'client_rank': 8, 'round': 1, 'timestamp': '2025-08-18 11:37:20', 'participated': 1, 'data_size': 1044, 'data_variance': 0.06484082341194153, 'local_loss': 2.262511968612671, 'local_accuracy': 16.187739372253418, 'tn': -875, 'fp': 875, 'fn': 875, 'tp': 169, 'precision': 0.16996787260724955, 'recall': 0.14917870947115228, 'f1': 0.11293248884823759}
Received system metrics from client 9: {'cpu_time': 61.610000006854534, 'ram_used_mb': 2949.443584, 'net_sent_bytes': 150822, 'net_recv_bytes': 131088, 'gpu_mem_used_mb': 38937.0, 'gpu_load': 0.0, 'client_rank': 9, 'round': 1, 'timestamp': '2025-08-18 11:37:20', 'participated': 1, 'data_size': 4597, 'data_variance': 0.062255386263132095, 'local_loss': 2.7530181407928467, 'local_accuracy': 17.598433792591095, 'tn': -3788, 'fp': 3788, 'fn': 3788, 'tp': 809, 'precision': 0.2509817443740373, 'recall': 0.17386730847038998, 'f1': 0.11404143384379313}
Received system metrics from client 10: {'cpu_time': 61.57000000029802, 'ram_used_mb': 2857.394176, 'net_sent_bytes': 109951, 'net_recv_bytes': 152095, 'gpu_mem_used_mb': 38937.0, 'gpu_load': 0.0, 'client_rank': 10, 'round': 1, 'timestamp': '2025-08-18 11:37:20', 'participated': 1, 'data_size': 124, 'data_variance': 0.06624379754066467, 'local_loss': 3.158764600753784, 'local_accuracy': 11.290322244167328, 'tn': -110, 'fp': 110, 'fn': 110, 'tp': 14, 'precision': 0.031746031746031744, 'recall': 0.11948051948051948, 'f1': 0.04224137931034483}
[selector] ERROR at round 1: can only concatenate list (not "dict") to list
[selector] Round 1: participants used in averaging = 10/10
Averaging model weights...
Evaluating updated global model on test set...
    [Client 2] Round 2 - Waiting for global weights...
    [Client 4] Round 2 - Waiting for global weights...
    [Client 3] Round 2 - Waiting for global weights...
    [Client 1] Round 2 - Waiting for global weights...
    [Client 7] Round 2 - Waiting for global weights...
    [Client 8] Round 2 - Waiting for global weights...
    [Client 6] Round 2 - Waiting for global weights...
    [Client 10] Round 2 - Waiting for global weights...
    [Client 9] Round 2 - Waiting for global weights...
    [Client 5] Round 2 - Waiting for global weights...
Round 1 Evaluation - Accuracy: 0.1095, Loss: 2.6486

===== Round 2 =====
Broadcasting global model to all clients...
Waiting for model weights from client 1...
    [Client 4] Round 2 - Training on local data...
    [Client 3] Round 2 - Training on local data...
    [Client 10] Round 2 - Training on local data...
    [Client 7] Round 2 - Training on local data...
    [Client 5] Round 2 - Training on local data...
    [Client 2] Round 2 - Training on local data...
    [Client 6] Round 2 - Training on local data...
    [Client 9] Round 2 - Training on local data...
    [Client 8] Round 2 - Training on local data...
    [Client 1] Round 2 - Training on local data...
    [Client 3] Round 2 - Sending updated weights to server...
    [Client 9] Round 2 - Sending updated weights to server...
    [Client 10] Round 2 - Sending updated weights to server...
    [Client 7] Round 2 - Sending updated weights to server...
    [Client 4] Round 2 - Sending updated weights to server...
    [Client 1] Round 2 - Sending updated weights to server...
Received weights from client 1
Waiting for model weights from client 2...
    [Client 8] Round 2 - Sending updated weights to server...
    [Client 5] Round 2 - Sending updated weights to server...
    [Client 6] Round 2 - Sending updated weights to server...
    [Client 2] Round 2 - Sending updated weights to server...
Received weights from client 2
Waiting for model weights from client 3...
Received weights from client 3
Waiting for model weights from client 4...
Received weights from client 4
Waiting for model weights from client 5...
Received weights from client 5
Waiting for model weights from client 6...
Received weights from client 6
Waiting for model weights from client 7...
Received weights from client 7
Waiting for model weights from client 8...
Received weights from client 8
Waiting for model weights from client 9...
Received weights from client 9
Waiting for model weights from client 10...
Received weights from client 10
Received system metrics from client 1: {'cpu_time': 33.93999999947846, 'ram_used_mb': 3129.266176, 'net_sent_bytes': 40538, 'net_recv_bytes': 54843, 'gpu_mem_used_mb': 38939.0, 'gpu_load': 0.0, 'client_rank': 1, 'round': 2, 'timestamp': '2025-08-18 11:38:05', 'participated': 1, 'data_size': 4923, 'data_variance': 0.06380366533994675, 'local_loss': 2.868211030960083, 'local_accuracy': 18.565915524959564, 'tn': -4010, 'fp': 4010, 'fn': 4010, 'tp': 913, 'precision': 0.5103385015851342, 'recall': 0.17859724811157143, 'f1': 0.09642683754860114}
Received system metrics from client 2: {'cpu_time': 50.58999999985099, 'ram_used_mb': 3324.8256, 'net_sent_bytes': 44090, 'net_recv_bytes': 59964, 'gpu_mem_used_mb': 38939.0, 'gpu_load': 0.0, 'client_rank': 2, 'round': 2, 'timestamp': '2025-08-18 11:38:06', 'participated': 1, 'data_size': 14087, 'data_variance': 0.0633707344532013, 'local_loss': 1.4376087188720703, 'local_accuracy': 49.371761083602905, 'tn': -7132, 'fp': 7132, 'fn': 7132, 'tp': 6955, 'precision': 0.5067201707060294, 'recall': 0.4933495420960926, 'f1': 0.48263302252633117}
Received system metrics from client 3: {'cpu_time': 41.149999998509884, 'ram_used_mb': 3112.280064, 'net_sent_bytes': 1645, 'net_recv_bytes': 37114, 'gpu_mem_used_mb': 38939.0, 'gpu_load': 0.0, 'client_rank': 3, 'round': 2, 'timestamp': '2025-08-18 11:38:04', 'participated': 1, 'data_size': 590, 'data_variance': 0.06486573070287704, 'local_loss': 2.662780523300171, 'local_accuracy': 13.728813827037811, 'tn': -509, 'fp': 509, 'fn': 509, 'tp': 81, 'precision': 0.15749848990020027, 'recall': 0.1319656640439295, 'f1': 0.07488433838209622}
Received system metrics from client 4: {'cpu_time': 121.06999999657273, 'ram_used_mb': 3322.63424, 'net_sent_bytes': 56935, 'net_recv_bytes': 61227, 'gpu_mem_used_mb': 38939.0, 'gpu_load': 0.0, 'client_rank': 4, 'round': 2, 'timestamp': '2025-08-18 11:38:05', 'participated': 1, 'data_size': 8420, 'data_variance': 0.06345649808645248, 'local_loss': 1.6284098625183105, 'local_accuracy': 39.738717675209045, 'tn': -5075, 'fp': 5075, 'fn': 5075, 'tp': 3345, 'precision': 0.4648690529791035, 'recall': 0.3971016720567918, 'f1': 0.3843303973225862}
Received system metrics from client 5: {'cpu_time': 92.45000000298023, 'ram_used_mb': 3368.8576, 'net_sent_bytes': 793, 'net_recv_bytes': 41311, 'gpu_mem_used_mb': 38939.0, 'gpu_load': 0.0, 'client_rank': 5, 'round': 2, 'timestamp': '2025-08-18 11:38:06', 'participated': 1, 'data_size': 10256, 'data_variance': 0.06330867111682892, 'local_loss': 1.5791698694229126, 'local_accuracy': 42.033931612968445, 'tn': -5944, 'fp': 5944, 'fn': 5944, 'tp': 4312, 'precision': 0.4753458423420323, 'recall': 0.41971114404660526, 'f1': 0.41538636236141546}
Received system metrics from client 6: {'cpu_time': 42.67999999597669, 'ram_used_mb': 3177.148416, 'net_sent_bytes': 89021, 'net_recv_bytes': 93738, 'gpu_mem_used_mb': 38939.0, 'gpu_load': 0.0, 'client_rank': 6, 'round': 2, 'timestamp': '2025-08-18 11:38:04', 'participated': 1, 'data_size': 1456, 'data_variance': 0.061793986707925797, 'local_loss': 2.729534387588501, 'local_accuracy': 11.332417279481888, 'tn': -1291, 'fp': 1291, 'fn': 1291, 'tp': 165, 'precision': 0.05806514045565141, 'recall': 0.12048338359278912, 'f1': 0.04811779476059415}
Received system metrics from client 7: {'cpu_time': 33.18000000156462, 'ram_used_mb': 3214.516224, 'net_sent_bytes': 17681, 'net_recv_bytes': 48531, 'gpu_mem_used_mb': 38939.0, 'gpu_load': 0.0, 'client_rank': 7, 'round': 2, 'timestamp': '2025-08-18 11:38:04', 'participated': 1, 'data_size': 4502, 'data_variance': 0.06294825673103333, 'local_loss': 3.2162795066833496, 'local_accuracy': 18.16970258951187, 'tn': -3684, 'fp': 3684, 'fn': 3684, 'tp': 818, 'precision': 0.19107205151652992, 'recall': 0.18793641682909185, 'f1': 0.11122370037474782}
Received system metrics from client 8: {'cpu_time': 118.45000000065193, 'ram_used_mb': 3142.946816, 'net_sent_bytes': 534, 'net_recv_bytes': 31536, 'gpu_mem_used_mb': 38939.0, 'gpu_load': 0.0, 'client_rank': 8, 'round': 2, 'timestamp': '2025-08-18 11:38:04', 'participated': 1, 'data_size': 1044, 'data_variance': 0.06484082341194153, 'local_loss': 2.7577707767486572, 'local_accuracy': 16.379310190677643, 'tn': -873, 'fp': 873, 'fn': 873, 'tp': 171, 'precision': 0.09720840888343085, 'recall': 0.16050401167392345, 'f1': 0.10026348460516332}
Received system metrics from client 9: {'cpu_time': 52.59000000357628, 'ram_used_mb': 3236.380672, 'net_sent_bytes': 87896, 'net_recv_bytes': 111303, 'gpu_mem_used_mb': 38939.0, 'gpu_load': 0.0, 'client_rank': 9, 'round': 2, 'timestamp': '2025-08-18 11:38:04', 'participated': 1, 'data_size': 4597, 'data_variance': 0.062255386263132095, 'local_loss': 2.2992348670959473, 'local_accuracy': 27.03937292098999, 'tn': -3354, 'fp': 3354, 'fn': 3354, 'tp': 1243, 'precision': 0.3670900200299296, 'recall': 0.2629143058356707, 'f1': 0.19967960426514214}
Received system metrics from client 10: {'cpu_time': 65.58000000566244, 'ram_used_mb': 3116.228608, 'net_sent_bytes': 125255, 'net_recv_bytes': 110634, 'gpu_mem_used_mb': 38939.0, 'gpu_load': 0.0, 'client_rank': 10, 'round': 2, 'timestamp': '2025-08-18 11:38:04', 'participated': 1, 'data_size': 124, 'data_variance': 0.06624379754066467, 'local_loss': 2.5860064029693604, 'local_accuracy': 13.709677755832672, 'tn': -107, 'fp': 107, 'fn': 107, 'tp': 17, 'precision': 0.05037267080745341, 'recall': 0.1572727272727273, 'f1': 0.07081349206349205}
[selector] ERROR at round 2: can only concatenate list (not "dict") to list
[selector] Round 2: participants used in averaging = 10/10
Averaging model weights...
Evaluating updated global model on test set...
    [Client 1] Round 3 - Waiting for global weights...
    [Client 2] Round 3 - Waiting for global weights...
    [Client 4] Round 3 - Waiting for global weights...
    [Client 8] Round 3 - Waiting for global weights...
    [Client 9] Round 3 - Waiting for global weights...
    [Client 5] Round 3 - Waiting for global weights...
    [Client 7] Round 3 - Waiting for global weights...
    [Client 3] Round 3 - Waiting for global weights...
    [Client 10] Round 3 - Waiting for global weights...
    [Client 6] Round 3 - Waiting for global weights...
Round 2 Evaluation - Accuracy: 0.1327, Loss: 2.5397

===== Round 3 =====
Broadcasting global model to all clients...
    [Client 9] Round 3 - Training on local data...
    [Client 7] Round 3 - Training on local data...
    [Client 1] Round 3 - Training on local data...
Waiting for model weights from client 1...
    [Client 8] Round 3 - Training on local data...
    [Client 6] Round 3 - Training on local data...
    [Client 10] Round 3 - Training on local data...
    [Client 2] Round 3 - Training on local data...
    [Client 4] Round 3 - Training on local data...
    [Client 5] Round 3 - Training on local data...
    [Client 3] Round 3 - Training on local data...
    [Client 10] Round 3 - Sending updated weights to server...
    [Client 9] Round 3 - Sending updated weights to server...
    [Client 4] Round 3 - Sending updated weights to server...
    [Client 1] Round 3 - Sending updated weights to server...
Received weights from client 1
Waiting for model weights from client 2...
    [Client 7] Round 3 - Sending updated weights to server...
    [Client 8] Round 3 - Sending updated weights to server...
    [Client 3] Round 3 - Sending updated weights to server...
    [Client 6] Round 3 - Sending updated weights to server...
    [Client 5] Round 3 - Sending updated weights to server...
    [Client 2] Round 3 - Sending updated weights to server...
Received weights from client 2
Waiting for model weights from client 3...
Received weights from client 3
Waiting for model weights from client 4...
Received weights from client 4
Waiting for model weights from client 5...
Received weights from client 5
Waiting for model weights from client 6...
Received weights from client 6
Waiting for model weights from client 7...
Received weights from client 7
Waiting for model weights from client 8...
Received weights from client 8
Waiting for model weights from client 9...
Received weights from client 9
Waiting for model weights from client 10...
Received weights from client 10
Received system metrics from client 1: {'cpu_time': 39.5, 'ram_used_mb': 3278.147584, 'net_sent_bytes': 40525, 'net_recv_bytes': 57422, 'gpu_mem_used_mb': 38941.0, 'gpu_load': 0.0, 'client_rank': 1, 'round': 3, 'timestamp': '2025-08-18 11:38:31', 'participated': 1, 'data_size': 4923, 'data_variance': 0.06380366533994675, 'local_loss': 2.043018102645874, 'local_accuracy': 30.834856629371643, 'tn': -3405, 'fp': 3405, 'fn': 3405, 'tp': 1518, 'precision': 0.5070466230585431, 'recall': 0.30503678030468495, 'f1': 0.27673539596008195}
Received system metrics from client 2: {'cpu_time': 65.18999999761581, 'ram_used_mb': 3511.250944, 'net_sent_bytes': 40913, 'net_recv_bytes': 60415, 'gpu_mem_used_mb': 38941.0, 'gpu_load': 0.0, 'client_rank': 2, 'round': 3, 'timestamp': '2025-08-18 11:38:32', 'participated': 1, 'data_size': 14087, 'data_variance': 0.0633707344532013, 'local_loss': 1.277100920677185, 'local_accuracy': 54.702919721603394, 'tn': -6379, 'fp': 6379, 'fn': 6379, 'tp': 7708, 'precision': 0.5709831882288606, 'recall': 0.5469904011827504, 'f1': 0.54263333865545}
Received system metrics from client 3: {'cpu_time': 51.28000000119209, 'ram_used_mb': 3151.79008, 'net_sent_bytes': 131417, 'net_recv_bytes': 9549862, 'gpu_mem_used_mb': 38941.0, 'gpu_load': 0.0, 'client_rank': 3, 'round': 3, 'timestamp': '2025-08-18 11:38:31', 'participated': 1, 'data_size': 590, 'data_variance': 0.06486573070287704, 'local_loss': 2.445751667022705, 'local_accuracy': 21.864406764507294, 'tn': -461, 'fp': 461, 'fn': 461, 'tp': 129, 'precision': 0.25198787641535736, 'recall': 0.21484664253342958, 'f1': 0.14864749258464333}
Received system metrics from client 4: {'cpu_time': 125.34999999776483, 'ram_used_mb': 3545.919488, 'net_sent_bytes': 20100, 'net_recv_bytes': 55675, 'gpu_mem_used_mb': 38941.0, 'gpu_load': 0.0, 'client_rank': 4, 'round': 3, 'timestamp': '2025-08-18 11:38:31', 'participated': 1, 'data_size': 8420, 'data_variance': 0.06345649808645248, 'local_loss': 1.5949233770370483, 'local_accuracy': 43.883609771728516, 'tn': -4725, 'fp': 4725, 'fn': 4725, 'tp': 3695, 'precision': 0.49693832252363157, 'recall': 0.4404525059662415, 'f1': 0.4290250233166281}
Received system metrics from client 5: {'cpu_time': 106.14000000059605, 'ram_used_mb': 3613.02016, 'net_sent_bytes': 1183, 'net_recv_bytes': 42336, 'gpu_mem_used_mb': 38941.0, 'gpu_load': 0.0, 'client_rank': 5, 'round': 3, 'timestamp': '2025-08-18 11:38:32', 'participated': 1, 'data_size': 10256, 'data_variance': 0.06330867111682892, 'local_loss': 1.3510773181915283, 'local_accuracy': 51.21879577636719, 'tn': -5004, 'fp': 5004, 'fn': 5004, 'tp': 5252, 'precision': 0.5490362601760646, 'recall': 0.5134887184732736, 'f1': 0.508573765138345}
Received system metrics from client 6: {'cpu_time': 51.39000000059605, 'ram_used_mb': 3316.453376, 'net_sent_bytes': 147521, 'net_recv_bytes': 120244, 'gpu_mem_used_mb': 38941.0, 'gpu_load': 0.01, 'client_rank': 6, 'round': 3, 'timestamp': '2025-08-18 11:38:31', 'participated': 1, 'data_size': 1456, 'data_variance': 0.061793986707925797, 'local_loss': 2.7242603302001953, 'local_accuracy': 20.53571492433548, 'tn': -1157, 'fp': 1157, 'fn': 1157, 'tp': 299, 'precision': 0.37827548146852474, 'recall': 0.2003366412955565, 'f1': 0.12098960824585521}
Received system metrics from client 7: {'cpu_time': 38.39000000059605, 'ram_used_mb': 3430.764544, 'net_sent_bytes': 339, 'net_recv_bytes': 37731, 'gpu_mem_used_mb': 38941.0, 'gpu_load': 0.0, 'client_rank': 7, 'round': 3, 'timestamp': '2025-08-18 11:38:31', 'participated': 1, 'data_size': 4502, 'data_variance': 0.06294825673103333, 'local_loss': 2.098593235015869, 'local_accuracy': 26.921367645263672, 'tn': -3290, 'fp': 3290, 'fn': 3290, 'tp': 1212, 'precision': 0.4773814705354269, 'recall': 0.2679946514956426, 'f1': 0.24200013241722423}
Received system metrics from client 8: {'cpu_time': 143.54999999934807, 'ram_used_mb': 3305.496576, 'net_sent_bytes': 53999, 'net_recv_bytes': 60890, 'gpu_mem_used_mb': 38941.0, 'gpu_load': 0.0, 'client_rank': 8, 'round': 3, 'timestamp': '2025-08-18 11:38:31', 'participated': 1, 'data_size': 1044, 'data_variance': 0.06484082341194153, 'local_loss': 2.750924825668335, 'local_accuracy': 12.356321513652802, 'tn': -914, 'fp': 914, 'fn': 914, 'tp': 130, 'precision': 0.15154803979299633, 'recall': 0.1334712367567253, 'f1': 0.07052769460332578}
Received system metrics from client 9: {'cpu_time': 50.29999999701977, 'ram_used_mb': 3420.921856, 'net_sent_bytes': 95247, 'net_recv_bytes': 131957, 'gpu_mem_used_mb': 38941.0, 'gpu_load': 0.0, 'client_rank': 9, 'round': 3, 'timestamp': '2025-08-18 11:38:31', 'participated': 1, 'data_size': 4597, 'data_variance': 0.062255386263132095, 'local_loss': 2.0185022354125977, 'local_accuracy': 32.30367600917816, 'tn': -3111, 'fp': 3111, 'fn': 3111, 'tp': 1486, 'precision': 0.5125576552343152, 'recall': 0.3158866931566599, 'f1': 0.2819001408067353}
Received system metrics from client 10: {'cpu_time': 77.35000000149012, 'ram_used_mb': 3266.646016, 'net_sent_bytes': 101764, 'net_recv_bytes': 117048, 'gpu_mem_used_mb': 38941.0, 'gpu_load': 0.0, 'client_rank': 10, 'round': 3, 'timestamp': '2025-08-18 11:38:31', 'participated': 1, 'data_size': 124, 'data_variance': 0.06624379754066467, 'local_loss': 2.511413335800171, 'local_accuracy': 25.0, 'tn': -93, 'fp': 93, 'fn': 93, 'tp': 31, 'precision': 0.10950635386119256, 'recall': 0.2256862745098039, 'f1': 0.13720696906422616}
[selector] ERROR at round 3: can only concatenate list (not "dict") to list
[selector] Round 3: participants used in averaging = 10/10
Averaging model weights...
Evaluating updated global model on test set...
    [Client 3] Round 4 - Waiting for global weights...
    [Client 1] Round 4 - Waiting for global weights...
    [Client 7] Round 4 - Waiting for global weights...
    [Client 10] Round 4 - Waiting for global weights...
    [Client 4] Round 4 - Waiting for global weights...
    [Client 8] Round 4 - Waiting for global weights...
    [Client 2] Round 4 - Waiting for global weights...
    [Client 6] Round 4 - Waiting for global weights...
    [Client 9] Round 4 - Waiting for global weights...
    [Client 5] Round 4 - Waiting for global weights...
Round 3 Evaluation - Accuracy: 0.2320, Loss: 2.1659

===== Round 4 =====
Broadcasting global model to all clients...
Waiting for model weights from client 1...
    [Client 3] Round 4 - Training on local data...
    [Client 1] Round 4 - Training on local data...
    [Client 7] Round 4 - Training on local data...
    [Client 5] Round 4 - Training on local data...
    [Client 9] Round 4 - Training on local data...
    [Client 6] Round 4 - Training on local data...
    [Client 8] Round 4 - Training on local data...
    [Client 4] Round 4 - Training on local data...
    [Client 2] Round 4 - Training on local data...
    [Client 10] Round 4 - Training on local data...
    [Client 1] Round 4 - Sending updated weights to server...
Received weights from client 1
Waiting for model weights from client 2...
    [Client 10] Round 4 - Sending updated weights to server...
    [Client 7] Round 4 - Sending updated weights to server...
    [Client 3] Round 4 - Sending updated weights to server...
    [Client 4] Round 4 - Sending updated weights to server...
    [Client 5] Round 4 - Sending updated weights to server...
    [Client 8] Round 4 - Sending updated weights to server...
    [Client 2] Round 4 - Sending updated weights to server...
Received weights from client 2
Waiting for model weights from client 3...
Received weights from client 3
Waiting for model weights from client 4...
Received weights from client 4
Waiting for model weights from client 5...
Received weights from client 5
Waiting for model weights from client 6...
    [Client 6] Round 4 - Sending updated weights to server...
Received weights from client 6
Waiting for model weights from client 7...
Received weights from client 7
Waiting for model weights from client 8...
Received weights from client 8
Waiting for model weights from client 9...
    [Client 9] Round 4 - Sending updated weights to server...
Received weights from client 9
Waiting for model weights from client 10...
Received weights from client 10
Received system metrics from client 1: {'cpu_time': 34.269999999552965, 'ram_used_mb': 3492.077568, 'net_sent_bytes': 1490, 'net_recv_bytes': 34800, 'gpu_mem_used_mb': 38941.0, 'gpu_load': 0.0, 'client_rank': 1, 'round': 4, 'timestamp': '2025-08-18 11:39:17', 'participated': 1, 'data_size': 4923, 'data_variance': 0.06380366533994675, 'local_loss': 1.498831033706665, 'local_accuracy': 44.70851123332977, 'tn': -2722, 'fp': 2722, 'fn': 2722, 'tp': 2201, 'precision': 0.5295224662425474, 'recall': 0.44635126065370506, 'f1': 0.44248672007925755}
Received system metrics from client 2: {'cpu_time': 60.59000000357628, 'ram_used_mb': 3561.5744, 'net_sent_bytes': 44424, 'net_recv_bytes': 5896903, 'gpu_mem_used_mb': 38941.0, 'gpu_load': 0.0, 'client_rank': 2, 'round': 4, 'timestamp': '2025-08-18 11:39:18', 'participated': 1, 'data_size': 14087, 'data_variance': 0.0633707344532013, 'local_loss': 1.1400799751281738, 'local_accuracy': 59.2319130897522, 'tn': -5743, 'fp': 5743, 'fn': 5743, 'tp': 8344, 'precision': 0.6058216940661729, 'recall': 0.5919713673139357, 'f1': 0.5921434974579314}
Received system metrics from client 3: {'cpu_time': 40.64000000059605, 'ram_used_mb': 3351.83872, 'net_sent_bytes': 13875, 'net_recv_bytes': 34422, 'gpu_mem_used_mb': 38941.0, 'gpu_load': 0.0, 'client_rank': 3, 'round': 4, 'timestamp': '2025-08-18 11:39:16', 'participated': 1, 'data_size': 590, 'data_variance': 0.06486573070287704, 'local_loss': 2.016284704208374, 'local_accuracy': 32.37287998199463, 'tn': -399, 'fp': 399, 'fn': 399, 'tp': 191, 'precision': 0.40308014811955123, 'recall': 0.32622324722380436, 'f1': 0.24926287811152253}
Received system metrics from client 4: {'cpu_time': 127.71000000089407, 'ram_used_mb': 3770.888192, 'net_sent_bytes': 28296, 'net_recv_bytes': 43439, 'gpu_mem_used_mb': 38941.0, 'gpu_load': 0.01, 'client_rank': 4, 'round': 4, 'timestamp': '2025-08-18 11:39:17', 'participated': 1, 'data_size': 8420, 'data_variance': 0.06345649808645248, 'local_loss': 1.3491978645324707, 'local_accuracy': 51.733964681625366, 'tn': -4062, 'fp': 4062, 'fn': 4062, 'tp': 4358, 'precision': 0.5453181238952085, 'recall': 0.5180454617228346, 'f1': 0.5040625480082745}
Received system metrics from client 5: {'cpu_time': 93.0899999961257, 'ram_used_mb': 3868.745728, 'net_sent_bytes': 76036, 'net_recv_bytes': 56203, 'gpu_mem_used_mb': 38941.0, 'gpu_load': 0.0, 'client_rank': 5, 'round': 4, 'timestamp': '2025-08-18 11:39:18', 'participated': 1, 'data_size': 10256, 'data_variance': 0.06330867111682892, 'local_loss': 1.3205314874649048, 'local_accuracy': 51.667314767837524, 'tn': -4957, 'fp': 4957, 'fn': 4957, 'tp': 5299, 'precision': 0.5477570768620755, 'recall': 0.5162735128493883, 'f1': 0.5176798960757237}
Received system metrics from client 6: {'cpu_time': 43.5299999974668, 'ram_used_mb': 3564.314624, 'net_sent_bytes': 93041, 'net_recv_bytes': 107764, 'gpu_mem_used_mb': 38941.0, 'gpu_load': 0.0, 'client_rank': 6, 'round': 4, 'timestamp': '2025-08-18 11:39:16', 'participated': 1, 'data_size': 1456, 'data_variance': 0.061793986707925797, 'local_loss': 2.0146424770355225, 'local_accuracy': 30.425822734832764, 'tn': -1013, 'fp': 1013, 'fn': 1013, 'tp': 443, 'precision': 0.4381860767339377, 'recall': 0.2999742099680496, 'f1': 0.25309566304036646}
Received system metrics from client 7: {'cpu_time': 34.94999999925494, 'ram_used_mb': 3485.42976, 'net_sent_bytes': 80579, 'net_recv_bytes': 9522689, 'gpu_mem_used_mb': 38941.0, 'gpu_load': 0.01, 'client_rank': 7, 'round': 4, 'timestamp': '2025-08-18 11:39:17', 'participated': 1, 'data_size': 4502, 'data_variance': 0.06294825673103333, 'local_loss': 1.4846317768096924, 'local_accuracy': 45.80186605453491, 'tn': -2440, 'fp': 2440, 'fn': 2440, 'tp': 2062, 'precision': 0.5335861088855699, 'recall': 0.46217225526090466, 'f1': 0.44882320295825817}
Received system metrics from client 8: {'cpu_time': 126.65000000037253, 'ram_used_mb': 3527.942144, 'net_sent_bytes': 32087, 'net_recv_bytes': 31347, 'gpu_mem_used_mb': 38941.0, 'gpu_load': 0.0, 'client_rank': 8, 'round': 4, 'timestamp': '2025-08-18 11:39:16', 'participated': 1, 'data_size': 1044, 'data_variance': 0.06484082341194153, 'local_loss': 1.9179246425628662, 'local_accuracy': 33.141762018203735, 'tn': -698, 'fp': 698, 'fn': 698, 'tp': 346, 'precision': 0.46510160341628304, 'recall': 0.33991053927668485, 'f1': 0.2889694940107833}
Received system metrics from client 9: {'cpu_time': 61.229999996721745, 'ram_used_mb': 3630.665728, 'net_sent_bytes': 74433, 'net_recv_bytes': 107598, 'gpu_mem_used_mb': 38941.0, 'gpu_load': 0.0, 'client_rank': 9, 'round': 4, 'timestamp': '2025-08-18 11:39:16', 'participated': 1, 'data_size': 4597, 'data_variance': 0.062255386263132095, 'local_loss': 1.3340948820114136, 'local_accuracy': 50.77224373817444, 'tn': -2263, 'fp': 2263, 'fn': 2263, 'tp': 2334, 'precision': 0.5575403088984288, 'recall': 0.5036961140086832, 'f1': 0.5084115815591074}
Received system metrics from client 10: {'cpu_time': 67.38000000268221, 'ram_used_mb': 3488.104448, 'net_sent_bytes': 122397, 'net_recv_bytes': 125747, 'gpu_mem_used_mb': 38941.0, 'gpu_load': 0.0, 'client_rank': 10, 'round': 4, 'timestamp': '2025-08-18 11:39:16', 'participated': 1, 'data_size': 124, 'data_variance': 0.06624379754066467, 'local_loss': 2.2514090538024902, 'local_accuracy': 25.0, 'tn': -93, 'fp': 93, 'fn': 93, 'tp': 31, 'precision': 0.1625898520084567, 'recall': 0.25892156862745097, 'f1': 0.17093562708102109}
[selector] ERROR at round 4: can only concatenate list (not "dict") to list
[selector] Round 4: participants used in averaging = 10/10
Averaging model weights...
Evaluating updated global model on test set...
    [Client 3] Round 5 - Waiting for global weights...
    [Client 1] Round 5 - Waiting for global weights...
    [Client 7] Round 5 - Waiting for global weights...
    [Client 9] Round 5 - Waiting for global weights...
    [Client 5] Round 5 - Waiting for global weights...
    [Client 10] Round 5 - Waiting for global weights...
    [Client 6] Round 5 - Waiting for global weights...
    [Client 2] Round 5 - Waiting for global weights...
    [Client 8] Round 5 - Waiting for global weights...
    [Client 4] Round 5 - Waiting for global weights...
Round 4 Evaluation - Accuracy: 0.4044, Loss: 1.6040

===== Round 5 =====
Broadcasting global model to all clients...
Waiting for model weights from client 1...
    [Client 3] Round 5 - Training on local data...
    [Client 6] Round 5 - Training on local data...
    [Client 10] Round 5 - Training on local data...
    [Client 8] Round 5 - Training on local data...
    [Client 7] Round 5 - Training on local data...
    [Client 1] Round 5 - Training on local data...
    [Client 9] Round 5 - Training on local data...
    [Client 4] Round 5 - Training on local data...
    [Client 2] Round 5 - Training on local data...
    [Client 5] Round 5 - Training on local data...
    [Client 3] Round 5 - Sending updated weights to server...
    [Client 9] Round 5 - Sending updated weights to server...
    [Client 8] Round 5 - Sending updated weights to server...
    [Client 6] Round 5 - Sending updated weights to server...
    [Client 2] Round 5 - Sending updated weights to server...
    [Client 1] Round 5 - Sending updated weights to server...
Received weights from client 1
Waiting for model weights from client 2...
Received weights from client 2
Waiting for model weights from client 3...
Received weights from client 3
Waiting for model weights from client 4...
    [Client 4] Round 5 - Sending updated weights to server...
Received weights from client 4
Waiting for model weights from client 5...
    [Client 5] Round 5 - Sending updated weights to server...
Received weights from client 5
Waiting for model weights from client 6...
Received weights from client 6
Waiting for model weights from client 7...
    [Client 7] Round 5 - Sending updated weights to server...
Received weights from client 7
Waiting for model weights from client 8...
Received weights from client 8
Waiting for model weights from client 9...
Received weights from client 9
Waiting for model weights from client 10...
    [Client 10] Round 5 - Sending updated weights to server...
Received weights from client 10
Received system metrics from client 1: {'cpu_time': 36.299999999813735, 'ram_used_mb': 3674.771456, 'net_sent_bytes': 88033, 'net_recv_bytes': 4494725, 'gpu_mem_used_mb': 38943.0, 'gpu_load': 0.0, 'client_rank': 1, 'round': 5, 'timestamp': '2025-08-18 11:42:00', 'participated': 1, 'data_size': 4923, 'data_variance': 0.06380366533994675, 'local_loss': 1.1546003818511963, 'local_accuracy': 57.16027021408081, 'tn': -2109, 'fp': 2109, 'fn': 2109, 'tp': 2814, 'precision': 0.5850546523447815, 'recall': 0.5713616210720646, 'f1': 0.5596126969515807}
Received system metrics from client 2: {'cpu_time': 60.0299999974668, 'ram_used_mb': 3769.860096, 'net_sent_bytes': 46335, 'net_recv_bytes': 58835, 'gpu_mem_used_mb': 38943.0, 'gpu_load': 0.0, 'client_rank': 2, 'round': 5, 'timestamp': '2025-08-18 11:42:00', 'participated': 1, 'data_size': 14087, 'data_variance': 0.0633707344532013, 'local_loss': 1.0921887159347534, 'local_accuracy': 60.75814366340637, 'tn': -5528, 'fp': 5528, 'fn': 5528, 'tp': 8559, 'precision': 0.6140778149354611, 'recall': 0.6079947507801485, 'f1': 0.6011912598765923}
Received system metrics from client 3: {'cpu_time': 41.98999999836087, 'ram_used_mb': 3530.289152, 'net_sent_bytes': 77310, 'net_recv_bytes': 56940, 'gpu_mem_used_mb': 38943.0, 'gpu_load': 0.0, 'client_rank': 3, 'round': 5, 'timestamp': '2025-08-18 11:41:59', 'participated': 1, 'data_size': 590, 'data_variance': 0.06486573070287704, 'local_loss': 1.4755706787109375, 'local_accuracy': 44.40678060054779, 'tn': -328, 'fp': 328, 'fn': 328, 'tp': 262, 'precision': 0.5792235729328635, 'recall': 0.4439518778278228, 'f1': 0.44741727344309135}
Received system metrics from client 4: {'cpu_time': 136.48000000417233, 'ram_used_mb': 3816.73472, 'net_sent_bytes': 27466, 'net_recv_bytes': 5092142, 'gpu_mem_used_mb': 38943.0, 'gpu_load': 0.0, 'client_rank': 4, 'round': 5, 'timestamp': '2025-08-18 11:42:00', 'participated': 1, 'data_size': 8420, 'data_variance': 0.06345649808645248, 'local_loss': 1.1741503477096558, 'local_accuracy': 58.372920751571655, 'tn': -3506, 'fp': 3506, 'fn': 3506, 'tp': 4914, 'precision': 0.5916914695085006, 'recall': 0.5837160828095264, 'f1': 0.5697336956093927}
Received system metrics from client 5: {'cpu_time': 101.50999999791384, 'ram_used_mb': 3873.91488, 'net_sent_bytes': 57390, 'net_recv_bytes': 9531049, 'gpu_mem_used_mb': 38943.0, 'gpu_load': 0.0, 'client_rank': 5, 'round': 5, 'timestamp': '2025-08-18 11:42:01', 'participated': 1, 'data_size': 10256, 'data_variance': 0.06330867111682892, 'local_loss': 1.1610393524169922, 'local_accuracy': 58.43408703804016, 'tn': -4263, 'fp': 4263, 'fn': 4263, 'tp': 5993, 'precision': 0.6044747970690929, 'recall': 0.5842016485100889, 'f1': 0.5788313644476588}
Received system metrics from client 6: {'cpu_time': 46.310000002384186, 'ram_used_mb': 3574.812672, 'net_sent_bytes': 116379, 'net_recv_bytes': 5148568, 'gpu_mem_used_mb': 38943.0, 'gpu_load': 0.0, 'client_rank': 6, 'round': 5, 'timestamp': '2025-08-18 11:42:00', 'participated': 1, 'data_size': 1456, 'data_variance': 0.061793986707925797, 'local_loss': 1.411664366722107, 'local_accuracy': 45.673078298568726, 'tn': -791, 'fp': 791, 'fn': 791, 'tp': 665, 'precision': 0.6150135709010025, 'recall': 0.4496695027067116, 'f1': 0.4446455126047191}
Received system metrics from client 7: {'cpu_time': 34.310000002384186, 'ram_used_mb': 3689.603072, 'net_sent_bytes': 404, 'net_recv_bytes': 34582, 'gpu_mem_used_mb': 38943.0, 'gpu_load': 0.0, 'client_rank': 7, 'round': 5, 'timestamp': '2025-08-18 11:41:59', 'participated': 1, 'data_size': 4502, 'data_variance': 0.06294825673103333, 'local_loss': 1.2496336698532104, 'local_accuracy': 54.686808586120605, 'tn': -2040, 'fp': 2040, 'fn': 2040, 'tp': 2462, 'precision': 0.5594804241029755, 'recall': 0.5463615621221838, 'f1': 0.5427509432159807}
Received system metrics from client 8: {'cpu_time': 127.6699999999255, 'ram_used_mb': 3522.551808, 'net_sent_bytes': 68143, 'net_recv_bytes': 5108003, 'gpu_mem_used_mb': 38943.0, 'gpu_load': 0.0, 'client_rank': 8, 'round': 5, 'timestamp': '2025-08-18 11:41:59', 'participated': 1, 'data_size': 1044, 'data_variance': 0.06484082341194153, 'local_loss': 1.7391992807388306, 'local_accuracy': 39.75095748901367, 'tn': -629, 'fp': 629, 'fn': 629, 'tp': 415, 'precision': 0.5653557540410434, 'recall': 0.38735675094720745, 'f1': 0.3917366314943693}
Received system metrics from client 9: {'cpu_time': 46.03000000119209, 'ram_used_mb': 3642.023936, 'net_sent_bytes': 108305, 'net_recv_bytes': 5153216, 'gpu_mem_used_mb': 38943.0, 'gpu_load': 0.0, 'client_rank': 9, 'round': 5, 'timestamp': '2025-08-18 11:41:59', 'participated': 1, 'data_size': 4597, 'data_variance': 0.062255386263132095, 'local_loss': 1.339809536933899, 'local_accuracy': 52.40374207496643, 'tn': -2188, 'fp': 2188, 'fn': 2188, 'tp': 2409, 'precision': 0.6119423111114357, 'recall': 0.5196383901335888, 'f1': 0.5257195636038404}
Received system metrics from client 10: {'cpu_time': 71.30000000447035, 'ram_used_mb': 3470.1312, 'net_sent_bytes': 121444, 'net_recv_bytes': 5169511, 'gpu_mem_used_mb': 38943.0, 'gpu_load': 0.0, 'client_rank': 10, 'round': 5, 'timestamp': '2025-08-18 11:41:59', 'participated': 1, 'data_size': 124, 'data_variance': 0.06624379754066467, 'local_loss': 1.6160181760787964, 'local_accuracy': 45.967742800712585, 'tn': -67, 'fp': 67, 'fn': 67, 'tp': 57, 'precision': 0.5221240083309049, 'recall': 0.4217201426024956, 'f1': 0.35660261907966856}
[selector] ERROR at round 5: can only concatenate list (not "dict") to list
[selector] Round 5: participants used in averaging = 10/10
Averaging model weights...
Evaluating updated global model on test set...
    [Client 1] Round 6 - Waiting for global weights...
    [Client 7] Round 6 - Waiting for global weights...
    [Client 3] Round 6 - Waiting for global weights...
    [Client 2] Round 6 - Waiting for global weights...
    [Client 4] Round 6 - Waiting for global weights...
    [Client 8] Round 6 - Waiting for global weights...
    [Client 10] Round 6 - Waiting for global weights...
    [Client 6] Round 6 - Waiting for global weights...
    [Client 9] Round 6 - Waiting for global weights...
    [Client 5] Round 6 - Waiting for global weights...
Round 5 Evaluation - Accuracy: 0.5467, Loss: 1.2562

===== Round 6 =====
Broadcasting global model to all clients...
Waiting for model weights from client 1...
    [Client 7] Round 6 - Training on local data...
    [Client 8] Round 6 - Training on local data...
    [Client 9] Round 6 - Training on local data...
    [Client 1] Round 6 - Training on local data...
    [Client 6] Round 6 - Training on local data...
    [Client 4] Round 6 - Training on local data...
    [Client 2] Round 6 - Training on local data...
    [Client 5] Round 6 - Training on local data...
    [Client 10] Round 6 - Training on local data...
    [Client 3] Round 6 - Training on local data...
    [Client 8] Round 6 - Sending updated weights to server...
    [Client 3] Round 6 - Sending updated weights to server...
    [Client 6] Round 6 - Sending updated weights to server...
    [Client 1] Round 6 - Sending updated weights to server...
Received weights from client 1
Waiting for model weights from client 2...
    [Client 10] Round 6 - Sending updated weights to server...
    [Client 4] Round 6 - Sending updated weights to server...
    [Client 2] Round 6 - Sending updated weights to server...
Received weights from client 2
Waiting for model weights from client 3...
Received weights from client 3
Waiting for model weights from client 4...
Received weights from client 4
Waiting for model weights from client 5...
    [Client 7] Round 6 - Sending updated weights to server...
    [Client 9] Round 6 - Sending updated weights to server...
    [Client 5] Round 6 - Sending updated weights to server...
Received weights from client 5
Waiting for model weights from client 6...
Received weights from client 6
Waiting for model weights from client 7...
Received weights from client 7
Waiting for model weights from client 8...
Received weights from client 8
Waiting for model weights from client 9...
Received weights from client 9
Waiting for model weights from client 10...
Received weights from client 10
Received system metrics from client 1: {'cpu_time': 34.67999999970198, 'ram_used_mb': 3936.616448, 'net_sent_bytes': 59524, 'net_recv_bytes': 58416, 'gpu_mem_used_mb': 38945.0, 'gpu_load': 0.0, 'client_rank': 1, 'round': 6, 'timestamp': '2025-08-18 11:42:39', 'participated': 1, 'data_size': 4923, 'data_variance': 0.06380366533994675, 'local_loss': 1.158638596534729, 'local_accuracy': 57.89152979850769, 'tn': -2073, 'fp': 2073, 'fn': 2073, 'tp': 2850, 'precision': 0.6156739231038204, 'recall': 0.5808795524622196, 'f1': 0.5849273281752149}
Received system metrics from client 2: {'cpu_time': 59.80000000074506, 'ram_used_mb': 4013.326336, 'net_sent_bytes': 65318, 'net_recv_bytes': 72745, 'gpu_mem_used_mb': 38945.0, 'gpu_load': 0.0, 'client_rank': 2, 'round': 6, 'timestamp': '2025-08-18 11:42:41', 'participated': 1, 'data_size': 14087, 'data_variance': 0.0633707344532013, 'local_loss': 1.196491003036499, 'local_accuracy': 58.65691900253296, 'tn': -5825, 'fp': 5825, 'fn': 5825, 'tp': 8262, 'precision': 0.6401779593273421, 'recall': 0.5848067763293094, 'f1': 0.5898762535224584}
Received system metrics from client 3: {'cpu_time': 39.66000000014901, 'ram_used_mb': 3753.08288, 'net_sent_bytes': 51962, 'net_recv_bytes': 4486886, 'gpu_mem_used_mb': 38945.0, 'gpu_load': 0.0, 'client_rank': 3, 'round': 6, 'timestamp': '2025-08-18 11:42:39', 'participated': 1, 'data_size': 590, 'data_variance': 0.06486573070287704, 'local_loss': 1.158995270729065, 'local_accuracy': 62.203389406204224, 'tn': -223, 'fp': 223, 'fn': 223, 'tp': 367, 'precision': 0.6602573119365351, 'recall': 0.6252363017064152, 'f1': 0.6203748434039139}
Received system metrics from client 4: {'cpu_time': 102.18999999761581, 'ram_used_mb': 4114.448384, 'net_sent_bytes': 97630, 'net_recv_bytes': 69480, 'gpu_mem_used_mb': 38943.0, 'gpu_load': 0.01, 'client_rank': 4, 'round': 6, 'timestamp': '2025-08-18 11:42:40', 'participated': 1, 'data_size': 8420, 'data_variance': 0.06345649808645248, 'local_loss': 1.2889246940612793, 'local_accuracy': 54.762470722198486, 'tn': -3809, 'fp': 3809, 'fn': 3809, 'tp': 4611, 'precision': 0.6197621835049872, 'recall': 0.549773706791976, 'f1': 0.5419242792751355}
Received system metrics from client 5: {'cpu_time': 94.3399999961257, 'ram_used_mb': 4151.955456, 'net_sent_bytes': 40784, 'net_recv_bytes': 57163, 'gpu_mem_used_mb': 38945.0, 'gpu_load': 0.0, 'client_rank': 5, 'round': 6, 'timestamp': '2025-08-18 11:42:41', 'participated': 1, 'data_size': 10256, 'data_variance': 0.06330867111682892, 'local_loss': 1.1071892976760864, 'local_accuracy': 59.7991406917572, 'tn': -4123, 'fp': 4123, 'fn': 4123, 'tp': 6133, 'precision': 0.6225402618334467, 'recall': 0.5979882399453998, 'f1': 0.5929786209980991}
Received system metrics from client 6: {'cpu_time': 44.059999998658895, 'ram_used_mb': 3800.338432, 'net_sent_bytes': 56961, 'net_recv_bytes': 89657, 'gpu_mem_used_mb': 38945.0, 'gpu_load': 0.0, 'client_rank': 6, 'round': 6, 'timestamp': '2025-08-18 11:42:39', 'participated': 1, 'data_size': 1456, 'data_variance': 0.061793986707925797, 'local_loss': 1.1679524183273315, 'local_accuracy': 59.82142686843872, 'tn': -585, 'fp': 585, 'fn': 585, 'tp': 871, 'precision': 0.6415367150171586, 'recall': 0.5929240068276215, 'f1': 0.5989313564207687}
Received system metrics from client 7: {'cpu_time': 33.880000000819564, 'ram_used_mb': 3945.701376, 'net_sent_bytes': 68180, 'net_recv_bytes': 79808, 'gpu_mem_used_mb': 38945.0, 'gpu_load': 0.0, 'client_rank': 7, 'round': 6, 'timestamp': '2025-08-18 11:42:39', 'participated': 1, 'data_size': 4502, 'data_variance': 0.06294825673103333, 'local_loss': 1.2347285747528076, 'local_accuracy': 55.5530846118927, 'tn': -2000, 'fp': 2000, 'fn': 2000, 'tp': 2502, 'precision': 0.6089983032249919, 'recall': 0.5569601184030247, 'f1': 0.5414857977611803}
Received system metrics from client 8: {'cpu_time': 125.06999999983236, 'ram_used_mb': 3743.924224, 'net_sent_bytes': 53043, 'net_recv_bytes': 60276, 'gpu_mem_used_mb': 38945.0, 'gpu_load': 0.0, 'client_rank': 8, 'round': 6, 'timestamp': '2025-08-18 11:42:39', 'participated': 1, 'data_size': 1044, 'data_variance': 0.06484082341194153, 'local_loss': 1.1743682622909546, 'local_accuracy': 59.19540524482727, 'tn': -426, 'fp': 426, 'fn': 426, 'tp': 618, 'precision': 0.6358125360543525, 'recall': 0.5849174537417271, 'f1': 0.5799862169779041}
Received system metrics from client 9: {'cpu_time': 43.729999996721745, 'ram_used_mb': 3869.933568, 'net_sent_bytes': 73905, 'net_recv_bytes': 90859, 'gpu_mem_used_mb': 38945.0, 'gpu_load': 0.0, 'client_rank': 9, 'round': 6, 'timestamp': '2025-08-18 11:42:39', 'participated': 1, 'data_size': 4597, 'data_variance': 0.062255386263132095, 'local_loss': 1.1529042720794678, 'local_accuracy': 58.42940807342529, 'tn': -1911, 'fp': 1911, 'fn': 1911, 'tp': 2686, 'precision': 0.6121943444756367, 'recall': 0.5836851974865728, 'f1': 0.5840107633457072}
Received system metrics from client 10: {'cpu_time': 81.88000000268221, 'ram_used_mb': 3707.92448, 'net_sent_bytes': 123115, 'net_recv_bytes': 115161, 'gpu_mem_used_mb': 38943.0, 'gpu_load': 0.0, 'client_rank': 10, 'round': 6, 'timestamp': '2025-08-18 11:42:39', 'participated': 1, 'data_size': 124, 'data_variance': 0.06624379754066467, 'local_loss': 1.1510438919067383, 'local_accuracy': 56.45161271095276, 'tn': -54, 'fp': 54, 'fn': 54, 'tp': 70, 'precision': 0.5794558511663774, 'recall': 0.5674662592309652, 'f1': 0.5252708892414775}
[selector] ERROR at round 6: can only concatenate list (not "dict") to list
[selector] Round 6: participants used in averaging = 10/10
Averaging model weights...
Evaluating updated global model on test set...
    [Client 9] Round 7 - Waiting for global weights...
    [Client 3] Round 7 - Waiting for global weights...
    [Client 1] Round 7 - Waiting for global weights...
    [Client 5] Round 7 - Waiting for global weights...
    [Client 7] Round 7 - Waiting for global weights...
    [Client 4] Round 7 - Waiting for global weights...
    [Client 10] Round 7 - Waiting for global weights...
    [Client 8] Round 7 - Waiting for global weights...
    [Client 6] Round 7 - Waiting for global weights...
    [Client 2] Round 7 - Waiting for global weights...
Round 6 Evaluation - Accuracy: 0.6012, Loss: 1.1231

===== Round 7 =====
Broadcasting global model to all clients...
Waiting for model weights from client 1...
    [Client 7] Round 7 - Training on local data...
    [Client 9] Round 7 - Training on local data...
    [Client 3] Round 7 - Training on local data...
    [Client 6] Round 7 - Training on local data...
    [Client 8] Round 7 - Training on local data...
    [Client 10] Round 7 - Training on local data...
    [Client 1] Round 7 - Training on local data...
    [Client 5] Round 7 - Training on local data...
    [Client 4] Round 7 - Training on local data...
    [Client 2] Round 7 - Training on local data...
    [Client 3] Round 7 - Sending updated weights to server...
    [Client 9] Round 7 - Sending updated weights to server...
    [Client 8] Round 7 - Sending updated weights to server...
    [Client 6] Round 7 - Sending updated weights to server...
    [Client 2] Round 7 - Sending updated weights to server...
    [Client 1] Round 7 - Sending updated weights to server...
Received weights from client 1
Waiting for model weights from client 2...
Received weights from client 2
Waiting for model weights from client 3...
Received weights from client 3
Waiting for model weights from client 4...
    [Client 7] Round 7 - Sending updated weights to server...
    [Client 10] Round 7 - Sending updated weights to server...
    [Client 4] Round 7 - Sending updated weights to server...
Received weights from client 4
Waiting for model weights from client 5...
    [Client 5] Round 7 - Sending updated weights to server...
Received weights from client 5
Waiting for model weights from client 6...
Received weights from client 6
Waiting for model weights from client 7...
Received weights from client 7
Waiting for model weights from client 8...
Received weights from client 8
Waiting for model weights from client 9...
Received weights from client 9
Waiting for model weights from client 10...
Received weights from client 10
Received system metrics from client 1: {'cpu_time': 35.15000000037253, 'ram_used_mb': 4090.63424, 'net_sent_bytes': 69888, 'net_recv_bytes': 63334, 'gpu_mem_used_mb': 38945.0, 'gpu_load': 0.0, 'client_rank': 1, 'round': 7, 'timestamp': '2025-08-18 11:43:30', 'participated': 1, 'data_size': 4923, 'data_variance': 0.06380366533994675, 'local_loss': 1.0631844997406006, 'local_accuracy': 62.44159936904907, 'tn': -1849, 'fp': 1849, 'fn': 1849, 'tp': 3074, 'precision': 0.637933464127025, 'recall': 0.6247894878496576, 'f1': 0.619731430550958}
Received system metrics from client 2: {'cpu_time': 62.42999999970198, 'ram_used_mb': 4181.049344, 'net_sent_bytes': 64300, 'net_recv_bytes': 4488860, 'gpu_mem_used_mb': 38945.0, 'gpu_load': 0.01, 'client_rank': 2, 'round': 7, 'timestamp': '2025-08-18 11:43:32', 'participated': 1, 'data_size': 14087, 'data_variance': 0.0633707344532013, 'local_loss': 1.0288523435592651, 'local_accuracy': 63.547950983047485, 'tn': -5134, 'fp': 5134, 'fn': 5134, 'tp': 8953, 'precision': 0.6592903499081794, 'recall': 0.6355884956698163, 'f1': 0.6361352865904595}
Received system metrics from client 3: {'cpu_time': 43.46999999880791, 'ram_used_mb': 3906.035712, 'net_sent_bytes': 74661, 'net_recv_bytes': 55037, 'gpu_mem_used_mb': 38945.0, 'gpu_load': 0.0, 'client_rank': 3, 'round': 7, 'timestamp': '2025-08-18 11:43:30', 'participated': 1, 'data_size': 590, 'data_variance': 0.06486573070287704, 'local_loss': 1.0184308290481567, 'local_accuracy': 65.93220233917236, 'tn': -201, 'fp': 201, 'fn': 201, 'tp': 389, 'precision': 0.7061062910768864, 'recall': 0.6602130236626713, 'f1': 0.6651502790168369}
Received system metrics from client 4: {'cpu_time': 135.04000000283122, 'ram_used_mb': 4286.631936, 'net_sent_bytes': 967, 'net_recv_bytes': 34046, 'gpu_mem_used_mb': 38945.0, 'gpu_load': 0.0, 'client_rank': 4, 'round': 7, 'timestamp': '2025-08-18 11:43:31', 'participated': 1, 'data_size': 8420, 'data_variance': 0.06345649808645248, 'local_loss': 0.9723684191703796, 'local_accuracy': 65.8313512802124, 'tn': -2877, 'fp': 2877, 'fn': 2877, 'tp': 5543, 'precision': 0.6674403408427667, 'recall': 0.6582865338175077, 'f1': 0.6529950163052433}
Received system metrics from client 5: {'cpu_time': 100.03999999910593, 'ram_used_mb': 4394.258432, 'net_sent_bytes': 15164, 'net_recv_bytes': 48421, 'gpu_mem_used_mb': 38945.0, 'gpu_load': 0.0, 'client_rank': 5, 'round': 7, 'timestamp': '2025-08-18 11:43:32', 'participated': 1, 'data_size': 10256, 'data_variance': 0.06330867111682892, 'local_loss': 1.0100882053375244, 'local_accuracy': 63.70905041694641, 'tn': -3722, 'fp': 3722, 'fn': 3722, 'tp': 6534, 'precision': 0.6543784048834248, 'recall': 0.6370926533214029, 'f1': 0.6323520591585915}
Received system metrics from client 6: {'cpu_time': 48.34000000357628, 'ram_used_mb': 3949.633536, 'net_sent_bytes': 85853, 'net_recv_bytes': 87918, 'gpu_mem_used_mb': 38945.0, 'gpu_load': 0.0, 'client_rank': 6, 'round': 7, 'timestamp': '2025-08-18 11:43:30', 'participated': 1, 'data_size': 1456, 'data_variance': 0.061793986707925797, 'local_loss': 1.063928246498108, 'local_accuracy': 61.40109896659851, 'tn': -562, 'fp': 562, 'fn': 562, 'tp': 894, 'precision': 0.6488297567153785, 'recall': 0.6098304209991631, 'f1': 0.6156271262191149}
Received system metrics from client 7: {'cpu_time': 35.23000000230968, 'ram_used_mb': 4114.866176, 'net_sent_bytes': 23462, 'net_recv_bytes': 4462955, 'gpu_mem_used_mb': 38945.0, 'gpu_load': 0.0, 'client_rank': 7, 'round': 7, 'timestamp': '2025-08-18 11:43:30', 'participated': 1, 'data_size': 4502, 'data_variance': 0.06294825673103333, 'local_loss': 1.0265698432922363, 'local_accuracy': 64.08262848854065, 'tn': -1617, 'fp': 1617, 'fn': 1617, 'tp': 2885, 'precision': 0.6492731494010019, 'recall': 0.6405026758788657, 'f1': 0.6320416927089993}
Received system metrics from client 8: {'cpu_time': 128.54999999981374, 'ram_used_mb': 3898.437632, 'net_sent_bytes': 41765, 'net_recv_bytes': 48357, 'gpu_mem_used_mb': 38945.0, 'gpu_load': 0.0, 'client_rank': 8, 'round': 7, 'timestamp': '2025-08-18 11:43:30', 'participated': 1, 'data_size': 1044, 'data_variance': 0.06484082341194153, 'local_loss': 1.0296746492385864, 'local_accuracy': 64.75095748901367, 'tn': -368, 'fp': 368, 'fn': 368, 'tp': 676, 'precision': 0.6655149659809868, 'recall': 0.6466009137749545, 'f1': 0.6423819500725838}
Received system metrics from client 9: {'cpu_time': 45.34000000357628, 'ram_used_mb': 4093.718528, 'net_sent_bytes': 87376, 'net_recv_bytes': 120037, 'gpu_mem_used_mb': 38945.0, 'gpu_load': 0.0, 'client_rank': 9, 'round': 7, 'timestamp': '2025-08-18 11:43:30', 'participated': 1, 'data_size': 4597, 'data_variance': 0.062255386263132095, 'local_loss': 0.9996916651725769, 'local_accuracy': 64.95540738105774, 'tn': -1611, 'fp': 1611, 'fn': 1611, 'tp': 2986, 'precision': 0.6674522593144501, 'recall': 0.6485224310692026, 'f1': 0.648928420585158}
Received system metrics from client 10: {'cpu_time': 66.37000000476837, 'ram_used_mb': 3861.344256, 'net_sent_bytes': 96212, 'net_recv_bytes': 108069, 'gpu_mem_used_mb': 38945.0, 'gpu_load': 0.0, 'client_rank': 10, 'round': 7, 'timestamp': '2025-08-18 11:43:30', 'participated': 1, 'data_size': 124, 'data_variance': 0.06624379754066467, 'local_loss': 0.9672988653182983, 'local_accuracy': 70.16128897666931, 'tn': -37, 'fp': 37, 'fn': 37, 'tp': 87, 'precision': 0.7646196373286157, 'recall': 0.6925642984466516, 'f1': 0.6748542363653925}
[selector] ERROR at round 7: can only concatenate list (not "dict") to list
[selector] Round 7: participants used in averaging = 10/10
Averaging model weights...
Evaluating updated global model on test set...
    [Client 1] Round 8 - Waiting for global weights...
    [Client 7] Round 8 - Waiting for global weights...
    [Client 3] Round 8 - Waiting for global weights...
    [Client 2] Round 8 - Waiting for global weights...
    [Client 4] Round 8 - Waiting for global weights...
    [Client 8] Round 8 - Waiting for global weights...
    [Client 9] Round 8 - Waiting for global weights...
    [Client 5] Round 8 - Waiting for global weights...
    [Client 10] Round 8 - Waiting for global weights...
    [Client 6] Round 8 - Waiting for global weights...
Round 7 Evaluation - Accuracy: 0.6404, Loss: 1.0181

===== Round 8 =====
Broadcasting global model to all clients...
Waiting for model weights from client 1...
    [Client 9] Round 8 - Training on local data...
    [Client 7] Round 8 - Training on local data...
    [Client 1] Round 8 - Training on local data...
    [Client 8] Round 8 - Training on local data...
    [Client 4] Round 8 - Training on local data...
    [Client 6] Round 8 - Training on local data...
    [Client 10] Round 8 - Training on local data...
    [Client 5] Round 8 - Training on local data...
    [Client 3] Round 8 - Training on local data...
    [Client 2] Round 8 - Training on local data...
    [Client 10] Round 8 - Sending updated weights to server...
    [Client 7] Round 8 - Sending updated weights to server...
    [Client 1] Round 8 - Sending updated weights to server...
Received weights from client 1
Waiting for model weights from client 2...
    [Client 3] Round 8 - Sending updated weights to server...
    [Client 4] Round 8 - Sending updated weights to server...
    [Client 8] Round 8 - Sending updated weights to server...
    [Client 5] Round 8 - Sending updated weights to server...
    [Client 9] Round 8 - Sending updated weights to server...
    [Client 2] Round 8 - Sending updated weights to server...
Received weights from client 2
Waiting for model weights from client 3...
Received weights from client 3
Waiting for model weights from client 4...
Received weights from client 4
Waiting for model weights from client 5...
Received weights from client 5
Waiting for model weights from client 6...
    [Client 6] Round 8 - Sending updated weights to server...
Received weights from client 6
Waiting for model weights from client 7...
Received weights from client 7
Waiting for model weights from client 8...
Received weights from client 8
Waiting for model weights from client 9...
Received weights from client 9
Waiting for model weights from client 10...
Received weights from client 10
Received system metrics from client 1: {'cpu_time': 33.669999999925494, 'ram_used_mb': 4269.387776, 'net_sent_bytes': 40798, 'net_recv_bytes': 52618, 'gpu_mem_used_mb': 38947.0, 'gpu_load': 0.0, 'client_rank': 1, 'round': 8, 'timestamp': '2025-08-18 11:44:04', 'participated': 1, 'data_size': 4923, 'data_variance': 0.06380366533994675, 'local_loss': 0.9054553508758545, 'local_accuracy': 68.55576038360596, 'tn': -1549, 'fp': 1549, 'fn': 1549, 'tp': 3374, 'precision': 0.6989706300746675, 'recall': 0.686953065832963, 'f1': 0.6798317141281989}
Received system metrics from client 2: {'cpu_time': 59.020000003278255, 'ram_used_mb': 4456.783872, 'net_sent_bytes': 44747, 'net_recv_bytes': 57296, 'gpu_mem_used_mb': 38947.0, 'gpu_load': 0.0, 'client_rank': 2, 'round': 8, 'timestamp': '2025-08-18 11:44:05', 'participated': 1, 'data_size': 14087, 'data_variance': 0.0633707344532013, 'local_loss': 0.9076814651489258, 'local_accuracy': 67.70071983337402, 'tn': -4548, 'fp': 4548, 'fn': 4548, 'tp': 9539, 'precision': 0.6890475476917359, 'recall': 0.6774391052286337, 'f1': 0.6792061568743255}
Received system metrics from client 3: {'cpu_time': 40.940000005066395, 'ram_used_mb': 4114.30912, 'net_sent_bytes': 24240, 'net_recv_bytes': 30422, 'gpu_mem_used_mb': 38947.0, 'gpu_load': 0.0, 'client_rank': 3, 'round': 8, 'timestamp': '2025-08-18 11:44:03', 'participated': 1, 'data_size': 590, 'data_variance': 0.06486573070287704, 'local_loss': 0.9802452921867371, 'local_accuracy': 65.25423526763916, 'tn': -204, 'fp': 204, 'fn': 204, 'tp': 386, 'precision': 0.733939356484835, 'recall': 0.6496839520490213, 'f1': 0.6580083104977573}
Received system metrics from client 4: {'cpu_time': 127.9100000038743, 'ram_used_mb': 4543.172608, 'net_sent_bytes': 57191, 'net_recv_bytes': 58789, 'gpu_mem_used_mb': 38947.0, 'gpu_load': 0.0, 'client_rank': 4, 'round': 8, 'timestamp': '2025-08-18 11:44:04', 'participated': 1, 'data_size': 8420, 'data_variance': 0.06345649808645248, 'local_loss': 1.0732815265655518, 'local_accuracy': 62.719714641571045, 'tn': -3139, 'fp': 3139, 'fn': 3139, 'tp': 5281, 'precision': 0.62920811915329, 'recall': 0.6274513155654726, 'f1': 0.6130509674532719}
Received system metrics from client 5: {'cpu_time': 94.26000000536442, 'ram_used_mb': 4671.107072, 'net_sent_bytes': 1645, 'net_recv_bytes': 38965, 'gpu_mem_used_mb': 38947.0, 'gpu_load': 0.0, 'client_rank': 5, 'round': 8, 'timestamp': '2025-08-18 11:44:05', 'participated': 1, 'data_size': 10256, 'data_variance': 0.06330867111682892, 'local_loss': 0.9869222640991211, 'local_accuracy': 64.84009623527527, 'tn': -3606, 'fp': 3606, 'fn': 3606, 'tp': 6650, 'precision': 0.6789184732435748, 'recall': 0.6474788485582141, 'f1': 0.6444622723857052}
Received system metrics from client 6: {'cpu_time': 44.82000000029802, 'ram_used_mb': 4172.787712, 'net_sent_bytes': 110835, 'net_recv_bytes': 4519169, 'gpu_mem_used_mb': 38947.0, 'gpu_load': 0.0, 'client_rank': 6, 'round': 8, 'timestamp': '2025-08-18 11:44:04', 'participated': 1, 'data_size': 1456, 'data_variance': 0.061793986707925797, 'local_loss': 0.8784863948822021, 'local_accuracy': 69.7802186012268, 'tn': -440, 'fp': 440, 'fn': 440, 'tp': 1016, 'precision': 0.6973139866059002, 'recall': 0.6956093690176253, 'f1': 0.6904851281553115}
Received system metrics from client 7: {'cpu_time': 33.02999999932945, 'ram_used_mb': 4339.699712, 'net_sent_bytes': 459, 'net_recv_bytes': 29892, 'gpu_mem_used_mb': 38947.0, 'gpu_load': 0.0, 'client_rank': 7, 'round': 8, 'timestamp': '2025-08-18 11:44:04', 'participated': 1, 'data_size': 4502, 'data_variance': 0.06294825673103333, 'local_loss': 1.0860896110534668, 'local_accuracy': 60.017770528793335, 'tn': -1800, 'fp': 1800, 'fn': 1800, 'tp': 2702, 'precision': 0.653800661147644, 'recall': 0.6019877621540901, 'f1': 0.5852766162723421}
Received system metrics from client 8: {'cpu_time': 124.64999999990687, 'ram_used_mb': 4117.970944, 'net_sent_bytes': 52068, 'net_recv_bytes': 4468514, 'gpu_mem_used_mb': 38947.0, 'gpu_load': 0.01, 'client_rank': 8, 'round': 8, 'timestamp': '2025-08-18 11:44:03', 'participated': 1, 'data_size': 1044, 'data_variance': 0.06484082341194153, 'local_loss': 0.9455310106277466, 'local_accuracy': 69.54023241996765, 'tn': -318, 'fp': 318, 'fn': 318, 'tp': 726, 'precision': 0.6936643881616525, 'recall': 0.6922594545496538, 'f1': 0.689002917637041}
Received system metrics from client 9: {'cpu_time': 44.600000001490116, 'ram_used_mb': 4321.992704, 'net_sent_bytes': 81317, 'net_recv_bytes': 102085, 'gpu_mem_used_mb': 38947.0, 'gpu_load': 0.0, 'client_rank': 9, 'round': 8, 'timestamp': '2025-08-18 11:44:04', 'participated': 1, 'data_size': 4597, 'data_variance': 0.062255386263132095, 'local_loss': 0.9166833162307739, 'local_accuracy': 67.67457127571106, 'tn': -1485, 'fp': 1485, 'fn': 1485, 'tp': 3112, 'precision': 0.7003086328639636, 'recall': 0.6754040094507358, 'f1': 0.6767790527319083}
Received system metrics from client 10: {'cpu_time': 65.1000000089407, 'ram_used_mb': 4064.632832, 'net_sent_bytes': 119571, 'net_recv_bytes': 101848, 'gpu_mem_used_mb': 38947.0, 'gpu_load': 0.0, 'client_rank': 10, 'round': 8, 'timestamp': '2025-08-18 11:44:04', 'participated': 1, 'data_size': 124, 'data_variance': 0.06624379754066467, 'local_loss': 0.839849054813385, 'local_accuracy': 75.0, 'tn': -31, 'fp': 31, 'fn': 31, 'tp': 93, 'precision': 0.7367975651799181, 'recall': 0.750161701044054, 'f1': 0.7386710178142404}
[selector] ERROR at round 8: can only concatenate list (not "dict") to list
[selector] Round 8: participants used in averaging = 10/10
Averaging model weights...
Evaluating updated global model on test set...
    [Client 7] Round 9 - Waiting for global weights...
    [Client 3] Round 9 - Waiting for global weights...
    [Client 1] Round 9 - Waiting for global weights...
    [Client 2] Round 9 - Waiting for global weights...
    [Client 4] Round 9 - Waiting for global weights...
    [Client 10] Round 9 - Waiting for global weights...
    [Client 6] Round 9 - Waiting for global weights...
    [Client 8] Round 9 - Waiting for global weights...
    [Client 9] Round 9 - Waiting for global weights...
    [Client 5] Round 9 - Waiting for global weights...
Round 8 Evaluation - Accuracy: 0.6582, Loss: 0.9592

===== Round 9 =====
Broadcasting global model to all clients...
Waiting for model weights from client 1...
    [Client 7] Round 9 - Training on local data...
    [Client 9] Round 9 - Training on local data...
    [Client 3] Round 9 - Training on local data...
    [Client 8] Round 9 - Training on local data...
    [Client 4] Round 9 - Training on local data...
    [Client 6] Round 9 - Training on local data...
    [Client 1] Round 9 - Training on local data...
    [Client 10] Round 9 - Training on local data...
    [Client 5] Round 9 - Training on local data...
    [Client 2] Round 9 - Training on local data...
    [Client 10] Round 9 - Sending updated weights to server...
    [Client 3] Round 9 - Sending updated weights to server...
    [Client 6] Round 9 - Sending updated weights to server...
    [Client 9] Round 9 - Sending updated weights to server...
    [Client 7] Round 9 - Sending updated weights to server...
    [Client 1] Round 9 - Sending updated weights to server...
Received weights from client 1
Waiting for model weights from client 2...
    [Client 2] Round 9 - Sending updated weights to server...
Received weights from client 2
Waiting for model weights from client 3...
Received weights from client 3
Waiting for model weights from client 4...
    [Client 4] Round 9 - Sending updated weights to server...
    [Client 5] Round 9 - Sending updated weights to server...
Received weights from client 4
Waiting for model weights from client 5...
Received weights from client 5
Waiting for model weights from client 6...
Received weights from client 6
Waiting for model weights from client 7...
Received weights from client 7
Waiting for model weights from client 8...
    [Client 8] Round 9 - Sending updated weights to server...
Received weights from client 8
Waiting for model weights from client 9...
Received weights from client 9
Waiting for model weights from client 10...
Received weights from client 10
Received system metrics from client 1: {'cpu_time': 35.77000000048429, 'ram_used_mb': 4470.501376, 'net_sent_bytes': 1982, 'net_recv_bytes': 36838, 'gpu_mem_used_mb': 38947.0, 'gpu_load': 0.0, 'client_rank': 1, 'round': 9, 'timestamp': '2025-08-18 11:44:25', 'participated': 1, 'data_size': 4923, 'data_variance': 0.06380366533994675, 'local_loss': 0.870953381061554, 'local_accuracy': 69.46983337402344, 'tn': -1503, 'fp': 1503, 'fn': 1503, 'tp': 3420, 'precision': 0.6969840865636245, 'recall': 0.6942576537624959, 'f1': 0.6874541882622789}
Received system metrics from client 2: {'cpu_time': 51.71999999880791, 'ram_used_mb': 4648.636416, 'net_sent_bytes': 33157, 'net_recv_bytes': 37667, 'gpu_mem_used_mb': 38947.0, 'gpu_load': 0.0, 'client_rank': 2, 'round': 9, 'timestamp': '2025-08-18 11:44:26', 'participated': 1, 'data_size': 14087, 'data_variance': 0.0633707344532013, 'local_loss': 0.8541578650474548, 'local_accuracy': 69.7380542755127, 'tn': -4262, 'fp': 4262, 'fn': 4262, 'tp': 9825, 'precision': 0.7020967523350656, 'recall': 0.6972563146804778, 'f1': 0.6949486710590829}
Received system metrics from client 3: {'cpu_time': 34.32000000029802, 'ram_used_mb': 4302.25408, 'net_sent_bytes': 47904, 'net_recv_bytes': 40617, 'gpu_mem_used_mb': 38949.0, 'gpu_load': 0.0, 'client_rank': 3, 'round': 9, 'timestamp': '2025-08-18 11:44:24', 'participated': 1, 'data_size': 590, 'data_variance': 0.06486573070287704, 'local_loss': 0.7410944104194641, 'local_accuracy': 75.93220472335815, 'tn': -142, 'fp': 142, 'fn': 142, 'tp': 448, 'precision': 0.7606313310348818, 'recall': 0.7601884407318178, 'f1': 0.75819084903104}
Received system metrics from client 4: {'cpu_time': 135.03999999910593, 'ram_used_mb': 4721.27488, 'net_sent_bytes': 2042, 'net_recv_bytes': 36918, 'gpu_mem_used_mb': 38947.0, 'gpu_load': 0.0, 'client_rank': 4, 'round': 9, 'timestamp': '2025-08-18 11:44:25', 'participated': 1, 'data_size': 8420, 'data_variance': 0.06345649808645248, 'local_loss': 0.9325419068336487, 'local_accuracy': 66.61520004272461, 'tn': -2811, 'fp': 2811, 'fn': 2811, 'tp': 5609, 'precision': 0.6860421616811195, 'recall': 0.666233337361643, 'f1': 0.6587065963693197}
Received system metrics from client 5: {'cpu_time': 96.8099999949336, 'ram_used_mb': 4875.845632, 'net_sent_bytes': 3607, 'net_recv_bytes': 41600, 'gpu_mem_used_mb': 38947.0, 'gpu_load': 0.01, 'client_rank': 5, 'round': 9, 'timestamp': '2025-08-18 11:44:26', 'participated': 1, 'data_size': 10256, 'data_variance': 0.06330867111682892, 'local_loss': 0.912402868270874, 'local_accuracy': 67.20944046974182, 'tn': -3363, 'fp': 3363, 'fn': 3363, 'tp': 6893, 'precision': 0.6752534876320556, 'recall': 0.6722067754442049, 'f1': 0.6639230655454766}
Received system metrics from client 6: {'cpu_time': 47.24000000208616, 'ram_used_mb': 4362.010624, 'net_sent_bytes': 108915, 'net_recv_bytes': 129088, 'gpu_mem_used_mb': 38947.0, 'gpu_load': 0.0, 'client_rank': 6, 'round': 9, 'timestamp': '2025-08-18 11:44:25', 'participated': 1, 'data_size': 1456, 'data_variance': 0.061793986707925797, 'local_loss': 0.818625807762146, 'local_accuracy': 71.42857313156128, 'tn': -416, 'fp': 416, 'fn': 416, 'tp': 1040, 'precision': 0.7179792188490666, 'recall': 0.7113276285299165, 'f1': 0.7089458745282765}
Received system metrics from client 7: {'cpu_time': 34.70000000111759, 'ram_used_mb': 4514.07872, 'net_sent_bytes': 592, 'net_recv_bytes': 32574, 'gpu_mem_used_mb': 38947.0, 'gpu_load': 0.0, 'client_rank': 7, 'round': 9, 'timestamp': '2025-08-18 11:44:25', 'participated': 1, 'data_size': 4502, 'data_variance': 0.06294825673103333, 'local_loss': 0.9645704627037048, 'local_accuracy': 64.72678780555725, 'tn': -1588, 'fp': 1588, 'fn': 1588, 'tp': 2914, 'precision': 0.6873734239456353, 'recall': 0.6481020669248978, 'f1': 0.6435425697247924}
Received system metrics from client 8: {'cpu_time': 130.7899999995716, 'ram_used_mb': 4293.36576, 'net_sent_bytes': 329, 'net_recv_bytes': 28646, 'gpu_mem_used_mb': 38947.0, 'gpu_load': 0.0, 'client_rank': 8, 'round': 9, 'timestamp': '2025-08-18 11:44:25', 'participated': 1, 'data_size': 1044, 'data_variance': 0.06484082341194153, 'local_loss': 0.8731359243392944, 'local_accuracy': 70.9770143032074, 'tn': -302, 'fp': 302, 'fn': 302, 'tp': 742, 'precision': 0.7368806466448393, 'recall': 0.7072877465960401, 'f1': 0.6972325850807154}
Received system metrics from client 9: {'cpu_time': 51.07999999821186, 'ram_used_mb': 4470.910976, 'net_sent_bytes': 128660, 'net_recv_bytes': 109412, 'gpu_mem_used_mb': 38947.0, 'gpu_load': 0.0, 'client_rank': 9, 'round': 9, 'timestamp': '2025-08-18 11:44:25', 'participated': 1, 'data_size': 4597, 'data_variance': 0.062255386263132095, 'local_loss': 1.0509932041168213, 'local_accuracy': 62.910592555999756, 'tn': -1705, 'fp': 1705, 'fn': 1705, 'tp': 2892, 'precision': 0.6876498467078028, 'recall': 0.62686333484314, 'f1': 0.6367169415453923}
Received system metrics from client 10: {'cpu_time': 58.75, 'ram_used_mb': 4250.804224, 'net_sent_bytes': 58176, 'net_recv_bytes': 85290, 'gpu_mem_used_mb': 38947.0, 'gpu_load': 0.0, 'client_rank': 10, 'round': 9, 'timestamp': '2025-08-18 11:44:24', 'participated': 1, 'data_size': 124, 'data_variance': 0.06624379754066467, 'local_loss': 0.7737194895744324, 'local_accuracy': 77.4193525314331, 'tn': -28, 'fp': 28, 'fn': 28, 'tp': 96, 'precision': 0.7863852813852814, 'recall': 0.759166030048383, 'f1': 0.7635529582143302}
[selector] ERROR at round 9: can only concatenate list (not "dict") to list
[selector] Round 9: participants used in averaging = 10/10
Averaging model weights...
Evaluating updated global model on test set...
    [Client 1] Round 10 - Waiting for global weights...
    [Client 3] Round 10 - Waiting for global weights...
    [Client 7] Round 10 - Waiting for global weights...
    [Client 4] Round 10 - Waiting for global weights...
    [Client 8] Round 10 - Waiting for global weights...
    [Client 2] Round 10 - Waiting for global weights...
    [Client 10] Round 10 - Waiting for global weights...
    [Client 6] Round 10 - Waiting for global weights...
    [Client 9] Round 10 - Waiting for global weights...
    [Client 5] Round 10 - Waiting for global weights...
Round 9 Evaluation - Accuracy: 0.6834, Loss: 0.8962

===== Round 10 =====
Broadcasting global model to all clients...
Waiting for model weights from client 1...
    [Client 8] Round 10 - Training on local data...
    [Client 10] Round 10 - Training on local data...
    [Client 4] Round 10 - Training on local data...
    [Client 9] Round 10 - Training on local data...
    [Client 1] Round 10 - Training on local data...
    [Client 3] Round 10 - Training on local data...
    [Client 7] Round 10 - Training on local data...
    [Client 2] Round 10 - Training on local data...
    [Client 6] Round 10 - Training on local data...
    [Client 5] Round 10 - Training on local data...
    [Client 3] Round 10 - Sending updated weights to server...
    [Client 10] Round 10 - Sending updated weights to server...
    [Client 8] Round 10 - Sending updated weights to server...
    [Client 9] Round 10 - Sending updated weights to server...
    [Client 1] Round 10 - Sending updated weights to server...
Received weights from client 1
Waiting for model weights from client 2...
    [Client 6] Round 10 - Sending updated weights to server...
    [Client 2] Round 10 - Sending updated weights to server...
Received weights from client 2
Waiting for model weights from client 3...
Received weights from client 3
Waiting for model weights from client 4...
    [Client 5] Round 10 - Sending updated weights to server...
    [Client 7] Round 10 - Sending updated weights to server...
    [Client 4] Round 10 - Sending updated weights to server...
Received weights from client 4
Waiting for model weights from client 5...
Received weights from client 5
Waiting for model weights from client 6...
Received weights from client 6
Waiting for model weights from client 7...
Received weights from client 7
Waiting for model weights from client 8...
Received weights from client 8
Waiting for model weights from client 9...
Received weights from client 9
Waiting for model weights from client 10...
Received weights from client 10
Received system metrics from client 1: {'cpu_time': 35.72000000067055, 'ram_used_mb': 4669.059072, 'net_sent_bytes': 35966, 'net_recv_bytes': 100528, 'gpu_mem_used_mb': 38949.0, 'gpu_load': 0.0, 'client_rank': 1, 'round': 10, 'timestamp': '2025-08-18 11:44:46', 'participated': 1, 'data_size': 4923, 'data_variance': 0.06380366533994675, 'local_loss': 0.8214244246482849, 'local_accuracy': 71.0542380809784, 'tn': -1425, 'fp': 1425, 'fn': 1425, 'tp': 3498, 'precision': 0.71869776262462, 'recall': 0.7097041101430546, 'f1': 0.7032473240032555}
Received system metrics from client 2: {'cpu_time': 63.03999999910593, 'ram_used_mb': 4789.4528, 'net_sent_bytes': 34817, 'net_recv_bytes': 104568, 'gpu_mem_used_mb': 38949.0, 'gpu_load': 0.0, 'client_rank': 2, 'round': 10, 'timestamp': '2025-08-18 11:44:47', 'participated': 1, 'data_size': 14087, 'data_variance': 0.0633707344532013, 'local_loss': 0.8008219599723816, 'local_accuracy': 71.91737294197083, 'tn': -3956, 'fp': 3956, 'fn': 3956, 'tp': 10131, 'precision': 0.7228229769122856, 'recall': 0.7197801781989164, 'f1': 0.7155525207812166}
Received system metrics from client 3: {'cpu_time': 42.41000000014901, 'ram_used_mb': 4488.675328, 'net_sent_bytes': 36889, 'net_recv_bytes': 101904, 'gpu_mem_used_mb': 38949.0, 'gpu_load': 0.0, 'client_rank': 3, 'round': 10, 'timestamp': '2025-08-18 11:44:46', 'participated': 1, 'data_size': 590, 'data_variance': 0.06486573070287704, 'local_loss': 0.7513130307197571, 'local_accuracy': 74.06779527664185, 'tn': -153, 'fp': 153, 'fn': 153, 'tp': 437, 'precision': 0.7869112834384198, 'recall': 0.7357120764650542, 'f1': 0.739504971426536}
Received system metrics from client 4: {'cpu_time': 127.67999999970198, 'ram_used_mb': 4911.501312, 'net_sent_bytes': 5542, 'net_recv_bytes': 79059, 'gpu_mem_used_mb': 38949.0, 'gpu_load': 0.0, 'client_rank': 4, 'round': 10, 'timestamp': '2025-08-18 11:44:47', 'participated': 1, 'data_size': 8420, 'data_variance': 0.06345649808645248, 'local_loss': 0.8140175342559814, 'local_accuracy': 71.27078175544739, 'tn': -2420, 'fp': 2420, 'fn': 2420, 'tp': 6000, 'precision': 0.7214573707895624, 'recall': 0.7122086099378727, 'f1': 0.7128187292023844}
Received system metrics from client 5: {'cpu_time': 95.57000000029802, 'ram_used_mb': 5137.047552, 'net_sent_bytes': 116042, 'net_recv_bytes': 111753, 'gpu_mem_used_mb': 38949.0, 'gpu_load': 0.0, 'client_rank': 5, 'round': 10, 'timestamp': '2025-08-18 11:44:48', 'participated': 1, 'data_size': 10256, 'data_variance': 0.06330867111682892, 'local_loss': 0.8617855310440063, 'local_accuracy': 69.54953074455261, 'tn': -3123, 'fp': 3123, 'fn': 3123, 'tp': 7133, 'precision': 0.7140931090683944, 'recall': 0.695987933949852, 'f1': 0.6867184271708291}
Received system metrics from client 6: {'cpu_time': 48.46999999880791, 'ram_used_mb': 4541.763584, 'net_sent_bytes': 99156, 'net_recv_bytes': 146207, 'gpu_mem_used_mb': 38949.0, 'gpu_load': 0.0, 'client_rank': 6, 'round': 10, 'timestamp': '2025-08-18 11:44:46', 'participated': 1, 'data_size': 1456, 'data_variance': 0.061793986707925797, 'local_loss': 0.8657150864601135, 'local_accuracy': 69.64285969734192, 'tn': -442, 'fp': 442, 'fn': 442, 'tp': 1014, 'precision': 0.7347695882544723, 'recall': 0.6947162845433119, 'f1': 0.6969582117961021}
Received system metrics from client 7: {'cpu_time': 34.330000000074506, 'ram_used_mb': 4668.66176, 'net_sent_bytes': 84071, 'net_recv_bytes': 111415, 'gpu_mem_used_mb': 38949.0, 'gpu_load': 0.0, 'client_rank': 7, 'round': 10, 'timestamp': '2025-08-18 11:44:46', 'participated': 1, 'data_size': 4502, 'data_variance': 0.06294825673103333, 'local_loss': 0.8770595788955688, 'local_accuracy': 68.70279908180237, 'tn': -1409, 'fp': 1409, 'fn': 1409, 'tp': 3093, 'precision': 0.7031422449065843, 'recall': 0.6866781444432613, 'f1': 0.6800503565247051}
Received system metrics from client 8: {'cpu_time': 111.20999999996275, 'ram_used_mb': 4480.708608, 'net_sent_bytes': 37541, 'net_recv_bytes': 73257, 'gpu_mem_used_mb': 38949.0, 'gpu_load': 0.0, 'client_rank': 8, 'round': 10, 'timestamp': '2025-08-18 11:44:46', 'participated': 1, 'data_size': 1044, 'data_variance': 0.06484082341194153, 'local_loss': 0.8156589865684509, 'local_accuracy': 74.042147397995, 'tn': -271, 'fp': 271, 'fn': 271, 'tp': 773, 'precision': 0.7546320976320734, 'recall': 0.7392384229607779, 'f1': 0.7345264947985041}
Received system metrics from client 9: {'cpu_time': 45.07000000029802, 'ram_used_mb': 4677.926912, 'net_sent_bytes': 101641, 'net_recv_bytes': 140530, 'gpu_mem_used_mb': 38949.0, 'gpu_load': 0.0, 'client_rank': 9, 'round': 10, 'timestamp': '2025-08-18 11:44:46', 'participated': 1, 'data_size': 4597, 'data_variance': 0.062255386263132095, 'local_loss': 0.8444104790687561, 'local_accuracy': 69.2625641822815, 'tn': -1412, 'fp': 1412, 'fn': 1412, 'tp': 3185, 'precision': 0.7251547989027645, 'recall': 0.6920354044477544, 'f1': 0.6863436846815713}
Received system metrics from client 10: {'cpu_time': 67.95000000298023, 'ram_used_mb': 4376.117248, 'net_sent_bytes': 68692, 'net_recv_bytes': 139111, 'gpu_mem_used_mb': 38949.0, 'gpu_load': 0.0, 'client_rank': 10, 'round': 10, 'timestamp': '2025-08-18 11:44:47', 'participated': 1, 'data_size': 124, 'data_variance': 0.06624379754066467, 'local_loss': 0.6567785143852234, 'local_accuracy': 77.4193525314331, 'tn': -28, 'fp': 28, 'fn': 28, 'tp': 96, 'precision': 0.7726029818135082, 'recall': 0.7686631016042782, 'f1': 0.7631542228728929}
[selector] ERROR at round 10: can only concatenate list (not "dict") to list
[selector] Round 10: participants used in averaging = 10/10
Averaging model weights...
Evaluating updated global model on test set...
    [Client 7] Round 11 - Waiting for global weights...
    [Client 3] Round 11 - Waiting for global weights...
    [Client 1] Round 11 - Waiting for global weights...
    [Client 2] Round 11 - Waiting for global weights...
    [Client 6] Round 11 - Waiting for global weights...
    [Client 4] Round 11 - Waiting for global weights...
    [Client 8] Round 11 - Waiting for global weights...
    [Client 10] Round 11 - Waiting for global weights...
    [Client 9] Round 11 - Waiting for global weights...
    [Client 5] Round 11 - Waiting for global weights...
Round 10 Evaluation - Accuracy: 0.6914, Loss: 0.8618

===== Round 11 =====
Broadcasting global model to all clients...
Waiting for model weights from client 1...
    [Client 8] Round 11 - Training on local data...
    [Client 3] Round 11 - Training on local data...
    [Client 9] Round 11 - Training on local data...
    [Client 7] Round 11 - Training on local data...
    [Client 6] Round 11 - Training on local data...
    [Client 1] Round 11 - Training on local data...
    [Client 4] Round 11 - Training on local data...
    [Client 2] Round 11 - Training on local data...
    [Client 5] Round 11 - Training on local data...
    [Client 10] Round 11 - Training on local data...
    [Client 2] Round 11 - Sending updated weights to server...
    [Client 10] Round 11 - Sending updated weights to server...
    [Client 8] Round 11 - Sending updated weights to server...
    [Client 9] Round 11 - Sending updated weights to server...
    [Client 4] Round 11 - Sending updated weights to server...
    [Client 7] Round 11 - Sending updated weights to server...
    [Client 3] Round 11 - Sending updated weights to server...
    [Client 6] Round 11 - Sending updated weights to server...
    [Client 5] Round 11 - Sending updated weights to server...
    [Client 1] Round 11 - Sending updated weights to server...
Received weights from client 1
Waiting for model weights from client 2...
Received weights from client 2
Waiting for model weights from client 3...
Received weights from client 3
Waiting for model weights from client 4...
Received weights from client 4
Waiting for model weights from client 5...
Received weights from client 5
Waiting for model weights from client 6...
Received weights from client 6
Waiting for model weights from client 7...
Received weights from client 7
Waiting for model weights from client 8...
Received weights from client 8
Waiting for model weights from client 9...
Received weights from client 9
Waiting for model weights from client 10...
Received weights from client 10
Received system metrics from client 1: {'cpu_time': 34.72999999951571, 'ram_used_mb': 4916.24448, 'net_sent_bytes': 850, 'net_recv_bytes': 33173, 'gpu_mem_used_mb': 38951.0, 'gpu_load': 0.0, 'client_rank': 1, 'round': 11, 'timestamp': '2025-08-18 11:45:21', 'participated': 1, 'data_size': 4923, 'data_variance': 0.06380366533994675, 'local_loss': 0.7969938516616821, 'local_accuracy': 73.10582995414734, 'tn': -1324, 'fp': 1324, 'fn': 1324, 'tp': 3599, 'precision': 0.7410469266506358, 'recall': 0.7304723750801927, 'f1': 0.7304717584162941}
Received system metrics from client 2: {'cpu_time': 54.269999999552965, 'ram_used_mb': 5079.670784, 'net_sent_bytes': 35157, 'net_recv_bytes': 38353, 'gpu_mem_used_mb': 38951.0, 'gpu_load': 0.0, 'client_rank': 2, 'round': 11, 'timestamp': '2025-08-18 11:45:22', 'participated': 1, 'data_size': 14087, 'data_variance': 0.0633707344532013, 'local_loss': 0.8052067160606384, 'local_accuracy': 71.82508707046509, 'tn': -3971, 'fp': 3971, 'fn': 3971, 'tp': 10116, 'precision': 0.7246922243042138, 'recall': 0.7182649499540268, 'f1': 0.7180428828330593}
Received system metrics from client 3: {'cpu_time': 38.74999999627471, 'ram_used_mb': 4682.489856, 'net_sent_bytes': 2039, 'net_recv_bytes': 34316, 'gpu_mem_used_mb': 38951.0, 'gpu_load': 0.0, 'client_rank': 3, 'round': 11, 'timestamp': '2025-08-18 11:45:20', 'participated': 1, 'data_size': 590, 'data_variance': 0.06486573070287704, 'local_loss': 0.6960979104042053, 'local_accuracy': 75.59322118759155, 'tn': -143, 'fp': 143, 'fn': 143, 'tp': 447, 'precision': 0.7832569659572723, 'recall': 0.7560622979623177, 'f1': 0.7583484517126733}
Received system metrics from client 4: {'cpu_time': 110.60999999567866, 'ram_used_mb': 5150.502912, 'net_sent_bytes': 42303, 'net_recv_bytes': 49425, 'gpu_mem_used_mb': 38949.0, 'gpu_load': 0.0, 'client_rank': 4, 'round': 11, 'timestamp': '2025-08-18 11:45:21', 'participated': 1, 'data_size': 8420, 'data_variance': 0.06345649808645248, 'local_loss': 0.7775331139564514, 'local_accuracy': 73.05225729942322, 'tn': -2269, 'fp': 2269, 'fn': 2269, 'tp': 6151, 'precision': 0.7341423345887147, 'recall': 0.7303393697814164, 'f1': 0.7259658815202152}
Received system metrics from client 5: {'cpu_time': 93.65000000596046, 'ram_used_mb': 5434.32704, 'net_sent_bytes': 33524, 'net_recv_bytes': 38396, 'gpu_mem_used_mb': 38951.0, 'gpu_load': 0.0, 'client_rank': 5, 'round': 11, 'timestamp': '2025-08-18 11:45:22', 'participated': 1, 'data_size': 10256, 'data_variance': 0.06330867111682892, 'local_loss': 0.9082638025283813, 'local_accuracy': 67.82371401786804, 'tn': -3300, 'fp': 3300, 'fn': 3300, 'tp': 6956, 'precision': 0.7107051461472077, 'recall': 0.6782799317100809, 'f1': 0.6813688958548674}
Received system metrics from client 6: {'cpu_time': 44.94999999925494, 'ram_used_mb': 4748.791808, 'net_sent_bytes': 112153, 'net_recv_bytes': 126812, 'gpu_mem_used_mb': 38951.0, 'gpu_load': 0.0, 'client_rank': 6, 'round': 11, 'timestamp': '2025-08-18 11:45:21', 'participated': 1, 'data_size': 1456, 'data_variance': 0.061793986707925797, 'local_loss': 0.702964723110199, 'local_accuracy': 76.23626589775085, 'tn': -346, 'fp': 346, 'fn': 346, 'tp': 1110, 'precision': 0.7696995901693121, 'recall': 0.760704690598502, 'f1': 0.7575109616001416}
Received system metrics from client 7: {'cpu_time': 34.19999999925494, 'ram_used_mb': 4907.327488, 'net_sent_bytes': 86047, 'net_recv_bytes': 52730, 'gpu_mem_used_mb': 38951.0, 'gpu_load': 0.0, 'client_rank': 7, 'round': 11, 'timestamp': '2025-08-18 11:45:21', 'participated': 1, 'data_size': 4502, 'data_variance': 0.06294825673103333, 'local_loss': 0.7852070927619934, 'local_accuracy': 72.83429503440857, 'tn': -1223, 'fp': 1223, 'fn': 1223, 'tp': 3279, 'precision': 0.725646614697802, 'recall': 0.7282923818776392, 'f1': 0.720653831066454}
Received system metrics from client 8: {'cpu_time': 122.43000000016764, 'ram_used_mb': 4706.967552, 'net_sent_bytes': 32331, 'net_recv_bytes': 30144, 'gpu_mem_used_mb': 38951.0, 'gpu_load': 0.0, 'client_rank': 8, 'round': 11, 'timestamp': '2025-08-18 11:45:20', 'participated': 1, 'data_size': 1044, 'data_variance': 0.06484082341194153, 'local_loss': 0.7175152897834778, 'local_accuracy': 75.38314461708069, 'tn': -257, 'fp': 257, 'fn': 257, 'tp': 787, 'precision': 0.7529815554211929, 'recall': 0.7498003948878742, 'f1': 0.7463893367839546}
Received system metrics from client 9: {'cpu_time': 44.20999999344349, 'ram_used_mb': 4884.815872, 'net_sent_bytes': 105110, 'net_recv_bytes': 105635, 'gpu_mem_used_mb': 38951.0, 'gpu_load': 0.0, 'client_rank': 9, 'round': 11, 'timestamp': '2025-08-18 11:45:21', 'participated': 1, 'data_size': 4597, 'data_variance': 0.062255386263132095, 'local_loss': 0.7823059558868408, 'local_accuracy': 72.93887138366699, 'tn': -1244, 'fp': 1244, 'fn': 1244, 'tp': 3353, 'precision': 0.7441941231445615, 'recall': 0.7290706173155774, 'f1': 0.7271949251607659}
Received system metrics from client 10: {'cpu_time': 64.13999999314547, 'ram_used_mb': 4581.277696, 'net_sent_bytes': 95824, 'net_recv_bytes': 117897, 'gpu_mem_used_mb': 38949.0, 'gpu_load': 0.0, 'client_rank': 10, 'round': 11, 'timestamp': '2025-08-18 11:45:21', 'participated': 1, 'data_size': 124, 'data_variance': 0.06624379754066467, 'local_loss': 0.5823697447776794, 'local_accuracy': 82.2580635547638, 'tn': -22, 'fp': 22, 'fn': 22, 'tp': 102, 'precision': 0.8281623931623932, 'recall': 0.8145887445887446, 'f1': 0.8157013522875592}
[selector] ERROR at round 11: can only concatenate list (not "dict") to list
[selector] Round 11: participants used in averaging = 10/10
Averaging model weights...
Evaluating updated global model on test set...
    [Client 1] Round 12 - Waiting for global weights...
    [Client 7] Round 12 - Waiting for global weights...
    [Client 3] Round 12 - Waiting for global weights...
    [Client 2] Round 12 - Waiting for global weights...
    [Client 4] Round 12 - Waiting for global weights...
    [Client 8] Round 12 - Waiting for global weights...
    [Client 6] Round 12 - Waiting for global weights...
    [Client 10] Round 12 - Waiting for global weights...
    [Client 9] Round 12 - Waiting for global weights...
    [Client 5] Round 12 - Waiting for global weights...
Round 11 Evaluation - Accuracy: 0.7169, Loss: 0.8068

===== Round 12 =====
Broadcasting global model to all clients...
Waiting for model weights from client 1...
    [Client 1] Round 12 - Training on local data...
    [Client 7] Round 12 - Training on local data...
    [Client 3] Round 12 - Training on local data...
    [Client 8] Round 12 - Training on local data...
    [Client 9] Round 12 - Training on local data...
    [Client 4] Round 12 - Training on local data...
    [Client 10] Round 12 - Training on local data...
    [Client 2] Round 12 - Training on local data...
    [Client 6] Round 12 - Training on local data...
    [Client 5] Round 12 - Training on local data...
    [Client 10] Round 12 - Sending updated weights to server...
    [Client 6] Round 12 - Sending updated weights to server...
    [Client 7] Round 12 - Sending updated weights to server...
    [Client 9] Round 12 - Sending updated weights to server...
    [Client 4] Round 12 - Sending updated weights to server...
    [Client 1] Round 12 - Sending updated weights to server...
Received weights from client 1
Waiting for model weights from client 2...
    [Client 2] Round 12 - Sending updated weights to server...
Received weights from client 2
Waiting for model weights from client 3...
    [Client 5] Round 12 - Sending updated weights to server...
    [Client 8] Round 12 - Sending updated weights to server...
    [Client 3] Round 12 - Sending updated weights to server...
Received weights from client 3
Waiting for model weights from client 4...
Received weights from client 4
Waiting for model weights from client 5...
Received weights from client 5
Waiting for model weights from client 6...
Received weights from client 6
Waiting for model weights from client 7...
Received weights from client 7
Waiting for model weights from client 8...
Received weights from client 8
Waiting for model weights from client 9...
Received weights from client 9
Waiting for model weights from client 10...
Received weights from client 10
Received system metrics from client 1: {'cpu_time': 36.47000000067055, 'ram_used_mb': 5036.879872, 'net_sent_bytes': 76959, 'net_recv_bytes': 64051, 'gpu_mem_used_mb': 38951.0, 'gpu_load': 0.0, 'client_rank': 1, 'round': 12, 'timestamp': '2025-08-18 11:46:32', 'participated': 1, 'data_size': 4923, 'data_variance': 0.06380366533994675, 'local_loss': 0.7114664316177368, 'local_accuracy': 74.60897564888, 'tn': -1250, 'fp': 1250, 'fn': 1250, 'tp': 3673, 'precision': 0.7538238543338759, 'recall': 0.7470070342393975, 'f1': 0.7457979336959513}
Received system metrics from client 2: {'cpu_time': 60.980000004172325, 'ram_used_mb': 5235.642368, 'net_sent_bytes': 41650, 'net_recv_bytes': 59050, 'gpu_mem_used_mb': 38951.0, 'gpu_load': 0.0, 'client_rank': 2, 'round': 12, 'timestamp': '2025-08-18 11:46:33', 'participated': 1, 'data_size': 14087, 'data_variance': 0.0633707344532013, 'local_loss': 0.8150097727775574, 'local_accuracy': 71.74699902534485, 'tn': -3980, 'fp': 3980, 'fn': 3980, 'tp': 10107, 'precision': 0.7255226626581177, 'recall': 0.7179882725843554, 'f1': 0.7143814050415995}
Received system metrics from client 3: {'cpu_time': 43.350000001490116, 'ram_used_mb': 4828.135424, 'net_sent_bytes': 41823, 'net_recv_bytes': 47465, 'gpu_mem_used_mb': 38951.0, 'gpu_load': 0.0, 'client_rank': 3, 'round': 12, 'timestamp': '2025-08-18 11:46:32', 'participated': 1, 'data_size': 590, 'data_variance': 0.06486573070287704, 'local_loss': 0.7281548380851746, 'local_accuracy': 73.89830350875854, 'tn': -153, 'fp': 153, 'fn': 153, 'tp': 437, 'precision': 0.7844991930510424, 'recall': 0.7336299720189607, 'f1': 0.738708686192102}
Received system metrics from client 4: {'cpu_time': 131.5599999986589, 'ram_used_mb': 5262.229504, 'net_sent_bytes': 41040, 'net_recv_bytes': 55203, 'gpu_mem_used_mb': 38951.0, 'gpu_load': 0.0, 'client_rank': 4, 'round': 12, 'timestamp': '2025-08-18 11:46:33', 'participated': 1, 'data_size': 8420, 'data_variance': 0.06345649808645248, 'local_loss': 0.7935447692871094, 'local_accuracy': 71.68645858764648, 'tn': -2384, 'fp': 2384, 'fn': 2384, 'tp': 6036, 'precision': 0.7322748689078382, 'recall': 0.7178273739372011, 'f1': 0.7128533466356626}
Received system metrics from client 5: {'cpu_time': 99.21000000089407, 'ram_used_mb': 5484.896256, 'net_sent_bytes': 2665, 'net_recv_bytes': 36846, 'gpu_mem_used_mb': 38951.0, 'gpu_load': 0.0, 'client_rank': 5, 'round': 12, 'timestamp': '2025-08-18 11:46:34', 'participated': 1, 'data_size': 10256, 'data_variance': 0.06330867111682892, 'local_loss': 1.0247087478637695, 'local_accuracy': 64.1478180885315, 'tn': -3677, 'fp': 3677, 'fn': 3677, 'tp': 6579, 'precision': 0.7058354379440922, 'recall': 0.6428590320158628, 'f1': 0.634853614804009}
Received system metrics from client 6: {'cpu_time': 46.559999994933605, 'ram_used_mb': 4850.753536, 'net_sent_bytes': 91989, 'net_recv_bytes': 96366, 'gpu_mem_used_mb': 38951.0, 'gpu_load': 0.01, 'client_rank': 6, 'round': 12, 'timestamp': '2025-08-18 11:46:32', 'participated': 1, 'data_size': 1456, 'data_variance': 0.061793986707925797, 'local_loss': 0.7595309615135193, 'local_accuracy': 74.17582273483276, 'tn': -376, 'fp': 376, 'fn': 376, 'tp': 1080, 'precision': 0.7729750315375699, 'recall': 0.7386124878890008, 'f1': 0.7411238715675321}
Received system metrics from client 7: {'cpu_time': 34.959999999031425, 'ram_used_mb': 5008.707584, 'net_sent_bytes': 916, 'net_recv_bytes': 32837, 'gpu_mem_used_mb': 38951.0, 'gpu_load': 0.0, 'client_rank': 7, 'round': 12, 'timestamp': '2025-08-18 11:46:32', 'participated': 1, 'data_size': 4502, 'data_variance': 0.06294825673103333, 'local_loss': 0.7403756380081177, 'local_accuracy': 73.85606169700623, 'tn': -1179, 'fp': 1179, 'fn': 1179, 'tp': 3323, 'precision': 0.7440123340129725, 'recall': 0.7373471214831725, 'f1': 0.7342503737838082}
Received system metrics from client 8: {'cpu_time': 134.35000000009313, 'ram_used_mb': 4789.108736, 'net_sent_bytes': 41886, 'net_recv_bytes': 51478, 'gpu_mem_used_mb': 38951.0, 'gpu_load': 0.0, 'client_rank': 8, 'round': 12, 'timestamp': '2025-08-18 11:46:32', 'participated': 1, 'data_size': 1044, 'data_variance': 0.06484082341194153, 'local_loss': 0.7186257839202881, 'local_accuracy': 77.20306515693665, 'tn': -238, 'fp': 238, 'fn': 238, 'tp': 806, 'precision': 0.793367525151314, 'recall': 0.767662590672193, 'f1': 0.7594881089463256}
Received system metrics from client 9: {'cpu_time': 47.49000000208616, 'ram_used_mb': 5016.00256, 'net_sent_bytes': 90169, 'net_recv_bytes': 120889, 'gpu_mem_used_mb': 38951.0, 'gpu_load': 0.0, 'client_rank': 9, 'round': 12, 'timestamp': '2025-08-18 11:46:32', 'participated': 1, 'data_size': 4597, 'data_variance': 0.062255386263132095, 'local_loss': 0.7121915817260742, 'local_accuracy': 74.96193051338196, 'tn': -1151, 'fp': 1151, 'fn': 1151, 'tp': 3446, 'precision': 0.7618921920363972, 'recall': 0.7489520465967608, 'f1': 0.7483386373370136}
Received system metrics from client 10: {'cpu_time': 70.92000000178814, 'ram_used_mb': 4784.119808, 'net_sent_bytes': 104357, 'net_recv_bytes': 110692, 'gpu_mem_used_mb': 38951.0, 'gpu_load': 0.0, 'client_rank': 10, 'round': 12, 'timestamp': '2025-08-18 11:46:32', 'participated': 1, 'data_size': 124, 'data_variance': 0.06624379754066467, 'local_loss': 0.5421671271324158, 'local_accuracy': 83.06451439857483, 'tn': -21, 'fp': 21, 'fn': 21, 'tp': 103, 'precision': 0.8272741147741147, 'recall': 0.8336796536796538, 'f1': 0.8234033159822634}
[selector] ERROR at round 12: can only concatenate list (not "dict") to list
[selector] Round 12: participants used in averaging = 10/10
Averaging model weights...
Evaluating updated global model on test set...
    [Client 3] Round 13 - Waiting for global weights...
    [Client 1] Round 13 - Waiting for global weights...
    [Client 7] Round 13 - Waiting for global weights...
    [Client 2] Round 13 - Waiting for global weights...
    [Client 6] Round 13 - Waiting for global weights...
    [Client 8] Round 13 - Waiting for global weights...
    [Client 4] Round 13 - Waiting for global weights...
    [Client 9] Round 13 - Waiting for global weights...
    [Client 5] Round 13 - Waiting for global weights...
Round 12 Evaluation - Accuracy: 0.7225, Loss: 0.7867

===== Round 13 =====
Broadcasting global model to all clients...
    [Client 10] Round 13 - Waiting for global weights...
Waiting for model weights from client 1...
    [Client 3] Round 13 - Training on local data...
    [Client 8] Round 13 - Training on local data...
    [Client 1] Round 13 - Training on local data...
    [Client 6] Round 13 - Training on local data...
    [Client 4] Round 13 - Training on local data...
    [Client 9] Round 13 - Training on local data...
    [Client 7] Round 13 - Training on local data...
    [Client 2] Round 13 - Training on local data...
    [Client 5] Round 13 - Training on local data...
    [Client 10] Round 13 - Training on local data...
    [Client 3] Round 13 - Sending updated weights to server...
    [Client 10] Round 13 - Sending updated weights to server...
    [Client 6] Round 13 - Sending updated weights to server...
    [Client 1] Round 13 - Sending updated weights to server...
Received weights from client 1
Waiting for model weights from client 2...
    [Client 7] Round 13 - Sending updated weights to server...
    [Client 4] Round 13 - Sending updated weights to server...
    [Client 2] Round 13 - Sending updated weights to server...
Received weights from client 2
Waiting for model weights from client 3...
Received weights from client 3
Waiting for model weights from client 4...
Received weights from client 4
Waiting for model weights from client 5...
    [Client 8] Round 13 - Sending updated weights to server...
    [Client 5] Round 13 - Sending updated weights to server...
Received weights from client 5
Waiting for model weights from client 6...
Received weights from client 6
Waiting for model weights from client 7...
Received weights from client 7
Waiting for model weights from client 8...
Received weights from client 8
Waiting for model weights from client 9...
    [Client 9] Round 13 - Sending updated weights to server...
Received weights from client 9
Waiting for model weights from client 10...
Received weights from client 10
Received system metrics from client 1: {'cpu_time': 34.639999999664724, 'ram_used_mb': 5280.509952, 'net_sent_bytes': 1066, 'net_recv_bytes': 32953, 'gpu_mem_used_mb': 38953.0, 'gpu_load': 0.0, 'client_rank': 1, 'round': 13, 'timestamp': '2025-08-18 11:47:18', 'participated': 1, 'data_size': 4923, 'data_variance': 0.06380366533994675, 'local_loss': 0.7540590167045593, 'local_accuracy': 73.73552918434143, 'tn': -1292, 'fp': 1292, 'fn': 1292, 'tp': 3631, 'precision': 0.7682213569872958, 'recall': 0.7386150488750951, 'f1': 0.7379011238301845}
Received system metrics from client 2: {'cpu_time': 57.5, 'ram_used_mb': 5428.015104, 'net_sent_bytes': 964, 'net_recv_bytes': 37191, 'gpu_mem_used_mb': 38953.0, 'gpu_load': 0.0, 'client_rank': 2, 'round': 13, 'timestamp': '2025-08-18 11:47:19', 'participated': 1, 'data_size': 14087, 'data_variance': 0.0633707344532013, 'local_loss': 0.7340863943099976, 'local_accuracy': 74.7852623462677, 'tn': -3552, 'fp': 3552, 'fn': 3552, 'tp': 10535, 'precision': 0.7445073964866238, 'recall': 0.747060965026409, 'f1': 0.739551283319289}
Received system metrics from client 3: {'cpu_time': 41.05000000074506, 'ram_used_mb': 5030.313984, 'net_sent_bytes': 3492, 'net_recv_bytes': 29772, 'gpu_mem_used_mb': 38953.0, 'gpu_load': 0.0, 'client_rank': 3, 'round': 13, 'timestamp': '2025-08-18 11:47:17', 'participated': 1, 'data_size': 590, 'data_variance': 0.06486573070287704, 'local_loss': 0.7216004729270935, 'local_accuracy': 74.40677881240845, 'tn': -151, 'fp': 151, 'fn': 151, 'tp': 439, 'precision': 0.7981051799915098, 'recall': 0.737197318391123, 'f1': 0.7414541264054955}
Received system metrics from client 4: {'cpu_time': 125.11999999731779, 'ram_used_mb': 5524.652032, 'net_sent_bytes': 27252, 'net_recv_bytes': 36102, 'gpu_mem_used_mb': 38953.0, 'gpu_load': 0.01, 'client_rank': 4, 'round': 13, 'timestamp': '2025-08-18 11:47:18', 'participated': 1, 'data_size': 8420, 'data_variance': 0.06345649808645248, 'local_loss': 0.7522757053375244, 'local_accuracy': 73.28978776931763, 'tn': -2250, 'fp': 2250, 'fn': 2250, 'tp': 6170, 'precision': 0.7438492860569867, 'recall': 0.7327067639112355, 'f1': 0.7264842589567623}
Received system metrics from client 5: {'cpu_time': 94.29000000655651, 'ram_used_mb': 5727.90784, 'net_sent_bytes': 34565, 'net_recv_bytes': 37808, 'gpu_mem_used_mb': 38953.0, 'gpu_load': 0.0, 'client_rank': 5, 'round': 13, 'timestamp': '2025-08-18 11:47:19', 'participated': 1, 'data_size': 10256, 'data_variance': 0.06330867111682892, 'local_loss': 0.7291556596755981, 'local_accuracy': 74.6587336063385, 'tn': -2599, 'fp': 2599, 'fn': 2599, 'tp': 7657, 'precision': 0.7620275559601511, 'recall': 0.7480137770739015, 'f1': 0.751038074962404}
Received system metrics from client 6: {'cpu_time': 52.400000002235174, 'ram_used_mb': 5071.732736, 'net_sent_bytes': 102122, 'net_recv_bytes': 114697, 'gpu_mem_used_mb': 38953.0, 'gpu_load': 0.0, 'client_rank': 6, 'round': 13, 'timestamp': '2025-08-18 11:47:18', 'participated': 1, 'data_size': 1456, 'data_variance': 0.061793986707925797, 'local_loss': 0.642980694770813, 'local_accuracy': 77.33516693115234, 'tn': -330, 'fp': 330, 'fn': 330, 'tp': 1126, 'precision': 0.7828780028555105, 'recall': 0.7693525179421025, 'f1': 0.7693051046626769}
Received system metrics from client 7: {'cpu_time': 33.41999999806285, 'ram_used_mb': 5225.463808, 'net_sent_bytes': 33319, 'net_recv_bytes': 33893, 'gpu_mem_used_mb': 38953.0, 'gpu_load': 0.0, 'client_rank': 7, 'round': 13, 'timestamp': '2025-08-18 11:47:18', 'participated': 1, 'data_size': 4502, 'data_variance': 0.06294825673103333, 'local_loss': 0.7708276510238647, 'local_accuracy': 71.74589037895203, 'tn': -1273, 'fp': 1273, 'fn': 1273, 'tp': 3229, 'precision': 0.7397686339118148, 'recall': 0.7162614493762193, 'f1': 0.7131698254247213}
Received system metrics from client 8: {'cpu_time': 123.60000000009313, 'ram_used_mb': 5000.679424, 'net_sent_bytes': 31939, 'net_recv_bytes': 29293, 'gpu_mem_used_mb': 38953.0, 'gpu_load': 0.0, 'client_rank': 8, 'round': 13, 'timestamp': '2025-08-18 11:47:17', 'participated': 1, 'data_size': 1044, 'data_variance': 0.06484082341194153, 'local_loss': 0.6991151571273804, 'local_accuracy': 77.01149582862854, 'tn': -240, 'fp': 240, 'fn': 240, 'tp': 804, 'precision': 0.7848672717832349, 'recall': 0.7683845979321136, 'f1': 0.7695321017942233}
Received system metrics from client 9: {'cpu_time': 44.53999999910593, 'ram_used_mb': 5240.168448, 'net_sent_bytes': 60769, 'net_recv_bytes': 88505, 'gpu_mem_used_mb': 38953.0, 'gpu_load': 0.0, 'client_rank': 9, 'round': 13, 'timestamp': '2025-08-18 11:47:18', 'participated': 1, 'data_size': 4597, 'data_variance': 0.062255386263132095, 'local_loss': 0.7314371466636658, 'local_accuracy': 74.74439740180969, 'tn': -1161, 'fp': 1161, 'fn': 1161, 'tp': 3436, 'precision': 0.7632890380995164, 'recall': 0.7478060976545835, 'f1': 0.7451098121521833}
Received system metrics from client 10: {'cpu_time': 62.50999999046326, 'ram_used_mb': 4899.463168, 'net_sent_bytes': 84334, 'net_recv_bytes': 112167, 'gpu_mem_used_mb': 38953.0, 'gpu_load': 0.0, 'client_rank': 10, 'round': 13, 'timestamp': '2025-08-18 11:47:18', 'participated': 1, 'data_size': 124, 'data_variance': 0.06624379754066467, 'local_loss': 0.5516583919525146, 'local_accuracy': 79.83871102333069, 'tn': -25, 'fp': 25, 'fn': 25, 'tp': 99, 'precision': 0.7866896991896992, 'recall': 0.7941392920804686, 'f1': 0.7831916037814206}
[selector] ERROR at round 13: can only concatenate list (not "dict") to list
[selector] Round 13: participants used in averaging = 10/10
Averaging model weights...
Evaluating updated global model on test set...
    [Client 1] Round 14 - Waiting for global weights...
    [Client 4] Round 14 - Waiting for global weights...
    [Client 2] Round 14 - Waiting for global weights...
    [Client 6] Round 14 - Waiting for global weights...
    [Client 10] Round 14 - Waiting for global weights...
    [Client 8] Round 14 - Waiting for global weights...
    [Client 9] Round 14 - Waiting for global weights...
    [Client 5] Round 14 - Waiting for global weights...
    [Client 3] Round 14 - Waiting for global weights...
    [Client 7] Round 14 - Waiting for global weights...
Round 13 Evaluation - Accuracy: 0.7253, Loss: 0.7777

===== Round 14 =====
Broadcasting global model to all clients...
Waiting for model weights from client 1...
    [Client 9] Round 14 - Training on local data...
    [Client 1] Round 14 - Training on local data...
    [Client 7] Round 14 - Training on local data...
    [Client 4] Round 14 - Training on local data...
    [Client 3] Round 14 - Training on local data...
    [Client 6] Round 14 - Training on local data...
    [Client 2] Round 14 - Training on local data...
    [Client 10] Round 14 - Training on local data...
    [Client 8] Round 14 - Training on local data...
    [Client 5] Round 14 - Training on local data...
    [Client 9] Round 14 - Sending updated weights to server...
    [Client 10] Round 14 - Sending updated weights to server...
    [Client 4] Round 14 - Sending updated weights to server...
    [Client 7] Round 14 - Sending updated weights to server...
    [Client 6] Round 14 - Sending updated weights to server...
    [Client 5] Round 14 - Sending updated weights to server...
    [Client 3] Round 14 - Sending updated weights to server...
    [Client 8] Round 14 - Sending updated weights to server...
    [Client 1] Round 14 - Sending updated weights to server...
Received weights from client 1
Waiting for model weights from client 2...
    [Client 2] Round 14 - Sending updated weights to server...
Received weights from client 2
Waiting for model weights from client 3...
Received weights from client 3
Waiting for model weights from client 4...
Received weights from client 4
Waiting for model weights from client 5...
Received weights from client 5
Waiting for model weights from client 6...
Received weights from client 6
Waiting for model weights from client 7...
Received weights from client 7
Waiting for model weights from client 8...
Received weights from client 8
Waiting for model weights from client 9...
Received weights from client 9
Waiting for model weights from client 10...
Received weights from client 10
Received system metrics from client 1: {'cpu_time': 34.22999999951571, 'ram_used_mb': 5528.30976, 'net_sent_bytes': 6307, 'net_recv_bytes': 38777, 'gpu_mem_used_mb': 38953.0, 'gpu_load': 0.0, 'client_rank': 1, 'round': 14, 'timestamp': '2025-08-18 11:48:23', 'participated': 1, 'data_size': 4923, 'data_variance': 0.06380366533994675, 'local_loss': 0.6962858438491821, 'local_accuracy': 76.19338035583496, 'tn': -1173, 'fp': 1173, 'fn': 1173, 'tp': 3750, 'precision': 0.7688206723942044, 'recall': 0.7621989801982162, 'f1': 0.7603814858492806}
Received system metrics from client 2: {'cpu_time': 57.32000000029802, 'ram_used_mb': 5592.952832, 'net_sent_bytes': 80052, 'net_recv_bytes': 5097843, 'gpu_mem_used_mb': 38953.0, 'gpu_load': 0.0, 'client_rank': 2, 'round': 14, 'timestamp': '2025-08-18 11:48:24', 'participated': 1, 'data_size': 14087, 'data_variance': 0.0633707344532013, 'local_loss': 0.7051025032997131, 'local_accuracy': 75.39575695991516, 'tn': -3465, 'fp': 3465, 'fn': 3465, 'tp': 10622, 'precision': 0.7523608901516545, 'recall': 0.7540651881417368, 'f1': 0.7491293729403493}
Received system metrics from client 3: {'cpu_time': 29.859999999403954, 'ram_used_mb': 5204.127744, 'net_sent_bytes': 33210, 'net_recv_bytes': 34747, 'gpu_mem_used_mb': 38955.0, 'gpu_load': 0.0, 'client_rank': 3, 'round': 14, 'timestamp': '2025-08-18 11:48:23', 'participated': 1, 'data_size': 590, 'data_variance': 0.06486573070287704, 'local_loss': 0.6033478379249573, 'local_accuracy': 79.6610176563263, 'tn': -120, 'fp': 120, 'fn': 120, 'tp': 470, 'precision': 0.8322172347420616, 'recall': 0.7964468899110947, 'f1': 0.7977044699056208}
Received system metrics from client 4: {'cpu_time': 29.16999999433756, 'ram_used_mb': 5748.133888, 'net_sent_bytes': 48620, 'net_recv_bytes': 48740, 'gpu_mem_used_mb': 38953.0, 'gpu_load': 0.0, 'client_rank': 4, 'round': 14, 'timestamp': '2025-08-18 11:48:23', 'participated': 1, 'data_size': 8420, 'data_variance': 0.06345649808645248, 'local_loss': 0.7418102025985718, 'local_accuracy': 73.89548420906067, 'tn': -2198, 'fp': 2198, 'fn': 2198, 'tp': 6222, 'precision': 0.7513772723954995, 'recall': 0.7386729658036768, 'f1': 0.7383610252741136}
Received system metrics from client 5: {'cpu_time': 94.80000000447035, 'ram_used_mb': 5981.171712, 'net_sent_bytes': 1058, 'net_recv_bytes': 37384, 'gpu_mem_used_mb': 38955.0, 'gpu_load': 0.0, 'client_rank': 5, 'round': 14, 'timestamp': '2025-08-18 11:48:24', 'participated': 1, 'data_size': 10256, 'data_variance': 0.06330867111682892, 'local_loss': 0.6940696835517883, 'local_accuracy': 75.52652359008789, 'tn': -2509, 'fp': 2509, 'fn': 2509, 'tp': 7747, 'precision': 0.7595721127374346, 'recall': 0.75547873558399, 'f1': 0.7524219866118582}
Received system metrics from client 6: {'cpu_time': 45.690000001341105, 'ram_used_mb': 5338.877952, 'net_sent_bytes': 135018, 'net_recv_bytes': 9607608, 'gpu_mem_used_mb': 38955.0, 'gpu_load': 0.0, 'client_rank': 6, 'round': 14, 'timestamp': '2025-08-18 11:48:23', 'participated': 1, 'data_size': 1456, 'data_variance': 0.061793986707925797, 'local_loss': 0.5861907005310059, 'local_accuracy': 80.97527623176575, 'tn': -277, 'fp': 277, 'fn': 277, 'tp': 1179, 'precision': 0.8188794332656105, 'recall': 0.8090689142972589, 'f1': 0.8088043849783647}
Received system metrics from client 7: {'cpu_time': 35.50999999977648, 'ram_used_mb': 5489.39776, 'net_sent_bytes': 132971, 'net_recv_bytes': 9538218, 'gpu_mem_used_mb': 38953.0, 'gpu_load': 0.0, 'client_rank': 7, 'round': 14, 'timestamp': '2025-08-18 11:48:23', 'participated': 1, 'data_size': 4502, 'data_variance': 0.06294825673103333, 'local_loss': 0.6952299475669861, 'local_accuracy': 75.72190165519714, 'tn': -1092, 'fp': 1092, 'fn': 1092, 'tp': 3410, 'precision': 0.7642899053300484, 'recall': 0.7566548393773456, 'f1': 0.7529379453129383}
Received system metrics from client 8: {'cpu_time': 129.17000000039116, 'ram_used_mb': 5244.14976, 'net_sent_bytes': 41066, 'net_recv_bytes': 9509490, 'gpu_mem_used_mb': 38955.0, 'gpu_load': 0.0, 'client_rank': 8, 'round': 14, 'timestamp': '2025-08-18 11:48:23', 'participated': 1, 'data_size': 1044, 'data_variance': 0.06484082341194153, 'local_loss': 0.6145907044410706, 'local_accuracy': 80.26819825172424, 'tn': -206, 'fp': 206, 'fn': 206, 'tp': 838, 'precision': 0.8181937734751404, 'recall': 0.7990715091981284, 'f1': 0.7990196751058407}
Received system metrics from client 9: {'cpu_time': 45.270000003278255, 'ram_used_mb': 5474.000896, 'net_sent_bytes': 165498, 'net_recv_bytes': 118053, 'gpu_mem_used_mb': 38955.0, 'gpu_load': 0.0, 'client_rank': 9, 'round': 14, 'timestamp': '2025-08-18 11:48:23', 'participated': 1, 'data_size': 4597, 'data_variance': 0.062255386263132095, 'local_loss': 0.7321682572364807, 'local_accuracy': 73.50445985794067, 'tn': -1218, 'fp': 1218, 'fn': 1218, 'tp': 3379, 'precision': 0.7567124142953157, 'recall': 0.7350910804438155, 'f1': 0.7323558731303419}
Received system metrics from client 10: {'cpu_time': 60.980000004172325, 'ram_used_mb': 5121.855488, 'net_sent_bytes': 85908, 'net_recv_bytes': 117196, 'gpu_mem_used_mb': 38953.0, 'gpu_load': 0.0, 'client_rank': 10, 'round': 14, 'timestamp': '2025-08-18 11:48:23', 'participated': 1, 'data_size': 124, 'data_variance': 0.06624379754066467, 'local_loss': 0.5277332067489624, 'local_accuracy': 78.22580933570862, 'tn': -27, 'fp': 27, 'fn': 27, 'tp': 97, 'precision': 0.7783581614463967, 'recall': 0.7677489177489177, 'f1': 0.7635567650206808}
[selector] ERROR at round 14: can only concatenate list (not "dict") to list
[selector] Round 14: participants used in averaging = 10/10
Averaging model weights...
Evaluating updated global model on test set...
    [Client 1] Round 15 - Waiting for global weights...
    [Client 3] Round 15 - Waiting for global weights...
    [Client 7] Round 15 - Waiting for global weights...
    [Client 2] Round 15 - Waiting for global weights...
    [Client 6] Round 15 - Waiting for global weights...
    [Client 10] Round 15 - Waiting for global weights...
    [Client 9] Round 15 - Waiting for global weights...
    [Client 5] Round 15 - Waiting for global weights...
    [Client 4] Round 15 - Waiting for global weights...
    [Client 8] Round 15 - Waiting for global weights...
Round 14 Evaluation - Accuracy: 0.7429, Loss: 0.7219

===== Round 15 =====
Broadcasting global model to all clients...
Waiting for model weights from client 1...
    [Client 1] Round 15 - Training on local data...
    [Client 7] Round 15 - Training on local data...
    [Client 3] Round 15 - Training on local data...
    [Client 8] Round 15 - Training on local data...
    [Client 9] Round 15 - Training on local data...
    [Client 6] Round 15 - Training on local data...
    [Client 5] Round 15 - Training on local data...
    [Client 2] Round 15 - Training on local data...
    [Client 10] Round 15 - Training on local data...
    [Client 4] Round 15 - Training on local data...
    [Client 10] Round 15 - Sending updated weights to server...
    [Client 8] Round 15 - Sending updated weights to server...
    [Client 9] Round 15 - Sending updated weights to server...
    [Client 1] Round 15 - Sending updated weights to server...
Received weights from client 1
Waiting for model weights from client 2...
    [Client 4] Round 15 - Sending updated weights to server...
    [Client 2] Round 15 - Sending updated weights to server...
Received weights from client 2
Waiting for model weights from client 3...
    [Client 5] Round 15 - Sending updated weights to server...
    [Client 7] Round 15 - Sending updated weights to server...
    [Client 3] Round 15 - Sending updated weights to server...
    [Client 6] Round 15 - Sending updated weights to server...
Received weights from client 3
Waiting for model weights from client 4...
Received weights from client 4
Waiting for model weights from client 5...
Received weights from client 5
Waiting for model weights from client 6...
Received weights from client 6
Waiting for model weights from client 7...
Received weights from client 7
Waiting for model weights from client 8...
Received weights from client 8
Waiting for model weights from client 9...
Received weights from client 9
Waiting for model weights from client 10...
Received weights from client 10
Received system metrics from client 1: {'cpu_time': 36.81000000052154, 'ram_used_mb': 5636.399104, 'net_sent_bytes': 39658, 'net_recv_bytes': 53996, 'gpu_mem_used_mb': 38955.0, 'gpu_load': 0.0, 'client_rank': 1, 'round': 15, 'timestamp': '2025-08-18 11:49:02', 'participated': 1, 'data_size': 4923, 'data_variance': 0.06380366533994675, 'local_loss': 0.6646658182144165, 'local_accuracy': 76.72151327133179, 'tn': -1147, 'fp': 1147, 'fn': 1147, 'tp': 3776, 'precision': 0.7989733804805815, 'recall': 0.7641984348229215, 'f1': 0.7642763683575376}
Received system metrics from client 2: {'cpu_time': 63.05000000074506, 'ram_used_mb': 5813.129216, 'net_sent_bytes': 46043, 'net_recv_bytes': 55805, 'gpu_mem_used_mb': 38955.0, 'gpu_load': 0.0, 'client_rank': 2, 'round': 15, 'timestamp': '2025-08-18 11:49:02', 'participated': 1, 'data_size': 14087, 'data_variance': 0.0633707344532013, 'local_loss': 0.7273263931274414, 'local_accuracy': 74.47291612625122, 'tn': -3597, 'fp': 3597, 'fn': 3597, 'tp': 10490, 'precision': 0.7495150213795153, 'recall': 0.7433228505350687, 'f1': 0.7411175576712663}
Received system metrics from client 3: {'cpu_time': 29.33999999985099, 'ram_used_mb': 5454.598144, 'net_sent_bytes': 54569, 'net_recv_bytes': 51835, 'gpu_mem_used_mb': 38955.0, 'gpu_load': 0.0, 'client_rank': 3, 'round': 15, 'timestamp': '2025-08-18 11:49:01', 'participated': 1, 'data_size': 590, 'data_variance': 0.06486573070287704, 'local_loss': 0.518030047416687, 'local_accuracy': 82.03389644622803, 'tn': -106, 'fp': 106, 'fn': 106, 'tp': 484, 'precision': 0.8181400490449949, 'recall': 0.8178727014324065, 'f1': 0.8154580473487612}
Received system metrics from client 4: {'cpu_time': 29.69999999552965, 'ram_used_mb': 5811.023872, 'net_sent_bytes': 53224, 'net_recv_bytes': 3172455, 'gpu_mem_used_mb': 38955.0, 'gpu_load': 0.0, 'client_rank': 4, 'round': 15, 'timestamp': '2025-08-18 11:49:02', 'participated': 1, 'data_size': 8420, 'data_variance': 0.06345649808645248, 'local_loss': 0.7735469341278076, 'local_accuracy': 73.11164140701294, 'tn': -2264, 'fp': 2264, 'fn': 2264, 'tp': 6156, 'precision': 0.7617463121065188, 'recall': 0.7306744278057961, 'f1': 0.7347214937090778}
Received system metrics from client 5: {'cpu_time': 100.42000000178814, 'ram_used_mb': 6119.550976, 'net_sent_bytes': 1105, 'net_recv_bytes': 40649, 'gpu_mem_used_mb': 38955.0, 'gpu_load': 0.0, 'client_rank': 5, 'round': 15, 'timestamp': '2025-08-18 11:49:03', 'participated': 1, 'data_size': 10256, 'data_variance': 0.06330867111682892, 'local_loss': 0.6649500131607056, 'local_accuracy': 77.13533639907837, 'tn': -2345, 'fp': 2345, 'fn': 2345, 'tp': 7911, 'precision': 0.7795035673109458, 'recall': 0.7720150023910841, 'f1': 0.773511147466366}
Received system metrics from client 6: {'cpu_time': 47.34000000357628, 'ram_used_mb': 5468.237824, 'net_sent_bytes': 144861, 'net_recv_bytes': 118648, 'gpu_mem_used_mb': 38955.0, 'gpu_load': 0.0, 'client_rank': 6, 'round': 15, 'timestamp': '2025-08-18 11:49:02', 'participated': 1, 'data_size': 1456, 'data_variance': 0.061793986707925797, 'local_loss': 0.5594257712364197, 'local_accuracy': 81.79945349693298, 'tn': -265, 'fp': 265, 'fn': 265, 'tp': 1191, 'precision': 0.8234213281921244, 'recall': 0.8166119943656135, 'f1': 0.8185006006961512}
Received system metrics from client 7: {'cpu_time': 35.67000000178814, 'ram_used_mb': 5660.966912, 'net_sent_bytes': 1056, 'net_recv_bytes': 39950, 'gpu_mem_used_mb': 38955.0, 'gpu_load': 0.0, 'client_rank': 7, 'round': 15, 'timestamp': '2025-08-18 11:49:02', 'participated': 1, 'data_size': 4502, 'data_variance': 0.06294825673103333, 'local_loss': 0.6658484935760498, 'local_accuracy': 76.47712230682373, 'tn': -1059, 'fp': 1059, 'fn': 1059, 'tp': 3443, 'precision': 0.7837769709129303, 'recall': 0.764572095821278, 'f1': 0.7655973625188759}
Received system metrics from client 8: {'cpu_time': 133.47999999998137, 'ram_used_mb': 5371.2896, 'net_sent_bytes': 56576, 'net_recv_bytes': 59850, 'gpu_mem_used_mb': 38955.0, 'gpu_load': 0.0, 'client_rank': 8, 'round': 15, 'timestamp': '2025-08-18 11:49:02', 'participated': 1, 'data_size': 1044, 'data_variance': 0.06484082341194153, 'local_loss': 0.5971423387527466, 'local_accuracy': 80.84291219711304, 'tn': -200, 'fp': 200, 'fn': 200, 'tp': 844, 'precision': 0.8247081345463162, 'recall': 0.8059261950013369, 'f1': 0.8065009807759689}
Received system metrics from client 9: {'cpu_time': 48.46999999880791, 'ram_used_mb': 5618.700288, 'net_sent_bytes': 111872, 'net_recv_bytes': 9588924, 'gpu_mem_used_mb': 38955.0, 'gpu_load': 0.01, 'client_rank': 9, 'round': 15, 'timestamp': '2025-08-18 11:49:02', 'participated': 1, 'data_size': 4597, 'data_variance': 0.062255386263132095, 'local_loss': 0.7747356295585632, 'local_accuracy': 73.48270416259766, 'tn': -1219, 'fp': 1219, 'fn': 1219, 'tp': 3378, 'precision': 0.7681890163035439, 'recall': 0.7340566718545363, 'f1': 0.7272357487921834}
Received system metrics from client 10: {'cpu_time': 72.2199999988079, 'ram_used_mb': 5351.911424, 'net_sent_bytes': 107750, 'net_recv_bytes': 123532, 'gpu_mem_used_mb': 38955.0, 'gpu_load': 0.0, 'client_rank': 10, 'round': 15, 'timestamp': '2025-08-18 11:49:01', 'participated': 1, 'data_size': 124, 'data_variance': 0.06624379754066467, 'local_loss': 0.515038013458252, 'local_accuracy': 83.06451439857483, 'tn': -21, 'fp': 21, 'fn': 21, 'tp': 103, 'precision': 0.8073491420859842, 'recall': 0.8178354978354978, 'f1': 0.8076808400311123}
[selector] ERROR at round 15: can only concatenate list (not "dict") to list
[selector] Round 15: participants used in averaging = 10/10
Averaging model weights...
Evaluating updated global model on test set...
    [Client 3] Round 16 - Waiting for global weights...
    [Client 1] Round 16 - Waiting for global weights...
    [Client 7] Round 16 - Waiting for global weights...
    [Client 5] Round 16 - Waiting for global weights...
    [Client 9] Round 16 - Waiting for global weights...
Round 15 Evaluation - Accuracy: 0.7462, Loss: 0.7149

===== Round 16 =====
Broadcasting global model to all clients...
    [Client 3] Round 16 - Training on local data...
    [Client 7] Round 16 - Training on local data...
    [Client 9] Round 16 - Training on local data...
    [Client 1] Round 16 - Training on local data...
    [Client 5] Round 16 - Training on local data...
    [Client 2] Round 16 - Waiting for global weights...
    [Client 6] Round 16 - Waiting for global weights...
    [Client 8] Round 16 - Waiting for global weights...
    [Client 10] Round 16 - Waiting for global weights...
    [Client 4] Round 16 - Waiting for global weights...
Waiting for model weights from client 1...
    [Client 6] Round 16 - Training on local data...
    [Client 8] Round 16 - Training on local data...
    [Client 2] Round 16 - Training on local data...
    [Client 4] Round 16 - Training on local data...
    [Client 10] Round 16 - Training on local data...
    [Client 3] Round 16 - Sending updated weights to server...
    [Client 8] Round 16 - Sending updated weights to server...
    [Client 4] Round 16 - Sending updated weights to server...
    [Client 10] Round 16 - Sending updated weights to server...
    [Client 6] Round 16 - Sending updated weights to server...
    [Client 2] Round 16 - Sending updated weights to server...
    [Client 7] Round 16 - Sending updated weights to server...
    [Client 9] Round 16 - Sending updated weights to server...
    [Client 5] Round 16 - Sending updated weights to server...
    [Client 1] Round 16 - Sending updated weights to server...
Received weights from client 1
Waiting for model weights from client 2...
Received weights from client 2
Waiting for model weights from client 3...
Received weights from client 3
Waiting for model weights from client 4...
Received weights from client 4
Waiting for model weights from client 5...
Received weights from client 5
Waiting for model weights from client 6...
Received weights from client 6
Waiting for model weights from client 7...
Received weights from client 7
Waiting for model weights from client 8...
Received weights from client 8
Waiting for model weights from client 9...
Received weights from client 9
Waiting for model weights from client 10...
Received weights from client 10
Received system metrics from client 1: {'cpu_time': 34.64999999944121, 'ram_used_mb': 5869.838336, 'net_sent_bytes': 76396, 'net_recv_bytes': 67487, 'gpu_mem_used_mb': 38957.0, 'gpu_load': 0.0, 'client_rank': 1, 'round': 16, 'timestamp': '2025-08-18 11:49:34', 'participated': 1, 'data_size': 4923, 'data_variance': 0.06380366533994675, 'local_loss': 0.5950688719749451, 'local_accuracy': 79.70749735832214, 'tn': -999, 'fp': 999, 'fn': 999, 'tp': 3924, 'precision': 0.8023678400535278, 'recall': 0.7982016599924249, 'f1': 0.7983745048886239}
Received system metrics from client 2: {'cpu_time': 55.19999999925494, 'ram_used_mb': 5921.73056, 'net_sent_bytes': 41422, 'net_recv_bytes': 53562, 'gpu_mem_used_mb': 38957.0, 'gpu_load': 0.0, 'client_rank': 2, 'round': 16, 'timestamp': '2025-08-18 11:49:35', 'participated': 1, 'data_size': 14087, 'data_variance': 0.0633707344532013, 'local_loss': 0.721895694732666, 'local_accuracy': 75.19698739051819, 'tn': -3493, 'fp': 3493, 'fn': 3493, 'tp': 10594, 'precision': 0.7583940315514891, 'recall': 0.7511112882915791, 'f1': 0.747183123401234}
Received system metrics from client 3: {'cpu_time': 28.100000001490116, 'ram_used_mb': 5566.824448, 'net_sent_bytes': 24223, 'net_recv_bytes': 38770, 'gpu_mem_used_mb': 38957.0, 'gpu_load': 0.01, 'client_rank': 3, 'round': 16, 'timestamp': '2025-08-18 11:49:34', 'participated': 1, 'data_size': 590, 'data_variance': 0.06486573070287704, 'local_loss': 0.5585882663726807, 'local_accuracy': 80.0000011920929, 'tn': -118, 'fp': 118, 'fn': 118, 'tp': 472, 'precision': 0.8150592117117919, 'recall': 0.8002964422120578, 'f1': 0.7958313953565466}
Received system metrics from client 4: {'cpu_time': 26.66999999806285, 'ram_used_mb': 6046.134272, 'net_sent_bytes': 31359, 'net_recv_bytes': 50645, 'gpu_mem_used_mb': 38955.0, 'gpu_load': 0.0, 'client_rank': 4, 'round': 16, 'timestamp': '2025-08-18 11:49:34', 'participated': 1, 'data_size': 8420, 'data_variance': 0.06345649808645248, 'local_loss': 0.647579550743103, 'local_accuracy': 77.61282920837402, 'tn': -1885, 'fp': 1885, 'fn': 1885, 'tp': 6535, 'precision': 0.7870932853679915, 'recall': 0.7756031861221255, 'f1': 0.7760546276332473}
Received system metrics from client 5: {'cpu_time': 94.29999999701977, 'ram_used_mb': 6327.709696, 'net_sent_bytes': 2629, 'net_recv_bytes': 39813, 'gpu_mem_used_mb': 38957.0, 'gpu_load': 0.0, 'client_rank': 5, 'round': 16, 'timestamp': '2025-08-18 11:49:35', 'participated': 1, 'data_size': 10256, 'data_variance': 0.06330867111682892, 'local_loss': 0.6869349479675293, 'local_accuracy': 76.13104581832886, 'tn': -2448, 'fp': 2448, 'fn': 2448, 'tp': 7808, 'precision': 0.7823821158289872, 'recall': 0.7615460282607658, 'f1': 0.7671566956158069}
Received system metrics from client 6: {'cpu_time': 44.399999998509884, 'ram_used_mb': 5688.471552, 'net_sent_bytes': 89447, 'net_recv_bytes': 93681, 'gpu_mem_used_mb': 38957.0, 'gpu_load': 0.0, 'client_rank': 6, 'round': 16, 'timestamp': '2025-08-18 11:49:34', 'participated': 1, 'data_size': 1456, 'data_variance': 0.061793986707925797, 'local_loss': 0.6237006783485413, 'local_accuracy': 78.84615659713745, 'tn': -308, 'fp': 308, 'fn': 308, 'tp': 1148, 'precision': 0.8088989320712097, 'recall': 0.7890360876092302, 'f1': 0.7854818147017688}
Received system metrics from client 7: {'cpu_time': 33.380000000819564, 'ram_used_mb': 5859.57376, 'net_sent_bytes': 1446, 'net_recv_bytes': 36201, 'gpu_mem_used_mb': 38957.0, 'gpu_load': 0.0, 'client_rank': 7, 'round': 16, 'timestamp': '2025-08-18 11:49:34', 'participated': 1, 'data_size': 4502, 'data_variance': 0.06294825673103333, 'local_loss': 0.6552757024765015, 'local_accuracy': 76.92136764526367, 'tn': -1039, 'fp': 1039, 'fn': 1039, 'tp': 3463, 'precision': 0.785905530685677, 'recall': 0.7685710308214037, 'f1': 0.7693601281445226}
Received system metrics from client 8: {'cpu_time': 133.18000000016764, 'ram_used_mb': 5546.04544, 'net_sent_bytes': 735, 'net_recv_bytes': 31645, 'gpu_mem_used_mb': 38957.0, 'gpu_load': 0.0, 'client_rank': 8, 'round': 16, 'timestamp': '2025-08-18 11:49:34', 'participated': 1, 'data_size': 1044, 'data_variance': 0.06484082341194153, 'local_loss': 0.5718512535095215, 'local_accuracy': 80.84291219711304, 'tn': -199, 'fp': 199, 'fn': 199, 'tp': 845, 'precision': 0.8324397471822016, 'recall': 0.8051886138141933, 'f1': 0.8097380226803258}
Received system metrics from client 9: {'cpu_time': 45.21000000089407, 'ram_used_mb': 5834.97728, 'net_sent_bytes': 88645, 'net_recv_bytes': 123442, 'gpu_mem_used_mb': 38957.0, 'gpu_load': 0.0, 'client_rank': 9, 'round': 16, 'timestamp': '2025-08-18 11:49:34', 'participated': 1, 'data_size': 4597, 'data_variance': 0.062255386263132095, 'local_loss': 0.588944137096405, 'local_accuracy': 78.79051566123962, 'tn': -976, 'fp': 976, 'fn': 976, 'tp': 3621, 'precision': 0.79235959816385, 'recall': 0.7874046146224493, 'f1': 0.7858029230563126}
Received system metrics from client 10: {'cpu_time': 65.54999999701977, 'ram_used_mb': 5432.713216, 'net_sent_bytes': 168354, 'net_recv_bytes': 9588376, 'gpu_mem_used_mb': 38955.0, 'gpu_load': 0.0, 'client_rank': 10, 'round': 16, 'timestamp': '2025-08-18 11:49:35', 'participated': 1, 'data_size': 124, 'data_variance': 0.06624379754066467, 'local_loss': 0.4224332869052887, 'local_accuracy': 87.09677457809448, 'tn': -16, 'fp': 16, 'fn': 16, 'tp': 108, 'precision': 0.8625374625374626, 'recall': 0.8581601731601731, 'f1': 0.8568137515505935}
[selector] ERROR at round 16: can only concatenate list (not "dict") to list
[selector] Round 16: participants used in averaging = 10/10
Averaging model weights...
Evaluating updated global model on test set...
    [Client 1] Round 17 - Waiting for global weights...
    [Client 9] Round 17 - Waiting for global weights...
    [Client 5] Round 17 - Waiting for global weights...
    [Client 7] Round 17 - Waiting for global weights...
    [Client 3] Round 17 - Waiting for global weights...
    [Client 2] Round 17 - Waiting for global weights...
    [Client 4] Round 17 - Waiting for global weights...
    [Client 8] Round 17 - Waiting for global weights...
    [Client 10] Round 17 - Waiting for global weights...
    [Client 6] Round 17 - Waiting for global weights...
Round 16 Evaluation - Accuracy: 0.7585, Loss: 0.6788

===== Round 17 =====
Broadcasting global model to all clients...
Waiting for model weights from client 1...
    [Client 1] Round 17 - Training on local data...
    [Client 9] Round 17 - Training on local data...
    [Client 8] Round 17 - Training on local data...
    [Client 7] Round 17 - Training on local data...
    [Client 4] Round 17 - Training on local data...
    [Client 5] Round 17 - Training on local data...
    [Client 6] Round 17 - Training on local data...
    [Client 10] Round 17 - Training on local data...
    [Client 2] Round 17 - Training on local data...
    [Client 3] Round 17 - Training on local data...
    [Client 8] Round 17 - Sending updated weights to server...
    [Client 3] Round 17 - Sending updated weights to server...
    [Client 6] Round 17 - Sending updated weights to server...
    [Client 7] Round 17 - Sending updated weights to server...
    [Client 10] Round 17 - Sending updated weights to server...
    [Client 1] Round 17 - Sending updated weights to server...
    [Client 9] Round 17 - Sending updated weights to server...
Received weights from client 1
Waiting for model weights from client 2...
    [Client 2] Round 17 - Sending updated weights to server...
Received weights from client 2
Waiting for model weights from client 3...
Received weights from client 3
Waiting for model weights from client 4...
    [Client 5] Round 17 - Sending updated weights to server...
    [Client 4] Round 17 - Sending updated weights to server...
Received weights from client 4
Waiting for model weights from client 5...
Received weights from client 5
Waiting for model weights from client 6...
Received weights from client 6
Waiting for model weights from client 7...
Received weights from client 7
Waiting for model weights from client 8...
Received weights from client 8
Waiting for model weights from client 9...
Received weights from client 9
Waiting for model weights from client 10...
Received weights from client 10
Received system metrics from client 1: {'cpu_time': 36.10999999940395, 'ram_used_mb': 6020.919296, 'net_sent_bytes': 70688, 'net_recv_bytes': 9551720, 'gpu_mem_used_mb': 38957.0, 'gpu_load': 0.0, 'client_rank': 1, 'round': 17, 'timestamp': '2025-08-18 11:50:46', 'participated': 1, 'data_size': 4923, 'data_variance': 0.06380366533994675, 'local_loss': 0.6461666822433472, 'local_accuracy': 76.84338688850403, 'tn': -1140, 'fp': 1140, 'fn': 1140, 'tp': 3783, 'precision': 0.7948745149076495, 'recall': 0.7674243673809121, 'f1': 0.770477550695056}
Received system metrics from client 2: {'cpu_time': 57.17000000178814, 'ram_used_mb': 6194.208768, 'net_sent_bytes': 28942, 'net_recv_bytes': 70040, 'gpu_mem_used_mb': 38957.0, 'gpu_load': 0.0, 'client_rank': 2, 'round': 17, 'timestamp': '2025-08-18 11:50:47', 'participated': 1, 'data_size': 14087, 'data_variance': 0.0633707344532013, 'local_loss': 0.8351723551750183, 'local_accuracy': 70.53311467170715, 'tn': -4152, 'fp': 4152, 'fn': 4152, 'tp': 9935, 'precision': 0.751402298441306, 'recall': 0.7053729773028337, 'f1': 0.7052196522470421}
Received system metrics from client 3: {'cpu_time': 42.14000000059605, 'ram_used_mb': 5774.381056, 'net_sent_bytes': 75977, 'net_recv_bytes': 9551555, 'gpu_mem_used_mb': 38957.0, 'gpu_load': 0.0, 'client_rank': 3, 'round': 17, 'timestamp': '2025-08-18 11:50:46', 'participated': 1, 'data_size': 590, 'data_variance': 0.06486573070287704, 'local_loss': 0.590787410736084, 'local_accuracy': 78.64406704902649, 'tn': -126, 'fp': 126, 'fn': 126, 'tp': 464, 'precision': 0.8281470580239148, 'recall': 0.7846315739883909, 'f1': 0.7874353329850282}
Received system metrics from client 4: {'cpu_time': 26.71000000089407, 'ram_used_mb': 6276.202496, 'net_sent_bytes': 1044, 'net_recv_bytes': 41458, 'gpu_mem_used_mb': 38957.0, 'gpu_load': 0.0, 'client_rank': 4, 'round': 17, 'timestamp': '2025-08-18 11:50:46', 'participated': 1, 'data_size': 8420, 'data_variance': 0.06345649808645248, 'local_loss': 0.694232165813446, 'local_accuracy': 75.77196955680847, 'tn': -2040, 'fp': 2040, 'fn': 2040, 'tp': 6380, 'precision': 0.7717237145986606, 'recall': 0.7580744342861425, 'f1': 0.7592147136046681}
Received system metrics from client 5: {'cpu_time': 101.36000000685453, 'ram_used_mb': 6528.413696, 'net_sent_bytes': 122609, 'net_recv_bytes': 84868, 'gpu_mem_used_mb': 38957.0, 'gpu_load': 0.0, 'client_rank': 5, 'round': 17, 'timestamp': '2025-08-18 11:50:47', 'participated': 1, 'data_size': 10256, 'data_variance': 0.06330867111682892, 'local_loss': 0.625203549861908, 'local_accuracy': 77.89586782455444, 'tn': -2267, 'fp': 2267, 'fn': 2267, 'tp': 7989, 'precision': 0.7773981191504757, 'recall': 0.7790881472133666, 'f1': 0.7739781903603643}
Received system metrics from client 6: {'cpu_time': 43.730000000447035, 'ram_used_mb': 5900.234752, 'net_sent_bytes': 94823, 'net_recv_bytes': 112483, 'gpu_mem_used_mb': 38957.0, 'gpu_load': 0.0, 'client_rank': 6, 'round': 17, 'timestamp': '2025-08-18 11:50:46', 'participated': 1, 'data_size': 1456, 'data_variance': 0.061793986707925797, 'local_loss': 0.5779966711997986, 'local_accuracy': 80.97527623176575, 'tn': -277, 'fp': 277, 'fn': 277, 'tp': 1179, 'precision': 0.8310360061810872, 'recall': 0.8086978124695909, 'f1': 0.8132388525576888}
Received system metrics from client 7: {'cpu_time': 33.32000000216067, 'ram_used_mb': 6062.071808, 'net_sent_bytes': 1039, 'net_recv_bytes': 41981, 'gpu_mem_used_mb': 38957.0, 'gpu_load': 0.01, 'client_rank': 7, 'round': 17, 'timestamp': '2025-08-18 11:50:46', 'participated': 1, 'data_size': 4502, 'data_variance': 0.06294825673103333, 'local_loss': 0.6974451541900635, 'local_accuracy': 74.92225766181946, 'tn': -1129, 'fp': 1129, 'fn': 1129, 'tp': 3373, 'precision': 0.7702476418625361, 'recall': 0.7482944535775833, 'f1': 0.750087643995937}
Received system metrics from client 8: {'cpu_time': 124.37999999988824, 'ram_used_mb': 5769.682944, 'net_sent_bytes': 35269, 'net_recv_bytes': 38114, 'gpu_mem_used_mb': 38957.0, 'gpu_load': 0.0, 'client_rank': 8, 'round': 17, 'timestamp': '2025-08-18 11:50:45', 'participated': 1, 'data_size': 1044, 'data_variance': 0.06484082341194153, 'local_loss': 0.5966793894767761, 'local_accuracy': 79.88505959510803, 'tn': -210, 'fp': 210, 'fn': 210, 'tp': 834, 'precision': 0.8109882723997794, 'recall': 0.7941016553082997, 'f1': 0.7972121359505774}
Received system metrics from client 9: {'cpu_time': 43.87000000476837, 'ram_used_mb': 6010.335232, 'net_sent_bytes': 73914, 'net_recv_bytes': 99060, 'gpu_mem_used_mb': 38957.0, 'gpu_load': 0.0, 'client_rank': 9, 'round': 17, 'timestamp': '2025-08-18 11:50:46', 'participated': 1, 'data_size': 4597, 'data_variance': 0.062255386263132095, 'local_loss': 0.5857529044151306, 'local_accuracy': 79.31259274482727, 'tn': -951, 'fp': 951, 'fn': 951, 'tp': 3646, 'precision': 0.7955926479712417, 'recall': 0.7938703833104397, 'f1': 0.79213984122753}
Received system metrics from client 10: {'cpu_time': 56.5, 'ram_used_mb': 5632.3072, 'net_sent_bytes': 56250, 'net_recv_bytes': 97838, 'gpu_mem_used_mb': 38957.0, 'gpu_load': 0.0, 'client_rank': 10, 'round': 17, 'timestamp': '2025-08-18 11:50:46', 'participated': 1, 'data_size': 124, 'data_variance': 0.06624379754066467, 'local_loss': 0.45986539125442505, 'local_accuracy': 82.2580635547638, 'tn': -22, 'fp': 22, 'fn': 22, 'tp': 102, 'precision': 0.8180003330003329, 'recall': 0.8257792207792208, 'f1': 0.8121772254156063}
[selector] ERROR at round 17: can only concatenate list (not "dict") to list
[selector] Round 17: participants used in averaging = 10/10
Averaging model weights...
Evaluating updated global model on test set...
    [Client 1] Round 18 - Waiting for global weights...
    [Client 3] Round 18 - Waiting for global weights...
    [Client 7] Round 18 - Waiting for global weights...
    [Client 4] Round 18 - Waiting for global weights...
    [Client 2] Round 18 - Waiting for global weights...
    [Client 8] Round 18 - Waiting for global weights...
    [Client 10] Round 18 - Waiting for global weights...
    [Client 6] Round 18 - Waiting for global weights...
    [Client 9] Round 18 - Waiting for global weights...
    [Client 5] Round 18 - Waiting for global weights...
Round 17 Evaluation - Accuracy: 0.7553, Loss: 0.6909

===== Round 18 =====
Broadcasting global model to all clients...
Waiting for model weights from client 1...
    [Client 4] Round 18 - Training on local data...
    [Client 1] Round 18 - Training on local data...
    [Client 8] Round 18 - Training on local data...
    [Client 9] Round 18 - Training on local data...
    [Client 7] Round 18 - Training on local data...
    [Client 2] Round 18 - Training on local data...
    [Client 5] Round 18 - Training on local data...
    [Client 10] Round 18 - Training on local data...
    [Client 6] Round 18 - Training on local data...
    [Client 3] Round 18 - Training on local data...
    [Client 5] Round 18 - Sending updated weights to server...
    [Client 10] Round 18 - Sending updated weights to server...
    [Client 4] Round 18 - Sending updated weights to server...
    [Client 2] Round 18 - Sending updated weights to server...
    [Client 6] Round 18 - Sending updated weights to server...
    [Client 9] Round 18 - Sending updated weights to server...
    [Client 8] Round 18 - Sending updated weights to server...
    [Client 3] Round 18 - Sending updated weights to server...
    [Client 1] Round 18 - Sending updated weights to server...
Received weights from client 1
Waiting for model weights from client 2...
Received weights from client 2
Waiting for model weights from client 3...
Received weights from client 3
Waiting for model weights from client 4...
Received weights from client 4
Waiting for model weights from client 5...
Received weights from client 5
Waiting for model weights from client 6...
Received weights from client 6
Waiting for model weights from client 7...
    [Client 7] Round 18 - Sending updated weights to server...
Received weights from client 7
Waiting for model weights from client 8...
Received weights from client 8
Waiting for model weights from client 9...
Received weights from client 9
Waiting for model weights from client 10...
Received weights from client 10
Received system metrics from client 1: {'cpu_time': 34.790000000968575, 'ram_used_mb': 6259.085312, 'net_sent_bytes': 2988, 'net_recv_bytes': 32325, 'gpu_mem_used_mb': 38959.0, 'gpu_load': 0.0, 'client_rank': 1, 'round': 18, 'timestamp': '2025-08-18 11:51:23', 'participated': 1, 'data_size': 4923, 'data_variance': 0.06380366533994675, 'local_loss': 0.5990606546401978, 'local_accuracy': 79.26061153411865, 'tn': -1021, 'fp': 1021, 'fn': 1021, 'tp': 3902, 'precision': 0.7987728314326181, 'recall': 0.7940237851933384, 'f1': 0.7915020698682265}
Received system metrics from client 2: {'cpu_time': 49.849999997764826, 'ram_used_mb': 6388.289536, 'net_sent_bytes': 35717, 'net_recv_bytes': 38161, 'gpu_mem_used_mb': 38959.0, 'gpu_load': 0.0, 'client_rank': 2, 'round': 18, 'timestamp': '2025-08-18 11:51:23', 'participated': 1, 'data_size': 14087, 'data_variance': 0.0633707344532013, 'local_loss': 0.5989078879356384, 'local_accuracy': 78.71086597442627, 'tn': -2998, 'fp': 2998, 'fn': 2998, 'tp': 11089, 'precision': 0.7990798844622126, 'recall': 0.7862434043452086, 'f1': 0.7882147353916344}
Received system metrics from client 3: {'cpu_time': 33.349999997764826, 'ram_used_mb': 6023.421952, 'net_sent_bytes': 3605, 'net_recv_bytes': 33881, 'gpu_mem_used_mb': 38959.0, 'gpu_load': 0.0, 'client_rank': 3, 'round': 18, 'timestamp': '2025-08-18 11:51:22', 'participated': 1, 'data_size': 590, 'data_variance': 0.06486573070287704, 'local_loss': 0.4916701018810272, 'local_accuracy': 82.71186351776123, 'tn': -102, 'fp': 102, 'fn': 102, 'tp': 488, 'precision': 0.8537700855200058, 'recall': 0.8264870744643165, 'f1': 0.8277518493500878}
Received system metrics from client 4: {'cpu_time': 27.189999997615814, 'ram_used_mb': 6530.613248, 'net_sent_bytes': 43353, 'net_recv_bytes': 45593, 'gpu_mem_used_mb': 38959.0, 'gpu_load': 0.0, 'client_rank': 4, 'round': 18, 'timestamp': '2025-08-18 11:51:23', 'participated': 1, 'data_size': 8420, 'data_variance': 0.06345649808645248, 'local_loss': 0.6007111072540283, 'local_accuracy': 78.3610463142395, 'tn': -1822, 'fp': 1822, 'fn': 1822, 'tp': 6598, 'precision': 0.7948251273737087, 'recall': 0.7833020063405891, 'f1': 0.7819963527670255}
Received system metrics from client 5: {'cpu_time': 99.79999999701977, 'ram_used_mb': 6781.038592, 'net_sent_bytes': 2016, 'net_recv_bytes': 36190, 'gpu_mem_used_mb': 38959.0, 'gpu_load': 0.0, 'client_rank': 5, 'round': 18, 'timestamp': '2025-08-18 11:51:23', 'participated': 1, 'data_size': 10256, 'data_variance': 0.06330867111682892, 'local_loss': 0.6468808054924011, 'local_accuracy': 77.3595929145813, 'tn': -2322, 'fp': 2322, 'fn': 2322, 'tp': 7934, 'precision': 0.7805400376026198, 'recall': 0.7746422736809907, 'f1': 0.7707827289846365}
Received system metrics from client 6: {'cpu_time': 44.92999999970198, 'ram_used_mb': 6122.02496, 'net_sent_bytes': 88960, 'net_recv_bytes': 118915, 'gpu_mem_used_mb': 38959.0, 'gpu_load': 0.0, 'client_rank': 6, 'round': 18, 'timestamp': '2025-08-18 11:51:22', 'participated': 1, 'data_size': 1456, 'data_variance': 0.061793986707925797, 'local_loss': 0.5013048052787781, 'local_accuracy': 83.65384340286255, 'tn': -238, 'fp': 238, 'fn': 238, 'tp': 1218, 'precision': 0.8450228364927108, 'recall': 0.8341232464048896, 'f1': 0.8351738636381395}
Received system metrics from client 7: {'cpu_time': 34.39000000059605, 'ram_used_mb': 6282.002432, 'net_sent_bytes': 90532, 'net_recv_bytes': 56518, 'gpu_mem_used_mb': 38959.0, 'gpu_load': 0.0, 'client_rank': 7, 'round': 18, 'timestamp': '2025-08-18 11:51:22', 'participated': 1, 'data_size': 4502, 'data_variance': 0.06294825673103333, 'local_loss': 0.704380989074707, 'local_accuracy': 74.90004301071167, 'tn': -1130, 'fp': 1130, 'fn': 1130, 'tp': 3372, 'precision': 0.7827854379242289, 'recall': 0.7485637627416841, 'f1': 0.7493258666522533}
Received system metrics from client 8: {'cpu_time': 106.8300000000745, 'ram_used_mb': 6015.676416, 'net_sent_bytes': 3073, 'net_recv_bytes': 29192, 'gpu_mem_used_mb': 38959.0, 'gpu_load': 0.01, 'client_rank': 8, 'round': 18, 'timestamp': '2025-08-18 11:51:22', 'participated': 1, 'data_size': 1044, 'data_variance': 0.06484082341194153, 'local_loss': 0.48511746525764465, 'local_accuracy': 83.52490663528442, 'tn': -172, 'fp': 172, 'fn': 172, 'tp': 872, 'precision': 0.8384110148347741, 'recall': 0.8328353502593753, 'f1': 0.832650163040384}
Received system metrics from client 9: {'cpu_time': 46.21999999880791, 'ram_used_mb': 6257.21344, 'net_sent_bytes': 125635, 'net_recv_bytes': 101269, 'gpu_mem_used_mb': 38959.0, 'gpu_load': 0.0, 'client_rank': 9, 'round': 18, 'timestamp': '2025-08-18 11:51:23', 'participated': 1, 'data_size': 4597, 'data_variance': 0.062255386263132095, 'local_loss': 0.621635377407074, 'local_accuracy': 78.29018831253052, 'tn': -1000, 'fp': 1000, 'fn': 1000, 'tp': 3597, 'precision': 0.8068540280323899, 'recall': 0.7807744212842525, 'f1': 0.7832352108949625}
Received system metrics from client 10: {'cpu_time': 59.45000000298023, 'ram_used_mb': 5808.898048, 'net_sent_bytes': 87748, 'net_recv_bytes': 113871, 'gpu_mem_used_mb': 38959.0, 'gpu_load': 0.0, 'client_rank': 10, 'round': 18, 'timestamp': '2025-08-18 11:51:22', 'participated': 1, 'data_size': 124, 'data_variance': 0.06624379754066467, 'local_loss': 0.4054829478263855, 'local_accuracy': 86.29032373428345, 'tn': -17, 'fp': 17, 'fn': 17, 'tp': 107, 'precision': 0.8557907005275427, 'recall': 0.8524891774891776, 'f1': 0.8517382043244112}
[selector] ERROR at round 18: can only concatenate list (not "dict") to list
[selector] Round 18: participants used in averaging = 10/10
Averaging model weights...
Evaluating updated global model on test set...
    [Client 1] Round 19 - Waiting for global weights...
    [Client 7] Round 19 - Waiting for global weights...
    [Client 3] Round 19 - Waiting for global weights...
    [Client 2] Round 19 - Waiting for global weights...
    [Client 4] Round 19 - Waiting for global weights...
    [Client 8] Round 19 - Waiting for global weights...
    [Client 10] Round 19 - Waiting for global weights...
    [Client 6] Round 19 - Waiting for global weights...
    [Client 9] Round 19 - Waiting for global weights...
    [Client 5] Round 19 - Waiting for global weights...
Round 18 Evaluation - Accuracy: 0.7686, Loss: 0.6580

===== Round 19 =====
Broadcasting global model to all clients...
Waiting for model weights from client 1...
    [Client 8] Round 19 - Training on local data...
    [Client 1] Round 19 - Training on local data...
    [Client 7] Round 19 - Training on local data...
    [Client 9] Round 19 - Training on local data...
    [Client 3] Round 19 - Training on local data...
    [Client 4] Round 19 - Training on local data...
    [Client 10] Round 19 - Training on local data...
    [Client 2] Round 19 - Training on local data...
    [Client 6] Round 19 - Training on local data...
    [Client 5] Round 19 - Training on local data...
    [Client 10] Round 19 - Sending updated weights to server...
    [Client 6] Round 19 - Sending updated weights to server...
    [Client 7] Round 19 - Sending updated weights to server...
    [Client 9] Round 19 - Sending updated weights to server...
    [Client 1] Round 19 - Sending updated weights to server...
Received weights from client 1
Waiting for model weights from client 2...
    [Client 8] Round 19 - Sending updated weights to server...
    [Client 5] Round 19 - Sending updated weights to server...
    [Client 3] Round 19 - Sending updated weights to server...
    [Client 4] Round 19 - Sending updated weights to server...
    [Client 2] Round 19 - Sending updated weights to server...
Received weights from client 2
Waiting for model weights from client 3...
Received weights from client 3
Waiting for model weights from client 4...
Received weights from client 4
Waiting for model weights from client 5...
Received weights from client 5
Waiting for model weights from client 6...
Received weights from client 6
Waiting for model weights from client 7...
Received weights from client 7
Waiting for model weights from client 8...
Received weights from client 8
Waiting for model weights from client 9...
Received weights from client 9
Waiting for model weights from client 10...
Received weights from client 10
Received system metrics from client 1: {'cpu_time': 37.58999999985099, 'ram_used_mb': 6403.514368, 'net_sent_bytes': 30193, 'net_recv_bytes': 69200, 'gpu_mem_used_mb': 38959.0, 'gpu_load': 0.0, 'client_rank': 1, 'round': 19, 'timestamp': '2025-08-18 11:52:49', 'participated': 1, 'data_size': 4923, 'data_variance': 0.06380366533994675, 'local_loss': 0.5445940494537354, 'local_accuracy': 81.51533603668213, 'tn': -910, 'fp': 910, 'fn': 910, 'tp': 4013, 'precision': 0.8247051438717452, 'recall': 0.8153707625143115, 'f1': 0.8134362701855512}
Received system metrics from client 2: {'cpu_time': 62.71000000089407, 'ram_used_mb': 6573.883392, 'net_sent_bytes': 74942, 'net_recv_bytes': 75793, 'gpu_mem_used_mb': 38959.0, 'gpu_load': 0.0, 'client_rank': 2, 'round': 19, 'timestamp': '2025-08-18 11:52:50', 'participated': 1, 'data_size': 14087, 'data_variance': 0.0633707344532013, 'local_loss': 0.7229194045066833, 'local_accuracy': 75.33896565437317, 'tn': -3475, 'fp': 3475, 'fn': 3475, 'tp': 10612, 'precision': 0.7610438578708119, 'recall': 0.7539023466932568, 'f1': 0.7471601386970147}
Received system metrics from client 3: {'cpu_time': 45.62000000104308, 'ram_used_mb': 6089.908224, 'net_sent_bytes': 28725, 'net_recv_bytes': 63808, 'gpu_mem_used_mb': 38961.0, 'gpu_load': 0.0, 'client_rank': 3, 'round': 19, 'timestamp': '2025-08-18 11:52:49', 'participated': 1, 'data_size': 590, 'data_variance': 0.06486573070287704, 'local_loss': 0.4489781856536865, 'local_accuracy': 84.40678119659424, 'tn': -92, 'fp': 92, 'fn': 92, 'tp': 498, 'precision': 0.8515445943206323, 'recall': 0.8417654877503178, 'f1': 0.8427194712769996}
Received system metrics from client 4: {'cpu_time': 29.04000000283122, 'ram_used_mb': 6658.060288, 'net_sent_bytes': 40214, 'net_recv_bytes': 53124, 'gpu_mem_used_mb': 38959.0, 'gpu_load': 0.0, 'client_rank': 4, 'round': 19, 'timestamp': '2025-08-18 11:52:49', 'participated': 1, 'data_size': 8420, 'data_variance': 0.06345649808645248, 'local_loss': 0.5696014761924744, 'local_accuracy': 79.96436953544617, 'tn': -1688, 'fp': 1688, 'fn': 1688, 'tp': 6732, 'precision': 0.8108700239761957, 'recall': 0.8001444265749459, 'f1': 0.8016518264678583}
Received system metrics from client 5: {'cpu_time': 109.4699999988079, 'ram_used_mb': 6924.496896, 'net_sent_bytes': 34509, 'net_recv_bytes': 46059, 'gpu_mem_used_mb': 38961.0, 'gpu_load': 0.0, 'client_rank': 5, 'round': 19, 'timestamp': '2025-08-18 11:52:50', 'participated': 1, 'data_size': 10256, 'data_variance': 0.06330867111682892, 'local_loss': 0.6343262195587158, 'local_accuracy': 77.97386646270752, 'tn': -2259, 'fp': 2259, 'fn': 2259, 'tp': 7997, 'precision': 0.7889047125380371, 'recall': 0.7803739618950104, 'f1': 0.7788319974256533}
Received system metrics from client 6: {'cpu_time': 48.45000000298023, 'ram_used_mb': 6195.789824, 'net_sent_bytes': 98102, 'net_recv_bytes': 117104, 'gpu_mem_used_mb': 38961.0, 'gpu_load': 0.0, 'client_rank': 6, 'round': 19, 'timestamp': '2025-08-18 11:52:49', 'participated': 1, 'data_size': 1456, 'data_variance': 0.061793986707925797, 'local_loss': 0.49518463015556335, 'local_accuracy': 83.24176073074341, 'tn': -244, 'fp': 244, 'fn': 244, 'tp': 1212, 'precision': 0.8485580998305385, 'recall': 0.8314843976143667, 'f1': 0.8344649165583358}
Received system metrics from client 7: {'cpu_time': 37.3600000012666, 'ram_used_mb': 6393.626624, 'net_sent_bytes': 74564, 'net_recv_bytes': 53593, 'gpu_mem_used_mb': 38959.0, 'gpu_load': 0.0, 'client_rank': 7, 'round': 19, 'timestamp': '2025-08-18 11:52:49', 'participated': 1, 'data_size': 4502, 'data_variance': 0.06294825673103333, 'local_loss': 0.6851434707641602, 'local_accuracy': 76.010662317276, 'tn': -1080, 'fp': 1080, 'fn': 1080, 'tp': 3422, 'precision': 0.7971954631507462, 'recall': 0.7583689173558962, 'f1': 0.7630961490812056}
Received system metrics from client 8: {'cpu_time': 134.54000000003725, 'ram_used_mb': 6127.095808, 'net_sent_bytes': 31767, 'net_recv_bytes': 37717, 'gpu_mem_used_mb': 38961.0, 'gpu_load': 0.0, 'client_rank': 8, 'round': 19, 'timestamp': '2025-08-18 11:52:48', 'participated': 1, 'data_size': 1044, 'data_variance': 0.06484082341194153, 'local_loss': 0.4989279806613922, 'local_accuracy': 84.00382995605469, 'tn': -167, 'fp': 167, 'fn': 167, 'tp': 877, 'precision': 0.847074279916931, 'recall': 0.8424581686563224, 'f1': 0.841439300239829}
Received system metrics from client 9: {'cpu_time': 47.980000004172325, 'ram_used_mb': 6333.329408, 'net_sent_bytes': 97996, 'net_recv_bytes': 106378, 'gpu_mem_used_mb': 38961.0, 'gpu_load': 0.0, 'client_rank': 9, 'round': 19, 'timestamp': '2025-08-18 11:52:49', 'participated': 1, 'data_size': 4597, 'data_variance': 0.062255386263132095, 'local_loss': 0.4994526207447052, 'local_accuracy': 82.51033425331116, 'tn': -804, 'fp': 804, 'fn': 804, 'tp': 3793, 'precision': 0.826691263088614, 'recall': 0.8265326450565353, 'f1': 0.8237863716153386}
Received system metrics from client 10: {'cpu_time': 72.5300000011921, 'ram_used_mb': 6018.310144, 'net_sent_bytes': 104839, 'net_recv_bytes': 116078, 'gpu_mem_used_mb': 38959.0, 'gpu_load': 0.0, 'client_rank': 10, 'round': 19, 'timestamp': '2025-08-18 11:52:48', 'participated': 1, 'data_size': 124, 'data_variance': 0.06624379754066467, 'local_loss': 0.39888447523117065, 'local_accuracy': 88.70967626571655, 'tn': -14, 'fp': 14, 'fn': 14, 'tp': 110, 'precision': 0.8861111111111111, 'recall': 0.88491341991342, 'f1': 0.8800010604306454}
[selector] ERROR at round 19: can only concatenate list (not "dict") to list
[selector] Round 19: participants used in averaging = 10/10
Averaging model weights...
Evaluating updated global model on test set...
    [Client 7] Round 20 - Waiting for global weights...
    [Client 3] Round 20 - Waiting for global weights...
    [Client 1] Round 20 - Waiting for global weights...
    [Client 2] Round 20 - Waiting for global weights...
    [Client 4] Round 20 - Waiting for global weights...
    [Client 8] Round 20 - Waiting for global weights...
    [Client 6] Round 20 - Waiting for global weights...
    [Client 10] Round 20 - Waiting for global weights...
    [Client 9] Round 20 - Waiting for global weights...
    [Client 5] Round 20 - Waiting for global weights...
Round 19 Evaluation - Accuracy: 0.7741, Loss: 0.6405

===== Round 20 =====
Broadcasting global model to all clients...
Waiting for model weights from client 1...
    [Client 2] Round 20 - Training on local data...
    [Client 3] Round 20 - Training on local data...
    [Client 4] Round 20 - Training on local data...
    [Client 7] Round 20 - Training on local data...
    [Client 1] Round 20 - Training on local data...
    [Client 10] Round 20 - Training on local data...
    [Client 8] Round 20 - Training on local data...
    [Client 9] Round 20 - Training on local data...
    [Client 6] Round 20 - Training on local data...
    [Client 5] Round 20 - Training on local data...
    [Client 10] Round 20 - Sending updated weights to server...
    [Client 3] Round 20 - Sending updated weights to server...
    [Client 1] Round 20 - Sending updated weights to server...
Received weights from client 1
Waiting for model weights from client 2...
    [Client 8] Round 20 - Sending updated weights to server...
    [Client 6] Round 20 - Sending updated weights to server...
    [Client 9] Round 20 - Sending updated weights to server...
    [Client 4] Round 20 - Sending updated weights to server...
    [Client 7] Round 20 - Sending updated weights to server...
    [Client 5] Round 20 - Sending updated weights to server...
    [Client 2] Round 20 - Sending updated weights to server...
Received weights from client 2
Waiting for model weights from client 3...
Received weights from client 3
Waiting for model weights from client 4...
Received weights from client 4
Waiting for model weights from client 5...
Received weights from client 5
Waiting for model weights from client 6...
Received weights from client 6
Waiting for model weights from client 7...
Received weights from client 7
Waiting for model weights from client 8...
Received weights from client 8
Waiting for model weights from client 9...
Received weights from client 9
Waiting for model weights from client 10...
Received weights from client 10
Received system metrics from client 1: {'cpu_time': 34.94999999925494, 'ram_used_mb': 6539.993088, 'net_sent_bytes': 846, 'net_recv_bytes': 32639, 'gpu_mem_used_mb': 38961.0, 'gpu_load': 0.0, 'client_rank': 1, 'round': 20, 'timestamp': '2025-08-18 11:53:07', 'participated': 1, 'data_size': 4923, 'data_variance': 0.06380366533994675, 'local_loss': 0.5183811783790588, 'local_accuracy': 81.82002902030945, 'tn': -895, 'fp': 895, 'fn': 895, 'tp': 4028, 'precision': 0.8300744009689887, 'recall': 0.8178464419426559, 'f1': 0.8174717959585467}
Received system metrics from client 2: {'cpu_time': 54.940000001341105, 'ram_used_mb': 6696.67328, 'net_sent_bytes': 10556, 'net_recv_bytes': 40305, 'gpu_mem_used_mb': 38961.0, 'gpu_load': 0.01, 'client_rank': 2, 'round': 20, 'timestamp': '2025-08-18 11:53:08', 'participated': 1, 'data_size': 14087, 'data_variance': 0.0633707344532013, 'local_loss': 0.5774709582328796, 'local_accuracy': 79.71888780593872, 'tn': -2858, 'fp': 2858, 'fn': 2858, 'tp': 11229, 'precision': 0.7987495435135179, 'recall': 0.7971659114440904, 'f1': 0.794809511537695}
Received system metrics from client 3: {'cpu_time': 40.42000000178814, 'ram_used_mb': 6299.213824, 'net_sent_bytes': 2410, 'net_recv_bytes': 30156, 'gpu_mem_used_mb': 38961.0, 'gpu_load': 0.0, 'client_rank': 3, 'round': 20, 'timestamp': '2025-08-18 11:53:06', 'participated': 1, 'data_size': 590, 'data_variance': 0.06486573070287704, 'local_loss': 0.4022049009799957, 'local_accuracy': 86.61016821861267, 'tn': -79, 'fp': 79, 'fn': 79, 'tp': 511, 'precision': 0.8655742351725829, 'recall': 0.8654741556661145, 'f1': 0.8642998184989439}
Received system metrics from client 4: {'cpu_time': 27.78999999910593, 'ram_used_mb': 6885.421056, 'net_sent_bytes': 55719, 'net_recv_bytes': 58569, 'gpu_mem_used_mb': 38961.0, 'gpu_load': 0.0, 'client_rank': 4, 'round': 20, 'timestamp': '2025-08-18 11:53:07', 'participated': 1, 'data_size': 8420, 'data_variance': 0.06345649808645248, 'local_loss': 0.5837680697441101, 'local_accuracy': 79.5843243598938, 'tn': -1720, 'fp': 1720, 'fn': 1720, 'tp': 6700, 'precision': 0.8062948395029871, 'recall': 0.7959294162580434, 'f1': 0.79554037507591}
Received system metrics from client 5: {'cpu_time': 102.24000000208616, 'ram_used_mb': 7144.382464, 'net_sent_bytes': 2446, 'net_recv_bytes': 37038, 'gpu_mem_used_mb': 38961.0, 'gpu_load': 0.0, 'client_rank': 5, 'round': 20, 'timestamp': '2025-08-18 11:53:08', 'participated': 1, 'data_size': 10256, 'data_variance': 0.06330867111682892, 'local_loss': 0.5982014536857605, 'local_accuracy': 79.32917475700378, 'tn': -2120, 'fp': 2120, 'fn': 2120, 'tp': 8136, 'precision': 0.7987835986936431, 'recall': 0.7936568406136189, 'f1': 0.7917084711664895}
Received system metrics from client 6: {'cpu_time': 43.15999999642372, 'ram_used_mb': 6394.966016, 'net_sent_bytes': 59435, 'net_recv_bytes': 91772, 'gpu_mem_used_mb': 38961.0, 'gpu_load': 0.0, 'client_rank': 6, 'round': 20, 'timestamp': '2025-08-18 11:53:06', 'participated': 1, 'data_size': 1456, 'data_variance': 0.061793986707925797, 'local_loss': 0.4268440306186676, 'local_accuracy': 86.26373410224915, 'tn': -200, 'fp': 200, 'fn': 200, 'tp': 1256, 'precision': 0.8683818027504128, 'recall': 0.8617846207345459, 'f1': 0.8620441580676337}
Received system metrics from client 7: {'cpu_time': 33.17999999970198, 'ram_used_mb': 6621.822976, 'net_sent_bytes': 41507, 'net_recv_bytes': 48079, 'gpu_mem_used_mb': 38961.0, 'gpu_load': 0.0, 'client_rank': 7, 'round': 20, 'timestamp': '2025-08-18 11:53:06', 'participated': 1, 'data_size': 4502, 'data_variance': 0.06294825673103333, 'local_loss': 0.5335456132888794, 'local_accuracy': 81.54153823852539, 'tn': -831, 'fp': 831, 'fn': 831, 'tp': 3671, 'precision': 0.8280292372870562, 'recall': 0.8156015935485417, 'f1': 0.8169257603267471}
Received system metrics from client 8: {'cpu_time': 123.90000000037253, 'ram_used_mb': 6325.420032, 'net_sent_bytes': 1391, 'net_recv_bytes': 33276, 'gpu_mem_used_mb': 38961.0, 'gpu_load': 0.0, 'client_rank': 8, 'round': 20, 'timestamp': '2025-08-18 11:53:06', 'participated': 1, 'data_size': 1044, 'data_variance': 0.06484082341194153, 'local_loss': 0.43975406885147095, 'local_accuracy': 85.34482717514038, 'tn': -153, 'fp': 153, 'fn': 153, 'tp': 891, 'precision': 0.8652901642780731, 'recall': 0.8502583271338832, 'f1': 0.8536796114195626}
Received system metrics from client 9: {'cpu_time': 53.88000000268221, 'ram_used_mb': 6572.044288, 'net_sent_bytes': 92454, 'net_recv_bytes': 112951, 'gpu_mem_used_mb': 38961.0, 'gpu_load': 0.0, 'client_rank': 9, 'round': 20, 'timestamp': '2025-08-18 11:53:06', 'participated': 1, 'data_size': 4597, 'data_variance': 0.062255386263132095, 'local_loss': 0.6119977235794067, 'local_accuracy': 78.98629307746887, 'tn': -966, 'fp': 966, 'fn': 966, 'tp': 3631, 'precision': 0.8069055745534548, 'recall': 0.7922978239203778, 'f1': 0.789756273962593}
Received system metrics from client 10: {'cpu_time': 61.5899999961257, 'ram_used_mb': 6129.610752, 'net_sent_bytes': 142817, 'net_recv_bytes': 117980, 'gpu_mem_used_mb': 38961.0, 'gpu_load': 0.0, 'client_rank': 10, 'round': 20, 'timestamp': '2025-08-18 11:53:07', 'participated': 1, 'data_size': 124, 'data_variance': 0.06624379754066467, 'local_loss': 0.34847238659858704, 'local_accuracy': 88.70967626571655, 'tn': -14, 'fp': 14, 'fn': 14, 'tp': 110, 'precision': 0.8819444444444444, 'recall': 0.8879653679653681, 'f1': 0.8797792996053866}
[selector] ERROR at round 20: can only concatenate list (not "dict") to list
[selector] Round 20: participants used in averaging = 10/10
Averaging model weights...
Evaluating updated global model on test set...
    [Client 1] Round 21 - Waiting for global weights...
    [Client 3] Round 21 - Waiting for global weights...
    [Client 7] Round 21 - Waiting for global weights...
    [Client 8] Round 21 - Waiting for global weights...
    [Client 2] Round 21 - Waiting for global weights...
    [Client 4] Round 21 - Waiting for global weights...
    [Client 6] Round 21 - Waiting for global weights...
    [Client 10] Round 21 - Waiting for global weights...
    [Client 9] Round 21 - Waiting for global weights...
    [Client 5] Round 21 - Waiting for global weights...
Round 20 Evaluation - Accuracy: 0.7805, Loss: 0.6210

===== Round 21 =====
Broadcasting global model to all clients...
Waiting for model weights from client 1...
    [Client 4] Round 21 - Training on local data...
    [Client 3] Round 21 - Training on local data...
    [Client 7] Round 21 - Training on local data...
    [Client 8] Round 21 - Training on local data...
    [Client 9] Round 21 - Training on local data...
    [Client 1] Round 21 - Training on local data...
    [Client 6] Round 21 - Training on local data...
    [Client 2] Round 21 - Training on local data...
    [Client 5] Round 21 - Training on local data...
    [Client 10] Round 21 - Training on local data...
    [Client 8] Round 21 - Sending updated weights to server...
    [Client 9] Round 21 - Sending updated weights to server...
    [Client 7] Round 21 - Sending updated weights to server...
    [Client 4] Round 21 - Sending updated weights to server...
    [Client 6] Round 21 - Sending updated weights to server...
    [Client 10] Round 21 - Sending updated weights to server...
    [Client 1] Round 21 - Sending updated weights to server...
Received weights from client 1
Waiting for model weights from client 2...
    [Client 5] Round 21 - Sending updated weights to server...
    [Client 2] Round 21 - Sending updated weights to server...
Received weights from client 2
Waiting for model weights from client 3...
    [Client 3] Round 21 - Sending updated weights to server...
Received weights from client 3
Waiting for model weights from client 4...
Received weights from client 4
Waiting for model weights from client 5...
Received weights from client 5
Waiting for model weights from client 6...
Received weights from client 6
Waiting for model weights from client 7...
Received weights from client 7
Waiting for model weights from client 8...
Received weights from client 8
Waiting for model weights from client 9...
Received weights from client 9
Waiting for model weights from client 10...
Received weights from client 10
Received system metrics from client 1: {'cpu_time': 33.87999999988824, 'ram_used_mb': 6814.527488, 'net_sent_bytes': 552, 'net_recv_bytes': 33667, 'gpu_mem_used_mb': 38963.0, 'gpu_load': 0.0, 'client_rank': 1, 'round': 21, 'timestamp': '2025-08-18 11:53:21', 'participated': 1, 'data_size': 4923, 'data_variance': 0.06380366533994675, 'local_loss': 0.5262475609779358, 'local_accuracy': 82.08409547805786, 'tn': -882, 'fp': 882, 'fn': 882, 'tp': 4041, 'precision': 0.8367641288871097, 'recall': 0.8217231051578142, 'f1': 0.8233988670219696}
Received system metrics from client 2: {'cpu_time': 64.76000000163913, 'ram_used_mb': 6940.237824, 'net_sent_bytes': 56387, 'net_recv_bytes': 41327, 'gpu_mem_used_mb': 38963.0, 'gpu_load': 0.0, 'client_rank': 2, 'round': 21, 'timestamp': '2025-08-18 11:53:22', 'participated': 1, 'data_size': 14087, 'data_variance': 0.0633707344532013, 'local_loss': 0.5405722856521606, 'local_accuracy': 81.28061294555664, 'tn': -2636, 'fp': 2636, 'fn': 2636, 'tp': 11451, 'precision': 0.8163439729924049, 'recall': 0.8122453556791793, 'f1': 0.8121636968182342}
Received system metrics from client 3: {'cpu_time': 41.50999999791384, 'ram_used_mb': 6481.911808, 'net_sent_bytes': 3156, 'net_recv_bytes': 30271, 'gpu_mem_used_mb': 38963.0, 'gpu_load': 0.0, 'client_rank': 3, 'round': 21, 'timestamp': '2025-08-18 11:53:20', 'participated': 1, 'data_size': 590, 'data_variance': 0.06486573070287704, 'local_loss': 0.4194702208042145, 'local_accuracy': 84.74576473236084, 'tn': -90, 'fp': 90, 'fn': 90, 'tp': 500, 'precision': 0.860363901610096, 'recall': 0.844403267738706, 'f1': 0.8480613255720344}
Received system metrics from client 4: {'cpu_time': 26.550000000745058, 'ram_used_mb': 7175.192576, 'net_sent_bytes': 802, 'net_recv_bytes': 33512, 'gpu_mem_used_mb': 38961.0, 'gpu_load': 0.0, 'client_rank': 4, 'round': 21, 'timestamp': '2025-08-18 11:53:21', 'participated': 1, 'data_size': 8420, 'data_variance': 0.06345649808645248, 'local_loss': 0.5146045088768005, 'local_accuracy': 82.47030973434448, 'tn': -1475, 'fp': 1475, 'fn': 1475, 'tp': 6945, 'precision': 0.8319316994548667, 'recall': 0.8252166621710547, 'f1': 0.825301421907198}
Received system metrics from client 5: {'cpu_time': 101.50999999791384, 'ram_used_mb': 7358.877696, 'net_sent_bytes': 35530, 'net_recv_bytes': 38604, 'gpu_mem_used_mb': 38963.0, 'gpu_load': 0.0, 'client_rank': 5, 'round': 21, 'timestamp': '2025-08-18 11:53:22', 'participated': 1, 'data_size': 10256, 'data_variance': 0.06330867111682892, 'local_loss': 0.5901777744293213, 'local_accuracy': 79.63143587112427, 'tn': -2090, 'fp': 2090, 'fn': 2090, 'tp': 8166, 'precision': 0.8106983798862334, 'recall': 0.7963688605712878, 'f1': 0.791132113828841}
Received system metrics from client 6: {'cpu_time': 44.41999999806285, 'ram_used_mb': 6612.631552, 'net_sent_bytes': 106852, 'net_recv_bytes': 116055, 'gpu_mem_used_mb': 38963.0, 'gpu_load': 0.0, 'client_rank': 6, 'round': 21, 'timestamp': '2025-08-18 11:53:21', 'participated': 1, 'data_size': 1456, 'data_variance': 0.061793986707925797, 'local_loss': 0.3922637701034546, 'local_accuracy': 88.04945349693298, 'tn': -174, 'fp': 174, 'fn': 174, 'tp': 1282, 'precision': 0.884174842985961, 'recall': 0.8787017962467176, 'f1': 0.8793434247446064}
Received system metrics from client 7: {'cpu_time': 33.35999999940395, 'ram_used_mb': 6826.418176, 'net_sent_bytes': 33362, 'net_recv_bytes': 34076, 'gpu_mem_used_mb': 38963.0, 'gpu_load': 0.0, 'client_rank': 7, 'round': 21, 'timestamp': '2025-08-18 11:53:20', 'participated': 1, 'data_size': 4502, 'data_variance': 0.06294825673103333, 'local_loss': 0.4807887673377991, 'local_accuracy': 83.40737223625183, 'tn': -747, 'fp': 747, 'fn': 747, 'tp': 3755, 'precision': 0.8368155689453903, 'recall': 0.8325186790533262, 'f1': 0.8319378042566312}
Received system metrics from client 8: {'cpu_time': 127.79000000003725, 'ram_used_mb': 6539.198464, 'net_sent_bytes': 32583, 'net_recv_bytes': 30444, 'gpu_mem_used_mb': 38963.0, 'gpu_load': 0.0, 'client_rank': 8, 'round': 21, 'timestamp': '2025-08-18 11:53:20', 'participated': 1, 'data_size': 1044, 'data_variance': 0.06484082341194153, 'local_loss': 0.44646087288856506, 'local_accuracy': 85.82375645637512, 'tn': -148, 'fp': 148, 'fn': 148, 'tp': 896, 'precision': 0.8664219329703876, 'recall': 0.8566352517241052, 'f1': 0.8576316641915677}
Received system metrics from client 9: {'cpu_time': 44.810000002384186, 'ram_used_mb': 6798.700544, 'net_sent_bytes': 133611, 'net_recv_bytes': 104928, 'gpu_mem_used_mb': 38963.0, 'gpu_load': 0.0, 'client_rank': 9, 'round': 21, 'timestamp': '2025-08-18 11:53:21', 'participated': 1, 'data_size': 4597, 'data_variance': 0.062255386263132095, 'local_loss': 0.523837685585022, 'local_accuracy': 81.92299604415894, 'tn': -831, 'fp': 831, 'fn': 831, 'tp': 3766, 'precision': 0.8228707201046526, 'recall': 0.8216837129151117, 'f1': 0.8172115780396657}
Received system metrics from client 10: {'cpu_time': 64.03999999910593, 'ram_used_mb': 6338.265088, 'net_sent_bytes': 85394, 'net_recv_bytes': 113150, 'gpu_mem_used_mb': 38961.0, 'gpu_load': 0.0, 'client_rank': 10, 'round': 21, 'timestamp': '2025-08-18 11:53:20', 'participated': 1, 'data_size': 124, 'data_variance': 0.06624379754066467, 'local_loss': 0.35988444089889526, 'local_accuracy': 89.51612710952759, 'tn': -13, 'fp': 13, 'fn': 13, 'tp': 111, 'precision': 0.8868896016264436, 'recall': 0.8926406926406927, 'f1': 0.882501822348899}
[selector] ERROR at round 21: can only concatenate list (not "dict") to list
[selector] Round 21: participants used in averaging = 10/10
Averaging model weights...
Evaluating updated global model on test set...
    [Client 7] Round 22 - Waiting for global weights...
    [Client 3] Round 22 - Waiting for global weights...
    [Client 1] Round 22 - Waiting for global weights...
    [Client 9] Round 22 - Waiting for global weights...
    [Client 5] Round 22 - Waiting for global weights...
    [Client 4] Round 22 - Waiting for global weights...
    [Client 8] Round 22 - Waiting for global weights...
    [Client 2] Round 22 - Waiting for global weights...
    [Client 10] Round 22 - Waiting for global weights...
    [Client 6] Round 22 - Waiting for global weights...
Round 21 Evaluation - Accuracy: 0.7839, Loss: 0.6195

===== Round 22 =====
Broadcasting global model to all clients...
Waiting for model weights from client 1...
    [Client 10] Round 22 - Training on local data...
    [Client 3] Round 22 - Training on local data...
    [Client 1] Round 22 - Training on local data...
    [Client 4] Round 22 - Training on local data...
    [Client 6] Round 22 - Training on local data...
    [Client 8] Round 22 - Training on local data...
    [Client 9] Round 22 - Training on local data...
    [Client 7] Round 22 - Training on local data...
    [Client 5] Round 22 - Training on local data...
    [Client 2] Round 22 - Training on local data...
    [Client 10] Round 22 - Sending updated weights to server...
    [Client 3] Round 22 - Sending updated weights to server...
    [Client 9] Round 22 - Sending updated weights to server...
    [Client 8] Round 22 - Sending updated weights to server...
    [Client 6] Round 22 - Sending updated weights to server...
    [Client 1] Round 22 - Sending updated weights to server...
Received weights from client 1
Waiting for model weights from client 2...
    [Client 7] Round 22 - Sending updated weights to server...
    [Client 5] Round 22 - Sending updated weights to server...
    [Client 2] Round 22 - Sending updated weights to server...
Received weights from client 2
Waiting for model weights from client 3...
Received weights from client 3
Waiting for model weights from client 4...
    [Client 4] Round 22 - Sending updated weights to server...
Received weights from client 4
Waiting for model weights from client 5...
Received weights from client 5
    [Client 9] Round 23 - Waiting for global weights...
    [Client 7] Round 23 - Waiting for global weights...
    [Client 2] Round 23 - Waiting for global weights...
    [Client 10] Round 23 - Waiting for global weights...
    [Client 4] Round 23 - Waiting for global weights...
    [Client 3] Round 23 - Waiting for global weights...
    [Client 1] Round 23 - Waiting for global weights...
    [Client 8] Round 23 - Waiting for global weights...
    [Client 6] Round 23 - Waiting for global weights...
    [Client 5] Round 23 - Waiting for global weights...
Waiting for model weights from client 6...
    [Client 9] Round 23 - Training on local data...
    [Client 7] Round 23 - Training on local data...
    [Client 2] Round 23 - Training on local data...
    [Client 10] Round 23 - Training on local data...
    [Client 4] Round 23 - Training on local data...
    [Client 3] Round 23 - Training on local data...
    [Client 1] Round 23 - Training on local data...
    [Client 8] Round 23 - Training on local data...
    [Client 6] Round 23 - Training on local data...
    [Client 5] Round 23 - Training on local data...
Received weights from client 6
Waiting for model weights from client 7...
Received weights from client 7
Waiting for model weights from client 8...
Received weights from client 8
Waiting for model weights from client 9...
Received weights from client 9
Waiting for model weights from client 10...
Received weights from client 10
Received system metrics from client 1: {'cpu_time': 34.389999999664724, 'ram_used_mb': 7074.44736, 'net_sent_bytes': 60942, 'net_recv_bytes': 61543, 'gpu_mem_used_mb': 38963.0, 'gpu_load': 0.0, 'client_rank': 1, 'round': 22, 'timestamp': '2025-08-18 11:53:41', 'participated': 1, 'data_size': 4923, 'data_variance': 0.06380366533994675, 'local_loss': 0.48903706669807434, 'local_accuracy': 83.20130109786987, 'tn': -827, 'fp': 827, 'fn': 827, 'tp': 4096, 'precision': 0.8431391813831105, 'recall': 0.8320235831694172, 'f1': 0.8316696565792483}
Received system metrics from client 2: {'cpu_time': 58.349999997764826, 'ram_used_mb': 7097.344, 'net_sent_bytes': 460, 'net_recv_bytes': 37533, 'gpu_mem_used_mb': 38963.0, 'gpu_load': 0.0, 'client_rank': 2, 'round': 22, 'timestamp': '2025-08-18 11:53:42', 'participated': 1, 'data_size': 14087, 'data_variance': 0.0633707344532013, 'local_loss': 0.5803104639053345, 'local_accuracy': 79.72598671913147, 'tn': -2857, 'fp': 2857, 'fn': 2857, 'tp': 11230, 'precision': 0.8032886243055442, 'recall': 0.7974181814085918, 'f1': 0.7959123648292892}
Received system metrics from client 3: {'cpu_time': 34.53999999910593, 'ram_used_mb': 6730.559488, 'net_sent_bytes': 29057, 'net_recv_bytes': 57180, 'gpu_mem_used_mb': 38965.0, 'gpu_load': 0.0, 'client_rank': 3, 'round': 22, 'timestamp': '2025-08-18 11:53:41', 'participated': 1, 'data_size': 590, 'data_variance': 0.06486573070287704, 'local_loss': 0.3643334209918976, 'local_accuracy': 88.98305296897888, 'tn': -65, 'fp': 65, 'fn': 65, 'tp': 525, 'precision': 0.8921479476375695, 'recall': 0.8881960754983685, 'f1': 0.8871514729465346}
Received system metrics from client 4: {'cpu_time': 27.309999998658895, 'ram_used_mb': 7430.520832, 'net_sent_bytes': 61251, 'net_recv_bytes': 61856, 'gpu_mem_used_mb': 38963.0, 'gpu_load': 0.0, 'client_rank': 4, 'round': 22, 'timestamp': '2025-08-18 11:53:41', 'participated': 1, 'data_size': 8420, 'data_variance': 0.06345649808645248, 'local_loss': 0.5472655296325684, 'local_accuracy': 80.9144914150238, 'tn': -1605, 'fp': 1605, 'fn': 1605, 'tp': 6815, 'precision': 0.820846174947776, 'recall': 0.8091093900972062, 'f1': 0.8093527757246826}
Received system metrics from client 5: {'cpu_time': 102.75999999791384, 'ram_used_mb': 7608.29952, 'net_sent_bytes': 60169, 'net_recv_bytes': 63599, 'gpu_mem_used_mb': 38963.0, 'gpu_load': 0.0, 'client_rank': 5, 'round': 22, 'timestamp': '2025-08-18 11:53:42', 'participated': 1, 'data_size': 10256, 'data_variance': 0.06330867111682892, 'local_loss': 0.5791767239570618, 'local_accuracy': 80.1287055015564, 'tn': -2038, 'fp': 2038, 'fn': 2038, 'tp': 8218, 'precision': 0.8166046826164368, 'recall': 0.8018952618075275, 'f1': 0.8023044378063588}
Received system metrics from client 6: {'cpu_time': 50.7799999974668, 'ram_used_mb': 6839.447552, 'net_sent_bytes': 67999, 'net_recv_bytes': 94612, 'gpu_mem_used_mb': 38965.0, 'gpu_load': 0.0, 'client_rank': 6, 'round': 22, 'timestamp': '2025-08-18 11:53:41', 'participated': 1, 'data_size': 1456, 'data_variance': 0.061793986707925797, 'local_loss': 0.44184431433677673, 'local_accuracy': 84.4093382358551, 'tn': -227, 'fp': 227, 'fn': 227, 'tp': 1229, 'precision': 0.860605402678307, 'recall': 0.8431272535699472, 'f1': 0.8436504798854694}
Received system metrics from client 7: {'cpu_time': 34.24000000022352, 'ram_used_mb': 7098.032128, 'net_sent_bytes': 70075, 'net_recv_bytes': 80151, 'gpu_mem_used_mb': 38963.0, 'gpu_load': 0.0, 'client_rank': 7, 'round': 22, 'timestamp': '2025-08-18 11:53:41', 'participated': 1, 'data_size': 4502, 'data_variance': 0.06294825673103333, 'local_loss': 0.7230774164199829, 'local_accuracy': 74.6334969997406, 'tn': -1142, 'fp': 1142, 'fn': 1142, 'tp': 3360, 'precision': 0.7980482341940045, 'recall': 0.7454107610579174, 'f1': 0.7474901554897503}
Received system metrics from client 8: {'cpu_time': 123.71999999973923, 'ram_used_mb': 6773.325824, 'net_sent_bytes': 33380, 'net_recv_bytes': 61996, 'gpu_mem_used_mb': 38963.0, 'gpu_load': 0.0, 'client_rank': 8, 'round': 22, 'timestamp': '2025-08-18 11:53:41', 'participated': 1, 'data_size': 1044, 'data_variance': 0.06484082341194153, 'local_loss': 0.43665245175361633, 'local_accuracy': 86.49425506591797, 'tn': -141, 'fp': 141, 'fn': 141, 'tp': 903, 'precision': 0.8715401849847982, 'recall': 0.8627014052990998, 'f1': 0.8641251153862358}
Received system metrics from client 9: {'cpu_time': 43.80000000447035, 'ram_used_mb': 7009.230848, 'net_sent_bytes': 58795, 'net_recv_bytes': 91360, 'gpu_mem_used_mb': 38963.0, 'gpu_load': 0.0, 'client_rank': 9, 'round': 22, 'timestamp': '2025-08-18 11:53:41', 'participated': 1, 'data_size': 4597, 'data_variance': 0.062255386263132095, 'local_loss': 0.5207536220550537, 'local_accuracy': 81.35740756988525, 'tn': -857, 'fp': 857, 'fn': 857, 'tp': 3740, 'precision': 0.8225152610185071, 'recall': 0.8144746610167195, 'f1': 0.8107883537612413}
Received system metrics from client 10: {'cpu_time': 54.57999999821186, 'ram_used_mb': 6514.622464, 'net_sent_bytes': 89549, 'net_recv_bytes': 90721, 'gpu_mem_used_mb': 38963.0, 'gpu_load': 0.0, 'client_rank': 10, 'round': 22, 'timestamp': '2025-08-18 11:53:41', 'participated': 1, 'data_size': 124, 'data_variance': 0.06624379754066467, 'local_loss': 0.3307277262210846, 'local_accuracy': 87.90322542190552, 'tn': -15, 'fp': 15, 'fn': 15, 'tp': 109, 'precision': 0.8629220779220779, 'recall': 0.8755411255411255, 'f1': 0.8623582139444208}
[selector] ERROR at round 22: can only concatenate list (not "dict") to list
[selector] Round 22: participants used in averaging = 10/10
Averaging model weights...
Evaluating updated global model on test set...
Round 22 Evaluation - Accuracy: 0.7832, Loss: 0.6159

===== Round 23 =====
Broadcasting global model to all clients...
Waiting for model weights from client 1...
    [Client 10] Round 23 - Sending updated weights to server...
    [Client 3] Round 23 - Sending updated weights to server...
    [Client 6] Round 23 - Sending updated weights to server...
    [Client 7] Round 23 - Sending updated weights to server...
    [Client 8] Round 23 - Sending updated weights to server...
    [Client 1] Round 23 - Sending updated weights to server...
Received weights from client 1
Waiting for model weights from client 2...
    [Client 9] Round 23 - Sending updated weights to server...
    [Client 4] Round 23 - Sending updated weights to server...
    [Client 5] Round 23 - Sending updated weights to server...
    [Client 2] Round 23 - Sending updated weights to server...
Received weights from client 2
Waiting for model weights from client 3...
Received weights from client 3
Waiting for model weights from client 4...
Received weights from client 4
Waiting for model weights from client 5...
Received weights from client 5
Waiting for model weights from client 6...
Received weights from client 6
Waiting for model weights from client 7...
Received weights from client 7
Waiting for model weights from client 8...
Received weights from client 8
Waiting for model weights from client 9...
Received weights from client 9
Waiting for model weights from client 10...
Received weights from client 10
Received system metrics from client 1: {'cpu_time': 34.33999999985099, 'ram_used_mb': 7286.84544, 'net_sent_bytes': 778, 'net_recv_bytes': 34764, 'gpu_mem_used_mb': 38965.0, 'gpu_load': 0.0, 'client_rank': 1, 'round': 23, 'timestamp': '2025-08-18 11:53:56', 'participated': 1, 'data_size': 4923, 'data_variance': 0.06380366533994675, 'local_loss': 0.49461260437965393, 'local_accuracy': 82.6934814453125, 'tn': -852, 'fp': 852, 'fn': 852, 'tp': 4071, 'precision': 0.8411417291806167, 'recall': 0.8258272195240653, 'f1': 0.826210811365687}
Received system metrics from client 2: {'cpu_time': 59.01000000536442, 'ram_used_mb': 7307.96032, 'net_sent_bytes': 76087, 'net_recv_bytes': 58412, 'gpu_mem_used_mb': 38965.0, 'gpu_load': 0.0, 'client_rank': 2, 'round': 23, 'timestamp': '2025-08-18 11:53:58', 'participated': 1, 'data_size': 14087, 'data_variance': 0.0633707344532013, 'local_loss': 0.6388729214668274, 'local_accuracy': 77.56797075271606, 'tn': -3160, 'fp': 3160, 'fn': 3160, 'tp': 10927, 'precision': 0.7920011182699397, 'recall': 0.7752077471925237, 'f1': 0.777051481598748}
Received system metrics from client 3: {'cpu_time': 41.20000000298023, 'ram_used_mb': 6935.638016, 'net_sent_bytes': 54264, 'net_recv_bytes': 51179, 'gpu_mem_used_mb': 38965.0, 'gpu_load': 0.0, 'client_rank': 3, 'round': 23, 'timestamp': '2025-08-18 11:53:56', 'participated': 1, 'data_size': 590, 'data_variance': 0.06486573070287704, 'local_loss': 0.35734742879867554, 'local_accuracy': 87.96610236167908, 'tn': -71, 'fp': 71, 'fn': 71, 'tp': 519, 'precision': 0.8880873387233681, 'recall': 0.8779526275364002, 'f1': 0.8788716826200403}
Received system metrics from client 4: {'cpu_time': 26.62999999895692, 'ram_used_mb': 7617.196032, 'net_sent_bytes': 2309, 'net_recv_bytes': 35085, 'gpu_mem_used_mb': 38963.0, 'gpu_load': 0.0, 'client_rank': 4, 'round': 23, 'timestamp': '2025-08-18 11:53:56', 'participated': 1, 'data_size': 8420, 'data_variance': 0.06345649808645248, 'local_loss': 0.6624366641044617, 'local_accuracy': 76.4608085155487, 'tn': -1982, 'fp': 1982, 'fn': 1982, 'tp': 6438, 'precision': 0.7796802272237305, 'recall': 0.7653595697859297, 'f1': 0.7592473067101746}
Received system metrics from client 5: {'cpu_time': 113.50999999791384, 'ram_used_mb': 7740.096512, 'net_sent_bytes': 42687, 'net_recv_bytes': 75584, 'gpu_mem_used_mb': 38965.0, 'gpu_load': 0.0, 'client_rank': 5, 'round': 23, 'timestamp': '2025-08-18 11:53:58', 'participated': 1, 'data_size': 10256, 'data_variance': 0.06330867111682892, 'local_loss': 0.6600049734115601, 'local_accuracy': 77.10608243942261, 'tn': -2347, 'fp': 2347, 'fn': 2347, 'tp': 7909, 'precision': 0.7912572985956046, 'recall': 0.7712780791789917, 'f1': 0.7649248017574981}
Received system metrics from client 6: {'cpu_time': 43.98999999836087, 'ram_used_mb': 7109.799936, 'net_sent_bytes': 59199, 'net_recv_bytes': 92177, 'gpu_mem_used_mb': 38965.0, 'gpu_load': 0.0, 'client_rank': 6, 'round': 23, 'timestamp': '2025-08-18 11:53:56', 'participated': 1, 'data_size': 1456, 'data_variance': 0.061793986707925797, 'local_loss': 0.36783888936042786, 'local_accuracy': 88.25549483299255, 'tn': -171, 'fp': 171, 'fn': 171, 'tp': 1285, 'precision': 0.8862245293892486, 'recall': 0.8825911724875655, 'f1': 0.8835290398173914}
Received system metrics from client 7: {'cpu_time': 33.18000000156462, 'ram_used_mb': 7286.247424, 'net_sent_bytes': 1202, 'net_recv_bytes': 34464, 'gpu_mem_used_mb': 38965.0, 'gpu_load': 0.0, 'client_rank': 7, 'round': 23, 'timestamp': '2025-08-18 11:53:56', 'participated': 1, 'data_size': 4502, 'data_variance': 0.06294825673103333, 'local_loss': 0.49360391497612, 'local_accuracy': 83.4962248802185, 'tn': -743, 'fp': 743, 'fn': 743, 'tp': 3759, 'precision': 0.8404974292922593, 'recall': 0.8347658463625853, 'f1': 0.8359901815849007}
Received system metrics from client 8: {'cpu_time': 137.43000000016764, 'ram_used_mb': 6900.445184, 'net_sent_bytes': 43971, 'net_recv_bytes': 52542, 'gpu_mem_used_mb': 38965.0, 'gpu_load': 0.0, 'client_rank': 8, 'round': 23, 'timestamp': '2025-08-18 11:53:57', 'participated': 1, 'data_size': 1044, 'data_variance': 0.06484082341194153, 'local_loss': 0.39427298307418823, 'local_accuracy': 86.68582439422607, 'tn': -139, 'fp': 139, 'fn': 139, 'tp': 905, 'precision': 0.8749387026470229, 'recall': 0.8672281414120084, 'f1': 0.8666916242274267}
Received system metrics from client 9: {'cpu_time': 44.060000009834766, 'ram_used_mb': 7232.311296, 'net_sent_bytes': 95034, 'net_recv_bytes': 102932, 'gpu_mem_used_mb': 38965.0, 'gpu_load': 0.0, 'client_rank': 9, 'round': 23, 'timestamp': '2025-08-18 11:53:56', 'participated': 1, 'data_size': 4597, 'data_variance': 0.062255386263132095, 'local_loss': 0.43279990553855896, 'local_accuracy': 85.38177013397217, 'tn': -673, 'fp': 673, 'fn': 673, 'tp': 3924, 'precision': 0.8643555684160843, 'recall': 0.8536390108267365, 'f1': 0.854430959213732}
Received system metrics from client 10: {'cpu_time': 58.46000000089407, 'ram_used_mb': 6757.003264, 'net_sent_bytes': 59323, 'net_recv_bytes': 87142, 'gpu_mem_used_mb': 38963.0, 'gpu_load': 0.0, 'client_rank': 10, 'round': 23, 'timestamp': '2025-08-18 11:53:56', 'participated': 1, 'data_size': 124, 'data_variance': 0.06624379754066467, 'local_loss': 0.3052739202976227, 'local_accuracy': 90.32257795333862, 'tn': -12, 'fp': 12, 'fn': 12, 'tp': 112, 'precision': 0.8853235653235654, 'recall': 0.8998268398268398, 'f1': 0.887842940685046}
[selector] ERROR at round 23: can only concatenate list (not "dict") to list
[selector] Round 23: participants used in averaging = 10/10
Averaging model weights...
Evaluating updated global model on test set...
    [Client 4] Round 24 - Waiting for global weights...
    [Client 8] Round 24 - Waiting for global weights...
    [Client 2] Round 24 - Waiting for global weights...
    [Client 10] Round 24 - Waiting for global weights...
    [Client 6] Round 24 - Waiting for global weights...
Round 23 Evaluation - Accuracy: 0.7873, Loss: 0.6014

===== Round 24 =====
Broadcasting global model to all clients...
    [Client 10] Round 24 - Training on local data...
    [Client 2] Round 24 - Training on local data...
    [Client 4] Round 24 - Training on local data...
    [Client 6] Round 24 - Training on local data...
    [Client 8] Round 24 - Training on local data...
    [Client 9] Round 24 - Waiting for global weights...
    [Client 1] Round 24 - Waiting for global weights...
    [Client 5] Round 24 - Waiting for global weights...
    [Client 1] Round 24 - Training on local data...
    [Client 9] Round 24 - Training on local data...
    [Client 5] Round 24 - Training on local data...
    [Client 7] Round 24 - Waiting for global weights...
    [Client 3] Round 24 - Waiting for global weights...
Waiting for model weights from client 1...
    [Client 3] Round 24 - Training on local data...
    [Client 7] Round 24 - Training on local data...
    [Client 10] Round 24 - Sending updated weights to server...
    [Client 1] Round 24 - Sending updated weights to server...
Received weights from client 1
Waiting for model weights from client 2...
    [Client 4] Round 24 - Sending updated weights to server...
    [Client 9] Round 24 - Sending updated weights to server...
    [Client 7] Round 24 - Sending updated weights to server...
    [Client 3] Round 24 - Sending updated weights to server...
    [Client 2] Round 24 - Sending updated weights to server...
Received weights from client 2
Waiting for model weights from client 3...
Received weights from client 3
Waiting for model weights from client 4...
Received weights from client 4
Waiting for model weights from client 5...
    [Client 5] Round 24 - Sending updated weights to server...
Received weights from client 5
Waiting for model weights from client 6...
    [Client 8] Round 24 - Sending updated weights to server...
    [Client 6] Round 24 - Sending updated weights to server...
Received weights from client 6
Waiting for model weights from client 7...
Received weights from client 7
Waiting for model weights from client 8...
Received weights from client 8
Waiting for model weights from client 9...
Received weights from client 9
Waiting for model weights from client 10...
Received weights from client 10
Received system metrics from client 1: {'cpu_time': 34.62000000011176, 'ram_used_mb': 7357.313024, 'net_sent_bytes': 680, 'net_recv_bytes': 34998, 'gpu_mem_used_mb': 38965.0, 'gpu_load': 0.01, 'client_rank': 1, 'round': 24, 'timestamp': '2025-08-18 11:54:37', 'participated': 1, 'data_size': 4923, 'data_variance': 0.06380366533994675, 'local_loss': 0.48467087745666504, 'local_accuracy': 82.99817442893982, 'tn': -837, 'fp': 837, 'fn': 837, 'tp': 4086, 'precision': 0.8446013206192756, 'recall': 0.8302319980386275, 'f1': 0.8276849095377724}
Received system metrics from client 2: {'cpu_time': 64.18000000342727, 'ram_used_mb': 7373.103104, 'net_sent_bytes': 12037, 'net_recv_bytes': 43859, 'gpu_mem_used_mb': 38965.0, 'gpu_load': 0.0, 'client_rank': 2, 'round': 24, 'timestamp': '2025-08-18 11:54:38', 'participated': 1, 'data_size': 14087, 'data_variance': 0.0633707344532013, 'local_loss': 0.49880194664001465, 'local_accuracy': 82.71455764770508, 'tn': -2434, 'fp': 2434, 'fn': 2434, 'tp': 11653, 'precision': 0.8298046160487076, 'recall': 0.8263594119099388, 'f1': 0.8245008600875462}
Received system metrics from client 3: {'cpu_time': 40.91999999806285, 'ram_used_mb': 7007.666176, 'net_sent_bytes': 1626, 'net_recv_bytes': 35585, 'gpu_mem_used_mb': 38967.0, 'gpu_load': 0.0, 'client_rank': 3, 'round': 24, 'timestamp': '2025-08-18 11:54:36', 'participated': 1, 'data_size': 590, 'data_variance': 0.06486573070287704, 'local_loss': 0.3637228012084961, 'local_accuracy': 86.94915175437927, 'tn': -77, 'fp': 77, 'fn': 77, 'tp': 513, 'precision': 0.88040459293035, 'recall': 0.8685339607735418, 'f1': 0.8707105423661634}
Received system metrics from client 4: {'cpu_time': 27.88000000268221, 'ram_used_mb': 7747.424256, 'net_sent_bytes': 51292, 'net_recv_bytes': 58895, 'gpu_mem_used_mb': 38965.0, 'gpu_load': 0.0, 'client_rank': 4, 'round': 24, 'timestamp': '2025-08-18 11:54:37', 'participated': 1, 'data_size': 8420, 'data_variance': 0.06345649808645248, 'local_loss': 0.4727252721786499, 'local_accuracy': 83.84798169136047, 'tn': -1360, 'fp': 1360, 'fn': 1360, 'tp': 7060, 'precision': 0.845838454770476, 'recall': 0.8384367148527041, 'f1': 0.8397457879644108}
Received system metrics from client 5: {'cpu_time': 104.42999999970198, 'ram_used_mb': 7985.307648, 'net_sent_bytes': 2466, 'net_recv_bytes': 39807, 'gpu_mem_used_mb': 38967.0, 'gpu_load': 0.01, 'client_rank': 5, 'round': 24, 'timestamp': '2025-08-18 11:54:38', 'participated': 1, 'data_size': 10256, 'data_variance': 0.06330867111682892, 'local_loss': 0.6820904016494751, 'local_accuracy': 75.49726963043213, 'tn': -2513, 'fp': 2513, 'fn': 2513, 'tp': 7743, 'precision': 0.786595488481889, 'recall': 0.755342770297182, 'f1': 0.7489895672555692}
Received system metrics from client 6: {'cpu_time': 43.92000000551343, 'ram_used_mb': 7179.280384, 'net_sent_bytes': 58984, 'net_recv_bytes': 89340, 'gpu_mem_used_mb': 38967.0, 'gpu_load': 0.0, 'client_rank': 6, 'round': 24, 'timestamp': '2025-08-18 11:54:36', 'participated': 1, 'data_size': 1456, 'data_variance': 0.061793986707925797, 'local_loss': 0.439414381980896, 'local_accuracy': 84.06593203544617, 'tn': -232, 'fp': 232, 'fn': 232, 'tp': 1224, 'precision': 0.8491109217483965, 'recall': 0.8394710074083124, 'f1': 0.8364226038947106}
Received system metrics from client 7: {'cpu_time': 33.41000000014901, 'ram_used_mb': 7377.317888, 'net_sent_bytes': 38760, 'net_recv_bytes': 53638, 'gpu_mem_used_mb': 38965.0, 'gpu_load': 0.0, 'client_rank': 7, 'round': 24, 'timestamp': '2025-08-18 11:54:37', 'participated': 1, 'data_size': 4502, 'data_variance': 0.06294825673103333, 'local_loss': 0.4692669212818146, 'local_accuracy': 84.2292308807373, 'tn': -710, 'fp': 710, 'fn': 710, 'tp': 3792, 'precision': 0.8478787731985751, 'recall': 0.8416035790936064, 'f1': 0.8414162195522689}
Received system metrics from client 8: {'cpu_time': 125.35999999986961, 'ram_used_mb': 7060.713472, 'net_sent_bytes': 829, 'net_recv_bytes': 30549, 'gpu_mem_used_mb': 38967.0, 'gpu_load': 0.01, 'client_rank': 8, 'round': 24, 'timestamp': '2025-08-18 11:54:36', 'participated': 1, 'data_size': 1044, 'data_variance': 0.06484082341194153, 'local_loss': 0.381782203912735, 'local_accuracy': 88.31417560577393, 'tn': -122, 'fp': 122, 'fn': 122, 'tp': 922, 'precision': 0.8851103571892376, 'recall': 0.8812390353001114, 'f1': 0.8822840417550202}
Received system metrics from client 9: {'cpu_time': 45.810000002384186, 'ram_used_mb': 7378.952192, 'net_sent_bytes': 106731, 'net_recv_bytes': 128586, 'gpu_mem_used_mb': 38967.0, 'gpu_load': 0.0, 'client_rank': 9, 'round': 24, 'timestamp': '2025-08-18 11:54:37', 'participated': 1, 'data_size': 4597, 'data_variance': 0.062255386263132095, 'local_loss': 0.4520515203475952, 'local_accuracy': 84.96845960617065, 'tn': -692, 'fp': 692, 'fn': 692, 'tp': 3905, 'precision': 0.8544391670931637, 'recall': 0.8497983265318375, 'f1': 0.8489079998355313}
Received system metrics from client 10: {'cpu_time': 66.55000000447035, 'ram_used_mb': 6967.586816, 'net_sent_bytes': 126606, 'net_recv_bytes': 106651, 'gpu_mem_used_mb': 38965.0, 'gpu_load': 0.01, 'client_rank': 10, 'round': 24, 'timestamp': '2025-08-18 11:54:36', 'participated': 1, 'data_size': 124, 'data_variance': 0.06624379754066467, 'local_loss': 0.2968038320541382, 'local_accuracy': 89.51612710952759, 'tn': -13, 'fp': 13, 'fn': 13, 'tp': 111, 'precision': 0.8913492063492064, 'recall': 0.8934415584415584, 'f1': 0.8871005277006688}
[selector] ERROR at round 24: can only concatenate list (not "dict") to list
[selector] Round 24: participants used in averaging = 10/10
Averaging model weights...
Evaluating updated global model on test set...
    [Client 1] Round 25 - Waiting for global weights...
    [Client 7] Round 25 - Waiting for global weights...
    [Client 3] Round 25 - Waiting for global weights...
    [Client 9] Round 25 - Waiting for global weights...
    [Client 5] Round 25 - Waiting for global weights...
    [Client 4] Round 25 - Waiting for global weights...
    [Client 2] Round 25 - Waiting for global weights...
    [Client 10] Round 25 - Waiting for global weights...
    [Client 6] Round 25 - Waiting for global weights...
    [Client 8] Round 25 - Waiting for global weights...
Round 24 Evaluation - Accuracy: 0.7949, Loss: 0.5812

===== Round 25 =====
Broadcasting global model to all clients...
Waiting for model weights from client 1...
    [Client 10] Round 25 - Training on local data...
    [Client 8] Round 25 - Training on local data...
    [Client 6] Round 25 - Training on local data...
    [Client 7] Round 25 - Training on local data...
    [Client 1] Round 25 - Training on local data...
    [Client 9] Round 25 - Training on local data...
    [Client 4] Round 25 - Training on local data...
    [Client 3] Round 25 - Training on local data...
    [Client 5] Round 25 - Training on local data...
    [Client 2] Round 25 - Training on local data...
    [Client 2] Round 25 - Sending updated weights to server...
    [Client 1] Round 25 - Sending updated weights to server...
Received weights from client 1
Waiting for model weights from client 2...
Received weights from client 2
Waiting for model weights from client 3...
    [Client 10] Round 25 - Sending updated weights to server...
    [Client 8] Round 25 - Sending updated weights to server...
    [Client 4] Round 25 - Sending updated weights to server...
    [Client 9] Round 25 - Sending updated weights to server...
    [Client 5] Round 25 - Sending updated weights to server...
    [Client 3] Round 25 - Sending updated weights to server...
Received weights from client 3
Waiting for model weights from client 4...
Received weights from client 4
Waiting for model weights from client 5...
Received weights from client 5
Waiting for model weights from client 6...
    [Client 7] Round 25 - Sending updated weights to server...
    [Client 6] Round 25 - Sending updated weights to server...
Received weights from client 6
Waiting for model weights from client 7...
Received weights from client 7
Waiting for model weights from client 8...
Received weights from client 8
Waiting for model weights from client 9...
Received weights from client 9
Waiting for model weights from client 10...
Received weights from client 10
Received system metrics from client 1: {'cpu_time': 34.87999999988824, 'ram_used_mb': 7514.9312, 'net_sent_bytes': 40067, 'net_recv_bytes': 60240, 'gpu_mem_used_mb': 38967.0, 'gpu_load': 0.0, 'client_rank': 1, 'round': 25, 'timestamp': '2025-08-18 11:55:00', 'participated': 1, 'data_size': 4923, 'data_variance': 0.06380366533994675, 'local_loss': 0.41850438714027405, 'local_accuracy': 86.20759844779968, 'tn': -679, 'fp': 679, 'fn': 679, 'tp': 4244, 'precision': 0.8688436142484124, 'recall': 0.8618585851053403, 'f1': 0.8623887703008309}
Received system metrics from client 2: {'cpu_time': 58.46999999880791, 'ram_used_mb': 7590.588416, 'net_sent_bytes': 46028, 'net_recv_bytes': 62282, 'gpu_mem_used_mb': 38967.0, 'gpu_load': 0.0, 'client_rank': 2, 'round': 25, 'timestamp': '2025-08-18 11:55:01', 'participated': 1, 'data_size': 14087, 'data_variance': 0.0633707344532013, 'local_loss': 0.5250058770179749, 'local_accuracy': 81.74912929534912, 'tn': -2572, 'fp': 2572, 'fn': 2572, 'tp': 11515, 'precision': 0.8236624000523387, 'recall': 0.8168490617729445, 'f1': 0.8154377084469203}
Received system metrics from client 3: {'cpu_time': 42.43000000342727, 'ram_used_mb': 7208.525824, 'net_sent_bytes': 89079, 'net_recv_bytes': 64226, 'gpu_mem_used_mb': 38967.0, 'gpu_load': 0.0, 'client_rank': 3, 'round': 25, 'timestamp': '2025-08-18 11:54:59', 'participated': 1, 'data_size': 590, 'data_variance': 0.06486573070287704, 'local_loss': 0.30936136841773987, 'local_accuracy': 90.50847291946411, 'tn': -56, 'fp': 56, 'fn': 56, 'tp': 534, 'precision': 0.9061963615088615, 'recall': 0.9047250785419481, 'f1': 0.904356299436501}
Received system metrics from client 4: {'cpu_time': 26.69999999552965, 'ram_used_mb': 7925.02272, 'net_sent_bytes': 599, 'net_recv_bytes': 41662, 'gpu_mem_used_mb': 38967.0, 'gpu_load': 0.0, 'client_rank': 4, 'round': 25, 'timestamp': '2025-08-18 11:55:00', 'participated': 1, 'data_size': 8420, 'data_variance': 0.06345649808645248, 'local_loss': 0.45889395475387573, 'local_accuracy': 84.47743654251099, 'tn': -1307, 'fp': 1307, 'fn': 1307, 'tp': 7113, 'precision': 0.8481547666675576, 'recall': 0.8448462843094939, 'f1': 0.8438396332265761}
Received system metrics from client 5: {'cpu_time': 100.1600000038743, 'ram_used_mb': 8152.150016, 'net_sent_bytes': 4805, 'net_recv_bytes': 46810, 'gpu_mem_used_mb': 38967.0, 'gpu_load': 0.0, 'client_rank': 5, 'round': 25, 'timestamp': '2025-08-18 11:55:01', 'participated': 1, 'data_size': 10256, 'data_variance': 0.06330867111682892, 'local_loss': 0.5371719002723694, 'local_accuracy': 81.21100068092346, 'tn': -1927, 'fp': 1927, 'fn': 1927, 'tp': 8329, 'precision': 0.8218007941541948, 'recall': 0.8121976805410057, 'f1': 0.8125080375866517}
Received system metrics from client 6: {'cpu_time': 53.53999999910593, 'ram_used_mb': 7385.161728, 'net_sent_bytes': 154423, 'net_recv_bytes': 126406, 'gpu_mem_used_mb': 38967.0, 'gpu_load': 0.0, 'client_rank': 6, 'round': 25, 'timestamp': '2025-08-18 11:55:00', 'participated': 1, 'data_size': 1456, 'data_variance': 0.061793986707925797, 'local_loss': 0.37269335985183716, 'local_accuracy': 88.04945349693298, 'tn': -174, 'fp': 174, 'fn': 174, 'tp': 1282, 'precision': 0.8842960615403779, 'recall': 0.8801319155029624, 'f1': 0.8803455765586916}
Received system metrics from client 7: {'cpu_time': 33.08999999985099, 'ram_used_mb': 7557.9392, 'net_sent_bytes': 856, 'net_recv_bytes': 41546, 'gpu_mem_used_mb': 38967.0, 'gpu_load': 0.0, 'client_rank': 7, 'round': 25, 'timestamp': '2025-08-18 11:55:00', 'participated': 1, 'data_size': 4502, 'data_variance': 0.06294825673103333, 'local_loss': 0.41097408533096313, 'local_accuracy': 86.45046353340149, 'tn': -609, 'fp': 609, 'fn': 609, 'tp': 3893, 'precision': 0.8637188335387471, 'recall': 0.864578682177522, 'f1': 0.8627417381284473}
Received system metrics from client 8: {'cpu_time': 124.20999999996275, 'ram_used_mb': 7268.876288, 'net_sent_bytes': 56398, 'net_recv_bytes': 65613, 'gpu_mem_used_mb': 38967.0, 'gpu_load': 0.01, 'client_rank': 8, 'round': 25, 'timestamp': '2025-08-18 11:54:59', 'participated': 1, 'data_size': 1044, 'data_variance': 0.06484082341194153, 'local_loss': 0.332198828458786, 'local_accuracy': 90.22988677024841, 'tn': -102, 'fp': 102, 'fn': 102, 'tp': 942, 'precision': 0.9060341712160651, 'recall': 0.902654262199176, 'f1': 0.9025648122161364}
Received system metrics from client 9: {'cpu_time': 43.42999999970198, 'ram_used_mb': 7519.285248, 'net_sent_bytes': 56429, 'net_recv_bytes': 93727, 'gpu_mem_used_mb': 38967.0, 'gpu_load': 0.0, 'client_rank': 9, 'round': 25, 'timestamp': '2025-08-18 11:55:00', 'participated': 1, 'data_size': 4597, 'data_variance': 0.062255386263132095, 'local_loss': 0.6100155711174011, 'local_accuracy': 78.61648797988892, 'tn': -983, 'fp': 983, 'fn': 983, 'tp': 3614, 'precision': 0.8046118849291478, 'recall': 0.7858322479480964, 'f1': 0.7844964177127106}
Received system metrics from client 10: {'cpu_time': 60.32000000029802, 'ram_used_mb': 6994.395136, 'net_sent_bytes': 92424, 'net_recv_bytes': 113715, 'gpu_mem_used_mb': 38967.0, 'gpu_load': 0.0, 'client_rank': 10, 'round': 25, 'timestamp': '2025-08-18 11:55:00', 'participated': 1, 'data_size': 124, 'data_variance': 0.06624379754066467, 'local_loss': 0.2678813338279724, 'local_accuracy': 91.12903475761414, 'tn': -11, 'fp': 11, 'fn': 11, 'tp': 113, 'precision': 0.9015262515262515, 'recall': 0.9064935064935064, 'f1': 0.896217381971946}
[selector] ERROR at round 25: can only concatenate list (not "dict") to list
[selector] Round 25: participants used in averaging = 10/10
Averaging model weights...
Evaluating updated global model on test set...
    [Client 1] Round 26 - Waiting for global weights...
    [Client 7] Round 26 - Waiting for global weights...
    [Client 3] Round 26 - Waiting for global weights...
    [Client 2] Round 26 - Waiting for global weights...
    [Client 4] Round 26 - Waiting for global weights...
    [Client 8] Round 26 - Waiting for global weights...
    [Client 10] Round 26 - Waiting for global weights...
    [Client 6] Round 26 - Waiting for global weights...
    [Client 9] Round 26 - Waiting for global weights...
    [Client 5] Round 26 - Waiting for global weights...
Round 25 Evaluation - Accuracy: 0.8020, Loss: 0.5713

===== Round 26 =====
Broadcasting global model to all clients...
Waiting for model weights from client 1...
    [Client 9] Round 26 - Training on local data...
    [Client 4] Round 26 - Training on local data...
    [Client 1] Round 26 - Training on local data...
    [Client 8] Round 26 - Training on local data...
    [Client 7] Round 26 - Training on local data...
    [Client 6] Round 26 - Training on local data...
    [Client 3] Round 26 - Training on local data...
    [Client 10] Round 26 - Training on local data...
    [Client 2] Round 26 - Training on local data...
    [Client 5] Round 26 - Training on local data...
    [Client 10] Round 26 - Sending updated weights to server...
    [Client 8] Round 26 - Sending updated weights to server...
    [Client 6] Round 26 - Sending updated weights to server...
    [Client 7] Round 26 - Sending updated weights to server...
    [Client 1] Round 26 - Sending updated weights to server...
Received weights from client 1
Waiting for model weights from client 2...
    [Client 4] Round 26 - Sending updated weights to server...
    [Client 2] Round 26 - Sending updated weights to server...
Received weights from client 2
Waiting for model weights from client 3...
    [Client 3] Round 26 - Sending updated weights to server...
Received weights from client 3
Waiting for model weights from client 4...
Received weights from client 4
Waiting for model weights from client 5...
    [Client 5] Round 26 - Sending updated weights to server...
Received weights from client 5
Waiting for model weights from client 6...
Received weights from client 6
Waiting for model weights from client 7...
Received weights from client 7
Waiting for model weights from client 8...
Received weights from client 8
Waiting for model weights from client 9...
    [Client 9] Round 26 - Sending updated weights to server...
Received weights from client 9
Waiting for model weights from client 10...
Received weights from client 10
Received system metrics from client 1: {'cpu_time': 34.52999999932945, 'ram_used_mb': 7767.076864, 'net_sent_bytes': 34029, 'net_recv_bytes': 36533, 'gpu_mem_used_mb': 38969.0, 'gpu_load': 0.0, 'client_rank': 1, 'round': 26, 'timestamp': '2025-08-18 11:56:38', 'participated': 1, 'data_size': 4923, 'data_variance': 0.06380366533994675, 'local_loss': 0.4630894958972931, 'local_accuracy': 84.11537408828735, 'tn': -782, 'fp': 782, 'fn': 782, 'tp': 4141, 'precision': 0.85575889843631, 'recall': 0.8412031575355063, 'f1': 0.8439630568429187}
Received system metrics from client 2: {'cpu_time': 57.62999999895692, 'ram_used_mb': 7840.210944, 'net_sent_bytes': 3461, 'net_recv_bytes': 36555, 'gpu_mem_used_mb': 38969.0, 'gpu_load': 0.0, 'client_rank': 2, 'round': 26, 'timestamp': '2025-08-18 11:56:39', 'participated': 1, 'data_size': 14087, 'data_variance': 0.0633707344532013, 'local_loss': 0.5419794917106628, 'local_accuracy': 80.97536563873291, 'tn': -2677, 'fp': 2677, 'fn': 2677, 'tp': 11410, 'precision': 0.8238871264326061, 'recall': 0.810077092481062, 'f1': 0.8106305735143268}
Received system metrics from client 3: {'cpu_time': 41.190000001341105, 'ram_used_mb': 7411.785728, 'net_sent_bytes': 1916, 'net_recv_bytes': 31998, 'gpu_mem_used_mb': 38969.0, 'gpu_load': 0.0, 'client_rank': 3, 'round': 26, 'timestamp': '2025-08-18 11:56:38', 'participated': 1, 'data_size': 590, 'data_variance': 0.06486573070287704, 'local_loss': 0.29166796803474426, 'local_accuracy': 91.52542352676392, 'tn': -50, 'fp': 50, 'fn': 50, 'tp': 540, 'precision': 0.9209576584774485, 'recall': 0.9148484581727168, 'f1': 0.9147465847681235}
Received system metrics from client 4: {'cpu_time': 27.679999999701977, 'ram_used_mb': 8179.22048, 'net_sent_bytes': 100335, 'net_recv_bytes': 82996, 'gpu_mem_used_mb': 38967.0, 'gpu_load': 0.0, 'client_rank': 4, 'round': 26, 'timestamp': '2025-08-18 11:56:38', 'participated': 1, 'data_size': 8420, 'data_variance': 0.06345649808645248, 'local_loss': 0.4903242588043213, 'local_accuracy': 83.56294631958008, 'tn': -1384, 'fp': 1384, 'fn': 1384, 'tp': 7036, 'precision': 0.8367972742307449, 'recall': 0.8356542421256081, 'f1': 0.8342369426123725}
Received system metrics from client 5: {'cpu_time': 105.82000000029802, 'ram_used_mb': 8426.283008, 'net_sent_bytes': 59959, 'net_recv_bytes': 61481, 'gpu_mem_used_mb': 38969.0, 'gpu_load': 0.01, 'client_rank': 5, 'round': 26, 'timestamp': '2025-08-18 11:56:40', 'participated': 1, 'data_size': 10256, 'data_variance': 0.06330867111682892, 'local_loss': 0.5377047061920166, 'local_accuracy': 81.24024868011475, 'tn': -1924, 'fp': 1924, 'fn': 1924, 'tp': 8332, 'precision': 0.8195864459447082, 'recall': 0.8129983624836395, 'f1': 0.8107650275431911}
Received system metrics from client 6: {'cpu_time': 43.70000000298023, 'ram_used_mb': 7590.084608, 'net_sent_bytes': 92134, 'net_recv_bytes': 93381, 'gpu_mem_used_mb': 38969.0, 'gpu_load': 0.0, 'client_rank': 6, 'round': 26, 'timestamp': '2025-08-18 11:56:38', 'participated': 1, 'data_size': 1456, 'data_variance': 0.061793986707925797, 'local_loss': 0.34835919737815857, 'local_accuracy': 89.6291196346283, 'tn': -151, 'fp': 151, 'fn': 151, 'tp': 1305, 'precision': 0.9019653325941295, 'recall': 0.8953362111348829, 'f1': 0.8970042313980237}
Received system metrics from client 7: {'cpu_time': 33.790000000968575, 'ram_used_mb': 7818.366976, 'net_sent_bytes': 76360, 'net_recv_bytes': 61904, 'gpu_mem_used_mb': 38969.0, 'gpu_load': 0.0, 'client_rank': 7, 'round': 26, 'timestamp': '2025-08-18 11:56:38', 'participated': 1, 'data_size': 4502, 'data_variance': 0.06294825673103333, 'local_loss': 0.4425656497478485, 'local_accuracy': 84.07374620437622, 'tn': -717, 'fp': 717, 'fn': 717, 'tp': 3785, 'precision': 0.8485620495220649, 'recall': 0.8389636194487619, 'f1': 0.8400883869791247}
Received system metrics from client 8: {'cpu_time': 123.89000000013039, 'ram_used_mb': 7475.982336, 'net_sent_bytes': 1120, 'net_recv_bytes': 35448, 'gpu_mem_used_mb': 38969.0, 'gpu_load': 0.0, 'client_rank': 8, 'round': 26, 'timestamp': '2025-08-18 11:56:38', 'participated': 1, 'data_size': 1044, 'data_variance': 0.06484082341194153, 'local_loss': 0.33634138107299805, 'local_accuracy': 89.75095748901367, 'tn': -107, 'fp': 107, 'fn': 107, 'tp': 937, 'precision': 0.898471946605758, 'recall': 0.8974437129305419, 'f1': 0.8969429589587623}
Received system metrics from client 9: {'cpu_time': 43.90999999642372, 'ram_used_mb': 7793.250304, 'net_sent_bytes': 59843, 'net_recv_bytes': 89442, 'gpu_mem_used_mb': 38969.0, 'gpu_load': 0.0, 'client_rank': 9, 'round': 26, 'timestamp': '2025-08-18 11:56:38', 'participated': 1, 'data_size': 4597, 'data_variance': 0.062255386263132095, 'local_loss': 0.4404551386833191, 'local_accuracy': 84.70741510391235, 'tn': -703, 'fp': 703, 'fn': 703, 'tp': 3894, 'precision': 0.8538189550349953, 'recall': 0.8481313561792618, 'f1': 0.8465420965596359}
Received system metrics from client 10: {'cpu_time': 66.82000000029802, 'ram_used_mb': 7204.171776, 'net_sent_bytes': 95811, 'net_recv_bytes': 99771, 'gpu_mem_used_mb': 38967.0, 'gpu_load': 0.0, 'client_rank': 10, 'round': 26, 'timestamp': '2025-08-18 11:56:38', 'participated': 1, 'data_size': 124, 'data_variance': 0.06624379754066467, 'local_loss': 0.29345715045928955, 'local_accuracy': 89.51612710952759, 'tn': -13, 'fp': 13, 'fn': 13, 'tp': 111, 'precision': 0.8972766122766123, 'recall': 0.897056277056277, 'f1': 0.8876345854581149}
[selector] ERROR at round 26: can only concatenate list (not "dict") to list
[selector] Round 26: participants used in averaging = 10/10
Averaging model weights...
Evaluating updated global model on test set...
    [Client 7] Round 27 - Waiting for global weights...
    [Client 3] Round 27 - Waiting for global weights...
    [Client 1] Round 27 - Waiting for global weights...
    [Client 2] Round 27 - Waiting for global weights...
    [Client 4] Round 27 - Waiting for global weights...
    [Client 8] Round 27 - Waiting for global weights...
    [Client 6] Round 27 - Waiting for global weights...
    [Client 10] Round 27 - Waiting for global weights...
    [Client 9] Round 27 - Waiting for global weights...
    [Client 5] Round 27 - Waiting for global weights...
Round 26 Evaluation - Accuracy: 0.8062, Loss: 0.5587

===== Round 27 =====
Broadcasting global model to all clients...
Waiting for model weights from client 1...
    [Client 4] Round 27 - Training on local data...
    [Client 1] Round 27 - Training on local data...
    [Client 9] Round 27 - Training on local data...
    [Client 7] Round 27 - Training on local data...
    [Client 8] Round 27 - Training on local data...
    [Client 2] Round 27 - Training on local data...
    [Client 6] Round 27 - Training on local data...
    [Client 10] Round 27 - Training on local data...
    [Client 5] Round 27 - Training on local data...
    [Client 3] Round 27 - Training on local data...
    [Client 5] Round 27 - Sending updated weights to server...
    [Client 6] Round 27 - Sending updated weights to server...
    [Client 1] Round 27 - Sending updated weights to server...
Received weights from client 1
Waiting for model weights from client 2...
    [Client 3] Round 27 - Sending updated weights to server...
    [Client 2] Round 27 - Sending updated weights to server...
Received weights from client 2
Waiting for model weights from client 3...
Received weights from client 3
Waiting for model weights from client 4...
    [Client 8] Round 27 - Sending updated weights to server...
    [Client 7] Round 27 - Sending updated weights to server...
    [Client 9] Round 27 - Sending updated weights to server...
    [Client 4] Round 27 - Sending updated weights to server...
Received weights from client 4
Waiting for model weights from client 5...
Received weights from client 5
Waiting for model weights from client 6...
Received weights from client 6
Waiting for model weights from client 7...
Received weights from client 7
Waiting for model weights from client 8...
Received weights from client 8
Waiting for model weights from client 9...
Received weights from client 9
Waiting for model weights from client 10...
    [Client 10] Round 27 - Sending updated weights to server...
Received weights from client 10
Received system metrics from client 1: {'cpu_time': 34.94000000040978, 'ram_used_mb': 8016.023552, 'net_sent_bytes': 44454, 'net_recv_bytes': 39135, 'gpu_mem_used_mb': 38969.0, 'gpu_load': 0.0, 'client_rank': 1, 'round': 27, 'timestamp': '2025-08-18 11:57:13', 'participated': 1, 'data_size': 4923, 'data_variance': 0.06380366533994675, 'local_loss': 0.35581958293914795, 'local_accuracy': 88.11700344085693, 'tn': -585, 'fp': 585, 'fn': 585, 'tp': 4338, 'precision': 0.8896701943506466, 'recall': 0.8816182101887584, 'f1': 0.8828595117023286}
Received system metrics from client 2: {'cpu_time': 49.82999999821186, 'ram_used_mb': 8026.935296, 'net_sent_bytes': 15626, 'net_recv_bytes': 43077, 'gpu_mem_used_mb': 38969.0, 'gpu_load': 0.0, 'client_rank': 2, 'round': 27, 'timestamp': '2025-08-18 11:57:13', 'participated': 1, 'data_size': 14087, 'data_variance': 0.0633707344532013, 'local_loss': 0.6091580390930176, 'local_accuracy': 78.50500345230103, 'tn': -3029, 'fp': 3029, 'fn': 3029, 'tp': 11058, 'precision': 0.8110051796815428, 'recall': 0.7856864604031057, 'f1': 0.7885463493952362}
Received system metrics from client 3: {'cpu_time': 33.80000000074506, 'ram_used_mb': 7632.072704, 'net_sent_bytes': 41317, 'net_recv_bytes': 46785, 'gpu_mem_used_mb': 38971.0, 'gpu_load': 0.0, 'client_rank': 3, 'round': 27, 'timestamp': '2025-08-18 11:57:12', 'participated': 1, 'data_size': 590, 'data_variance': 0.06486573070287704, 'local_loss': 0.3627556264400482, 'local_accuracy': 87.96610236167908, 'tn': -70, 'fp': 70, 'fn': 70, 'tp': 520, 'precision': 0.8964990898770464, 'recall': 0.8780656408975533, 'f1': 0.8826382384846718}
Received system metrics from client 4: {'cpu_time': 26.890000000596046, 'ram_used_mb': 8453.46816, 'net_sent_bytes': 72916, 'net_recv_bytes': 44375, 'gpu_mem_used_mb': 38969.0, 'gpu_load': 0.0, 'client_rank': 4, 'round': 27, 'timestamp': '2025-08-18 11:57:13', 'participated': 1, 'data_size': 8420, 'data_variance': 0.06345649808645248, 'local_loss': 0.5277559757232666, 'local_accuracy': 81.79334998130798, 'tn': -1532, 'fp': 1532, 'fn': 1532, 'tp': 6888, 'precision': 0.8314308595094806, 'recall': 0.8176390209034456, 'f1': 0.8179070737563207}
Received system metrics from client 5: {'cpu_time': 105.27000000327826, 'ram_used_mb': 8651.792384, 'net_sent_bytes': 99735, 'net_recv_bytes': 63283, 'gpu_mem_used_mb': 38971.0, 'gpu_load': 0.0, 'client_rank': 5, 'round': 27, 'timestamp': '2025-08-18 11:57:14', 'participated': 1, 'data_size': 10256, 'data_variance': 0.06330867111682892, 'local_loss': 0.447378545999527, 'local_accuracy': 84.38962697982788, 'tn': -1601, 'fp': 1601, 'fn': 1601, 'tp': 8655, 'precision': 0.8486482510013598, 'recall': 0.8443059106129247, 'f1': 0.8440904371405683}
Received system metrics from client 6: {'cpu_time': 44.59000000357628, 'ram_used_mb': 7846.395904, 'net_sent_bytes': 59039, 'net_recv_bytes': 91776, 'gpu_mem_used_mb': 38971.0, 'gpu_load': 0.0, 'client_rank': 6, 'round': 27, 'timestamp': '2025-08-18 11:57:12', 'participated': 1, 'data_size': 1456, 'data_variance': 0.061793986707925797, 'local_loss': 0.3575595021247864, 'local_accuracy': 88.5302186012268, 'tn': -167, 'fp': 167, 'fn': 167, 'tp': 1289, 'precision': 0.8929473978646586, 'recall': 0.8841927453177301, 'f1': 0.885103624154777}
Received system metrics from client 7: {'cpu_time': 33.67000000178814, 'ram_used_mb': 8065.159168, 'net_sent_bytes': 23366, 'net_recv_bytes': 34934, 'gpu_mem_used_mb': 38969.0, 'gpu_load': 0.0, 'client_rank': 7, 'round': 27, 'timestamp': '2025-08-18 11:57:12', 'participated': 1, 'data_size': 4502, 'data_variance': 0.06294825673103333, 'local_loss': 0.4251936078071594, 'local_accuracy': 85.82851886749268, 'tn': -638, 'fp': 638, 'fn': 638, 'tp': 3864, 'precision': 0.8627018600353387, 'recall': 0.8566149159219393, 'f1': 0.8562105914372402}
Received system metrics from client 8: {'cpu_time': 129.06999999983236, 'ram_used_mb': 7722.287104, 'net_sent_bytes': 40601, 'net_recv_bytes': 43303, 'gpu_mem_used_mb': 38969.0, 'gpu_load': 0.0, 'client_rank': 8, 'round': 27, 'timestamp': '2025-08-18 11:57:12', 'participated': 1, 'data_size': 1044, 'data_variance': 0.06484082341194153, 'local_loss': 0.35921886563301086, 'local_accuracy': 88.88888955116272, 'tn': -116, 'fp': 116, 'fn': 116, 'tp': 928, 'precision': 0.8947837818048054, 'recall': 0.8857908088097377, 'f1': 0.8871804532212393}
Received system metrics from client 9: {'cpu_time': 43.649999998509884, 'ram_used_mb': 8030.060544, 'net_sent_bytes': 61850, 'net_recv_bytes': 92887, 'gpu_mem_used_mb': 38969.0, 'gpu_load': 0.0, 'client_rank': 9, 'round': 27, 'timestamp': '2025-08-18 11:57:12', 'participated': 1, 'data_size': 4597, 'data_variance': 0.062255386263132095, 'local_loss': 0.4935043752193451, 'local_accuracy': 82.74961709976196, 'tn': -793, 'fp': 793, 'fn': 793, 'tp': 3804, 'precision': 0.8393628993412999, 'recall': 0.8269083144534776, 'f1': 0.8233687199440161}
Received system metrics from client 10: {'cpu_time': 52.40999999642372, 'ram_used_mb': 7408.525312, 'net_sent_bytes': 68582, 'net_recv_bytes': 93406, 'gpu_mem_used_mb': 38969.0, 'gpu_load': 0.01, 'client_rank': 10, 'round': 27, 'timestamp': '2025-08-18 11:57:12', 'participated': 1, 'data_size': 124, 'data_variance': 0.06624379754066467, 'local_loss': 0.2644363343715668, 'local_accuracy': 89.51612710952759, 'tn': -13, 'fp': 13, 'fn': 13, 'tp': 111, 'precision': 0.8862297059665479, 'recall': 0.897965367965368, 'f1': 0.8868714579767213}
[selector] ERROR at round 27: can only concatenate list (not "dict") to list
[selector] Round 27: participants used in averaging = 10/10
Averaging model weights...
Evaluating updated global model on test set...
    [Client 1] Round 28 - Waiting for global weights...
    [Client 2] Round 28 - Waiting for global weights...
    [Client 4] Round 28 - Waiting for global weights...
    [Client 8] Round 28 - Waiting for global weights...
    [Client 3] Round 28 - Waiting for global weights...
    [Client 7] Round 28 - Waiting for global weights...
    [Client 10] Round 28 - Waiting for global weights...
    [Client 6] Round 28 - Waiting for global weights...
    [Client 9] Round 28 - Waiting for global weights...
    [Client 5] Round 28 - Waiting for global weights...
Round 27 Evaluation - Accuracy: 0.8124, Loss: 0.5469

===== Round 28 =====
Broadcasting global model to all clients...
Waiting for model weights from client 1...
    [Client 9] Round 28 - Training on local data...
    [Client 8] Round 28 - Training on local data...
    [Client 10] Round 28 - Training on local data...
    [Client 4] Round 28 - Training on local data...
    [Client 3] Round 28 - Training on local data...
    [Client 1] Round 28 - Training on local data...
    [Client 7] Round 28 - Training on local data...
    [Client 2] Round 28 - Training on local data...
    [Client 6] Round 28 - Training on local data...
    [Client 5] Round 28 - Training on local data...
    [Client 10] Round 28 - Sending updated weights to server...
    [Client 7] Round 28 - Sending updated weights to server...
    [Client 9] Round 28 - Sending updated weights to server...
    [Client 1] Round 28 - Sending updated weights to server...
Received weights from client 1
Waiting for model weights from client 2...
    [Client 6] Round 28 - Sending updated weights to server...
    [Client 8] Round 28 - Sending updated weights to server...
    [Client 3] Round 28 - Sending updated weights to server...
    [Client 2] Round 28 - Sending updated weights to server...
Received weights from client 2
Waiting for model weights from client 3...
Received weights from client 3
Waiting for model weights from client 4...
    [Client 4] Round 28 - Sending updated weights to server...
Received weights from client 4
Waiting for model weights from client 5...
    [Client 5] Round 28 - Sending updated weights to server...
Received weights from client 5
Waiting for model weights from client 6...
Received weights from client 6
Waiting for model weights from client 7...
Received weights from client 7
Waiting for model weights from client 8...
Received weights from client 8
Waiting for model weights from client 9...
Received weights from client 9
Waiting for model weights from client 10...
Received weights from client 10
Received system metrics from client 1: {'cpu_time': 33.71999999973923, 'ram_used_mb': 8233.263104, 'net_sent_bytes': 1029, 'net_recv_bytes': 33821, 'gpu_mem_used_mb': 38971.0, 'gpu_load': 0.0, 'client_rank': 1, 'round': 28, 'timestamp': '2025-08-18 11:58:20', 'participated': 1, 'data_size': 4923, 'data_variance': 0.06380366533994675, 'local_loss': 0.32642003893852234, 'local_accuracy': 89.41702246665955, 'tn': -522, 'fp': 522, 'fn': 522, 'tp': 4401, 'precision': 0.8968776132522709, 'recall': 0.8940925746204119, 'f1': 0.8946405399602361}
Received system metrics from client 2: {'cpu_time': 56.149999998509884, 'ram_used_mb': 8248.737792, 'net_sent_bytes': 59650, 'net_recv_bytes': 38032, 'gpu_mem_used_mb': 38971.0, 'gpu_load': 0.0, 'client_rank': 2, 'round': 28, 'timestamp': '2025-08-18 11:58:21', 'participated': 1, 'data_size': 14087, 'data_variance': 0.0633707344532013, 'local_loss': 0.4893384277820587, 'local_accuracy': 83.0765962600708, 'tn': -2383, 'fp': 2383, 'fn': 2383, 'tp': 11704, 'precision': 0.8362831442769721, 'recall': 0.8308963592171053, 'f1': 0.8305142775717602}
Received system metrics from client 3: {'cpu_time': 40.69999999925494, 'ram_used_mb': 7867.142144, 'net_sent_bytes': 1403, 'net_recv_bytes': 30117, 'gpu_mem_used_mb': 38971.0, 'gpu_load': 0.0, 'client_rank': 3, 'round': 28, 'timestamp': '2025-08-18 11:58:19', 'participated': 1, 'data_size': 590, 'data_variance': 0.06486573070287704, 'local_loss': 0.29720339179039, 'local_accuracy': 91.01694822311401, 'tn': -53, 'fp': 53, 'fn': 53, 'tp': 537, 'precision': 0.915462168002381, 'recall': 0.9081380647631505, 'f1': 0.9089161135824249}
Received system metrics from client 4: {'cpu_time': 26.859999999403954, 'ram_used_mb': 8663.18336, 'net_sent_bytes': 3511, 'net_recv_bytes': 34759, 'gpu_mem_used_mb': 38969.0, 'gpu_load': 0.0, 'client_rank': 4, 'round': 28, 'timestamp': '2025-08-18 11:58:20', 'participated': 1, 'data_size': 8420, 'data_variance': 0.06345649808645248, 'local_loss': 0.4470282793045044, 'local_accuracy': 83.84798169136047, 'tn': -1360, 'fp': 1360, 'fn': 1360, 'tp': 7060, 'precision': 0.8405304418489596, 'recall': 0.8388408572794995, 'f1': 0.8381170173116204}
Received system metrics from client 5: {'cpu_time': 117.75, 'ram_used_mb': 8741.363712, 'net_sent_bytes': 87601, 'net_recv_bytes': 54007, 'gpu_mem_used_mb': 38971.0, 'gpu_load': 0.0, 'client_rank': 5, 'round': 28, 'timestamp': '2025-08-18 11:58:22', 'participated': 1, 'data_size': 10256, 'data_variance': 0.06330867111682892, 'local_loss': 0.43999025225639343, 'local_accuracy': 84.72113609313965, 'tn': -1567, 'fp': 1567, 'fn': 1567, 'tp': 8689, 'precision': 0.8505285559886537, 'recall': 0.8470135211606756, 'f1': 0.8468925997550235}
Received system metrics from client 6: {'cpu_time': 44.599999997764826, 'ram_used_mb': 8033.554432, 'net_sent_bytes': 92977, 'net_recv_bytes': 105925, 'gpu_mem_used_mb': 38971.0, 'gpu_load': 0.0, 'client_rank': 6, 'round': 28, 'timestamp': '2025-08-18 11:58:20', 'participated': 1, 'data_size': 1456, 'data_variance': 0.061793986707925797, 'local_loss': 0.4028579294681549, 'local_accuracy': 86.12637519836426, 'tn': -202, 'fp': 202, 'fn': 202, 'tp': 1254, 'precision': 0.8704771094306227, 'recall': 0.8635077887786119, 'f1': 0.8626295117278687}
Received system metrics from client 7: {'cpu_time': 33.14000000059605, 'ram_used_mb': 8288.284672, 'net_sent_bytes': 32637, 'net_recv_bytes': 29740, 'gpu_mem_used_mb': 38971.0, 'gpu_load': 0.0, 'client_rank': 7, 'round': 28, 'timestamp': '2025-08-18 11:58:20', 'participated': 1, 'data_size': 4502, 'data_variance': 0.06294825673103333, 'local_loss': 0.44710493087768555, 'local_accuracy': 84.80675220489502, 'tn': -684, 'fp': 684, 'fn': 684, 'tp': 3818, 'precision': 0.8522636072407437, 'recall': 0.8476901599461513, 'f1': 0.8462445481065115}
Received system metrics from client 8: {'cpu_time': 124.54000000003725, 'ram_used_mb': 7946.592256, 'net_sent_bytes': 32682, 'net_recv_bytes': 34026, 'gpu_mem_used_mb': 38971.0, 'gpu_load': 0.0, 'client_rank': 8, 'round': 28, 'timestamp': '2025-08-18 11:58:19', 'participated': 1, 'data_size': 1044, 'data_variance': 0.06484082341194153, 'local_loss': 0.35936447978019714, 'local_accuracy': 88.79310488700867, 'tn': -117, 'fp': 117, 'fn': 117, 'tp': 927, 'precision': 0.894700146370254, 'recall': 0.8910489790009354, 'f1': 0.8887156321770515}
Received system metrics from client 9: {'cpu_time': 43.70000000298023, 'ram_used_mb': 8258.215936, 'net_sent_bytes': 140778, 'net_recv_bytes': 106199, 'gpu_mem_used_mb': 38971.0, 'gpu_load': 0.0, 'client_rank': 9, 'round': 28, 'timestamp': '2025-08-18 11:58:20', 'participated': 1, 'data_size': 4597, 'data_variance': 0.062255386263132095, 'local_loss': 0.35415104031562805, 'local_accuracy': 88.18795084953308, 'tn': -543, 'fp': 543, 'fn': 543, 'tp': 4054, 'precision': 0.882098068052531, 'recall': 0.8826068565536935, 'f1': 0.8807961171191868}
Received system metrics from client 10: {'cpu_time': 61.89000000059605, 'ram_used_mb': 7589.859328, 'net_sent_bytes': 57060, 'net_recv_bytes': 89378, 'gpu_mem_used_mb': 38969.0, 'gpu_load': 0.0, 'client_rank': 10, 'round': 28, 'timestamp': '2025-08-18 11:58:19', 'participated': 1, 'data_size': 124, 'data_variance': 0.06624379754066467, 'local_loss': 0.21696074306964874, 'local_accuracy': 94.35483813285828, 'tn': -7, 'fp': 7, 'fn': 7, 'tp': 117, 'precision': 0.9381734931734933, 'recall': 0.9413419913419915, 'f1': 0.9376298998907695}
[selector] ERROR at round 28: can only concatenate list (not "dict") to list
[selector] Round 28: participants used in averaging = 10/10
Averaging model weights...
Evaluating updated global model on test set...
    [Client 1] Round 29 - Waiting for global weights...
    [Client 2] Round 29 - Waiting for global weights...
    [Client 4] Round 29 - Waiting for global weights...
    [Client 3] Round 29 - Waiting for global weights...
    [Client 5] Round 29 - Waiting for global weights...
    [Client 8] Round 29 - Waiting for global weights...
Round 28 Evaluation - Accuracy: 0.8113, Loss: 0.5460

===== Round 29 =====
Broadcasting global model to all clients...
    [Client 3] Round 29 - Training on local data...
    [Client 4] Round 29 - Training on local data...
    [Client 1] Round 29 - Training on local data...
    [Client 5] Round 29 - Training on local data...
    [Client 2] Round 29 - Training on local data...
    [Client 8] Round 29 - Training on local data...
    [Client 9] Round 29 - Waiting for global weights...
    [Client 10] Round 29 - Waiting for global weights...
    [Client 6] Round 29 - Waiting for global weights...
    [Client 9] Round 29 - Training on local data...
    [Client 10] Round 29 - Training on local data...
    [Client 6] Round 29 - Training on local data...
    [Client 7] Round 29 - Waiting for global weights...
Waiting for model weights from client 1...
    [Client 7] Round 29 - Training on local data...
    [Client 10] Round 29 - Sending updated weights to server...
    [Client 6] Round 29 - Sending updated weights to server...
    [Client 3] Round 29 - Sending updated weights to server...
    [Client 1] Round 29 - Sending updated weights to server...
Received weights from client 1
Waiting for model weights from client 2...
    [Client 4] Round 29 - Sending updated weights to server...
    [Client 2] Round 29 - Sending updated weights to server...
Received weights from client 2
Waiting for model weights from client 3...
Received weights from client 3
Waiting for model weights from client 4...
Received weights from client 4
Waiting for model weights from client 5...
    [Client 9] Round 29 - Sending updated weights to server...
    [Client 5] Round 29 - Sending updated weights to server...
Received weights from client 5
Waiting for model weights from client 6...
Received weights from client 6
Waiting for model weights from client 7...
    [Client 7] Round 29 - Sending updated weights to server...
Received weights from client 7
Waiting for model weights from client 8...
    [Client 8] Round 29 - Sending updated weights to server...
Received weights from client 8
Waiting for model weights from client 9...
Received weights from client 9
Waiting for model weights from client 10...
Received weights from client 10
Received system metrics from client 1: {'cpu_time': 38.40000000037253, 'ram_used_mb': 8279.36768, 'net_sent_bytes': 39840, 'net_recv_bytes': 56336, 'gpu_mem_used_mb': 38973.0, 'gpu_load': 0.0, 'client_rank': 1, 'round': 29, 'timestamp': '2025-08-18 12:00:30', 'participated': 1, 'data_size': 4923, 'data_variance': 0.06380366533994675, 'local_loss': 0.47198057174682617, 'local_accuracy': 83.5466206073761, 'tn': -810, 'fp': 810, 'fn': 810, 'tp': 4113, 'precision': 0.8567256102313549, 'recall': 0.835541490670162, 'f1': 0.8386160291178314}
Received system metrics from client 2: {'cpu_time': 64.59999999776483, 'ram_used_mb': 8289.787904, 'net_sent_bytes': 41076, 'net_recv_bytes': 60210, 'gpu_mem_used_mb': 38971.0, 'gpu_load': 0.0, 'client_rank': 2, 'round': 29, 'timestamp': '2025-08-18 12:00:31', 'participated': 1, 'data_size': 14087, 'data_variance': 0.0633707344532013, 'local_loss': 0.46721965074539185, 'local_accuracy': 83.73677730560303, 'tn': -2290, 'fp': 2290, 'fn': 2290, 'tp': 11797, 'precision': 0.8416706624457735, 'recall': 0.8362680101946685, 'f1': 0.8336822618773562}
Received system metrics from client 3: {'cpu_time': 46.46000000089407, 'ram_used_mb': 7893.970944, 'net_sent_bytes': 73907, 'net_recv_bytes': 59719, 'gpu_mem_used_mb': 38973.0, 'gpu_load': 0.0, 'client_rank': 3, 'round': 29, 'timestamp': '2025-08-18 12:00:30', 'participated': 1, 'data_size': 590, 'data_variance': 0.06486573070287704, 'local_loss': 0.3460741341114044, 'local_accuracy': 88.30508589744568, 'tn': -69, 'fp': 69, 'fn': 69, 'tp': 521, 'precision': 0.897592135507594, 'recall': 0.8831378808724001, 'f1': 0.883894969179614}
Received system metrics from client 4: {'cpu_time': 27.259999997913837, 'ram_used_mb': 8723.570688, 'net_sent_bytes': 48435, 'net_recv_bytes': 52481, 'gpu_mem_used_mb': 38971.0, 'gpu_load': 0.0, 'client_rank': 4, 'round': 29, 'timestamp': '2025-08-18 12:00:29', 'participated': 1, 'data_size': 8420, 'data_variance': 0.06345649808645248, 'local_loss': 0.5434662699699402, 'local_accuracy': 80.9382438659668, 'tn': -1605, 'fp': 1605, 'fn': 1605, 'tp': 6815, 'precision': 0.8329593554819341, 'recall': 0.8093099448496227, 'f1': 0.8079388965505396}
Received system metrics from client 5: {'cpu_time': 105.7800000011921, 'ram_used_mb': 8891.580416, 'net_sent_bytes': 33504, 'net_recv_bytes': 41692, 'gpu_mem_used_mb': 38973.0, 'gpu_load': 0.0, 'client_rank': 5, 'round': 29, 'timestamp': '2025-08-18 12:00:30', 'participated': 1, 'data_size': 10256, 'data_variance': 0.06330867111682892, 'local_loss': 0.5793861150741577, 'local_accuracy': 79.36817407608032, 'tn': -2117, 'fp': 2117, 'fn': 2117, 'tp': 8139, 'precision': 0.813477879243689, 'recall': 0.7932548494284033, 'f1': 0.7883959758838174}
Received system metrics from client 6: {'cpu_time': 44.46999999880791, 'ram_used_mb': 8100.909056, 'net_sent_bytes': 115199, 'net_recv_bytes': 114925, 'gpu_mem_used_mb': 38973.0, 'gpu_load': 0.0, 'client_rank': 6, 'round': 29, 'timestamp': '2025-08-18 12:00:29', 'participated': 1, 'data_size': 1456, 'data_variance': 0.061793986707925797, 'local_loss': 0.30922195315361023, 'local_accuracy': 90.5906617641449, 'tn': -137, 'fp': 137, 'fn': 137, 'tp': 1319, 'precision': 0.90718007558389, 'recall': 0.9053557088036326, 'f1': 0.9052844145150516}
Received system metrics from client 7: {'cpu_time': 33.8600000012666, 'ram_used_mb': 8337.637376, 'net_sent_bytes': 658, 'net_recv_bytes': 33734, 'gpu_mem_used_mb': 38971.0, 'gpu_load': 0.0, 'client_rank': 7, 'round': 29, 'timestamp': '2025-08-18 12:00:29', 'participated': 1, 'data_size': 4502, 'data_variance': 0.06294825673103333, 'local_loss': 0.41108646988868713, 'local_accuracy': 85.73967218399048, 'tn': -642, 'fp': 642, 'fn': 642, 'tp': 3860, 'precision': 0.8656525759895448, 'recall': 0.8577615226847977, 'f1': 0.8585476834657314}
Received system metrics from client 8: {'cpu_time': 127.22000000067055, 'ram_used_mb': 7991.296, 'net_sent_bytes': 44569, 'net_recv_bytes': 52690, 'gpu_mem_used_mb': 38973.0, 'gpu_load': 0.0, 'client_rank': 8, 'round': 29, 'timestamp': '2025-08-18 12:00:29', 'participated': 1, 'data_size': 1044, 'data_variance': 0.06484082341194153, 'local_loss': 0.30990079045295715, 'local_accuracy': 90.42145609855652, 'tn': -100, 'fp': 100, 'fn': 100, 'tp': 944, 'precision': 0.9096110470467422, 'recall': 0.9017284899482518, 'f1': 0.9044721244607817}
Received system metrics from client 9: {'cpu_time': 44.44999999552965, 'ram_used_mb': 8285.003776, 'net_sent_bytes': 59066, 'net_recv_bytes': 88368, 'gpu_mem_used_mb': 38973.0, 'gpu_load': 0.0, 'client_rank': 9, 'round': 29, 'timestamp': '2025-08-18 12:00:29', 'participated': 1, 'data_size': 4597, 'data_variance': 0.062255386263132095, 'local_loss': 0.3388972282409668, 'local_accuracy': 88.86229991912842, 'tn': -512, 'fp': 512, 'fn': 512, 'tp': 4085, 'precision': 0.8916848405137878, 'recall': 0.8891363561506633, 'f1': 0.8895317289536517}
Received system metrics from client 10: {'cpu_time': 73.90999999642372, 'ram_used_mb': 7792.10752, 'net_sent_bytes': 95397, 'net_recv_bytes': 116119, 'gpu_mem_used_mb': 38971.0, 'gpu_load': 0.0, 'client_rank': 10, 'round': 29, 'timestamp': '2025-08-18 12:00:29', 'participated': 1, 'data_size': 124, 'data_variance': 0.06624379754066467, 'local_loss': 0.19256804883480072, 'local_accuracy': 92.7419364452362, 'tn': -9, 'fp': 9, 'fn': 9, 'tp': 115, 'precision': 0.9234432234432234, 'recall': 0.9280086580086581, 'f1': 0.9221873794482491}
[selector] ERROR at round 29: can only concatenate list (not "dict") to list
[selector] Round 29: participants used in averaging = 10/10
Averaging model weights...
Evaluating updated global model on test set...
    [Client 1] Round 30 - Waiting for global weights...
    [Client 7] Round 30 - Waiting for global weights...
    [Client 3] Round 30 - Waiting for global weights...
    [Client 2] Round 30 - Waiting for global weights...
    [Client 4] Round 30 - Waiting for global weights...
    [Client 8] Round 30 - Waiting for global weights...
    [Client 6] Round 30 - Waiting for global weights...
    [Client 10] Round 30 - Waiting for global weights...
    [Client 9] Round 30 - Waiting for global weights...
    [Client 5] Round 30 - Waiting for global weights...
Round 29 Evaluation - Accuracy: 0.8125, Loss: 0.5480

===== Round 30 =====
Broadcasting global model to all clients...
Waiting for model weights from client 1...
    [Client 7] Round 30 - Training on local data...
    [Client 8] Round 30 - Training on local data...
    [Client 10] Round 30 - Training on local data...
    [Client 3] Round 30 - Training on local data...
    [Client 9] Round 30 - Training on local data...
    [Client 1] Round 30 - Training on local data...
    [Client 2] Round 30 - Training on local data...
    [Client 4] Round 30 - Training on local data...
    [Client 5] Round 30 - Training on local data...
    [Client 6] Round 30 - Training on local data...
    [Client 7] Round 30 - Sending updated weights to server...
    [Client 1] Round 30 - Sending updated weights to server...
Received weights from client 1
Waiting for model weights from client 2...
    [Client 8] Round 30 - Sending updated weights to server...
    [Client 6] Round 30 - Sending updated weights to server...
    [Client 10] Round 30 - Sending updated weights to server...
    [Client 5] Round 30 - Sending updated weights to server...
    [Client 2] Round 30 - Sending updated weights to server...
Received weights from client 2
Waiting for model weights from client 3...
    [Client 9] Round 30 - Sending updated weights to server...
    [Client 3] Round 30 - Sending updated weights to server...
Received weights from client 3
Waiting for model weights from client 4...
    [Client 4] Round 30 - Sending updated weights to server...
Received weights from client 4
Waiting for model weights from client 5...
Received weights from client 5
Waiting for model weights from client 6...
Received weights from client 6
Waiting for model weights from client 7...
Received weights from client 7
Waiting for model weights from client 8...
Received weights from client 8
Waiting for model weights from client 9...
Received weights from client 9
Waiting for model weights from client 10...
Received weights from client 10
Received system metrics from client 1: {'cpu_time': 34.47000000067055, 'ram_used_mb': 8461.869056, 'net_sent_bytes': 2573, 'net_recv_bytes': 38102, 'gpu_mem_used_mb': 38973.0, 'gpu_load': 0.0, 'client_rank': 1, 'round': 30, 'timestamp': '2025-08-18 12:00:51', 'participated': 1, 'data_size': 4923, 'data_variance': 0.06380366533994675, 'local_loss': 0.33368152379989624, 'local_accuracy': 88.78732323646545, 'tn': -552, 'fp': 552, 'fn': 552, 'tp': 4371, 'precision': 0.8934848349347192, 'recall': 0.8879809707760492, 'f1': 0.8889269562997117}
Received system metrics from client 2: {'cpu_time': 58.850000001490116, 'ram_used_mb': 8491.122688, 'net_sent_bytes': 62410, 'net_recv_bytes': 70718, 'gpu_mem_used_mb': 38973.0, 'gpu_load': 0.0, 'client_rank': 2, 'round': 30, 'timestamp': '2025-08-18 12:00:52', 'participated': 1, 'data_size': 14087, 'data_variance': 0.0633707344532013, 'local_loss': 0.648399293422699, 'local_accuracy': 77.92291045188904, 'tn': -3109, 'fp': 3109, 'fn': 3109, 'tp': 10978, 'precision': 0.7892913185597402, 'recall': 0.7783094421884026, 'f1': 0.7704642543015779}
Received system metrics from client 3: {'cpu_time': 40.809999998658895, 'ram_used_mb': 8089.034752, 'net_sent_bytes': 5144, 'net_recv_bytes': 38999, 'gpu_mem_used_mb': 38975.0, 'gpu_load': 0.0, 'client_rank': 3, 'round': 30, 'timestamp': '2025-08-18 12:00:50', 'participated': 1, 'data_size': 590, 'data_variance': 0.06486573070287704, 'local_loss': 0.2929030954837799, 'local_accuracy': 90.50847291946411, 'tn': -56, 'fp': 56, 'fn': 56, 'tp': 534, 'precision': 0.9124888397623095, 'recall': 0.9038387107051425, 'f1': 0.9049928456333369}
Received system metrics from client 4: {'cpu_time': 26.92000000178814, 'ram_used_mb': 8854.208512, 'net_sent_bytes': 640, 'net_recv_bytes': 37263, 'gpu_mem_used_mb': 38973.0, 'gpu_load': 0.0, 'client_rank': 4, 'round': 30, 'timestamp': '2025-08-18 12:00:51', 'participated': 1, 'data_size': 8420, 'data_variance': 0.06345649808645248, 'local_loss': 0.45427221059799194, 'local_accuracy': 84.40617322921753, 'tn': -1313, 'fp': 1313, 'fn': 1313, 'tp': 7107, 'precision': 0.8457200629351863, 'recall': 0.8442331344016365, 'f1': 0.8429133664565898}
Received system metrics from client 5: {'cpu_time': 104.36999999731779, 'ram_used_mb': 9074.208768, 'net_sent_bytes': 91435, 'net_recv_bytes': 55268, 'gpu_mem_used_mb': 38973.0, 'gpu_load': 0.0, 'client_rank': 5, 'round': 30, 'timestamp': '2025-08-18 12:00:52', 'participated': 1, 'data_size': 10256, 'data_variance': 0.06330867111682892, 'local_loss': 0.5874492526054382, 'local_accuracy': 78.90015840530396, 'tn': -2161, 'fp': 2161, 'fn': 2161, 'tp': 8095, 'precision': 0.8119409926337383, 'recall': 0.7900658773162524, 'f1': 0.7882173401668977}
Received system metrics from client 6: {'cpu_time': 44.32000000029802, 'ram_used_mb': 8308.338688, 'net_sent_bytes': 84012, 'net_recv_bytes': 99132, 'gpu_mem_used_mb': 38973.0, 'gpu_load': 0.0, 'client_rank': 6, 'round': 30, 'timestamp': '2025-08-18 12:00:51', 'participated': 1, 'data_size': 1456, 'data_variance': 0.061793986707925797, 'local_loss': 0.27130237221717834, 'local_accuracy': 91.75823926925659, 'tn': -120, 'fp': 120, 'fn': 120, 'tp': 1336, 'precision': 0.9200598212569536, 'recall': 0.9173707956023156, 'f1': 0.9181388515414415}
Received system metrics from client 7: {'cpu_time': 33.230000000447035, 'ram_used_mb': 8532.865024, 'net_sent_bytes': 33563, 'net_recv_bytes': 35492, 'gpu_mem_used_mb': 38973.0, 'gpu_load': 0.0, 'client_rank': 7, 'round': 30, 'timestamp': '2025-08-18 12:00:50', 'participated': 1, 'data_size': 4502, 'data_variance': 0.06294825673103333, 'local_loss': 0.33698442578315735, 'local_accuracy': 88.89382481575012, 'tn': -500, 'fp': 500, 'fn': 500, 'tp': 4002, 'precision': 0.888914966807717, 'recall': 0.8882606133028534, 'f1': 0.888032910562831}
Received system metrics from client 8: {'cpu_time': 108.32000000029802, 'ram_used_mb': 8162.676736, 'net_sent_bytes': 43589, 'net_recv_bytes': 38040, 'gpu_mem_used_mb': 38973.0, 'gpu_load': 0.0, 'client_rank': 8, 'round': 30, 'timestamp': '2025-08-18 12:00:50', 'participated': 1, 'data_size': 1044, 'data_variance': 0.06484082341194153, 'local_loss': 0.28043627738952637, 'local_accuracy': 90.99617004394531, 'tn': -94, 'fp': 94, 'fn': 94, 'tp': 950, 'precision': 0.91342015205069, 'recall': 0.9095427760283534, 'f1': 0.9101625160343737}
Received system metrics from client 9: {'cpu_time': 43.90999999642372, 'ram_used_mb': 8498.2784, 'net_sent_bytes': 89252, 'net_recv_bytes': 93979, 'gpu_mem_used_mb': 38973.0, 'gpu_load': 0.0, 'client_rank': 9, 'round': 30, 'timestamp': '2025-08-18 12:00:50', 'participated': 1, 'data_size': 4597, 'data_variance': 0.062255386263132095, 'local_loss': 0.3946172595024109, 'local_accuracy': 86.68696880340576, 'tn': -612, 'fp': 612, 'fn': 612, 'tp': 3985, 'precision': 0.8721057598347064, 'recall': 0.8666917203985582, 'f1': 0.866943926934179}
Received system metrics from client 10: {'cpu_time': 69.12000000476837, 'ram_used_mb': 7840.636928, 'net_sent_bytes': 64226, 'net_recv_bytes': 104723, 'gpu_mem_used_mb': 38973.0, 'gpu_load': 0.0, 'client_rank': 10, 'round': 30, 'timestamp': '2025-08-18 12:00:51', 'participated': 1, 'data_size': 124, 'data_variance': 0.06624379754066467, 'local_loss': 0.22812259197235107, 'local_accuracy': 91.93548560142517, 'tn': -10, 'fp': 10, 'fn': 10, 'tp': 114, 'precision': 0.910970695970696, 'recall': 0.9198268398268399, 'f1': 0.9135899759778873}
[selector] ERROR at round 30: can only concatenate list (not "dict") to list
[selector] Round 30: participants used in averaging = 10/10
Averaging model weights...
Evaluating updated global model on test set...
    [Client 2] Round 31 - Waiting for global weights...
    [Client 4] Round 31 - Waiting for global weights...
    [Client 3] Round 31 - Waiting for global weights...
    [Client 7] Round 31 - Waiting for global weights...
    [Client 1] Round 31 - Waiting for global weights...
    [Client 8] Round 31 - Waiting for global weights...
    [Client 10] Round 31 - Waiting for global weights...
    [Client 6] Round 31 - Waiting for global weights...
    [Client 9] Round 31 - Waiting for global weights...
    [Client 5] Round 31 - Waiting for global weights...
Round 30 Evaluation - Accuracy: 0.8131, Loss: 0.5351

===== Round 31 =====
Broadcasting global model to all clients...
Waiting for model weights from client 1...
    [Client 4] Round 31 - Training on local data...
    [Client 8] Round 31 - Training on local data...
    [Client 7] Round 31 - Training on local data...
    [Client 5] Round 31 - Training on local data...
    [Client 3] Round 31 - Training on local data...
    [Client 9] Round 31 - Training on local data...
    [Client 1] Round 31 - Training on local data...
    [Client 2] Round 31 - Training on local data...
    [Client 6] Round 31 - Training on local data...
    [Client 10] Round 31 - Training on local data...
    [Client 3] Round 31 - Sending updated weights to server...
    [Client 9] Round 31 - Sending updated weights to server...
    [Client 6] Round 31 - Sending updated weights to server...
    [Client 4] Round 31 - Sending updated weights to server...
    [Client 2] Round 31 - Sending updated weights to server...
    [Client 10] Round 31 - Sending updated weights to server...
    [Client 5] Round 31 - Sending updated weights to server...
    [Client 1] Round 31 - Sending updated weights to server...
Received weights from client 1
Waiting for model weights from client 2...
Received weights from client 2
Waiting for model weights from client 3...
Received weights from client 3
Waiting for model weights from client 4...
Received weights from client 4
Waiting for model weights from client 5...
Received weights from client 5
Waiting for model weights from client 6...
Received weights from client 6
Waiting for model weights from client 7...
    [Client 8] Round 31 - Sending updated weights to server...
    [Client 7] Round 31 - Sending updated weights to server...
Received weights from client 7
Waiting for model weights from client 8...
Received weights from client 8
Waiting for model weights from client 9...
Received weights from client 9
Waiting for model weights from client 10...
Received weights from client 10
Received system metrics from client 1: {'cpu_time': 34.14000000059605, 'ram_used_mb': 8663.04, 'net_sent_bytes': 3470, 'net_recv_bytes': 34782, 'gpu_mem_used_mb': 38975.0, 'gpu_load': 0.0, 'client_rank': 1, 'round': 31, 'timestamp': '2025-08-18 12:01:53', 'participated': 1, 'data_size': 4923, 'data_variance': 0.06380366533994675, 'local_loss': 0.3865935802459717, 'local_accuracy': 86.6951048374176, 'tn': -655, 'fp': 655, 'fn': 655, 'tp': 4268, 'precision': 0.8732960880317133, 'recall': 0.866899243888742, 'f1': 0.8666285559520727}
Received system metrics from client 2: {'cpu_time': 58.060000002384186, 'ram_used_mb': 8716.398592, 'net_sent_bytes': 37167, 'net_recv_bytes': 36062, 'gpu_mem_used_mb': 38975.0, 'gpu_load': 0.0, 'client_rank': 2, 'round': 31, 'timestamp': '2025-08-18 12:01:54', 'participated': 1, 'data_size': 14087, 'data_variance': 0.0633707344532013, 'local_loss': 0.43953394889831543, 'local_accuracy': 84.54603552818298, 'tn': -2176, 'fp': 2176, 'fn': 2176, 'tp': 11911, 'precision': 0.85246520316513, 'recall': 0.8462685769632297, 'f1': 0.8440758951085264}
Received system metrics from client 3: {'cpu_time': 41.12999999895692, 'ram_used_mb': 8303.284224, 'net_sent_bytes': 1314, 'net_recv_bytes': 29709, 'gpu_mem_used_mb': 38975.0, 'gpu_load': 0.0, 'client_rank': 3, 'round': 31, 'timestamp': '2025-08-18 12:01:52', 'participated': 1, 'data_size': 590, 'data_variance': 0.06486573070287704, 'local_loss': 0.25485959649086, 'local_accuracy': 91.35593175888062, 'tn': -51, 'fp': 51, 'fn': 51, 'tp': 539, 'precision': 0.9160621029159165, 'recall': 0.9116488291250817, 'f1': 0.9125236163371762}
Received system metrics from client 4: {'cpu_time': 26.63000000268221, 'ram_used_mb': 9082.322944, 'net_sent_bytes': 43668, 'net_recv_bytes': 49366, 'gpu_mem_used_mb': 38973.0, 'gpu_load': 0.0, 'client_rank': 4, 'round': 31, 'timestamp': '2025-08-18 12:01:53', 'participated': 1, 'data_size': 8420, 'data_variance': 0.06345649808645248, 'local_loss': 0.4051244556903839, 'local_accuracy': 85.81947684288025, 'tn': -1193, 'fp': 1193, 'fn': 1193, 'tp': 7227, 'precision': 0.860231959725709, 'recall': 0.858357317214667, 'f1': 0.8568535665912348}
Received system metrics from client 5: {'cpu_time': 105.03999999910593, 'ram_used_mb': 9359.724544, 'net_sent_bytes': 67574, 'net_recv_bytes': 69211, 'gpu_mem_used_mb': 38975.0, 'gpu_load': 0.01, 'client_rank': 5, 'round': 31, 'timestamp': '2025-08-18 12:01:54', 'participated': 1, 'data_size': 10256, 'data_variance': 0.06330867111682892, 'local_loss': 0.408620148897171, 'local_accuracy': 85.88143587112427, 'tn': -1447, 'fp': 1447, 'fn': 1447, 'tp': 8809, 'precision': 0.8651321169635331, 'recall': 0.8588276936123439, 'f1': 0.8592916198206705}
Received system metrics from client 6: {'cpu_time': 44.39000000059605, 'ram_used_mb': 8543.440896, 'net_sent_bytes': 56589, 'net_recv_bytes': 84551, 'gpu_mem_used_mb': 38975.0, 'gpu_load': 0.0, 'client_rank': 6, 'round': 31, 'timestamp': '2025-08-18 12:01:53', 'participated': 1, 'data_size': 1456, 'data_variance': 0.061793986707925797, 'local_loss': 0.2652086913585663, 'local_accuracy': 91.41483306884766, 'tn': -125, 'fp': 125, 'fn': 125, 'tp': 1331, 'precision': 0.9163048074100402, 'recall': 0.9127809373032258, 'f1': 0.9132159174039165}
Received system metrics from client 7: {'cpu_time': 34.48999999836087, 'ram_used_mb': 8761.970688, 'net_sent_bytes': 113737, 'net_recv_bytes': 82067, 'gpu_mem_used_mb': 38975.0, 'gpu_load': 0.0, 'client_rank': 7, 'round': 31, 'timestamp': '2025-08-18 12:01:53', 'participated': 1, 'data_size': 4502, 'data_variance': 0.06294825673103333, 'local_loss': 0.40718793869018555, 'local_accuracy': 85.89515686035156, 'tn': -635, 'fp': 635, 'fn': 635, 'tp': 3867, 'precision': 0.8672680170707935, 'recall': 0.8585340854284086, 'f1': 0.8583941265283587}
Received system metrics from client 8: {'cpu_time': 145.93999999994412, 'ram_used_mb': 8415.219712, 'net_sent_bytes': 1654, 'net_recv_bytes': 33849, 'gpu_mem_used_mb': 38975.0, 'gpu_load': 0.0, 'client_rank': 8, 'round': 31, 'timestamp': '2025-08-18 12:01:52', 'participated': 1, 'data_size': 1044, 'data_variance': 0.06484082341194153, 'local_loss': 0.28445106744766235, 'local_accuracy': 90.90038537979126, 'tn': -95, 'fp': 95, 'fn': 95, 'tp': 949, 'precision': 0.9130431465934846, 'recall': 0.9081033434027226, 'f1': 0.9087271577209476}
Received system metrics from client 9: {'cpu_time': 50.20000000298023, 'ram_used_mb': 8764.66176, 'net_sent_bytes': 132706, 'net_recv_bytes': 112856, 'gpu_mem_used_mb': 38975.0, 'gpu_load': 0.0, 'client_rank': 9, 'round': 31, 'timestamp': '2025-08-18 12:01:53', 'participated': 1, 'data_size': 4597, 'data_variance': 0.062255386263132095, 'local_loss': 0.34002959728240967, 'local_accuracy': 88.64476680755615, 'tn': -523, 'fp': 523, 'fn': 523, 'tp': 4074, 'precision': 0.8937655095900704, 'recall': 0.8868383928581715, 'f1': 0.8866119391604157}
Received system metrics from client 10: {'cpu_time': 68.0599999949336, 'ram_used_mb': 8035.028992, 'net_sent_bytes': 61493, 'net_recv_bytes': 94216, 'gpu_mem_used_mb': 38973.0, 'gpu_load': 0.0, 'client_rank': 10, 'round': 31, 'timestamp': '2025-08-18 12:01:52', 'participated': 1, 'data_size': 124, 'data_variance': 0.06624379754066467, 'local_loss': 0.21776971220970154, 'local_accuracy': 91.93548560142517, 'tn': -10, 'fp': 10, 'fn': 10, 'tp': 114, 'precision': 0.9153235653235653, 'recall': 0.9126839826839828, 'f1': 0.9058094677976832}
[selector] ERROR at round 31: can only concatenate list (not "dict") to list
[selector] Round 31: participants used in averaging = 10/10
Averaging model weights...
Evaluating updated global model on test set...
    [Client 1] Round 32 - Waiting for global weights...
    [Client 4] Round 32 - Waiting for global weights...
    [Client 8] Round 32 - Waiting for global weights...
    [Client 2] Round 32 - Waiting for global weights...
    [Client 10] Round 32 - Waiting for global weights...
    [Client 6] Round 32 - Waiting for global weights...
    [Client 7] Round 32 - Waiting for global weights...
    [Client 3] Round 32 - Waiting for global weights...
    [Client 9] Round 32 - Waiting for global weights...
    [Client 5] Round 32 - Waiting for global weights...
Round 31 Evaluation - Accuracy: 0.8205, Loss: 0.5267

===== Round 32 =====
Broadcasting global model to all clients...
Waiting for model weights from client 1...
    [Client 9] Round 32 - Training on local data...
    [Client 7] Round 32 - Training on local data...
    [Client 1] Round 32 - Training on local data...
    [Client 8] Round 32 - Training on local data...
    [Client 3] Round 32 - Training on local data...
    [Client 4] Round 32 - Training on local data...
    [Client 6] Round 32 - Training on local data...
    [Client 5] Round 32 - Training on local data...
    [Client 2] Round 32 - Training on local data...
    [Client 10] Round 32 - Training on local data...
    [Client 3] Round 32 - Sending updated weights to server...
    [Client 10] Round 32 - Sending updated weights to server...
    [Client 7] Round 32 - Sending updated weights to server...
    [Client 1] Round 32 - Sending updated weights to server...
Received weights from client 1
Waiting for model weights from client 2...
    [Client 4] Round 32 - Sending updated weights to server...
    [Client 9] Round 32 - Sending updated weights to server...
    [Client 2] Round 32 - Sending updated weights to server...
Received weights from client 2
Waiting for model weights from client 3...
Received weights from client 3
Waiting for model weights from client 4...
Received weights from client 4
Waiting for model weights from client 5...
    [Client 5] Round 32 - Sending updated weights to server...
Received weights from client 5
Waiting for model weights from client 6...
    [Client 6] Round 32 - Sending updated weights to server...
Received weights from client 6
Waiting for model weights from client 7...
Received weights from client 7
Waiting for model weights from client 8...
    [Client 8] Round 32 - Sending updated weights to server...
Received weights from client 8
Waiting for model weights from client 9...
Received weights from client 9
Waiting for model weights from client 10...
Received weights from client 10
Received system metrics from client 1: {'cpu_time': 34.03000000026077, 'ram_used_mb': 8947.990528, 'net_sent_bytes': 34879, 'net_recv_bytes': 35673, 'gpu_mem_used_mb': 38975.0, 'gpu_load': 0.0, 'client_rank': 1, 'round': 32, 'timestamp': '2025-08-18 12:02:40', 'participated': 1, 'data_size': 4923, 'data_variance': 0.06380366533994675, 'local_loss': 0.3063964545726776, 'local_accuracy': 90.14828205108643, 'tn': -485, 'fp': 485, 'fn': 485, 'tp': 4438, 'precision': 0.905887462165072, 'recall': 0.9013995754216362, 'f1': 0.9022625731222366}
Received system metrics from client 2: {'cpu_time': 58.67999999970198, 'ram_used_mb': 8888.283136, 'net_sent_bytes': 2544, 'net_recv_bytes': 37028, 'gpu_mem_used_mb': 38975.0, 'gpu_load': 0.0, 'client_rank': 2, 'round': 32, 'timestamp': '2025-08-18 12:02:41', 'participated': 1, 'data_size': 14087, 'data_variance': 0.0633707344532013, 'local_loss': 0.41856351494789124, 'local_accuracy': 85.62504649162292, 'tn': -2024, 'fp': 2024, 'fn': 2024, 'tp': 12063, 'precision': 0.8594981820465655, 'recall': 0.8561693666966775, 'f1': 0.8566352679092036}
Received system metrics from client 3: {'cpu_time': 34.00999999418855, 'ram_used_mb': 8484.31104, 'net_sent_bytes': 2654, 'net_recv_bytes': 30950, 'gpu_mem_used_mb': 38977.0, 'gpu_load': 0.0, 'client_rank': 3, 'round': 32, 'timestamp': '2025-08-18 12:02:39', 'participated': 1, 'data_size': 590, 'data_variance': 0.06486573070287704, 'local_loss': 0.2721257209777832, 'local_accuracy': 92.03389883041382, 'tn': -47, 'fp': 47, 'fn': 47, 'tp': 543, 'precision': 0.9215066707120076, 'recall': 0.9196144300316856, 'f1': 0.918740084876139}
Received system metrics from client 4: {'cpu_time': 27.639999996870756, 'ram_used_mb': 9372.246016, 'net_sent_bytes': 60906, 'net_recv_bytes': 61241, 'gpu_mem_used_mb': 38975.0, 'gpu_load': 0.0, 'client_rank': 4, 'round': 32, 'timestamp': '2025-08-18 12:02:40', 'participated': 1, 'data_size': 8420, 'data_variance': 0.06345649808645248, 'local_loss': 0.3538143038749695, 'local_accuracy': 88.42042684555054, 'tn': -976, 'fp': 976, 'fn': 976, 'tp': 7444, 'precision': 0.8835167630774576, 'recall': 0.8844364864035661, 'f1': 0.8831071270849942}
Received system metrics from client 5: {'cpu_time': 97.71000000089407, 'ram_used_mb': 9600.077824, 'net_sent_bytes': 49186, 'net_recv_bytes': 59956, 'gpu_mem_used_mb': 38977.0, 'gpu_load': 0.0, 'client_rank': 5, 'round': 32, 'timestamp': '2025-08-18 12:02:41', 'participated': 1, 'data_size': 10256, 'data_variance': 0.06330867111682892, 'local_loss': 0.41693606972694397, 'local_accuracy': 86.07644438743591, 'tn': -1428, 'fp': 1428, 'fn': 1428, 'tp': 8828, 'precision': 0.8633422481339397, 'recall': 0.8614960447777229, 'f1': 0.8603778049457194}
Received system metrics from client 6: {'cpu_time': 48.05000000074506, 'ram_used_mb': 8763.22816, 'net_sent_bytes': 60645, 'net_recv_bytes': 90997, 'gpu_mem_used_mb': 38977.0, 'gpu_load': 0.0, 'client_rank': 6, 'round': 32, 'timestamp': '2025-08-18 12:02:40', 'participated': 1, 'data_size': 1456, 'data_variance': 0.061793986707925797, 'local_loss': 0.3053183853626251, 'local_accuracy': 90.5906617641449, 'tn': -137, 'fp': 137, 'fn': 137, 'tp': 1319, 'precision': 0.9077996058815023, 'recall': 0.9057876107967857, 'f1': 0.9054229236466769}
Received system metrics from client 7: {'cpu_time': 33.93999999947846, 'ram_used_mb': 9001.472, 'net_sent_bytes': 67699, 'net_recv_bytes': 74046, 'gpu_mem_used_mb': 38975.0, 'gpu_load': 0.0, 'client_rank': 7, 'round': 32, 'timestamp': '2025-08-18 12:02:40', 'participated': 1, 'data_size': 4502, 'data_variance': 0.06294825673103333, 'local_loss': 0.35402315855026245, 'local_accuracy': 87.93869614601135, 'tn': -543, 'fp': 543, 'fn': 543, 'tp': 3959, 'precision': 0.8820130636365467, 'recall': 0.8791589118995405, 'f1': 0.879319150889146}
Received system metrics from client 8: {'cpu_time': 113.1000000005588, 'ram_used_mb': 8636.493824, 'net_sent_bytes': 29706, 'net_recv_bytes': 36375, 'gpu_mem_used_mb': 38977.0, 'gpu_load': 0.0, 'client_rank': 8, 'round': 32, 'timestamp': '2025-08-18 12:02:39', 'participated': 1, 'data_size': 1044, 'data_variance': 0.06484082341194153, 'local_loss': 0.27829036116600037, 'local_accuracy': 91.66666865348816, 'tn': -87, 'fp': 87, 'fn': 87, 'tp': 957, 'precision': 0.9208447161789955, 'recall': 0.9141538285467832, 'f1': 0.9166007510064691}
Received system metrics from client 9: {'cpu_time': 43.10999999940395, 'ram_used_mb': 8989.442048, 'net_sent_bytes': 59696, 'net_recv_bytes': 91517, 'gpu_mem_used_mb': 38977.0, 'gpu_load': 0.0, 'client_rank': 9, 'round': 32, 'timestamp': '2025-08-18 12:02:40', 'participated': 1, 'data_size': 4597, 'data_variance': 0.062255386263132095, 'local_loss': 0.3324244022369385, 'local_accuracy': 89.51489925384521, 'tn': -482, 'fp': 482, 'fn': 482, 'tp': 4115, 'precision': 0.8980643484639799, 'recall': 0.8966463143614755, 'f1': 0.8959794486049466}
Received system metrics from client 10: {'cpu_time': 58.00999999791384, 'ram_used_mb': 8273.227776, 'net_sent_bytes': 89559, 'net_recv_bytes': 90553, 'gpu_mem_used_mb': 38975.0, 'gpu_load': 0.0, 'client_rank': 10, 'round': 32, 'timestamp': '2025-08-18 12:02:40', 'participated': 1, 'data_size': 124, 'data_variance': 0.06624379754066467, 'local_loss': 0.1927638053894043, 'local_accuracy': 91.93548560142517, 'tn': -10, 'fp': 10, 'fn': 10, 'tp': 114, 'precision': 0.9096503496503499, 'recall': 0.9184415584415584, 'f1': 0.9101375199845965}
[selector] ERROR at round 32: can only concatenate list (not "dict") to list
[selector] Round 32: participants used in averaging = 10/10
Averaging model weights...
Evaluating updated global model on test set...
    [Client 7] Round 33 - Waiting for global weights...
    [Client 3] Round 33 - Waiting for global weights...
    [Client 1] Round 33 - Waiting for global weights...
    [Client 2] Round 33 - Waiting for global weights...
    [Client 4] Round 33 - Waiting for global weights...
    [Client 8] Round 33 - Waiting for global weights...
    [Client 10] Round 33 - Waiting for global weights...
    [Client 6] Round 33 - Waiting for global weights...
    [Client 9] Round 33 - Waiting for global weights...
    [Client 5] Round 33 - Waiting for global weights...
Round 32 Evaluation - Accuracy: 0.8251, Loss: 0.5144

===== Round 33 =====
Broadcasting global model to all clients...
Waiting for model weights from client 1...
    [Client 9] Round 33 - Training on local data...
    [Client 7] Round 33 - Training on local data...
    [Client 3] Round 33 - Training on local data...
    [Client 1] Round 33 - Training on local data...
    [Client 8] Round 33 - Training on local data...
    [Client 4] Round 33 - Training on local data...
    [Client 10] Round 33 - Training on local data...
    [Client 6] Round 33 - Training on local data...
    [Client 5] Round 33 - Training on local data...
    [Client 2] Round 33 - Training on local data...
    [Client 3] Round 33 - Sending updated weights to server...
    [Client 8] Round 33 - Sending updated weights to server...
    [Client 10] Round 33 - Sending updated weights to server...
    [Client 1] Round 33 - Sending updated weights to server...
Received weights from client 1
Waiting for model weights from client 2...
    [Client 4] Round 33 - Sending updated weights to server...
    [Client 6] Round 33 - Sending updated weights to server...
    [Client 7] Round 33 - Sending updated weights to server...
    [Client 5] Round 33 - Sending updated weights to server...
    [Client 2] Round 33 - Sending updated weights to server...
Received weights from client 2
Waiting for model weights from client 3...
Received weights from client 3
Waiting for model weights from client 4...
Received weights from client 4
Waiting for model weights from client 5...
Received weights from client 5
Waiting for model weights from client 6...
Received weights from client 6
Waiting for model weights from client 7...
Received weights from client 7
Waiting for model weights from client 8...
Received weights from client 8
Waiting for model weights from client 9...
    [Client 9] Round 33 - Sending updated weights to server...
Received weights from client 9
Waiting for model weights from client 10...
Received weights from client 10
Received system metrics from client 1: {'cpu_time': 34.419999999925494, 'ram_used_mb': 9099.460608, 'net_sent_bytes': 73279, 'net_recv_bytes': 44439, 'gpu_mem_used_mb': 38977.0, 'gpu_load': 0.0, 'client_rank': 1, 'round': 33, 'timestamp': '2025-08-18 12:03:13', 'participated': 1, 'data_size': 4923, 'data_variance': 0.06380366533994675, 'local_loss': 0.38207557797431946, 'local_accuracy': 87.08105087280273, 'tn': -636, 'fp': 636, 'fn': 636, 'tp': 4287, 'precision': 0.8786788402793562, 'recall': 0.8716984939912967, 'f1': 0.8710461745223738}
Received system metrics from client 2: {'cpu_time': 59.94999999925494, 'ram_used_mb': 9125.679104, 'net_sent_bytes': 52140, 'net_recv_bytes': 50378, 'gpu_mem_used_mb': 38977.0, 'gpu_load': 0.0, 'client_rank': 2, 'round': 33, 'timestamp': '2025-08-18 12:03:14', 'participated': 1, 'data_size': 14087, 'data_variance': 0.0633707344532013, 'local_loss': 0.394453227519989, 'local_accuracy': 86.49818897247314, 'tn': -1903, 'fp': 1903, 'fn': 1903, 'tp': 12184, 'precision': 0.8670176428755099, 'recall': 0.8648120507238024, 'f1': 0.8647462039716057}
Received system metrics from client 3: {'cpu_time': 39.07000000029802, 'ram_used_mb': 8695.328768, 'net_sent_bytes': 39000, 'net_recv_bytes': 41146, 'gpu_mem_used_mb': 38977.0, 'gpu_load': 0.0, 'client_rank': 3, 'round': 33, 'timestamp': '2025-08-18 12:03:13', 'participated': 1, 'data_size': 590, 'data_variance': 0.06486573070287704, 'local_loss': 0.27841493487358093, 'local_accuracy': 91.86440706253052, 'tn': -48, 'fp': 48, 'fn': 48, 'tp': 542, 'precision': 0.9257194150058459, 'recall': 0.9162599768167755, 'f1': 0.9179695093391276}
Received system metrics from client 4: {'cpu_time': 26.90999999642372, 'ram_used_mb': 9536.270336, 'net_sent_bytes': 33010, 'net_recv_bytes': 34158, 'gpu_mem_used_mb': 38975.0, 'gpu_load': 0.0, 'client_rank': 4, 'round': 33, 'timestamp': '2025-08-18 12:03:13', 'participated': 1, 'data_size': 8420, 'data_variance': 0.06345649808645248, 'local_loss': 0.4151648283004761, 'local_accuracy': 85.5225682258606, 'tn': -1219, 'fp': 1219, 'fn': 1219, 'tp': 7201, 'precision': 0.8645695027515845, 'recall': 0.8549871392004134, 'f1': 0.8571863472250725}
Received system metrics from client 5: {'cpu_time': 98.59000000357628, 'ram_used_mb': 9758.33088, 'net_sent_bytes': 85852, 'net_recv_bytes': 60366, 'gpu_mem_used_mb': 38977.0, 'gpu_load': 0.01, 'client_rank': 5, 'round': 33, 'timestamp': '2025-08-18 12:03:14', 'participated': 1, 'data_size': 10256, 'data_variance': 0.06330867111682892, 'local_loss': 0.36673325300216675, 'local_accuracy': 87.58775591850281, 'tn': -1273, 'fp': 1273, 'fn': 1273, 'tp': 8983, 'precision': 0.8771522058635217, 'recall': 0.8761281840261766, 'f1': 0.8757762024991151}
Received system metrics from client 6: {'cpu_time': 44.67999999970198, 'ram_used_mb': 8978.706432, 'net_sent_bytes': 74316, 'net_recv_bytes': 106415, 'gpu_mem_used_mb': 38977.0, 'gpu_load': 0.0, 'client_rank': 6, 'round': 33, 'timestamp': '2025-08-18 12:03:13', 'participated': 1, 'data_size': 1456, 'data_variance': 0.061793986707925797, 'local_loss': 0.2777026891708374, 'local_accuracy': 91.55219793319702, 'tn': -123, 'fp': 123, 'fn': 123, 'tp': 1333, 'precision': 0.918945712520306, 'recall': 0.9150179249227399, 'f1': 0.9158827562913722}
Received system metrics from client 7: {'cpu_time': 33.64000000059605, 'ram_used_mb': 9179.602944, 'net_sent_bytes': 1885, 'net_recv_bytes': 33678, 'gpu_mem_used_mb': 38977.0, 'gpu_load': 0.0, 'client_rank': 7, 'round': 33, 'timestamp': '2025-08-18 12:03:13', 'participated': 1, 'data_size': 4502, 'data_variance': 0.06294825673103333, 'local_loss': 0.34101516008377075, 'local_accuracy': 88.40515613555908, 'tn': -522, 'fp': 522, 'fn': 522, 'tp': 3980, 'precision': 0.890234834657476, 'recall': 0.8833416109984817, 'f1': 0.8845537168742664}
Received system metrics from client 8: {'cpu_time': 124.00999999977648, 'ram_used_mb': 8850.481152, 'net_sent_bytes': 38235, 'net_recv_bytes': 40974, 'gpu_mem_used_mb': 38977.0, 'gpu_load': 0.01, 'client_rank': 8, 'round': 33, 'timestamp': '2025-08-18 12:03:13', 'participated': 1, 'data_size': 1044, 'data_variance': 0.06484082341194153, 'local_loss': 0.24863021075725555, 'local_accuracy': 92.81609058380127, 'tn': -76, 'fp': 76, 'fn': 76, 'tp': 968, 'precision': 0.9272510224204268, 'recall': 0.9276380673898228, 'f1': 0.9267088012948722}
Received system metrics from client 9: {'cpu_time': 59.40999999642372, 'ram_used_mb': 9167.110144, 'net_sent_bytes': 74248, 'net_recv_bytes': 102322, 'gpu_mem_used_mb': 38977.0, 'gpu_load': 0.0, 'client_rank': 9, 'round': 33, 'timestamp': '2025-08-18 12:03:13', 'participated': 1, 'data_size': 4597, 'data_variance': 0.062255386263132095, 'local_loss': 0.43270614743232727, 'local_accuracy': 85.38177013397217, 'tn': -672, 'fp': 672, 'fn': 672, 'tp': 3925, 'precision': 0.8640045954273493, 'recall': 0.8537629099838868, 'f1': 0.8544229120732127}
Received system metrics from client 10: {'cpu_time': 62.1600000038743, 'ram_used_mb': 8489.529344, 'net_sent_bytes': 80949, 'net_recv_bytes': 92179, 'gpu_mem_used_mb': 38975.0, 'gpu_load': 0.0, 'client_rank': 10, 'round': 33, 'timestamp': '2025-08-18 12:03:13', 'participated': 1, 'data_size': 124, 'data_variance': 0.06624379754066467, 'local_loss': 0.17930223047733307, 'local_accuracy': 93.54838728904724, 'tn': -8, 'fp': 8, 'fn': 8, 'tp': 116, 'precision': 0.9453535353535353, 'recall': 0.9409090909090908, 'f1': 0.938449826036033}
[selector] ERROR at round 33: can only concatenate list (not "dict") to list
[selector] Round 33: participants used in averaging = 10/10
Averaging model weights...
Evaluating updated global model on test set...
    [Client 1] Round 34 - Waiting for global weights...
    [Client 3] Round 34 - Waiting for global weights...
    [Client 7] Round 34 - Waiting for global weights...
    [Client 2] Round 34 - Waiting for global weights...
    [Client 4] Round 34 - Waiting for global weights...
    [Client 8] Round 34 - Waiting for global weights...
    [Client 10] Round 34 - Waiting for global weights...
    [Client 6] Round 34 - Waiting for global weights...
    [Client 9] Round 34 - Waiting for global weights...
    [Client 5] Round 34 - Waiting for global weights...
Round 33 Evaluation - Accuracy: 0.8229, Loss: 0.5197

===== Round 34 =====
Broadcasting global model to all clients...
Waiting for model weights from client 1...
    [Client 1] Round 34 - Training on local data...
    [Client 9] Round 34 - Training on local data...
    [Client 4] Round 34 - Training on local data...
    [Client 3] Round 34 - Training on local data...
    [Client 7] Round 34 - Training on local data...
    [Client 8] Round 34 - Training on local data...
    [Client 10] Round 34 - Training on local data...
    [Client 6] Round 34 - Training on local data...
    [Client 2] Round 34 - Training on local data...
    [Client 5] Round 34 - Training on local data...
    [Client 10] Round 34 - Sending updated weights to server...
    [Client 3] Round 34 - Sending updated weights to server...
    [Client 8] Round 34 - Sending updated weights to server...
Received weights from client 1
Waiting for model weights from client 2...
    [Client 1] Round 34 - Sending updated weights to server...
    [Client 6] Round 34 - Sending updated weights to server...
    [Client 7] Round 34 - Sending updated weights to server...
    [Client 2] Round 34 - Sending updated weights to server...
Received weights from client 2
Waiting for model weights from client 3...
Received weights from client 3
Waiting for model weights from client 4...
    [Client 5] Round 34 - Sending updated weights to server...
    [Client 9] Round 34 - Sending updated weights to server...
    [Client 4] Round 34 - Sending updated weights to server...
Received weights from client 4
Waiting for model weights from client 5...
Received weights from client 5
Waiting for model weights from client 6...
    [Client 2] Round 35 - Waiting for global weights...
    [Client 4] Round 35 - Waiting for global weights...
    [Client 8] Round 35 - Waiting for global weights...
Received weights from client 6
    [Client 2] Round 35 - Training on local data...
    [Client 4] Round 35 - Training on local data...
    [Client 8] Round 35 - Training on local data...
Waiting for model weights from client 7...
Received weights from client 7
Waiting for model weights from client 8...
Received weights from client 8
Waiting for model weights from client 9...
Received weights from client 9
Waiting for model weights from client 10...
Received weights from client 10
Received system metrics from client 1: {'cpu_time': 33.59999999962747, 'ram_used_mb': 9343.848448, 'net_sent_bytes': 39110, 'net_recv_bytes': 52360, 'gpu_mem_used_mb': 38979.0, 'gpu_load': 0.0, 'client_rank': 1, 'round': 34, 'timestamp': '2025-08-18 12:03:31', 'participated': 1, 'data_size': 4923, 'data_variance': 0.06380366533994675, 'local_loss': 0.33360034227371216, 'local_accuracy': 89.05138969421387, 'tn': -539, 'fp': 539, 'fn': 539, 'tp': 4384, 'precision': 0.893814039042617, 'recall': 0.8909798573544576, 'f1': 0.8907112799604754}
Received system metrics from client 2: {'cpu_time': 56.479999996721745, 'ram_used_mb': 9378.254848, 'net_sent_bytes': 41801, 'net_recv_bytes': 52678, 'gpu_mem_used_mb': 38977.0, 'gpu_load': 0.0, 'client_rank': 2, 'round': 34, 'timestamp': '2025-08-18 12:03:32', 'participated': 1, 'data_size': 14087, 'data_variance': 0.0633707344532013, 'local_loss': 0.40773406624794006, 'local_accuracy': 85.81671118736267, 'tn': -1998, 'fp': 1998, 'fn': 1998, 'tp': 12089, 'precision': 0.8596010684659525, 'recall': 0.8579438131138188, 'f1': 0.8574746829684796}
Received system metrics from client 3: {'cpu_time': 40.96000000089407, 'ram_used_mb': 8943.362048, 'net_sent_bytes': 40556, 'net_recv_bytes': 49751, 'gpu_mem_used_mb': 38979.0, 'gpu_load': 0.0, 'client_rank': 3, 'round': 34, 'timestamp': '2025-08-18 12:03:30', 'participated': 1, 'data_size': 590, 'data_variance': 0.06486573070287704, 'local_loss': 0.3004537522792816, 'local_accuracy': 89.66101408004761, 'tn': -61, 'fp': 61, 'fn': 61, 'tp': 529, 'precision': 0.9093213495827787, 'recall': 0.8935563862944012, 'f1': 0.8966642484090791}
Received system metrics from client 4: {'cpu_time': 31.719999998807907, 'ram_used_mb': 9652.740096, 'net_sent_bytes': 52371, 'net_recv_bytes': 62267, 'gpu_mem_used_mb': 38977.0, 'gpu_load': 0.0, 'client_rank': 4, 'round': 34, 'timestamp': '2025-08-18 12:03:32', 'participated': 1, 'data_size': 8420, 'data_variance': 0.06345649808645248, 'local_loss': 0.4358064830303192, 'local_accuracy': 85.03562808036804, 'tn': -1260, 'fp': 1260, 'fn': 1260, 'tp': 7160, 'precision': 0.860768545696998, 'recall': 0.8503145954546321, 'f1': 0.8516254621499147}
Received system metrics from client 5: {'cpu_time': 115.88000000268221, 'ram_used_mb': 9850.822656, 'net_sent_bytes': 47791, 'net_recv_bytes': 49740, 'gpu_mem_used_mb': 38979.0, 'gpu_load': 0.0, 'client_rank': 5, 'round': 34, 'timestamp': '2025-08-18 12:03:33', 'participated': 1, 'data_size': 10256, 'data_variance': 0.06330867111682892, 'local_loss': 0.35531872510910034, 'local_accuracy': 87.96802163124084, 'tn': -1236, 'fp': 1236, 'fn': 1236, 'tp': 9020, 'precision': 0.8820892476121653, 'recall': 0.8803443557454104, 'f1': 0.8801324507306765}
Received system metrics from client 6: {'cpu_time': 43.75000000372529, 'ram_used_mb': 9208.659968, 'net_sent_bytes': 91313, 'net_recv_bytes': 87316, 'gpu_mem_used_mb': 38979.0, 'gpu_load': 0.0, 'client_rank': 6, 'round': 34, 'timestamp': '2025-08-18 12:03:31', 'participated': 1, 'data_size': 1456, 'data_variance': 0.061793986707925797, 'local_loss': 0.2824123799800873, 'local_accuracy': 91.00274443626404, 'tn': -131, 'fp': 131, 'fn': 131, 'tp': 1325, 'precision': 0.9126080902644548, 'recall': 0.9097258271054178, 'f1': 0.9086528553583803}
Received system metrics from client 7: {'cpu_time': 33.41000000014901, 'ram_used_mb': 9455.366144, 'net_sent_bytes': 25684, 'net_recv_bytes': 57019, 'gpu_mem_used_mb': 38977.0, 'gpu_load': 0.0, 'client_rank': 7, 'round': 34, 'timestamp': '2025-08-18 12:03:31', 'participated': 1, 'data_size': 4502, 'data_variance': 0.06294825673103333, 'local_loss': 0.3134290277957916, 'local_accuracy': 89.64904546737671, 'tn': -466, 'fp': 466, 'fn': 466, 'tp': 4036, 'precision': 0.896846642905021, 'recall': 0.8959662982524511, 'f1': 0.89574008310847}
Received system metrics from client 8: {'cpu_time': 144.50999999977648, 'ram_used_mb': 9036.324864, 'net_sent_bytes': 45259, 'net_recv_bytes': 57981, 'gpu_mem_used_mb': 38979.0, 'gpu_load': 0.0, 'client_rank': 8, 'round': 34, 'timestamp': '2025-08-18 12:03:32', 'participated': 1, 'data_size': 1044, 'data_variance': 0.06484082341194153, 'local_loss': 0.22317750751972198, 'local_accuracy': 93.19923520088196, 'tn': -71, 'fp': 71, 'fn': 71, 'tp': 973, 'precision': 0.9358329035600146, 'recall': 0.9301147412894253, 'f1': 0.9317654082321548}
Received system metrics from client 9: {'cpu_time': 45.39000000059605, 'ram_used_mb': 9430.95808, 'net_sent_bytes': 111774, 'net_recv_bytes': 122385, 'gpu_mem_used_mb': 38979.0, 'gpu_load': 0.0, 'client_rank': 9, 'round': 34, 'timestamp': '2025-08-18 12:03:31', 'participated': 1, 'data_size': 4597, 'data_variance': 0.062255386263132095, 'local_loss': 0.37747928500175476, 'local_accuracy': 86.9697630405426, 'tn': -600, 'fp': 600, 'fn': 600, 'tp': 3997, 'precision': 0.8795190768305904, 'recall': 0.8706781526656509, 'f1': 0.871025784324629}
Received system metrics from client 10: {'cpu_time': 60.35999999940395, 'ram_used_mb': 8687.0016, 'net_sent_bytes': 91114, 'net_recv_bytes': 98547, 'gpu_mem_used_mb': 38977.0, 'gpu_load': 0.0, 'client_rank': 10, 'round': 34, 'timestamp': '2025-08-18 12:03:31', 'participated': 1, 'data_size': 124, 'data_variance': 0.06624379754066467, 'local_loss': 0.18142417073249817, 'local_accuracy': 94.35483813285828, 'tn': -7, 'fp': 7, 'fn': 7, 'tp': 117, 'precision': 0.9469654528478058, 'recall': 0.9336363636363636, 'f1': 0.9313312684047977}
[selector] ERROR at round 34: can only concatenate list (not "dict") to list
[selector] Round 34: participants used in averaging = 10/10
Averaging model weights...
Evaluating updated global model on test set...
Round 34 Evaluation - Accuracy: 0.8255, Loss: 0.5110

===== Round 35 =====
Broadcasting global model to all clients...
    [Client 7] Round 35 - Waiting for global weights...
    [Client 3] Round 35 - Waiting for global weights...
    [Client 1] Round 35 - Waiting for global weights...
    [Client 5] Round 35 - Waiting for global weights...
    [Client 3] Round 35 - Training on local data...
    [Client 7] Round 35 - Training on local data...
    [Client 1] Round 35 - Training on local data...
    [Client 5] Round 35 - Training on local data...
    [Client 9] Round 35 - Waiting for global weights...
    [Client 9] Round 35 - Training on local data...
    [Client 10] Round 35 - Waiting for global weights...
    [Client 6] Round 35 - Waiting for global weights...
Waiting for model weights from client 1...
    [Client 10] Round 35 - Training on local data...
    [Client 6] Round 35 - Training on local data...
    [Client 10] Round 35 - Sending updated weights to server...
    [Client 9] Round 35 - Sending updated weights to server...
    [Client 4] Round 35 - Sending updated weights to server...
    [Client 1] Round 35 - Sending updated weights to server...
Received weights from client 1
Waiting for model weights from client 2...
    [Client 8] Round 35 - Sending updated weights to server...
    [Client 3] Round 35 - Sending updated weights to server...
    [Client 5] Round 35 - Sending updated weights to server...
    [Client 7] Round 35 - Sending updated weights to server...
    [Client 6] Round 35 - Sending updated weights to server...
    [Client 2] Round 35 - Sending updated weights to server...
Received weights from client 2
Waiting for model weights from client 3...
Received weights from client 3
Waiting for model weights from client 4...
Received weights from client 4
Waiting for model weights from client 5...
Received weights from client 5
Waiting for model weights from client 6...
Received weights from client 6
Waiting for model weights from client 7...
Received weights from client 7
Waiting for model weights from client 8...
Received weights from client 8
Waiting for model weights from client 9...
Received weights from client 9
Waiting for model weights from client 10...
Received weights from client 10
Received system metrics from client 1: {'cpu_time': 34.66999999899417, 'ram_used_mb': 9448.157184, 'net_sent_bytes': 29391, 'net_recv_bytes': 65035, 'gpu_mem_used_mb': 38979.0, 'gpu_load': 0.0, 'client_rank': 1, 'round': 35, 'timestamp': '2025-08-18 12:03:51', 'participated': 1, 'data_size': 4923, 'data_variance': 0.06380366533994675, 'local_loss': 0.31791263818740845, 'local_accuracy': 89.437335729599, 'tn': -520, 'fp': 520, 'fn': 520, 'tp': 4403, 'precision': 0.8962228287490955, 'recall': 0.893830066743927, 'f1': 0.8932072714092568}
Received system metrics from client 2: {'cpu_time': 65.92000000178814, 'ram_used_mb': 9405.2352, 'net_sent_bytes': 62569, 'net_recv_bytes': 74647, 'gpu_mem_used_mb': 38979.0, 'gpu_load': 0.0, 'client_rank': 2, 'round': 35, 'timestamp': '2025-08-18 12:03:52', 'participated': 1, 'data_size': 14087, 'data_variance': 0.0633707344532013, 'local_loss': 0.422314316034317, 'local_accuracy': 85.83090901374817, 'tn': -1996, 'fp': 1996, 'fn': 1996, 'tp': 12091, 'precision': 0.8587376185537247, 'recall': 0.8584446742267376, 'f1': 0.8575178210851548}
Received system metrics from client 3: {'cpu_time': 47.86999999731779, 'ram_used_mb': 8962.920448, 'net_sent_bytes': 34534, 'net_recv_bytes': 72152, 'gpu_mem_used_mb': 38981.0, 'gpu_load': 0.0, 'client_rank': 3, 'round': 35, 'timestamp': '2025-08-18 12:03:51', 'participated': 1, 'data_size': 590, 'data_variance': 0.06486573070287704, 'local_loss': 0.26666003465652466, 'local_accuracy': 91.69491529464722, 'tn': -49, 'fp': 49, 'fn': 49, 'tp': 541, 'precision': 0.9203755944545557, 'recall': 0.9151002225766016, 'f1': 0.9142074609084542}
Received system metrics from client 4: {'cpu_time': 26.8699999935925, 'ram_used_mb': 9774.379008, 'net_sent_bytes': 1063, 'net_recv_bytes': 36814, 'gpu_mem_used_mb': 38979.0, 'gpu_load': 0.0, 'client_rank': 4, 'round': 35, 'timestamp': '2025-08-18 12:03:50', 'participated': 1, 'data_size': 8420, 'data_variance': 0.06345649808645248, 'local_loss': 0.3918350040912628, 'local_accuracy': 86.82897686958313, 'tn': -1109, 'fp': 1109, 'fn': 1109, 'tp': 7311, 'precision': 0.8801643727019659, 'recall': 0.868007480881802, 'f1': 0.8712092815814071}
Received system metrics from client 5: {'cpu_time': 103.7199999988079, 'ram_used_mb': 10020.376576, 'net_sent_bytes': 86133, 'net_recv_bytes': 48430, 'gpu_mem_used_mb': 38979.0, 'gpu_load': 0.0, 'client_rank': 5, 'round': 35, 'timestamp': '2025-08-18 12:03:52', 'participated': 1, 'data_size': 10256, 'data_variance': 0.06330867111682892, 'local_loss': 0.4691566824913025, 'local_accuracy': 83.4730863571167, 'tn': -1695, 'fp': 1695, 'fn': 1695, 'tp': 8561, 'precision': 0.8537677429208635, 'recall': 0.8348197784119342, 'f1': 0.8371174181155391}
Received system metrics from client 6: {'cpu_time': 43.58999999985099, 'ram_used_mb': 9242.68544, 'net_sent_bytes': 84037, 'net_recv_bytes': 95023, 'gpu_mem_used_mb': 38981.0, 'gpu_load': 0.01, 'client_rank': 6, 'round': 35, 'timestamp': '2025-08-18 12:03:50', 'participated': 1, 'data_size': 1456, 'data_variance': 0.061793986707925797, 'local_loss': 0.26120486855506897, 'local_accuracy': 91.34615659713745, 'tn': -126, 'fp': 126, 'fn': 126, 'tp': 1330, 'precision': 0.9159397512388623, 'recall': 0.9125621108185398, 'f1': 0.9132185713433232}
Received system metrics from client 7: {'cpu_time': 33.48000000230968, 'ram_used_mb': 9446.178816, 'net_sent_bytes': 32584, 'net_recv_bytes': 33680, 'gpu_mem_used_mb': 38979.0, 'gpu_load': 0.0, 'client_rank': 7, 'round': 35, 'timestamp': '2025-08-18 12:03:50', 'participated': 1, 'data_size': 4502, 'data_variance': 0.06294825673103333, 'local_loss': 0.3017122745513916, 'local_accuracy': 90.47090411186218, 'tn': -429, 'fp': 429, 'fn': 429, 'tp': 4073, 'precision': 0.9058368138474855, 'recall': 0.9039564586953792, 'f1': 0.9036418280570151}
Received system metrics from client 8: {'cpu_time': 127.54000000003725, 'ram_used_mb': 9069.34272, 'net_sent_bytes': 31793, 'net_recv_bytes': 33439, 'gpu_mem_used_mb': 38979.0, 'gpu_load': 0.0, 'client_rank': 8, 'round': 35, 'timestamp': '2025-08-18 12:03:49', 'participated': 1, 'data_size': 1044, 'data_variance': 0.06484082341194153, 'local_loss': 0.2585303485393524, 'local_accuracy': 91.76245331764221, 'tn': -86, 'fp': 86, 'fn': 86, 'tp': 958, 'precision': 0.9234100032061019, 'recall': 0.9195237657547348, 'f1': 0.9177607673690205}
Received system metrics from client 9: {'cpu_time': 44.07000000029802, 'ram_used_mb': 9432.86272, 'net_sent_bytes': 90862, 'net_recv_bytes': 95933, 'gpu_mem_used_mb': 38979.0, 'gpu_load': 0.0, 'client_rank': 9, 'round': 35, 'timestamp': '2025-08-18 12:03:50', 'participated': 1, 'data_size': 4597, 'data_variance': 0.062255386263132095, 'local_loss': 0.30691489577293396, 'local_accuracy': 89.90646004676819, 'tn': -464, 'fp': 464, 'fn': 464, 'tp': 4133, 'precision': 0.9037570646683296, 'recall': 0.9003212431253358, 'f1': 0.8997819562911079}
Received system metrics from client 10: {'cpu_time': 60.75, 'ram_used_mb': 8908.439552, 'net_sent_bytes': 55062, 'net_recv_bytes': 90901, 'gpu_mem_used_mb': 38977.0, 'gpu_load': 0.0, 'client_rank': 10, 'round': 35, 'timestamp': '2025-08-18 12:03:50', 'participated': 1, 'data_size': 124, 'data_variance': 0.06624379754066467, 'local_loss': 0.1771157830953598, 'local_accuracy': 92.7419364452362, 'tn': -9, 'fp': 9, 'fn': 9, 'tp': 115, 'precision': 0.9174159174159173, 'recall': 0.9255844155844155, 'f1': 0.9180375382294423}
[selector] ERROR at round 35: can only concatenate list (not "dict") to list
[selector] Round 35: participants used in averaging = 10/10
Averaging model weights...
Evaluating updated global model on test set...
    [Client 7] Round 36 - Waiting for global weights...
    [Client 3] Round 36 - Waiting for global weights...
    [Client 1] Round 36 - Waiting for global weights...
    [Client 2] Round 36 - Waiting for global weights...
    [Client 8] Round 36 - Waiting for global weights...
    [Client 10] Round 36 - Waiting for global weights...
    [Client 4] Round 36 - Waiting for global weights...
    [Client 6] Round 36 - Waiting for global weights...
    [Client 9] Round 36 - Waiting for global weights...
    [Client 5] Round 36 - Waiting for global weights...
Round 35 Evaluation - Accuracy: 0.8314, Loss: 0.5001

===== Round 36 =====
Broadcasting global model to all clients...
Waiting for model weights from client 1...
    [Client 7] Round 36 - Training on local data...
    [Client 10] Round 36 - Training on local data...
    [Client 2] Round 36 - Training on local data...
    [Client 9] Round 36 - Training on local data...
    [Client 3] Round 36 - Training on local data...
    [Client 1] Round 36 - Training on local data...
    [Client 8] Round 36 - Training on local data...
    [Client 6] Round 36 - Training on local data...
    [Client 5] Round 36 - Training on local data...
    [Client 4] Round 36 - Training on local data...
    [Client 3] Round 36 - Sending updated weights to server...
    [Client 7] Round 36 - Sending updated weights to server...
    [Client 9] Round 36 - Sending updated weights to server...
    [Client 4] Round 36 - Sending updated weights to server...
    [Client 10] Round 36 - Sending updated weights to server...
    [Client 8] Round 36 - Sending updated weights to server...
    [Client 2] Round 36 - Sending updated weights to server...
    [Client 1] Round 36 - Sending updated weights to server...
Received weights from client 1
Waiting for model weights from client 2...
Received weights from client 2
Waiting for model weights from client 3...
Received weights from client 3
Waiting for model weights from client 4...
Received weights from client 4
Waiting for model weights from client 5...
    [Client 5] Round 36 - Sending updated weights to server...
Received weights from client 5
Waiting for model weights from client 6...
    [Client 6] Round 36 - Sending updated weights to server...
Received weights from client 6
Waiting for model weights from client 7...
Received weights from client 7
Waiting for model weights from client 8...
Received weights from client 8
Waiting for model weights from client 9...
Received weights from client 9
Waiting for model weights from client 10...
Received weights from client 10
Received system metrics from client 1: {'cpu_time': 33.83999999985099, 'ram_used_mb': 9617.772544, 'net_sent_bytes': 2866, 'net_recv_bytes': 33306, 'gpu_mem_used_mb': 38981.0, 'gpu_load': 0.0, 'client_rank': 1, 'round': 36, 'timestamp': '2025-08-18 12:04:06', 'participated': 1, 'data_size': 4923, 'data_variance': 0.06380366533994675, 'local_loss': 0.29909080266952515, 'local_accuracy': 89.88421559333801, 'tn': -498, 'fp': 498, 'fn': 498, 'tp': 4425, 'precision': 0.9045664316907007, 'recall': 0.8990482079855372, 'f1': 0.8996939386837621}
Received system metrics from client 2: {'cpu_time': 57.399999998509884, 'ram_used_mb': 9572.110336, 'net_sent_bytes': 2881, 'net_recv_bytes': 37292, 'gpu_mem_used_mb': 38981.0, 'gpu_load': 0.0, 'client_rank': 2, 'round': 36, 'timestamp': '2025-08-18 12:04:07', 'participated': 1, 'data_size': 14087, 'data_variance': 0.0633707344532013, 'local_loss': 0.4281806945800781, 'local_accuracy': 85.18491983413696, 'tn': -2087, 'fp': 2087, 'fn': 2087, 'tp': 12000, 'precision': 0.8557977953089795, 'recall': 0.8523436080159295, 'f1': 0.8497322328760315}
Received system metrics from client 3: {'cpu_time': 40.479999996721745, 'ram_used_mb': 9146.896384, 'net_sent_bytes': 2066, 'net_recv_bytes': 29783, 'gpu_mem_used_mb': 38981.0, 'gpu_load': 0.0, 'client_rank': 3, 'round': 36, 'timestamp': '2025-08-18 12:04:05', 'participated': 1, 'data_size': 590, 'data_variance': 0.06486573070287704, 'local_loss': 0.21450546383857727, 'local_accuracy': 93.72881650924683, 'tn': -37, 'fp': 37, 'fn': 37, 'tp': 553, 'precision': 0.9394669699015173, 'recall': 0.9352913636161523, 'f1': 0.936643258071952}
Received system metrics from client 4: {'cpu_time': 27.099999997764826, 'ram_used_mb': 10007.998464, 'net_sent_bytes': 44051, 'net_recv_bytes': 52396, 'gpu_mem_used_mb': 38979.0, 'gpu_load': 0.0, 'client_rank': 4, 'round': 36, 'timestamp': '2025-08-18 12:04:06', 'participated': 1, 'data_size': 8420, 'data_variance': 0.06345649808645248, 'local_loss': 0.3420085310935974, 'local_accuracy': 88.28978538513184, 'tn': -986, 'fp': 986, 'fn': 986, 'tp': 7434, 'precision': 0.890303219325042, 'recall': 0.8828144092863424, 'f1': 0.8850304744485749}
Received system metrics from client 5: {'cpu_time': 102.85999999940395, 'ram_used_mb': 10241.732608, 'net_sent_bytes': 59992, 'net_recv_bytes': 43712, 'gpu_mem_used_mb': 38981.0, 'gpu_load': 0.0, 'client_rank': 5, 'round': 36, 'timestamp': '2025-08-18 12:04:07', 'participated': 1, 'data_size': 10256, 'data_variance': 0.06330867111682892, 'local_loss': 0.3652563989162445, 'local_accuracy': 87.2952401638031, 'tn': -1304, 'fp': 1304, 'fn': 1304, 'tp': 8952, 'precision': 0.8776559595421045, 'recall': 0.8736857280346527, 'f1': 0.8735923861270141}
Received system metrics from client 6: {'cpu_time': 48.29999999701977, 'ram_used_mb': 9439.940608, 'net_sent_bytes': 60663, 'net_recv_bytes': 92176, 'gpu_mem_used_mb': 38981.0, 'gpu_load': 0.0, 'client_rank': 6, 'round': 36, 'timestamp': '2025-08-18 12:04:06', 'participated': 1, 'data_size': 1456, 'data_variance': 0.061793986707925797, 'local_loss': 0.28886595368385315, 'local_accuracy': 91.00274443626404, 'tn': -131, 'fp': 131, 'fn': 131, 'tp': 1325, 'precision': 0.9174921716896179, 'recall': 0.9086954495785111, 'f1': 0.9093173767115277}
Received system metrics from client 7: {'cpu_time': 33.57000000029802, 'ram_used_mb': 9668.48512, 'net_sent_bytes': 41948, 'net_recv_bytes': 47552, 'gpu_mem_used_mb': 38981.0, 'gpu_load': 0.0, 'client_rank': 7, 'round': 36, 'timestamp': '2025-08-18 12:04:06', 'participated': 1, 'data_size': 4502, 'data_variance': 0.06294825673103333, 'local_loss': 0.3537472188472748, 'local_accuracy': 88.20524215698242, 'tn': -530, 'fp': 530, 'fn': 530, 'tp': 3972, 'precision': 0.8883325364238404, 'recall': 0.8810817434809323, 'f1': 0.8820616877165186}
Received system metrics from client 8: {'cpu_time': 122.01000000024214, 'ram_used_mb': 9277.751296, 'net_sent_bytes': 11774, 'net_recv_bytes': 35497, 'gpu_mem_used_mb': 38981.0, 'gpu_load': 0.0, 'client_rank': 8, 'round': 36, 'timestamp': '2025-08-18 12:04:06', 'participated': 1, 'data_size': 1044, 'data_variance': 0.06484082341194153, 'local_loss': 0.21597589552402496, 'local_accuracy': 93.8697338104248, 'tn': -64, 'fp': 64, 'fn': 64, 'tp': 980, 'precision': 0.939699080707911, 'recall': 0.9383264807897952, 'f1': 0.9386700970638293}
Received system metrics from client 9: {'cpu_time': 43.850000001490116, 'ram_used_mb': 9674.223616, 'net_sent_bytes': 60858, 'net_recv_bytes': 92007, 'gpu_mem_used_mb': 38981.0, 'gpu_load': 0.0, 'client_rank': 9, 'round': 36, 'timestamp': '2025-08-18 12:04:06', 'participated': 1, 'data_size': 4597, 'data_variance': 0.062255386263132095, 'local_loss': 0.2843620479106903, 'local_accuracy': 90.62432050704956, 'tn': -431, 'fp': 431, 'fn': 431, 'tp': 4166, 'precision': 0.9075846486613584, 'recall': 0.9072463563786481, 'f1': 0.9061739622903936}
Received system metrics from client 10: {'cpu_time': 59.10999999940395, 'ram_used_mb': 9107.668992, 'net_sent_bytes': 121059, 'net_recv_bytes': 102573, 'gpu_mem_used_mb': 38979.0, 'gpu_load': 0.0, 'client_rank': 10, 'round': 36, 'timestamp': '2025-08-18 12:04:06', 'participated': 1, 'data_size': 124, 'data_variance': 0.06624379754066467, 'local_loss': 0.15589645504951477, 'local_accuracy': 95.16128897666931, 'tn': -6, 'fp': 6, 'fn': 6, 'tp': 118, 'precision': 0.9457749766573296, 'recall': 0.9360606060606061, 'f1': 0.9365675231836559}
[selector] ERROR at round 36: can only concatenate list (not "dict") to list
[selector] Round 36: participants used in averaging = 10/10
Averaging model weights...
Evaluating updated global model on test set...
    [Client 1] Round 37 - Waiting for global weights...
    [Client 3] Round 37 - Waiting for global weights...
    [Client 2] Round 37 - Waiting for global weights...
    [Client 4] Round 37 - Waiting for global weights...
    [Client 8] Round 37 - Waiting for global weights...
    [Client 6] Round 37 - Waiting for global weights...
    [Client 9] Round 37 - Waiting for global weights...
    [Client 5] Round 37 - Waiting for global weights...
    [Client 7] Round 37 - Waiting for global weights...
    [Client 10] Round 37 - Waiting for global weights...
Round 36 Evaluation - Accuracy: 0.8313, Loss: 0.4995

===== Round 37 =====
Broadcasting global model to all clients...
Waiting for model weights from client 1...
    [Client 8] Round 37 - Training on local data...
    [Client 4] Round 37 - Training on local data...
    [Client 6] Round 37 - Training on local data...
    [Client 1] Round 37 - Training on local data...
    [Client 9] Round 37 - Training on local data...
    [Client 5] Round 37 - Training on local data...
    [Client 3] Round 37 - Training on local data...
    [Client 7] Round 37 - Training on local data...
    [Client 10] Round 37 - Training on local data...
    [Client 2] Round 37 - Training on local data...
    [Client 10] Round 37 - Sending updated weights to server...
    [Client 8] Round 37 - Sending updated weights to server...
    [Client 7] Round 37 - Sending updated weights to server...
    [Client 1] Round 37 - Sending updated weights to server...
Received weights from client 1
Waiting for model weights from client 2...
    [Client 9] Round 37 - Sending updated weights to server...
    [Client 3] Round 37 - Sending updated weights to server...
    [Client 4] Round 37 - Sending updated weights to server...
    [Client 5] Round 37 - Sending updated weights to server...
    [Client 6] Round 37 - Sending updated weights to server...
    [Client 2] Round 37 - Sending updated weights to server...
Received weights from client 2
Waiting for model weights from client 3...
Received weights from client 3
Waiting for model weights from client 4...
Received weights from client 4
Waiting for model weights from client 5...
Received weights from client 5
Waiting for model weights from client 6...
Received weights from client 6
Waiting for model weights from client 7...
Received weights from client 7
Waiting for model weights from client 8...
Received weights from client 8
Waiting for model weights from client 9...
Received weights from client 9
Waiting for model weights from client 10...
Received weights from client 10
Received system metrics from client 1: {'cpu_time': 34.02999999932945, 'ram_used_mb': 9802.702848, 'net_sent_bytes': 2688, 'net_recv_bytes': 30750, 'gpu_mem_used_mb': 38981.0, 'gpu_load': 0.0, 'client_rank': 1, 'round': 37, 'timestamp': '2025-08-18 12:04:24', 'participated': 1, 'data_size': 4923, 'data_variance': 0.06380366533994675, 'local_loss': 0.28955960273742676, 'local_accuracy': 90.08734226226807, 'tn': -488, 'fp': 488, 'fn': 488, 'tp': 4435, 'precision': 0.905298180648441, 'recall': 0.9010500220788744, 'f1': 0.9017644659986124}
Received system metrics from client 2: {'cpu_time': 59.42999999970198, 'ram_used_mb': 9835.143168, 'net_sent_bytes': 32535, 'net_recv_bytes': 33839, 'gpu_mem_used_mb': 38981.0, 'gpu_load': 0.0, 'client_rank': 2, 'round': 37, 'timestamp': '2025-08-18 12:04:25', 'participated': 1, 'data_size': 14087, 'data_variance': 0.0633707344532013, 'local_loss': 0.39082229137420654, 'local_accuracy': 86.68275475502014, 'tn': -1874, 'fp': 1874, 'fn': 1874, 'tp': 12213, 'precision': 0.8724262494460419, 'recall': 0.8671567996914327, 'f1': 0.8675570146375227}
Received system metrics from client 3: {'cpu_time': 41.03999999910593, 'ram_used_mb': 9412.489216, 'net_sent_bytes': 32482, 'net_recv_bytes': 30413, 'gpu_mem_used_mb': 38983.0, 'gpu_load': 0.0, 'client_rank': 3, 'round': 37, 'timestamp': '2025-08-18 12:04:24', 'participated': 1, 'data_size': 590, 'data_variance': 0.06486573070287704, 'local_loss': 0.20294193923473358, 'local_accuracy': 93.89830231666565, 'tn': -36, 'fp': 36, 'fn': 36, 'tp': 554, 'precision': 0.9426098856901113, 'recall': 0.9376681307075294, 'f1': 0.9376662867685166}
Received system metrics from client 4: {'cpu_time': 26.899999998509884, 'ram_used_mb': 10279.124992, 'net_sent_bytes': 2996, 'net_recv_bytes': 34183, 'gpu_mem_used_mb': 38981.0, 'gpu_load': 0.0, 'client_rank': 4, 'round': 37, 'timestamp': '2025-08-18 12:04:24', 'participated': 1, 'data_size': 8420, 'data_variance': 0.06345649808645248, 'local_loss': 0.32567164301872253, 'local_accuracy': 88.72921466827393, 'tn': -949, 'fp': 949, 'fn': 949, 'tp': 7471, 'precision': 0.8918561756431952, 'recall': 0.8870770055348484, 'f1': 0.8871997338188777}
Received system metrics from client 5: {'cpu_time': 103.01999999582767, 'ram_used_mb': 10484.617216, 'net_sent_bytes': 79264, 'net_recv_bytes': 48090, 'gpu_mem_used_mb': 38983.0, 'gpu_load': 0.0, 'client_rank': 5, 'round': 37, 'timestamp': '2025-08-18 12:04:25', 'participated': 1, 'data_size': 10256, 'data_variance': 0.06330867111682892, 'local_loss': 0.35673606395721436, 'local_accuracy': 87.62675523757935, 'tn': -1269, 'fp': 1269, 'fn': 1269, 'tp': 8987, 'precision': 0.8815271016469882, 'recall': 0.8769216008753169, 'f1': 0.8770920055235285}
Received system metrics from client 6: {'cpu_time': 44.96999999880791, 'ram_used_mb': 9674.69056, 'net_sent_bytes': 87034, 'net_recv_bytes': 118302, 'gpu_mem_used_mb': 38983.0, 'gpu_load': 0.0, 'client_rank': 6, 'round': 37, 'timestamp': '2025-08-18 12:04:24', 'participated': 1, 'data_size': 1456, 'data_variance': 0.061793986707925797, 'local_loss': 0.27851808071136475, 'local_accuracy': 91.07142686843872, 'tn': -130, 'fp': 130, 'fn': 130, 'tp': 1326, 'precision': 0.9181227798149377, 'recall': 0.9102530942115994, 'f1': 0.9113611390841421}
Received system metrics from client 7: {'cpu_time': 33.24000000208616, 'ram_used_mb': 9901.019136, 'net_sent_bytes': 34178, 'net_recv_bytes': 35575, 'gpu_mem_used_mb': 38981.0, 'gpu_load': 0.0, 'client_rank': 7, 'round': 37, 'timestamp': '2025-08-18 12:04:24', 'participated': 1, 'data_size': 4502, 'data_variance': 0.06294825673103333, 'local_loss': 0.30653342604637146, 'local_accuracy': 90.04886746406555, 'tn': -447, 'fp': 447, 'fn': 447, 'tp': 4055, 'precision': 0.9044449421392609, 'recall': 0.9002599131588497, 'f1': 0.9012852479682291}
Received system metrics from client 8: {'cpu_time': 124.02999999979511, 'ram_used_mb': 9493.602304, 'net_sent_bytes': 990, 'net_recv_bytes': 29418, 'gpu_mem_used_mb': 38983.0, 'gpu_load': 0.0, 'client_rank': 8, 'round': 37, 'timestamp': '2025-08-18 12:04:24', 'participated': 1, 'data_size': 1044, 'data_variance': 0.06484082341194153, 'local_loss': 0.25855305790901184, 'local_accuracy': 92.337167263031, 'tn': -80, 'fp': 80, 'fn': 80, 'tp': 964, 'precision': 0.9282425929715071, 'recall': 0.9255567292910222, 'f1': 0.9236759995269495}
Received system metrics from client 9: {'cpu_time': 49.4100000038743, 'ram_used_mb': 9902.272512, 'net_sent_bytes': 125562, 'net_recv_bytes': 103554, 'gpu_mem_used_mb': 38983.0, 'gpu_load': 0.0, 'client_rank': 9, 'round': 37, 'timestamp': '2025-08-18 12:04:24', 'participated': 1, 'data_size': 4597, 'data_variance': 0.062255386263132095, 'local_loss': 0.29011082649230957, 'local_accuracy': 90.49379825592041, 'tn': -437, 'fp': 437, 'fn': 437, 'tp': 4160, 'precision': 0.9076121554716318, 'recall': 0.9053115156079523, 'f1': 0.9057141064052789}
Received system metrics from client 10: {'cpu_time': 71.11999999731779, 'ram_used_mb': 9103.511552, 'net_sent_bytes': 98957, 'net_recv_bytes': 125160, 'gpu_mem_used_mb': 38981.0, 'gpu_load': 0.0, 'client_rank': 10, 'round': 37, 'timestamp': '2025-08-18 12:04:24', 'participated': 1, 'data_size': 124, 'data_variance': 0.06624379754066467, 'local_loss': 0.14185895025730133, 'local_accuracy': 95.96773982048035, 'tn': -5, 'fp': 5, 'fn': 5, 'tp': 119, 'precision': 0.9610042735042736, 'recall': 0.956060606060606, 'f1': 0.956726089417091}
[selector] ERROR at round 37: can only concatenate list (not "dict") to list
[selector] Round 37: participants used in averaging = 10/10
Averaging model weights...
Evaluating updated global model on test set...
    [Client 1] Round 38 - Waiting for global weights...
    [Client 7] Round 38 - Waiting for global weights...
    [Client 3] Round 38 - Waiting for global weights...
    [Client 2] Round 38 - Waiting for global weights...
    [Client 4] Round 38 - Waiting for global weights...
    [Client 8] Round 38 - Waiting for global weights...
    [Client 6] Round 38 - Waiting for global weights...
    [Client 10] Round 38 - Waiting for global weights...
    [Client 9] Round 38 - Waiting for global weights...
    [Client 5] Round 38 - Waiting for global weights...
Round 37 Evaluation - Accuracy: 0.8290, Loss: 0.5017

===== Round 38 =====
Broadcasting global model to all clients...
Waiting for model weights from client 1...
    [Client 1] Round 38 - Training on local data...
    [Client 7] Round 38 - Training on local data...
    [Client 3] Round 38 - Training on local data...
    [Client 8] Round 38 - Training on local data...
    [Client 4] Round 38 - Training on local data...
    [Client 9] Round 38 - Training on local data...
    [Client 6] Round 38 - Training on local data...
    [Client 5] Round 38 - Training on local data...
    [Client 2] Round 38 - Training on local data...
    [Client 10] Round 38 - Training on local data...
    [Client 3] Round 38 - Sending updated weights to server...
    [Client 8] Round 38 - Sending updated weights to server...
    [Client 10] Round 38 - Sending updated weights to server...
    [Client 4] Round 38 - Sending updated weights to server...
    [Client 9] Round 38 - Sending updated weights to server...
    [Client 5] Round 38 - Sending updated weights to server...
    [Client 7] Round 38 - Sending updated weights to server...
    [Client 2] Round 38 - Sending updated weights to server...
    [Client 1] Round 38 - Sending updated weights to server...
Received weights from client 1
Waiting for model weights from client 2...
Received weights from client 2
Waiting for model weights from client 3...
Received weights from client 3
Waiting for model weights from client 4...
Received weights from client 4
Waiting for model weights from client 5...
Received weights from client 5
Waiting for model weights from client 6...
    [Client 6] Round 38 - Sending updated weights to server...
Received weights from client 6
Waiting for model weights from client 7...
    [Client 9] Round 39 - Waiting for global weights...
    [Client 7] Round 39 - Waiting for global weights...
    [Client 2] Round 39 - Waiting for global weights...
    [Client 10] Round 39 - Waiting for global weights...
    [Client 4] Round 39 - Waiting for global weights...
    [Client 3] Round 39 - Waiting for global weights...
    [Client 1] Round 39 - Waiting for global weights...
    [Client 8] Round 39 - Waiting for global weights...
    [Client 6] Round 39 - Waiting for global weights...
    [Client 5] Round 39 - Waiting for global weights...
Received weights from client 7
    [Client 9] Round 39 - Training on local data...
    [Client 7] Round 39 - Training on local data...
    [Client 2] Round 39 - Training on local data...
    [Client 10] Round 39 - Training on local data...
    [Client 4] Round 39 - Training on local data...
    [Client 3] Round 39 - Training on local data...
    [Client 1] Round 39 - Training on local data...
    [Client 8] Round 39 - Training on local data...
    [Client 6] Round 39 - Training on local data...
    [Client 5] Round 39 - Training on local data...
Waiting for model weights from client 8...
Received weights from client 8
Waiting for model weights from client 9...
Received weights from client 9
Waiting for model weights from client 10...
Received weights from client 10
Received system metrics from client 1: {'cpu_time': 34.45000000111759, 'ram_used_mb': 9982.91456, 'net_sent_bytes': 43171, 'net_recv_bytes': 48269, 'gpu_mem_used_mb': 38983.0, 'gpu_load': 0.0, 'client_rank': 1, 'round': 38, 'timestamp': '2025-08-18 12:04:37', 'participated': 1, 'data_size': 4923, 'data_variance': 0.06380366533994675, 'local_loss': 0.31972256302833557, 'local_accuracy': 89.2545223236084, 'tn': -529, 'fp': 529, 'fn': 529, 'tp': 4394, 'precision': 0.9017255966101766, 'recall': 0.8934987679051151, 'f1': 0.8927920920765267}
Received system metrics from client 2: {'cpu_time': 56.060000002384186, 'ram_used_mb': 10019.004416, 'net_sent_bytes': 2674, 'net_recv_bytes': 39527, 'gpu_mem_used_mb': 38983.0, 'gpu_load': 0.0, 'client_rank': 2, 'round': 38, 'timestamp': '2025-08-18 12:04:38', 'participated': 1, 'data_size': 14087, 'data_variance': 0.0633707344532013, 'local_loss': 0.4088059961795807, 'local_accuracy': 85.88060140609741, 'tn': -1989, 'fp': 1989, 'fn': 1989, 'tp': 12098, 'precision': 0.8635434567851616, 'recall': 0.8589976308700612, 'f1': 0.85912828806609}
Received system metrics from client 3: {'cpu_time': 40.87000000104308, 'ram_used_mb': 9619.451904, 'net_sent_bytes': 8824, 'net_recv_bytes': 33147, 'gpu_mem_used_mb': 38985.0, 'gpu_load': 0.0, 'client_rank': 3, 'round': 38, 'timestamp': '2025-08-18 12:04:37', 'participated': 1, 'data_size': 590, 'data_variance': 0.06486573070287704, 'local_loss': 0.23159828782081604, 'local_accuracy': 93.89830231666565, 'tn': -36, 'fp': 36, 'fn': 36, 'tp': 554, 'precision': 0.9389897727538055, 'recall': 0.9375261108645587, 'f1': 0.9371894012347368}
Received system metrics from client 4: {'cpu_time': 26.83000000193715, 'ram_used_mb': 10443.812864, 'net_sent_bytes': 38122, 'net_recv_bytes': 52265, 'gpu_mem_used_mb': 38981.0, 'gpu_load': 0.0, 'client_rank': 4, 'round': 38, 'timestamp': '2025-08-18 12:04:37', 'participated': 1, 'data_size': 8420, 'data_variance': 0.06345649808645248, 'local_loss': 0.3152899444103241, 'local_accuracy': 89.56056833267212, 'tn': -879, 'fp': 879, 'fn': 879, 'tp': 7541, 'precision': 0.8959572961349641, 'recall': 0.8959876802577845, 'f1': 0.8947297747639686}
Received system metrics from client 5: {'cpu_time': 102.21999999135733, 'ram_used_mb': 10662.498304, 'net_sent_bytes': 67614, 'net_recv_bytes': 39607, 'gpu_mem_used_mb': 38983.0, 'gpu_load': 0.0, 'client_rank': 5, 'round': 38, 'timestamp': '2025-08-18 12:04:38', 'participated': 1, 'data_size': 10256, 'data_variance': 0.06330867111682892, 'local_loss': 0.3993217349052429, 'local_accuracy': 86.23244762420654, 'tn': -1412, 'fp': 1412, 'fn': 1412, 'tp': 8844, 'precision': 0.8655611266903602, 'recall': 0.8629644552051096, 'f1': 0.8614999462711621}
Received system metrics from client 6: {'cpu_time': 44.310000002384186, 'ram_used_mb': 9874.092032, 'net_sent_bytes': 59520, 'net_recv_bytes': 92190, 'gpu_mem_used_mb': 38983.0, 'gpu_load': 0.0, 'client_rank': 6, 'round': 38, 'timestamp': '2025-08-18 12:04:37', 'participated': 1, 'data_size': 1456, 'data_variance': 0.061793986707925797, 'local_loss': 0.29325026273727417, 'local_accuracy': 89.97252583503723, 'tn': -146, 'fp': 146, 'fn': 146, 'tp': 1310, 'precision': 0.9092103902020297, 'recall': 0.9003214426076486, 'f1': 0.9008754423780371}
Received system metrics from client 7: {'cpu_time': 33.34000000171363, 'ram_used_mb': 10052.243456, 'net_sent_bytes': 40382, 'net_recv_bytes': 53509, 'gpu_mem_used_mb': 38983.0, 'gpu_load': 0.0, 'client_rank': 7, 'round': 38, 'timestamp': '2025-08-18 12:04:37', 'participated': 1, 'data_size': 4502, 'data_variance': 0.06294825673103333, 'local_loss': 0.3042672872543335, 'local_accuracy': 89.89338278770447, 'tn': -455, 'fp': 455, 'fn': 455, 'tp': 4047, 'precision': 0.8989710790050616, 'recall': 0.8982356062760294, 'f1': 0.8982504929286861}
Received system metrics from client 8: {'cpu_time': 107.48999999975786, 'ram_used_mb': 9676.386304, 'net_sent_bytes': 7482, 'net_recv_bytes': 32139, 'gpu_mem_used_mb': 38983.0, 'gpu_load': 0.0, 'client_rank': 8, 'round': 38, 'timestamp': '2025-08-18 12:04:37', 'participated': 1, 'data_size': 1044, 'data_variance': 0.06484082341194153, 'local_loss': 0.20231664180755615, 'local_accuracy': 94.54023241996765, 'tn': -57, 'fp': 57, 'fn': 57, 'tp': 987, 'precision': 0.9476435458403902, 'recall': 0.9446364803093756, 'f1': 0.9454794645142102}
Received system metrics from client 9: {'cpu_time': 44.92000000178814, 'ram_used_mb': 10088.20224, 'net_sent_bytes': 86381, 'net_recv_bytes': 117647, 'gpu_mem_used_mb': 38983.0, 'gpu_load': 0.0, 'client_rank': 9, 'round': 38, 'timestamp': '2025-08-18 12:04:37', 'participated': 1, 'data_size': 4597, 'data_variance': 0.062255386263132095, 'local_loss': 0.28409385681152344, 'local_accuracy': 90.31977653503418, 'tn': -445, 'fp': 445, 'fn': 445, 'tp': 4152, 'precision': 0.9076650811867395, 'recall': 0.9039787742123775, 'f1': 0.9036366629575401}
Received system metrics from client 10: {'cpu_time': 62.78000000119209, 'ram_used_mb': 9299.607552, 'net_sent_bytes': 124228, 'net_recv_bytes': 101173, 'gpu_mem_used_mb': 38981.0, 'gpu_load': 0.0, 'client_rank': 10, 'round': 38, 'timestamp': '2025-08-18 12:04:37', 'participated': 1, 'data_size': 124, 'data_variance': 0.06624379754066467, 'local_loss': 0.12403205037117004, 'local_accuracy': 96.77419066429138, 'tn': -4, 'fp': 4, 'fn': 4, 'tp': 120, 'precision': 0.9692307692307693, 'recall': 0.9709090909090909, 'f1': 0.9690476190476189}
[selector] ERROR at round 38: can only concatenate list (not "dict") to list
[selector] Round 38: participants used in averaging = 10/10
Averaging model weights...
Evaluating updated global model on test set...
Round 38 Evaluation - Accuracy: 0.8340, Loss: 0.4960

===== Round 39 =====
Broadcasting global model to all clients...
Waiting for model weights from client 1...
    [Client 3] Round 39 - Sending updated weights to server...
    [Client 8] Round 39 - Sending updated weights to server...
    [Client 6] Round 39 - Sending updated weights to server...
    [Client 9] Round 39 - Sending updated weights to server...
    [Client 1] Round 39 - Sending updated weights to server...
Received weights from client 1
    [Client 10] Round 39 - Sending updated weights to server...
Waiting for model weights from client 2...
    [Client 4] Round 39 - Sending updated weights to server...
    [Client 2] Round 39 - Sending updated weights to server...
Received weights from client 2
Waiting for model weights from client 3...
Received weights from client 3
Waiting for model weights from client 4...
Received weights from client 4
Waiting for model weights from client 5...
    [Client 5] Round 39 - Sending updated weights to server...
Received weights from client 5
Waiting for model weights from client 6...
Received weights from client 6
Waiting for model weights from client 7...
    [Client 7] Round 39 - Sending updated weights to server...
Received weights from client 7
Waiting for model weights from client 8...
Received weights from client 8
Waiting for model weights from client 9...
Received weights from client 9
Waiting for model weights from client 10...
Received weights from client 10
Received system metrics from client 1: {'cpu_time': 34.389999999664724, 'ram_used_mb': 10234.527744, 'net_sent_bytes': 41973, 'net_recv_bytes': 52463, 'gpu_mem_used_mb': 38985.0, 'gpu_load': 0.0, 'client_rank': 1, 'round': 39, 'timestamp': '2025-08-18 12:04:58', 'participated': 1, 'data_size': 4923, 'data_variance': 0.06380366533994675, 'local_loss': 0.27817201614379883, 'local_accuracy': 90.75766801834106, 'tn': -455, 'fp': 455, 'fn': 455, 'tp': 4468, 'precision': 0.9085847249674647, 'recall': 0.9076893081685278, 'f1': 0.9069944470806102}
Received system metrics from client 2: {'cpu_time': 58.32000000029802, 'ram_used_mb': 10227.208192, 'net_sent_bytes': 47402, 'net_recv_bytes': 59920, 'gpu_mem_used_mb': 38983.0, 'gpu_load': 0.0, 'client_rank': 2, 'round': 39, 'timestamp': '2025-08-18 12:04:59', 'participated': 1, 'data_size': 14087, 'data_variance': 0.0633707344532013, 'local_loss': 0.37632566690444946, 'local_accuracy': 86.71824932098389, 'tn': -1873, 'fp': 1873, 'fn': 1873, 'tp': 12214, 'precision': 0.8688297023351883, 'recall': 0.8665331659880016, 'f1': 0.8662408858465935}
Received system metrics from client 3: {'cpu_time': 40.940000001341105, 'ram_used_mb': 9834.942464, 'net_sent_bytes': 75150, 'net_recv_bytes': 51393, 'gpu_mem_used_mb': 38985.0, 'gpu_load': 0.0, 'client_rank': 3, 'round': 39, 'timestamp': '2025-08-18 12:04:57', 'participated': 1, 'data_size': 590, 'data_variance': 0.06486573070287704, 'local_loss': 0.22615449130535126, 'local_accuracy': 93.89830231666565, 'tn': -36, 'fp': 36, 'fn': 36, 'tp': 554, 'precision': 0.9424324219505881, 'recall': 0.9368420034037651, 'f1': 0.937813107043258}
Received system metrics from client 4: {'cpu_time': 27.010000001639128, 'ram_used_mb': 10681.049088, 'net_sent_bytes': 1054, 'net_recv_bytes': 34569, 'gpu_mem_used_mb': 38983.0, 'gpu_load': 0.0, 'client_rank': 4, 'round': 39, 'timestamp': '2025-08-18 12:04:58', 'participated': 1, 'data_size': 8420, 'data_variance': 0.06345649808645248, 'local_loss': 0.33465638756752014, 'local_accuracy': 88.55106830596924, 'tn': -964, 'fp': 964, 'fn': 964, 'tp': 7456, 'precision': 0.8926897628199173, 'recall': 0.8854266453664275, 'f1': 0.8845911277530257}
Received system metrics from client 5: {'cpu_time': 95.18999999761581, 'ram_used_mb': 10865.119232, 'net_sent_bytes': 29505, 'net_recv_bytes': 66081, 'gpu_mem_used_mb': 38985.0, 'gpu_load': 0.0, 'client_rank': 5, 'round': 39, 'timestamp': '2025-08-18 12:04:59', 'participated': 1, 'data_size': 10256, 'data_variance': 0.06330867111682892, 'local_loss': 0.35586392879486084, 'local_accuracy': 87.54875063896179, 'tn': -1278, 'fp': 1278, 'fn': 1278, 'tp': 8978, 'precision': 0.8777791812038924, 'recall': 0.8759348492272536, 'f1': 0.8756397419854223}
Received system metrics from client 6: {'cpu_time': 44.64000000059605, 'ram_used_mb': 10133.97504, 'net_sent_bytes': 90689, 'net_recv_bytes': 87869, 'gpu_mem_used_mb': 38985.0, 'gpu_load': 0.0, 'client_rank': 6, 'round': 39, 'timestamp': '2025-08-18 12:04:58', 'participated': 1, 'data_size': 1456, 'data_variance': 0.061793986707925797, 'local_loss': 0.23560461401939392, 'local_accuracy': 93.13187003135681, 'tn': -100, 'fp': 100, 'fn': 100, 'tp': 1356, 'precision': 0.9342246664526656, 'recall': 0.9310956632388351, 'f1': 0.9302530182498412}
Received system metrics from client 7: {'cpu_time': 33.55000000074506, 'ram_used_mb': 10285.350912, 'net_sent_bytes': 1204, 'net_recv_bytes': 34529, 'gpu_mem_used_mb': 38985.0, 'gpu_load': 0.0, 'client_rank': 7, 'round': 39, 'timestamp': '2025-08-18 12:04:58', 'participated': 1, 'data_size': 4502, 'data_variance': 0.06294825673103333, 'local_loss': 0.26870623230934143, 'local_accuracy': 91.0484254360199, 'tn': -403, 'fp': 403, 'fn': 403, 'tp': 4099, 'precision': 0.9109981923455797, 'recall': 0.9103455301090856, 'f1': 0.9097904022264542}
Received system metrics from client 8: {'cpu_time': 134.45999999996275, 'ram_used_mb': 9933.594624, 'net_sent_bytes': 48060, 'net_recv_bytes': 55068, 'gpu_mem_used_mb': 38985.0, 'gpu_load': 0.0, 'client_rank': 8, 'round': 39, 'timestamp': '2025-08-18 12:04:58', 'participated': 1, 'data_size': 1044, 'data_variance': 0.06484082341194153, 'local_loss': 0.30200663208961487, 'local_accuracy': 90.32567143440247, 'tn': -101, 'fp': 101, 'fn': 101, 'tp': 943, 'precision': 0.9154585773049853, 'recall': 0.9028340375179923, 'f1': 0.9048224184107256}
Received system metrics from client 9: {'cpu_time': 44.559999994933605, 'ram_used_mb': 10297.544704, 'net_sent_bytes': 94096, 'net_recv_bytes': 106378, 'gpu_mem_used_mb': 38985.0, 'gpu_load': 0.0, 'client_rank': 9, 'round': 39, 'timestamp': '2025-08-18 12:04:58', 'participated': 1, 'data_size': 4597, 'data_variance': 0.062255386263132095, 'local_loss': 0.2774384021759033, 'local_accuracy': 90.77659249305725, 'tn': -424, 'fp': 424, 'fn': 424, 'tp': 4173, 'precision': 0.9069586892679705, 'recall': 0.9087236825702906, 'f1': 0.9072903009477912}
Received system metrics from client 10: {'cpu_time': 61.01000000536442, 'ram_used_mb': 9532.47744, 'net_sent_bytes': 57221, 'net_recv_bytes': 90171, 'gpu_mem_used_mb': 38983.0, 'gpu_load': 0.0, 'client_rank': 10, 'round': 39, 'timestamp': '2025-08-18 12:04:58', 'participated': 1, 'data_size': 124, 'data_variance': 0.06624379754066467, 'local_loss': 0.15693870186805725, 'local_accuracy': 95.16128897666931, 'tn': -6, 'fp': 6, 'fn': 6, 'tp': 118, 'precision': 0.9429365079365079, 'recall': 0.9493939393939395, 'f1': 0.9446265328874024}
[selector] ERROR at round 39: can only concatenate list (not "dict") to list
[selector] Round 39: participants used in averaging = 10/10
Averaging model weights...
Evaluating updated global model on test set...
    [Client 7] Round 40 - Waiting for global weights...
    [Client 3] Round 40 - Waiting for global weights...
    [Client 1] Round 40 - Waiting for global weights...
    [Client 2] Round 40 - Waiting for global weights...
    [Client 4] Round 40 - Waiting for global weights...
    [Client 8] Round 40 - Waiting for global weights...
    [Client 10] Round 40 - Waiting for global weights...
    [Client 6] Round 40 - Waiting for global weights...
    [Client 9] Round 40 - Waiting for global weights...
    [Client 5] Round 40 - Waiting for global weights...
Round 39 Evaluation - Accuracy: 0.8311, Loss: 0.4978

===== Round 40 =====
Broadcasting global model to all clients...
Waiting for model weights from client 1...
    [Client 7] Round 40 - Training on local data...
    [Client 3] Round 40 - Training on local data...
    [Client 9] Round 40 - Training on local data...
    [Client 8] Round 40 - Training on local data...
    [Client 10] Round 40 - Training on local data...
    [Client 6] Round 40 - Training on local data...
    [Client 1] Round 40 - Training on local data...
    [Client 4] Round 40 - Training on local data...
    [Client 2] Round 40 - Training on local data...
    [Client 5] Round 40 - Training on local data...
    [Client 8] Round 40 - Sending updated weights to server...
    [Client 10] Round 40 - Sending updated weights to server...
    [Client 7] Round 40 - Sending updated weights to server...
    [Client 1] Round 40 - Sending updated weights to server...
Received weights from client 1
Waiting for model weights from client 2...
    [Client 2] Round 40 - Sending updated weights to server...
Received weights from client 2
Waiting for model weights from client 3...
    [Client 6] Round 40 - Sending updated weights to server...
    [Client 3] Round 40 - Sending updated weights to server...
Received weights from client 3
Waiting for model weights from client 4...
    [Client 5] Round 40 - Sending updated weights to server...
    [Client 4] Round 40 - Sending updated weights to server...
Received weights from client 4
Waiting for model weights from client 5...
Received weights from client 5
Waiting for model weights from client 6...
Received weights from client 6
Waiting for model weights from client 7...
Received weights from client 7
Waiting for model weights from client 8...
Received weights from client 8
Waiting for model weights from client 9...
    [Client 9] Round 40 - Sending updated weights to server...
Received weights from client 9
Waiting for model weights from client 10...
Received weights from client 10
Received system metrics from client 1: {'cpu_time': 34.419999999925494, 'ram_used_mb': 10488.594432, 'net_sent_bytes': 72111, 'net_recv_bytes': 42512, 'gpu_mem_used_mb': 38985.0, 'gpu_load': 0.0, 'client_rank': 1, 'round': 40, 'timestamp': '2025-08-18 12:05:37', 'participated': 1, 'data_size': 4923, 'data_variance': 0.06380366533994675, 'local_loss': 0.29208892583847046, 'local_accuracy': 89.94515538215637, 'tn': -495, 'fp': 495, 'fn': 495, 'tp': 4428, 'precision': 0.9056264554293989, 'recall': 0.8990867598491337, 'f1': 0.9001486230089112}
Received system metrics from client 2: {'cpu_time': 58.28999999910593, 'ram_used_mb': 10435.64544, 'net_sent_bytes': 3081, 'net_recv_bytes': 38051, 'gpu_mem_used_mb': 38985.0, 'gpu_load': 0.0, 'client_rank': 2, 'round': 40, 'timestamp': '2025-08-18 12:05:38', 'participated': 1, 'data_size': 14087, 'data_variance': 0.0633707344532013, 'local_loss': 0.3540845513343811, 'local_accuracy': 87.68367767333984, 'tn': -1736, 'fp': 1736, 'fn': 1736, 'tp': 12351, 'precision': 0.8787738892839447, 'recall': 0.876491660591943, 'f1': 0.875561590228395}
Received system metrics from client 3: {'cpu_time': 41.12999999895692, 'ram_used_mb': 10059.34592, 'net_sent_bytes': 2228, 'net_recv_bytes': 34336, 'gpu_mem_used_mb': 38987.0, 'gpu_load': 0.0, 'client_rank': 3, 'round': 40, 'timestamp': '2025-08-18 12:05:37', 'participated': 1, 'data_size': 590, 'data_variance': 0.06486573070287704, 'local_loss': 0.19867613911628723, 'local_accuracy': 93.89830231666565, 'tn': -36, 'fp': 36, 'fn': 36, 'tp': 554, 'precision': 0.9415907576453078, 'recall': 0.9381537305818514, 'f1': 0.9386033523701048}
Received system metrics from client 4: {'cpu_time': 27.029999997466803, 'ram_used_mb': 10946.854912, 'net_sent_bytes': 71819, 'net_recv_bytes': 52951, 'gpu_mem_used_mb': 38983.0, 'gpu_load': 0.0, 'client_rank': 4, 'round': 40, 'timestamp': '2025-08-18 12:05:37', 'participated': 1, 'data_size': 8420, 'data_variance': 0.06345649808645248, 'local_loss': 0.32622045278549194, 'local_accuracy': 89.21615481376648, 'tn': -908, 'fp': 908, 'fn': 908, 'tp': 7512, 'precision': 0.8943691122305525, 'recall': 0.8924411318635844, 'f1': 0.8920870855161729}
Received system metrics from client 5: {'cpu_time': 96.23000000417233, 'ram_used_mb': 11132.542976, 'net_sent_bytes': 990, 'net_recv_bytes': 37545, 'gpu_mem_used_mb': 38987.0, 'gpu_load': 0.0, 'client_rank': 5, 'round': 40, 'timestamp': '2025-08-18 12:05:39', 'participated': 1, 'data_size': 10256, 'data_variance': 0.06330867111682892, 'local_loss': 0.39317017793655396, 'local_accuracy': 86.0569417476654, 'tn': -1430, 'fp': 1430, 'fn': 1430, 'tp': 8826, 'precision': 0.8727776220414863, 'recall': 0.8602434323213155, 'f1': 0.861618055307126}
Received system metrics from client 6: {'cpu_time': 43.650000002235174, 'ram_used_mb': 10337.017856, 'net_sent_bytes': 58612, 'net_recv_bytes': 91297, 'gpu_mem_used_mb': 38987.0, 'gpu_load': 0.0, 'client_rank': 6, 'round': 40, 'timestamp': '2025-08-18 12:05:37', 'participated': 1, 'data_size': 1456, 'data_variance': 0.061793986707925797, 'local_loss': 0.25841838121414185, 'local_accuracy': 91.48351550102234, 'tn': -124, 'fp': 124, 'fn': 124, 'tp': 1332, 'precision': 0.916339457704591, 'recall': 0.9144666540851499, 'f1': 0.9137637281662659}
Received system metrics from client 7: {'cpu_time': 33.77999999932945, 'ram_used_mb': 10509.324288, 'net_sent_bytes': 40482, 'net_recv_bytes': 47765, 'gpu_mem_used_mb': 38985.0, 'gpu_load': 0.0, 'client_rank': 7, 'round': 40, 'timestamp': '2025-08-18 12:05:37', 'participated': 1, 'data_size': 4502, 'data_variance': 0.06294825673103333, 'local_loss': 0.2595236599445343, 'local_accuracy': 92.29231476783752, 'tn': -347, 'fp': 347, 'fn': 347, 'tp': 4155, 'precision': 0.9241437009351529, 'recall': 0.9226631031690078, 'f1': 0.921480661167889}
Received system metrics from client 8: {'cpu_time': 117.3800000003539, 'ram_used_mb': 10176.397312, 'net_sent_bytes': 2823, 'net_recv_bytes': 34390, 'gpu_mem_used_mb': 38985.0, 'gpu_load': 0.0, 'client_rank': 8, 'round': 40, 'timestamp': '2025-08-18 12:05:37', 'participated': 1, 'data_size': 1044, 'data_variance': 0.06484082341194153, 'local_loss': 0.17718426883220673, 'local_accuracy': 95.4023003578186, 'tn': -48, 'fp': 48, 'fn': 48, 'tp': 996, 'precision': 0.9531906595864632, 'recall': 0.9535885307174731, 'f1': 0.9527213597031834}
Received system metrics from client 9: {'cpu_time': 41.899999998509884, 'ram_used_mb': 10517.549056, 'net_sent_bytes': 88490, 'net_recv_bytes': 119630, 'gpu_mem_used_mb': 38985.0, 'gpu_load': 0.01, 'client_rank': 9, 'round': 40, 'timestamp': '2025-08-18 12:05:37', 'participated': 1, 'data_size': 4597, 'data_variance': 0.062255386263132095, 'local_loss': 0.32850879430770874, 'local_accuracy': 89.1015887260437, 'tn': -501, 'fp': 501, 'fn': 501, 'tp': 4096, 'precision': 0.8990317952123312, 'recall': 0.8912120708423232, 'f1': 0.8919339504531274}
Received system metrics from client 10: {'cpu_time': 75.07000000029802, 'ram_used_mb': 9749.58592, 'net_sent_bytes': 146203, 'net_recv_bytes': 126269, 'gpu_mem_used_mb': 38983.0, 'gpu_load': 0.0, 'client_rank': 10, 'round': 40, 'timestamp': '2025-08-18 12:05:37', 'participated': 1, 'data_size': 124, 'data_variance': 0.06624379754066467, 'local_loss': 0.12618015706539154, 'local_accuracy': 95.96773982048035, 'tn': -5, 'fp': 5, 'fn': 5, 'tp': 119, 'precision': 0.9592907092907094, 'recall': 0.9584848484848486, 'f1': 0.9578768630039047}
[selector] ERROR at round 40: can only concatenate list (not "dict") to list
[selector] Round 40: participants used in averaging = 10/10
Averaging model weights...
Evaluating updated global model on test set...
    [Client 3] Round 41 - Waiting for global weights...
    [Client 1] Round 41 - Waiting for global weights...
    [Client 7] Round 41 - Waiting for global weights...
    [Client 2] Round 41 - Waiting for global weights...
    [Client 10] Round 41 - Waiting for global weights...
    [Client 4] Round 41 - Waiting for global weights...
    [Client 8] Round 41 - Waiting for global weights...
    [Client 6] Round 41 - Waiting for global weights...
    [Client 9] Round 41 - Waiting for global weights...
    [Client 5] Round 41 - Waiting for global weights...
Round 40 Evaluation - Accuracy: 0.8384, Loss: 0.4832

===== Round 41 =====
Broadcasting global model to all clients...
Waiting for model weights from client 1...
    [Client 4] Round 41 - Training on local data...
    [Client 1] Round 41 - Training on local data...
    [Client 9] Round 41 - Training on local data...
    [Client 10] Round 41 - Training on local data...
    [Client 6] Round 41 - Training on local data...
    [Client 7] Round 41 - Training on local data...
    [Client 3] Round 41 - Training on local data...
    [Client 8] Round 41 - Training on local data...
    [Client 2] Round 41 - Training on local data...
    [Client 5] Round 41 - Training on local data...
    [Client 3] Round 41 - Sending updated weights to server...
    [Client 10] Round 41 - Sending updated weights to server...
    [Client 6] Round 41 - Sending updated weights to server...
    [Client 9] Round 41 - Sending updated weights to server...
    [Client 1] Round 41 - Sending updated weights to server...
Received weights from client 1
Waiting for model weights from client 2...
    [Client 8] Round 41 - Sending updated weights to server...
    [Client 7] Round 41 - Sending updated weights to server...
    [Client 2] Round 41 - Sending updated weights to server...
Received weights from client 2
Waiting for model weights from client 3...
Received weights from client 3
Waiting for model weights from client 4...
    [Client 4] Round 41 - Sending updated weights to server...
Received weights from client 4
Waiting for model weights from client 5...
    [Client 5] Round 41 - Sending updated weights to server...
Received weights from client 5
Waiting for model weights from client 6...
Received weights from client 6
Waiting for model weights from client 7...
Received weights from client 7
Waiting for model weights from client 8...
Received weights from client 8
Waiting for model weights from client 9...
Received weights from client 9
Waiting for model weights from client 10...
Received weights from client 10
Received system metrics from client 1: {'cpu_time': 34.16000000014901, 'ram_used_mb': 10675.89632, 'net_sent_bytes': 2611, 'net_recv_bytes': 39378, 'gpu_mem_used_mb': 38987.0, 'gpu_load': 0.0, 'client_rank': 1, 'round': 41, 'timestamp': '2025-08-18 12:05:51', 'participated': 1, 'data_size': 4923, 'data_variance': 0.06380366533994675, 'local_loss': 0.2862972319126129, 'local_accuracy': 90.2904748916626, 'tn': -478, 'fp': 478, 'fn': 478, 'tp': 4445, 'precision': 0.9082346983809607, 'recall': 0.9034971137163381, 'f1': 0.9025073865770551}
Received system metrics from client 2: {'cpu_time': 55.349999997764826, 'ram_used_mb': 10666.717184, 'net_sent_bytes': 61547, 'net_recv_bytes': 70533, 'gpu_mem_used_mb': 38987.0, 'gpu_load': 0.0, 'client_rank': 2, 'round': 41, 'timestamp': '2025-08-18 12:05:52', 'participated': 1, 'data_size': 14087, 'data_variance': 0.0633707344532013, 'local_loss': 0.4030802845954895, 'local_accuracy': 86.00127696990967, 'tn': -1972, 'fp': 1972, 'fn': 1972, 'tp': 12115, 'precision': 0.8669377781272128, 'recall': 0.8602477242909089, 'f1': 0.8598072601149609}
Received system metrics from client 3: {'cpu_time': 41.17999999597669, 'ram_used_mb': 10270.06464, 'net_sent_bytes': 3369, 'net_recv_bytes': 35626, 'gpu_mem_used_mb': 38987.0, 'gpu_load': 0.0, 'client_rank': 3, 'round': 41, 'timestamp': '2025-08-18 12:05:51', 'participated': 1, 'data_size': 590, 'data_variance': 0.06486573070287704, 'local_loss': 0.1812208592891693, 'local_accuracy': 95.25423645973206, 'tn': -27, 'fp': 27, 'fn': 27, 'tp': 563, 'precision': 0.9542969290828068, 'recall': 0.952714000670877, 'f1': 0.9531064442264444}
Received system metrics from client 4: {'cpu_time': 31.299999997019768, 'ram_used_mb': 10835.197952, 'net_sent_bytes': 2342, 'net_recv_bytes': 43807, 'gpu_mem_used_mb': 38985.0, 'gpu_load': 0.0, 'client_rank': 4, 'round': 41, 'timestamp': '2025-08-18 12:05:53', 'participated': 1, 'data_size': 8420, 'data_variance': 0.06345649808645248, 'local_loss': 0.2989557087421417, 'local_accuracy': 89.98812437057495, 'tn': -843, 'fp': 843, 'fn': 843, 'tp': 7577, 'precision': 0.9016080087812106, 'recall': 0.9000416622194412, 'f1': 0.8992459896140673}
Received system metrics from client 5: {'cpu_time': 111.43999999761581, 'ram_used_mb': 11069.079552, 'net_sent_bytes': 53547, 'net_recv_bytes': 65194, 'gpu_mem_used_mb': 38987.0, 'gpu_load': 0.0, 'client_rank': 5, 'round': 41, 'timestamp': '2025-08-18 12:05:54', 'participated': 1, 'data_size': 10256, 'data_variance': 0.06330867111682892, 'local_loss': 0.35934165120124817, 'local_accuracy': 87.51950263977051, 'tn': -1279, 'fp': 1279, 'fn': 1279, 'tp': 8977, 'precision': 0.8845131081204132, 'recall': 0.8749693777110412, 'f1': 0.8749131268770249}
Received system metrics from client 6: {'cpu_time': 43.25, 'ram_used_mb': 10542.20288, 'net_sent_bytes': 56449, 'net_recv_bytes': 93230, 'gpu_mem_used_mb': 38987.0, 'gpu_load': 0.0, 'client_rank': 6, 'round': 41, 'timestamp': '2025-08-18 12:05:51', 'participated': 1, 'data_size': 1456, 'data_variance': 0.061793986707925797, 'local_loss': 0.1811254918575287, 'local_accuracy': 94.7802186012268, 'tn': -76, 'fp': 76, 'fn': 76, 'tp': 1380, 'precision': 0.9483985070644814, 'recall': 0.9475443503733896, 'f1': 0.9477131627720233}
Received system metrics from client 7: {'cpu_time': 33.19999999925494, 'ram_used_mb': 10638.237696, 'net_sent_bytes': 32600, 'net_recv_bytes': 33581, 'gpu_mem_used_mb': 38987.0, 'gpu_load': 0.0, 'client_rank': 7, 'round': 41, 'timestamp': '2025-08-18 12:05:51', 'participated': 1, 'data_size': 4502, 'data_variance': 0.06294825673103333, 'local_loss': 0.2600921392440796, 'local_accuracy': 91.47045612335205, 'tn': -384, 'fp': 384, 'fn': 384, 'tp': 4118, 'precision': 0.9182985878329571, 'recall': 0.9142297716473875, 'f1': 0.914231916107887}
Received system metrics from client 8: {'cpu_time': 145.17999999970198, 'ram_used_mb': 10167.885824, 'net_sent_bytes': 32357, 'net_recv_bytes': 42735, 'gpu_mem_used_mb': 38987.0, 'gpu_load': 0.0, 'client_rank': 8, 'round': 41, 'timestamp': '2025-08-18 12:05:52', 'participated': 1, 'data_size': 1044, 'data_variance': 0.06484082341194153, 'local_loss': 0.2346826046705246, 'local_accuracy': 93.1034505367279, 'tn': -72, 'fp': 72, 'fn': 72, 'tp': 972, 'precision': 0.9347105742894829, 'recall': 0.9308741922864561, 'f1': 0.9317269621597815}
Received system metrics from client 9: {'cpu_time': 50.42000000923872, 'ram_used_mb': 10731.393024, 'net_sent_bytes': 155684, 'net_recv_bytes': 117707, 'gpu_mem_used_mb': 38987.0, 'gpu_load': 0.0, 'client_rank': 9, 'round': 41, 'timestamp': '2025-08-18 12:05:51', 'participated': 1, 'data_size': 4597, 'data_variance': 0.062255386263132095, 'local_loss': 0.31209295988082886, 'local_accuracy': 89.4278883934021, 'tn': -486, 'fp': 486, 'fn': 486, 'tp': 4111, 'precision': 0.9004135618877942, 'recall': 0.8940871563684594, 'f1': 0.8948052593775667}
Received system metrics from client 10: {'cpu_time': 61.82999999821186, 'ram_used_mb': 9925.505024, 'net_sent_bytes': 56796, 'net_recv_bytes': 91994, 'gpu_mem_used_mb': 38985.0, 'gpu_load': 0.0, 'client_rank': 10, 'round': 41, 'timestamp': '2025-08-18 12:05:51', 'participated': 1, 'data_size': 124, 'data_variance': 0.06624379754066467, 'local_loss': 0.12871533632278442, 'local_accuracy': 95.16128897666931, 'tn': -6, 'fp': 6, 'fn': 6, 'tp': 118, 'precision': 0.9458852258852259, 'recall': 0.9493939393939395, 'f1': 0.9453778677462887}
[selector] ERROR at round 41: can only concatenate list (not "dict") to list
[selector] Round 41: participants used in averaging = 10/10
Averaging model weights...
Evaluating updated global model on test set...
    [Client 1] Round 42 - Waiting for global weights...
    [Client 5] Round 42 - Waiting for global weights...
Round 41 Evaluation - Accuracy: 0.8377, Loss: 0.4804

===== Round 42 =====
Broadcasting global model to all clients...
    [Client 1] Round 42 - Training on local data...
    [Client 5] Round 42 - Training on local data...
    [Client 7] Round 42 - Waiting for global weights...
    [Client 3] Round 42 - Waiting for global weights...
    [Client 7] Round 42 - Training on local data...
    [Client 3] Round 42 - Training on local data...
    [Client 9] Round 42 - Waiting for global weights...
    [Client 9] Round 42 - Training on local data...
    [Client 2] Round 42 - Waiting for global weights...
    [Client 4] Round 42 - Waiting for global weights...
    [Client 8] Round 42 - Waiting for global weights...
    [Client 6] Round 42 - Waiting for global weights...
    [Client 10] Round 42 - Waiting for global weights...
Waiting for model weights from client 1...
    [Client 4] Round 42 - Training on local data...
    [Client 8] Round 42 - Training on local data...
    [Client 10] Round 42 - Training on local data...
    [Client 2] Round 42 - Training on local data...
    [Client 6] Round 42 - Training on local data...
    [Client 7] Round 42 - Sending updated weights to server...
    [Client 9] Round 42 - Sending updated weights to server...
    [Client 6] Round 42 - Sending updated weights to server...
    [Client 3] Round 42 - Sending updated weights to server...
    [Client 10] Round 42 - Sending updated weights to server...
    [Client 4] Round 42 - Sending updated weights to server...
    [Client 8] Round 42 - Sending updated weights to server...
    [Client 2] Round 42 - Sending updated weights to server...
    [Client 5] Round 42 - Sending updated weights to server...
    [Client 1] Round 42 - Sending updated weights to server...
Received weights from client 1
Waiting for model weights from client 2...
Received weights from client 2
Waiting for model weights from client 3...
Received weights from client 3
Waiting for model weights from client 4...
Received weights from client 4
Waiting for model weights from client 5...
Received weights from client 5
Waiting for model weights from client 6...
Received weights from client 6
Waiting for model weights from client 7...
Received weights from client 7
Waiting for model weights from client 8...
Received weights from client 8
Waiting for model weights from client 9...
Received weights from client 9
Waiting for model weights from client 10...
Received weights from client 10
Received system metrics from client 1: {'cpu_time': 34.669999999925494, 'ram_used_mb': 10667.421696, 'net_sent_bytes': 49843, 'net_recv_bytes': 60700, 'gpu_mem_used_mb': 38987.0, 'gpu_load': 0.0, 'client_rank': 1, 'round': 42, 'timestamp': '2025-08-18 12:06:06', 'participated': 1, 'data_size': 4923, 'data_variance': 0.06380366533994675, 'local_loss': 0.26517581939697266, 'local_accuracy': 91.10298752784729, 'tn': -438, 'fp': 438, 'fn': 438, 'tp': 4485, 'precision': 0.9135842367808646, 'recall': 0.9113234054809807, 'f1': 0.9114225408375223}
Received system metrics from client 2: {'cpu_time': 59.110000003129244, 'ram_used_mb': 10689.826816, 'net_sent_bytes': 949, 'net_recv_bytes': 49177, 'gpu_mem_used_mb': 38987.0, 'gpu_load': 0.0, 'client_rank': 2, 'round': 42, 'timestamp': '2025-08-18 12:06:08', 'participated': 1, 'data_size': 14087, 'data_variance': 0.0633707344532013, 'local_loss': 0.395628422498703, 'local_accuracy': 86.22133731842041, 'tn': -1941, 'fp': 1941, 'fn': 1941, 'tp': 12146, 'precision': 0.8701465166481052, 'recall': 0.8622024374599135, 'f1': 0.8629005005696362}
Received system metrics from client 3: {'cpu_time': 41.310000002384186, 'ram_used_mb': 10298.560512, 'net_sent_bytes': 27337, 'net_recv_bytes': 55685, 'gpu_mem_used_mb': 38989.0, 'gpu_load': 0.0, 'client_rank': 3, 'round': 42, 'timestamp': '2025-08-18 12:06:06', 'participated': 1, 'data_size': 590, 'data_variance': 0.06486573070287704, 'local_loss': 0.19019107520580292, 'local_accuracy': 94.40677762031555, 'tn': -33, 'fp': 33, 'fn': 33, 'tp': 557, 'precision': 0.9468882575803125, 'recall': 0.9433237757510889, 'f1': 0.943309086377227}
Received system metrics from client 4: {'cpu_time': 26.980000000447035, 'ram_used_mb': 11077.5296, 'net_sent_bytes': 74543, 'net_recv_bytes': 65819, 'gpu_mem_used_mb': 38987.0, 'gpu_load': 0.0, 'client_rank': 4, 'round': 42, 'timestamp': '2025-08-18 12:06:07', 'participated': 1, 'data_size': 8420, 'data_variance': 0.06345649808645248, 'local_loss': 0.2808140814304352, 'local_accuracy': 90.9619927406311, 'tn': -761, 'fp': 761, 'fn': 761, 'tp': 7659, 'precision': 0.9122569848576617, 'recall': 0.909584464236502, 'f1': 0.9098548594696864}
Received system metrics from client 5: {'cpu_time': 95.15999999642372, 'ram_used_mb': 11315.77344, 'net_sent_bytes': 4205, 'net_recv_bytes': 50761, 'gpu_mem_used_mb': 38989.0, 'gpu_load': 0.0, 'client_rank': 5, 'round': 42, 'timestamp': '2025-08-18 12:06:07', 'participated': 1, 'data_size': 10256, 'data_variance': 0.06330867111682892, 'local_loss': 0.3607545495033264, 'local_accuracy': 87.55850195884705, 'tn': -1276, 'fp': 1276, 'fn': 1276, 'tp': 8980, 'precision': 0.8825296646994657, 'recall': 0.8753342687821155, 'f1': 0.8742731138162478}
Received system metrics from client 6: {'cpu_time': 44.49999999627471, 'ram_used_mb': 10538.463232, 'net_sent_bytes': 60735, 'net_recv_bytes': 105042, 'gpu_mem_used_mb': 38989.0, 'gpu_load': 0.0, 'client_rank': 6, 'round': 42, 'timestamp': '2025-08-18 12:06:07', 'participated': 1, 'data_size': 1456, 'data_variance': 0.061793986707925797, 'local_loss': 0.18265549838542938, 'local_accuracy': 94.84890103340149, 'tn': -75, 'fp': 75, 'fn': 75, 'tp': 1381, 'precision': 0.9481766756602974, 'recall': 0.9479682184079536, 'f1': 0.9478339679137479}
Received system metrics from client 7: {'cpu_time': 33.59999999962747, 'ram_used_mb': 10673.545216, 'net_sent_bytes': 40233, 'net_recv_bytes': 58594, 'gpu_mem_used_mb': 38987.0, 'gpu_load': 0.0, 'client_rank': 7, 'round': 42, 'timestamp': '2025-08-18 12:06:07', 'participated': 1, 'data_size': 4502, 'data_variance': 0.06294825673103333, 'local_loss': 0.2880004346370697, 'local_accuracy': 90.82629680633545, 'tn': -413, 'fp': 413, 'fn': 413, 'tp': 4089, 'precision': 0.9100368734004929, 'recall': 0.9075102130833633, 'f1': 0.9081230197890392}
Received system metrics from client 8: {'cpu_time': 123.45000000018626, 'ram_used_mb': 10357.313536, 'net_sent_bytes': 7824, 'net_recv_bytes': 43417, 'gpu_mem_used_mb': 38989.0, 'gpu_load': 0.01, 'client_rank': 8, 'round': 42, 'timestamp': '2025-08-18 12:06:07', 'participated': 1, 'data_size': 1044, 'data_variance': 0.06484082341194153, 'local_loss': 0.20044389367103577, 'local_accuracy': 94.15708780288696, 'tn': -61, 'fp': 61, 'fn': 61, 'tp': 983, 'precision': 0.9454099266182606, 'recall': 0.9421373361065879, 'f1': 0.9417498068229427}
Received system metrics from client 9: {'cpu_time': 44.50999999791384, 'ram_used_mb': 10760.37632, 'net_sent_bytes': 57807, 'net_recv_bytes': 101201, 'gpu_mem_used_mb': 38989.0, 'gpu_load': 0.0, 'client_rank': 9, 'round': 42, 'timestamp': '2025-08-18 12:06:07', 'participated': 1, 'data_size': 4597, 'data_variance': 0.062255386263132095, 'local_loss': 0.30585747957229614, 'local_accuracy': 89.47139382362366, 'tn': -484, 'fp': 484, 'fn': 484, 'tp': 4113, 'precision': 0.9023909677850446, 'recall': 0.895347462756383, 'f1': 0.8946901748016728}
Received system metrics from client 10: {'cpu_time': 66.52000000327826, 'ram_used_mb': 10159.566848, 'net_sent_bytes': 126380, 'net_recv_bytes': 120140, 'gpu_mem_used_mb': 38987.0, 'gpu_load': 0.0, 'client_rank': 10, 'round': 42, 'timestamp': '2025-08-18 12:06:07', 'participated': 1, 'data_size': 124, 'data_variance': 0.06624379754066467, 'local_loss': 0.15492157638072968, 'local_accuracy': 93.54838728904724, 'tn': -8, 'fp': 8, 'fn': 8, 'tp': 116, 'precision': 0.9287712287712289, 'recall': 0.9327272727272728, 'f1': 0.9283491412801756}
[selector] ERROR at round 42: can only concatenate list (not "dict") to list
[selector] Round 42: participants used in averaging = 10/10
Averaging model weights...
Evaluating updated global model on test set...
    [Client 1] Round 43 - Waiting for global weights...
    [Client 2] Round 43 - Waiting for global weights...
    [Client 4] Round 43 - Waiting for global weights...
    [Client 8] Round 43 - Waiting for global weights...
    [Client 3] Round 43 - Waiting for global weights...
    [Client 7] Round 43 - Waiting for global weights...
    [Client 10] Round 43 - Waiting for global weights...
    [Client 6] Round 43 - Waiting for global weights...
    [Client 9] Round 43 - Waiting for global weights...
    [Client 5] Round 43 - Waiting for global weights...
Round 42 Evaluation - Accuracy: 0.8391, Loss: 0.4802

===== Round 43 =====
Broadcasting global model to all clients...
Waiting for model weights from client 1...
    [Client 10] Round 43 - Training on local data...
    [Client 1] Round 43 - Training on local data...
    [Client 8] Round 43 - Training on local data...
    [Client 5] Round 43 - Training on local data...
    [Client 4] Round 43 - Training on local data...
    [Client 2] Round 43 - Training on local data...
    [Client 7] Round 43 - Training on local data...
    [Client 9] Round 43 - Training on local data...
    [Client 3] Round 43 - Training on local data...
    [Client 6] Round 43 - Training on local data...
    [Client 10] Round 43 - Sending updated weights to server...
    [Client 8] Round 43 - Sending updated weights to server...
    [Client 3] Round 43 - Sending updated weights to server...
    [Client 9] Round 43 - Sending updated weights to server...
    [Client 4] Round 43 - Sending updated weights to server...
Received weights from client 1
    [Client 2] Round 43 - Sending updated weights to server...
    [Client 1] Round 43 - Sending updated weights to server...
    [Client 6] Round 43 - Sending updated weights to server...
Waiting for model weights from client 2...
Received weights from client 2
Waiting for model weights from client 3...
Received weights from client 3
Waiting for model weights from client 4...
Received weights from client 4
Waiting for model weights from client 5...
    [Client 5] Round 43 - Sending updated weights to server...
Received weights from client 5
Waiting for model weights from client 6...
Received weights from client 6
Waiting for model weights from client 7...
    [Client 7] Round 43 - Sending updated weights to server...
Received weights from client 7
Waiting for model weights from client 8...
Received weights from client 8
Waiting for model weights from client 9...
Received weights from client 9
Waiting for model weights from client 10...
Received weights from client 10
Received system metrics from client 1: {'cpu_time': 33.78000000026077, 'ram_used_mb': 10819.731456, 'net_sent_bytes': 4277, 'net_recv_bytes': 34533, 'gpu_mem_used_mb': 38989.0, 'gpu_load': 0.0, 'client_rank': 1, 'round': 43, 'timestamp': '2025-08-18 12:06:24', 'participated': 1, 'data_size': 4923, 'data_variance': 0.06380366533994675, 'local_loss': 0.24741455912590027, 'local_accuracy': 91.57018065452576, 'tn': -416, 'fp': 416, 'fn': 416, 'tp': 4507, 'precision': 0.9212511861066222, 'recall': 0.9154744091025024, 'f1': 0.9157378639974129}
Received system metrics from client 2: {'cpu_time': 58.41000000014901, 'ram_used_mb': 10886.705152, 'net_sent_bytes': 35388, 'net_recv_bytes': 39291, 'gpu_mem_used_mb': 38989.0, 'gpu_load': 0.0, 'client_rank': 2, 'round': 43, 'timestamp': '2025-08-18 12:06:25', 'participated': 1, 'data_size': 14087, 'data_variance': 0.0633707344532013, 'local_loss': 0.35606205463409424, 'local_accuracy': 87.59849667549133, 'tn': -1748, 'fp': 1748, 'fn': 1748, 'tp': 12339, 'precision': 0.8800614825331621, 'recall': 0.8752874937320009, 'f1': 0.8760934678603828}
Received system metrics from client 3: {'cpu_time': 41.25, 'ram_used_mb': 10481.664, 'net_sent_bytes': 32554, 'net_recv_bytes': 30296, 'gpu_mem_used_mb': 38991.0, 'gpu_load': 0.0, 'client_rank': 3, 'round': 43, 'timestamp': '2025-08-18 12:06:23', 'participated': 1, 'data_size': 590, 'data_variance': 0.06486573070287704, 'local_loss': 0.1757456362247467, 'local_accuracy': 94.40677762031555, 'tn': -33, 'fp': 33, 'fn': 33, 'tp': 557, 'precision': 0.948272880070103, 'recall': 0.9436079373991735, 'f1': 0.9439944056760792}
Received system metrics from client 4: {'cpu_time': 26.82999999821186, 'ram_used_mb': 11240.067072, 'net_sent_bytes': 35271, 'net_recv_bytes': 43668, 'gpu_mem_used_mb': 38987.0, 'gpu_load': 0.0, 'client_rank': 4, 'round': 43, 'timestamp': '2025-08-18 12:06:24', 'participated': 1, 'data_size': 8420, 'data_variance': 0.06345649808645248, 'local_loss': 0.316579133272171, 'local_accuracy': 89.67933654785156, 'tn': -869, 'fp': 869, 'fn': 869, 'tp': 7551, 'precision': 0.9000303115740544, 'recall': 0.8970715318842176, 'f1': 0.8964632127598611}
Received system metrics from client 5: {'cpu_time': 93.9699999988079, 'ram_used_mb': 11544.891392, 'net_sent_bytes': 524, 'net_recv_bytes': 37428, 'gpu_mem_used_mb': 38989.0, 'gpu_load': 0.0, 'client_rank': 5, 'round': 43, 'timestamp': '2025-08-18 12:06:25', 'participated': 1, 'data_size': 10256, 'data_variance': 0.06330867111682892, 'local_loss': 0.3577250838279724, 'local_accuracy': 87.37324476242065, 'tn': -1295, 'fp': 1295, 'fn': 1295, 'tp': 8961, 'precision': 0.8761255016872056, 'recall': 0.8739725318600706, 'f1': 0.8731470693057813}
Received system metrics from client 6: {'cpu_time': 45.38000000268221, 'ram_used_mb': 10734.841856, 'net_sent_bytes': 90360, 'net_recv_bytes': 121583, 'gpu_mem_used_mb': 38989.0, 'gpu_load': 0.01, 'client_rank': 6, 'round': 43, 'timestamp': '2025-08-18 12:06:24', 'participated': 1, 'data_size': 1456, 'data_variance': 0.061793986707925797, 'local_loss': 0.20210197567939758, 'local_accuracy': 93.47527623176575, 'tn': -95, 'fp': 95, 'fn': 95, 'tp': 1361, 'precision': 0.9384091531352894, 'recall': 0.9345432381637495, 'f1': 0.934521524073395}
Received system metrics from client 7: {'cpu_time': 34.37000000104308, 'ram_used_mb': 10841.288704, 'net_sent_bytes': 88821, 'net_recv_bytes': 57222, 'gpu_mem_used_mb': 38989.0, 'gpu_load': 0.0, 'client_rank': 7, 'round': 43, 'timestamp': '2025-08-18 12:06:23', 'participated': 1, 'data_size': 4502, 'data_variance': 0.06294825673103333, 'local_loss': 0.25231000781059265, 'local_accuracy': 92.15903878211975, 'tn': -353, 'fp': 353, 'fn': 353, 'tp': 4149, 'precision': 0.9230374703438106, 'recall': 0.9211731441048681, 'f1': 0.9209222606559602}
Received system metrics from client 8: {'cpu_time': 122.90000000037253, 'ram_used_mb': 10554.90048, 'net_sent_bytes': 320, 'net_recv_bytes': 28960, 'gpu_mem_used_mb': 38989.0, 'gpu_load': 0.0, 'client_rank': 8, 'round': 43, 'timestamp': '2025-08-18 12:06:23', 'participated': 1, 'data_size': 1044, 'data_variance': 0.06484082341194153, 'local_loss': 0.21646913886070251, 'local_accuracy': 94.44444179534912, 'tn': -58, 'fp': 58, 'fn': 58, 'tp': 986, 'precision': 0.9446499300433009, 'recall': 0.9446407754368998, 'f1': 0.9436626249586612}
Received system metrics from client 9: {'cpu_time': 43.75999999791384, 'ram_used_mb': 10927.468544, 'net_sent_bytes': 124978, 'net_recv_bytes': 106733, 'gpu_mem_used_mb': 38989.0, 'gpu_load': 0.0, 'client_rank': 9, 'round': 43, 'timestamp': '2025-08-18 12:06:23', 'participated': 1, 'data_size': 4597, 'data_variance': 0.062255386263132095, 'local_loss': 0.24752014875411987, 'local_accuracy': 91.95127487182617, 'tn': -370, 'fp': 370, 'fn': 370, 'tp': 4227, 'precision': 0.9232629547810205, 'recall': 0.9199365812968476, 'f1': 0.9192977227705479}
Received system metrics from client 10: {'cpu_time': 59.29999999701977, 'ram_used_mb': 10363.318272, 'net_sent_bytes': 88064, 'net_recv_bytes': 115675, 'gpu_mem_used_mb': 38987.0, 'gpu_load': 0.0, 'client_rank': 10, 'round': 43, 'timestamp': '2025-08-18 12:06:23', 'participated': 1, 'data_size': 124, 'data_variance': 0.06624379754066467, 'local_loss': 0.1429949551820755, 'local_accuracy': 95.16128897666931, 'tn': -6, 'fp': 6, 'fn': 6, 'tp': 118, 'precision': 0.9429487179487179, 'recall': 0.9451515151515151, 'f1': 0.938781512605042}
[selector] ERROR at round 43: can only concatenate list (not "dict") to list
[selector] Round 43: participants used in averaging = 10/10
Averaging model weights...
Evaluating updated global model on test set...
    [Client 1] Round 44 - Waiting for global weights...
    [Client 3] Round 44 - Waiting for global weights...
    [Client 7] Round 44 - Waiting for global weights...
    [Client 2] Round 44 - Waiting for global weights...
    [Client 4] Round 44 - Waiting for global weights...
    [Client 8] Round 44 - Waiting for global weights...
    [Client 10] Round 44 - Waiting for global weights...
    [Client 6] Round 44 - Waiting for global weights...
    [Client 9] Round 44 - Waiting for global weights...
    [Client 5] Round 44 - Waiting for global weights...
Round 43 Evaluation - Accuracy: 0.8343, Loss: 0.4871

===== Round 44 =====
Broadcasting global model to all clients...
Waiting for model weights from client 1...
    [Client 10] Round 44 - Training on local data...
    [Client 4] Round 44 - Training on local data...
    [Client 7] Round 44 - Training on local data...
    [Client 1] Round 44 - Training on local data...
    [Client 5] Round 44 - Training on local data...
    [Client 3] Round 44 - Training on local data...
    [Client 9] Round 44 - Training on local data...
    [Client 8] Round 44 - Training on local data...
    [Client 6] Round 44 - Training on local data...
    [Client 2] Round 44 - Training on local data...
    [Client 3] Round 44 - Sending updated weights to server...
    [Client 8] Round 44 - Sending updated weights to server...
    [Client 10] Round 44 - Sending updated weights to server...
    [Client 5] Round 44 - Sending updated weights to server...
    [Client 6] Round 44 - Sending updated weights to server...
    [Client 2] Round 44 - Sending updated weights to server...
Received weights from client 1
Waiting for model weights from client 2...
    [Client 7] Round 44 - Sending updated weights to server...
    [Client 4] Round 44 - Sending updated weights to server...
    [Client 1] Round 44 - Sending updated weights to server...
Received weights from client 2
Waiting for model weights from client 3...
Received weights from client 3
Waiting for model weights from client 4...
Received weights from client 4
Waiting for model weights from client 5...
Received weights from client 5
Waiting for model weights from client 6...
Received weights from client 6
Waiting for model weights from client 7...
Received weights from client 7
Waiting for model weights from client 8...
Received weights from client 8
Waiting for model weights from client 9...
    [Client 9] Round 44 - Sending updated weights to server...
Received weights from client 9
Waiting for model weights from client 10...
Received weights from client 10
Received system metrics from client 1: {'cpu_time': 34.18999999947846, 'ram_used_mb': 11047.047168, 'net_sent_bytes': 32942, 'net_recv_bytes': 35786, 'gpu_mem_used_mb': 38991.0, 'gpu_load': 0.0, 'client_rank': 1, 'round': 44, 'timestamp': '2025-08-18 12:06:38', 'participated': 1, 'data_size': 4923, 'data_variance': 0.06380366533994675, 'local_loss': 0.2630884051322937, 'local_accuracy': 91.16392731666565, 'tn': -435, 'fp': 435, 'fn': 435, 'tp': 4488, 'precision': 0.9195178058669446, 'recall': 0.9121318107021873, 'f1': 0.9131145949769788}
Received system metrics from client 2: {'cpu_time': 58.019999999552965, 'ram_used_mb': 11147.01824, 'net_sent_bytes': 16481, 'net_recv_bytes': 39799, 'gpu_mem_used_mb': 38989.0, 'gpu_load': 0.0, 'client_rank': 2, 'round': 44, 'timestamp': '2025-08-18 12:06:39', 'participated': 1, 'data_size': 14087, 'data_variance': 0.0633707344532013, 'local_loss': 0.35870200395584106, 'local_accuracy': 87.55590319633484, 'tn': -1752, 'fp': 1752, 'fn': 1752, 'tp': 12335, 'precision': 0.8769194958595516, 'recall': 0.8757111547750072, 'f1': 0.87473806244603}
Received system metrics from client 3: {'cpu_time': 41.16000000014901, 'ram_used_mb': 10683.33056, 'net_sent_bytes': 2400, 'net_recv_bytes': 31559, 'gpu_mem_used_mb': 38991.0, 'gpu_load': 0.0, 'client_rank': 3, 'round': 44, 'timestamp': '2025-08-18 12:06:38', 'participated': 1, 'data_size': 590, 'data_variance': 0.06486573070287704, 'local_loss': 0.19197478890419006, 'local_accuracy': 94.40677762031555, 'tn': -33, 'fp': 33, 'fn': 33, 'tp': 557, 'precision': 0.9468375117219263, 'recall': 0.9422068269738464, 'f1': 0.9430283454300893}
Received system metrics from client 4: {'cpu_time': 27.78999999910593, 'ram_used_mb': 11497.79968, 'net_sent_bytes': 83872, 'net_recv_bytes': 59167, 'gpu_mem_used_mb': 38989.0, 'gpu_load': 0.0, 'client_rank': 4, 'round': 44, 'timestamp': '2025-08-18 12:06:39', 'participated': 1, 'data_size': 8420, 'data_variance': 0.06345649808645248, 'local_loss': 0.3161134123802185, 'local_accuracy': 88.90736103057861, 'tn': -934, 'fp': 934, 'fn': 934, 'tp': 7486, 'precision': 0.8964458888960187, 'recall': 0.8896995518813957, 'f1': 0.8892499694351313}
Received system metrics from client 5: {'cpu_time': 92.67000000178814, 'ram_used_mb': 11767.832576, 'net_sent_bytes': 40707, 'net_recv_bytes': 56914, 'gpu_mem_used_mb': 38991.0, 'gpu_load': 0.0, 'client_rank': 5, 'round': 44, 'timestamp': '2025-08-18 12:06:39', 'participated': 1, 'data_size': 10256, 'data_variance': 0.06330867111682892, 'local_loss': 0.3615790605545044, 'local_accuracy': 87.33424544334412, 'tn': -1299, 'fp': 1299, 'fn': 1299, 'tp': 8957, 'precision': 0.8823318994308323, 'recall': 0.8731599355796382, 'f1': 0.8718770080431175}
Received system metrics from client 6: {'cpu_time': 51.57000000029802, 'ram_used_mb': 10947.657728, 'net_sent_bytes': 106227, 'net_recv_bytes': 109256, 'gpu_mem_used_mb': 38991.0, 'gpu_load': 0.0, 'client_rank': 6, 'round': 44, 'timestamp': '2025-08-18 12:06:38', 'participated': 1, 'data_size': 1456, 'data_variance': 0.061793986707925797, 'local_loss': 0.22983364760875702, 'local_accuracy': 92.51373410224915, 'tn': -109, 'fp': 109, 'fn': 109, 'tp': 1347, 'precision': 0.9334990591171174, 'recall': 0.9254710086053247, 'f1': 0.9246719891339599}
Received system metrics from client 7: {'cpu_time': 33.67999999970198, 'ram_used_mb': 11101.63456, 'net_sent_bytes': 98632, 'net_recv_bytes': 77371, 'gpu_mem_used_mb': 38991.0, 'gpu_load': 0.0, 'client_rank': 7, 'round': 44, 'timestamp': '2025-08-18 12:06:38', 'participated': 1, 'data_size': 4502, 'data_variance': 0.06294825673103333, 'local_loss': 0.24453221261501312, 'local_accuracy': 92.44779944419861, 'tn': -340, 'fp': 340, 'fn': 340, 'tp': 4162, 'precision': 0.9236680548528365, 'recall': 0.924099012318756, 'f1': 0.9232130860592115}
Received system metrics from client 8: {'cpu_time': 128.64999999990687, 'ram_used_mb': 10772.50048, 'net_sent_bytes': 1859, 'net_recv_bytes': 35035, 'gpu_mem_used_mb': 38991.0, 'gpu_load': 0.0, 'client_rank': 8, 'round': 44, 'timestamp': '2025-08-18 12:06:38', 'participated': 1, 'data_size': 1044, 'data_variance': 0.06484082341194153, 'local_loss': 0.1777828186750412, 'local_accuracy': 95.88122367858887, 'tn': -43, 'fp': 43, 'fn': 43, 'tp': 1001, 'precision': 0.9584838508402784, 'recall': 0.9602829973383713, 'f1': 0.9589388685017226}
Received system metrics from client 9: {'cpu_time': 45.75, 'ram_used_mb': 11158.065152, 'net_sent_bytes': 107673, 'net_recv_bytes': 128891, 'gpu_mem_used_mb': 38991.0, 'gpu_load': 0.0, 'client_rank': 9, 'round': 44, 'timestamp': '2025-08-18 12:06:38', 'participated': 1, 'data_size': 4597, 'data_variance': 0.062255386263132095, 'local_loss': 0.2233317643404007, 'local_accuracy': 92.93017387390137, 'tn': -325, 'fp': 325, 'fn': 325, 'tp': 4272, 'precision': 0.9320895452424542, 'recall': 0.9298429505168834, 'f1': 0.9302548905726097}
Received system metrics from client 10: {'cpu_time': 71.44999999552965, 'ram_used_mb': 10329.419776, 'net_sent_bytes': 116551, 'net_recv_bytes': 113244, 'gpu_mem_used_mb': 38989.0, 'gpu_load': 0.0, 'client_rank': 10, 'round': 44, 'timestamp': '2025-08-18 12:06:40', 'participated': 1, 'data_size': 124, 'data_variance': 0.06624379754066467, 'local_loss': 0.1348525881767273, 'local_accuracy': 96.77419066429138, 'tn': -4, 'fp': 4, 'fn': 4, 'tp': 120, 'precision': 0.9640796703296705, 'recall': 0.9618181818181817, 'f1': 0.9596374414116349}
[selector] ERROR at round 44: can only concatenate list (not "dict") to list
[selector] Round 44: participants used in averaging = 10/10
Averaging model weights...
Evaluating updated global model on test set...
    [Client 7] Round 45 - Waiting for global weights...
    [Client 3] Round 45 - Waiting for global weights...
    [Client 1] Round 45 - Waiting for global weights...
    [Client 4] Round 45 - Waiting for global weights...
    [Client 2] Round 45 - Waiting for global weights...
    [Client 10] Round 45 - Waiting for global weights...
    [Client 8] Round 45 - Waiting for global weights...
    [Client 6] Round 45 - Waiting for global weights...
    [Client 9] Round 45 - Waiting for global weights...
    [Client 5] Round 45 - Waiting for global weights...
Round 44 Evaluation - Accuracy: 0.8396, Loss: 0.4735

===== Round 45 =====
Broadcasting global model to all clients...
Waiting for model weights from client 1...
    [Client 9] Round 45 - Training on local data...
    [Client 7] Round 45 - Training on local data...
    [Client 1] Round 45 - Training on local data...
    [Client 3] Round 45 - Training on local data...
    [Client 8] Round 45 - Training on local data...
    [Client 4] Round 45 - Training on local data...
    [Client 6] Round 45 - Training on local data...
    [Client 2] Round 45 - Training on local data...
    [Client 10] Round 45 - Training on local data...
    [Client 5] Round 45 - Training on local data...
    [Client 9] Round 45 - Sending updated weights to server...
    [Client 7] Round 45 - Sending updated weights to server...
    [Client 6] Round 45 - Sending updated weights to server...
    [Client 3] Round 45 - Sending updated weights to server...
    [Client 8] Round 45 - Sending updated weights to server...
    [Client 10] Round 45 - Sending updated weights to server...
    [Client 1] Round 45 - Sending updated weights to server...
Received weights from client 1
Waiting for model weights from client 2...
    [Client 5] Round 45 - Sending updated weights to server...
    [Client 2] Round 45 - Sending updated weights to server...
Received weights from client 2
Waiting for model weights from client 3...
Received weights from client 3
Waiting for model weights from client 4...
    [Client 4] Round 45 - Sending updated weights to server...
Received weights from client 4
Waiting for model weights from client 5...
Received weights from client 5
Waiting for model weights from client 6...
Received weights from client 6
Waiting for model weights from client 7...
Received weights from client 7
Waiting for model weights from client 8...
Received weights from client 8
Waiting for model weights from client 9...
Received weights from client 9
Waiting for model weights from client 10...
Received weights from client 10
Received system metrics from client 1: {'cpu_time': 34.85000000055879, 'ram_used_mb': 11296.628736, 'net_sent_bytes': 40264, 'net_recv_bytes': 51552, 'gpu_mem_used_mb': 38991.0, 'gpu_load': 0.0, 'client_rank': 1, 'round': 45, 'timestamp': '2025-08-18 12:06:58', 'participated': 1, 'data_size': 4923, 'data_variance': 0.06380366533994675, 'local_loss': 0.2367217093706131, 'local_accuracy': 92.26081371307373, 'tn': -381, 'fp': 381, 'fn': 381, 'tp': 4542, 'precision': 0.924750023797791, 'recall': 0.9226328197747445, 'f1': 0.9225877790403754}
Received system metrics from client 2: {'cpu_time': 59.21999999880791, 'ram_used_mb': 11368.607744, 'net_sent_bytes': 46273, 'net_recv_bytes': 54780, 'gpu_mem_used_mb': 38991.0, 'gpu_load': 0.0, 'client_rank': 2, 'round': 45, 'timestamp': '2025-08-18 12:06:59', 'participated': 1, 'data_size': 14087, 'data_variance': 0.0633707344532013, 'local_loss': 0.3423139750957489, 'local_accuracy': 88.05991411209106, 'tn': -1683, 'fp': 1683, 'fn': 1683, 'tp': 12404, 'precision': 0.8828077272319733, 'recall': 0.8799618205533808, 'f1': 0.8794828662705291}
Received system metrics from client 3: {'cpu_time': 42.92000000178814, 'ram_used_mb': 10925.621248, 'net_sent_bytes': 88767, 'net_recv_bytes': 55013, 'gpu_mem_used_mb': 38993.0, 'gpu_load': 0.0, 'client_rank': 3, 'round': 45, 'timestamp': '2025-08-18 12:06:57', 'participated': 1, 'data_size': 590, 'data_variance': 0.06486573070287704, 'local_loss': 0.16891516745090485, 'local_accuracy': 94.91525292396545, 'tn': -30, 'fp': 30, 'fn': 30, 'tp': 560, 'precision': 0.9554037999790502, 'recall': 0.9479625428375227, 'f1': 0.9496708691981153}
Received system metrics from client 4: {'cpu_time': 26.75, 'ram_used_mb': 11742.732288, 'net_sent_bytes': 476, 'net_recv_bytes': 32832, 'gpu_mem_used_mb': 38989.0, 'gpu_load': 0.0, 'client_rank': 4, 'round': 45, 'timestamp': '2025-08-18 12:06:58', 'participated': 1, 'data_size': 8420, 'data_variance': 0.06345649808645248, 'local_loss': 0.29245027899742126, 'local_accuracy': 90.36816954612732, 'tn': -810, 'fp': 810, 'fn': 810, 'tp': 7610, 'precision': 0.9107271487750872, 'recall': 0.9034960545274465, 'f1': 0.9046876245674624}
Received system metrics from client 5: {'cpu_time': 96.59000000357628, 'ram_used_mb': 12000.48128, 'net_sent_bytes': 29539, 'net_recv_bytes': 64828, 'gpu_mem_used_mb': 38993.0, 'gpu_load': 0.0, 'client_rank': 5, 'round': 45, 'timestamp': '2025-08-18 12:06:59', 'participated': 1, 'data_size': 10256, 'data_variance': 0.06330867111682892, 'local_loss': 0.3509863018989563, 'local_accuracy': 87.55850195884705, 'tn': -1276, 'fp': 1276, 'fn': 1276, 'tp': 8980, 'precision': 0.8848302135813594, 'recall': 0.8759986171495505, 'f1': 0.8749703065068604}
Received system metrics from client 6: {'cpu_time': 44.94999999925494, 'ram_used_mb': 11147.239424, 'net_sent_bytes': 140195, 'net_recv_bytes': 103579, 'gpu_mem_used_mb': 38993.0, 'gpu_load': 0.0, 'client_rank': 6, 'round': 45, 'timestamp': '2025-08-18 12:06:58', 'participated': 1, 'data_size': 1456, 'data_variance': 0.061793986707925797, 'local_loss': 0.25873908400535583, 'local_accuracy': 92.03296899795532, 'tn': -116, 'fp': 116, 'fn': 116, 'tp': 1340, 'precision': 0.9298098172121556, 'recall': 0.9198049340543868, 'f1': 0.9208541455091597}
Received system metrics from client 7: {'cpu_time': 33.66000000201166, 'ram_used_mb': 11351.937024, 'net_sent_bytes': 786, 'net_recv_bytes': 32596, 'gpu_mem_used_mb': 38991.0, 'gpu_load': 0.01, 'client_rank': 7, 'round': 45, 'timestamp': '2025-08-18 12:06:58', 'participated': 1, 'data_size': 4502, 'data_variance': 0.06294825673103333, 'local_loss': 0.2280581146478653, 'local_accuracy': 93.04753541946411, 'tn': -313, 'fp': 313, 'fn': 313, 'tp': 4189, 'precision': 0.9303621722346893, 'recall': 0.9303023869939162, 'f1': 0.9295310171633664}
Received system metrics from client 8: {'cpu_time': 127.22999999951571, 'ram_used_mb': 11000.336384, 'net_sent_bytes': 55859, 'net_recv_bytes': 56018, 'gpu_mem_used_mb': 38991.0, 'gpu_load': 0.01, 'client_rank': 8, 'round': 45, 'timestamp': '2025-08-18 12:06:57', 'participated': 1, 'data_size': 1044, 'data_variance': 0.06484082341194153, 'local_loss': 0.17175008356571198, 'local_accuracy': 96.07279896736145, 'tn': -41, 'fp': 41, 'fn': 41, 'tp': 1003, 'precision': 0.9626153917027326, 'recall': 0.9601006575116335, 'f1': 0.9605620160973262}
Received system metrics from client 9: {'cpu_time': 53.15999999642372, 'ram_used_mb': 11346.018304, 'net_sent_bytes': 103280, 'net_recv_bytes': 110328, 'gpu_mem_used_mb': 38993.0, 'gpu_load': 0.0, 'client_rank': 9, 'round': 45, 'timestamp': '2025-08-18 12:06:58', 'participated': 1, 'data_size': 4597, 'data_variance': 0.062255386263132095, 'local_loss': 0.26456254720687866, 'local_accuracy': 91.21165871620178, 'tn': -402, 'fp': 402, 'fn': 402, 'tp': 4195, 'precision': 0.9187154772015852, 'recall': 0.912544235842023, 'f1': 0.9124759012332367}
Received system metrics from client 10: {'cpu_time': 67.5300000011921, 'ram_used_mb': 10525.77792, 'net_sent_bytes': 66235, 'net_recv_bytes': 98729, 'gpu_mem_used_mb': 38989.0, 'gpu_load': 0.0, 'client_rank': 10, 'round': 45, 'timestamp': '2025-08-18 12:06:58', 'participated': 1, 'data_size': 124, 'data_variance': 0.06624379754066467, 'local_loss': 0.1457708179950714, 'local_accuracy': 96.77419066429138, 'tn': -4, 'fp': 4, 'fn': 4, 'tp': 120, 'precision': 0.9656162464985995, 'recall': 0.9636363636363636, 'f1': 0.9594876439985136}
[selector] ERROR at round 45: can only concatenate list (not "dict") to list
[selector] Round 45: participants used in averaging = 10/10
Averaging model weights...
Evaluating updated global model on test set...
    [Client 2] Round 46 - Waiting for global weights...
    [Client 4] Round 46 - Waiting for global weights...
    [Client 7] Round 46 - Waiting for global weights...
    [Client 3] Round 46 - Waiting for global weights...
    [Client 1] Round 46 - Waiting for global weights...
    [Client 8] Round 46 - Waiting for global weights...
    [Client 6] Round 46 - Waiting for global weights...
    [Client 10] Round 46 - Waiting for global weights...
    [Client 9] Round 46 - Waiting for global weights...
    [Client 5] Round 46 - Waiting for global weights...
Round 45 Evaluation - Accuracy: 0.8406, Loss: 0.4752

===== Round 46 =====
Broadcasting global model to all clients...
Waiting for model weights from client 1...
    [Client 4] Round 46 - Training on local data...
    [Client 3] Round 46 - Training on local data...
    [Client 9] Round 46 - Training on local data...
    [Client 7] Round 46 - Training on local data...
    [Client 6] Round 46 - Training on local data...
    [Client 2] Round 46 - Training on local data...
    [Client 8] Round 46 - Training on local data...
    [Client 1] Round 46 - Training on local data...
    [Client 10] Round 46 - Training on local data...
    [Client 5] Round 46 - Training on local data...
    [Client 10] Round 46 - Sending updated weights to server...
    [Client 8] Round 46 - Sending updated weights to server...
    [Client 7] Round 46 - Sending updated weights to server...
    [Client 9] Round 46 - Sending updated weights to server...
    [Client 6] Round 46 - Sending updated weights to server...
    [Client 1] Round 46 - Sending updated weights to server...
Received weights from client 1
Waiting for model weights from client 2...
    [Client 4] Round 46 - Sending updated weights to server...
    [Client 3] Round 46 - Sending updated weights to server...
    [Client 2] Round 46 - Sending updated weights to server...
Received weights from client 2
Waiting for model weights from client 3...
Received weights from client 3
Waiting for model weights from client 4...
Received weights from client 4
Waiting for model weights from client 5...
    [Client 5] Round 46 - Sending updated weights to server...
Received weights from client 5
Waiting for model weights from client 6...
Received weights from client 6
Waiting for model weights from client 7...
Received weights from client 7
Waiting for model weights from client 8...
Received weights from client 8
Waiting for model weights from client 9...
Received weights from client 9
Waiting for model weights from client 10...
Received weights from client 10
Received system metrics from client 1: {'cpu_time': 34.639999999664724, 'ram_used_mb': 11506.987008, 'net_sent_bytes': 34209, 'net_recv_bytes': 32899, 'gpu_mem_used_mb': 38993.0, 'gpu_load': 0.0, 'client_rank': 1, 'round': 46, 'timestamp': '2025-08-18 12:07:12', 'participated': 1, 'data_size': 4923, 'data_variance': 0.06380366533994675, 'local_loss': 0.2567324936389923, 'local_accuracy': 90.96079468727112, 'tn': -445, 'fp': 445, 'fn': 445, 'tp': 4478, 'precision': 0.9139413940000919, 'recall': 0.9104672798582149, 'f1': 0.9099845460800472}
Received system metrics from client 2: {'cpu_time': 57.099999997764826, 'ram_used_mb': 11550.916608, 'net_sent_bytes': 1944, 'net_recv_bytes': 32048, 'gpu_mem_used_mb': 38993.0, 'gpu_load': 0.0, 'client_rank': 2, 'round': 46, 'timestamp': '2025-08-18 12:07:13', 'participated': 1, 'data_size': 14087, 'data_variance': 0.0633707344532013, 'local_loss': 0.47082751989364624, 'local_accuracy': 83.48832130432129, 'tn': -2326, 'fp': 2326, 'fn': 2326, 'tp': 11761, 'precision': 0.8542993258268906, 'recall': 0.8343219545075549, 'f1': 0.835924773449082}
Received system metrics from client 3: {'cpu_time': 41.64000000059605, 'ram_used_mb': 11139.538944, 'net_sent_bytes': 669, 'net_recv_bytes': 27843, 'gpu_mem_used_mb': 38993.0, 'gpu_load': 0.0, 'client_rank': 3, 'round': 46, 'timestamp': '2025-08-18 12:07:12', 'participated': 1, 'data_size': 590, 'data_variance': 0.06486573070287704, 'local_loss': 0.15439853072166443, 'local_accuracy': 94.91525292396545, 'tn': -30, 'fp': 30, 'fn': 30, 'tp': 560, 'precision': 0.9502490738637475, 'recall': 0.9472674385738602, 'f1': 0.9480895282944063}
Received system metrics from client 4: {'cpu_time': 26.87999999895692, 'ram_used_mb': 11927.638016, 'net_sent_bytes': 70211, 'net_recv_bytes': 40561, 'gpu_mem_used_mb': 38991.0, 'gpu_load': 0.0, 'client_rank': 4, 'round': 46, 'timestamp': '2025-08-18 12:07:12', 'participated': 1, 'data_size': 8420, 'data_variance': 0.06345649808645248, 'local_loss': 0.3031441569328308, 'local_accuracy': 90.05938172340393, 'tn': -837, 'fp': 837, 'fn': 837, 'tp': 7583, 'precision': 0.9032416006160329, 'recall': 0.9006883371906247, 'f1': 0.8999651952598908}
Received system metrics from client 5: {'cpu_time': 96.98000000417233, 'ram_used_mb': 12165.332992, 'net_sent_bytes': 114700, 'net_recv_bytes': 69052, 'gpu_mem_used_mb': 38993.0, 'gpu_load': 0.0, 'client_rank': 5, 'round': 46, 'timestamp': '2025-08-18 12:07:13', 'participated': 1, 'data_size': 10256, 'data_variance': 0.06330867111682892, 'local_loss': 0.3046456575393677, 'local_accuracy': 89.8108422756195, 'tn': -1045, 'fp': 1045, 'fn': 1045, 'tp': 9211, 'precision': 0.8997868113804269, 'recall': 0.8984409818413759, 'f1': 0.8980706893975933}
Received system metrics from client 6: {'cpu_time': 45.019999999552965, 'ram_used_mb': 11386.433536, 'net_sent_bytes': 60552, 'net_recv_bytes': 90050, 'gpu_mem_used_mb': 38993.0, 'gpu_load': 0.01, 'client_rank': 6, 'round': 46, 'timestamp': '2025-08-18 12:07:12', 'participated': 1, 'data_size': 1456, 'data_variance': 0.061793986707925797, 'local_loss': 0.17328621447086334, 'local_accuracy': 94.84890103340149, 'tn': -75, 'fp': 75, 'fn': 75, 'tp': 1381, 'precision': 0.9489124397685256, 'recall': 0.947998211156498, 'f1': 0.9482437070018938}
Received system metrics from client 7: {'cpu_time': 33.72000000067055, 'ram_used_mb': 11574.505472, 'net_sent_bytes': 36473, 'net_recv_bytes': 46243, 'gpu_mem_used_mb': 38993.0, 'gpu_load': 0.0, 'client_rank': 7, 'round': 46, 'timestamp': '2025-08-18 12:07:12', 'participated': 1, 'data_size': 4502, 'data_variance': 0.06294825673103333, 'local_loss': 0.24544350802898407, 'local_accuracy': 92.07019209861755, 'tn': -357, 'fp': 357, 'fn': 357, 'tp': 4145, 'precision': 0.926188176354103, 'recall': 0.9201959642022599, 'f1': 0.9208354881843912}
Received system metrics from client 8: {'cpu_time': 125.93999999994412, 'ram_used_mb': 11172.384768, 'net_sent_bytes': 2774, 'net_recv_bytes': 32095, 'gpu_mem_used_mb': 38993.0, 'gpu_load': 0.0, 'client_rank': 8, 'round': 46, 'timestamp': '2025-08-18 12:07:12', 'participated': 1, 'data_size': 1044, 'data_variance': 0.06484082341194153, 'local_loss': 0.2326265126466751, 'local_accuracy': 93.39080452919006, 'tn': -69, 'fp': 69, 'fn': 69, 'tp': 975, 'precision': 0.9368498066419481, 'recall': 0.9325500814087462, 'f1': 0.9335041060748293}
Received system metrics from client 9: {'cpu_time': 44.04000000655651, 'ram_used_mb': 11557.974016, 'net_sent_bytes': 61376, 'net_recv_bytes': 92850, 'gpu_mem_used_mb': 38993.0, 'gpu_load': 0.0, 'client_rank': 9, 'round': 46, 'timestamp': '2025-08-18 12:07:12', 'participated': 1, 'data_size': 4597, 'data_variance': 0.062255386263132095, 'local_loss': 0.2827318608760834, 'local_accuracy': 90.31977653503418, 'tn': -445, 'fp': 445, 'fn': 445, 'tp': 4152, 'precision': 0.9095010519670808, 'recall': 0.903647838198754, 'f1': 0.9039045229698125}
Received system metrics from client 10: {'cpu_time': 65.71000000089407, 'ram_used_mb': 10722.050048, 'net_sent_bytes': 56718, 'net_recv_bytes': 83901, 'gpu_mem_used_mb': 38991.0, 'gpu_load': 0.0, 'client_rank': 10, 'round': 46, 'timestamp': '2025-08-18 12:07:12', 'participated': 1, 'data_size': 124, 'data_variance': 0.06624379754066467, 'local_loss': 0.10193415731191635, 'local_accuracy': 98.38709831237793, 'tn': -2, 'fp': 2, 'fn': 2, 'tp': 122, 'precision': 0.9773809523809524, 'recall': 0.9833333333333334, 'f1': 0.97924843246393}
[selector] ERROR at round 46: can only concatenate list (not "dict") to list
[selector] Round 46: participants used in averaging = 10/10
Averaging model weights...
Evaluating updated global model on test set...
    [Client 3] Round 47 - Waiting for global weights...
    [Client 1] Round 47 - Waiting for global weights...
    [Client 7] Round 47 - Waiting for global weights...
    [Client 2] Round 47 - Waiting for global weights...
    [Client 4] Round 47 - Waiting for global weights...
    [Client 8] Round 47 - Waiting for global weights...
    [Client 6] Round 47 - Waiting for global weights...
    [Client 9] Round 47 - Waiting for global weights...
    [Client 5] Round 47 - Waiting for global weights...
    [Client 10] Round 47 - Waiting for global weights...
Round 46 Evaluation - Accuracy: 0.8402, Loss: 0.4758

===== Round 47 =====
Broadcasting global model to all clients...
Waiting for model weights from client 1...
    [Client 9] Round 47 - Training on local data...
    [Client 7] Round 47 - Training on local data...
    [Client 2] Round 47 - Training on local data...
    [Client 10] Round 47 - Training on local data...
    [Client 4] Round 47 - Training on local data...
    [Client 3] Round 47 - Training on local data...
    [Client 1] Round 47 - Training on local data...
    [Client 8] Round 47 - Training on local data...
    [Client 6] Round 47 - Training on local data...
    [Client 5] Round 47 - Training on local data...
    [Client 10] Round 47 - Sending updated weights to server...
    [Client 6] Round 47 - Sending updated weights to server...
    [Client 1] Round 47 - Sending updated weights to server...
Received weights from client 1
Waiting for model weights from client 2...
    [Client 2] Round 47 - Sending updated weights to server...
Received weights from client 2
Waiting for model weights from client 3...
    [Client 4] Round 47 - Sending updated weights to server...
    [Client 9] Round 47 - Sending updated weights to server...
    [Client 5] Round 47 - Sending updated weights to server...
    [Client 3] Round 47 - Sending updated weights to server...
Received weights from client 3
Waiting for model weights from client 4...
Received weights from client 4
Waiting for model weights from client 5...
Received weights from client 5
Waiting for model weights from client 6...
Received weights from client 6
Waiting for model weights from client 7...
    [Client 8] Round 47 - Sending updated weights to server...
    [Client 7] Round 47 - Sending updated weights to server...
Received weights from client 7
Waiting for model weights from client 8...
Received weights from client 8
Waiting for model weights from client 9...
Received weights from client 9
Waiting for model weights from client 10...
Received weights from client 10
Received system metrics from client 1: {'cpu_time': 35.40000000037253, 'ram_used_mb': 11746.086912, 'net_sent_bytes': 43430, 'net_recv_bytes': 34616, 'gpu_mem_used_mb': 38993.0, 'gpu_load': 0.0, 'client_rank': 1, 'round': 47, 'timestamp': '2025-08-18 12:07:41', 'participated': 1, 'data_size': 4923, 'data_variance': 0.06380366533994675, 'local_loss': 0.2444477528333664, 'local_accuracy': 91.71236753463745, 'tn': -408, 'fp': 408, 'fn': 408, 'tp': 4515, 'precision': 0.9193361085382392, 'recall': 0.917796939944919, 'f1': 0.917408724546978}
Received system metrics from client 2: {'cpu_time': 58.85999999567866, 'ram_used_mb': 11766.96832, 'net_sent_bytes': 14864, 'net_recv_bytes': 42840, 'gpu_mem_used_mb': 38993.0, 'gpu_load': 0.0, 'client_rank': 2, 'round': 47, 'timestamp': '2025-08-18 12:07:42', 'participated': 1, 'data_size': 14087, 'data_variance': 0.0633707344532013, 'local_loss': 0.35147321224212646, 'local_accuracy': 87.95343041419983, 'tn': -1697, 'fp': 1697, 'fn': 1697, 'tp': 12390, 'precision': 0.8808080518681877, 'recall': 0.8794961960068932, 'f1': 0.8784582376604615}
Received system metrics from client 3: {'cpu_time': 41.66000000014901, 'ram_used_mb': 11368.77568, 'net_sent_bytes': 39295, 'net_recv_bytes': 41865, 'gpu_mem_used_mb': 38995.0, 'gpu_load': 0.0, 'client_rank': 3, 'round': 47, 'timestamp': '2025-08-18 12:07:40', 'participated': 1, 'data_size': 590, 'data_variance': 0.06486573070287704, 'local_loss': 0.1966615915298462, 'local_accuracy': 93.55932474136353, 'tn': -38, 'fp': 38, 'fn': 38, 'tp': 552, 'precision': 0.9411827135609133, 'recall': 0.9346773322020384, 'f1': 0.9349427505504304}
Received system metrics from client 4: {'cpu_time': 19.67000000178814, 'ram_used_mb': 12199.645184, 'net_sent_bytes': 59950, 'net_recv_bytes': 60666, 'gpu_mem_used_mb': 38993.0, 'gpu_load': 0.0, 'client_rank': 4, 'round': 47, 'timestamp': '2025-08-18 12:07:41', 'participated': 1, 'data_size': 8420, 'data_variance': 0.06345649808645248, 'local_loss': 0.32479074597358704, 'local_accuracy': 88.78859877586365, 'tn': -944, 'fp': 944, 'fn': 944, 'tp': 7476, 'precision': 0.898636238280004, 'recall': 0.8873986816859187, 'f1': 0.8896776412676696}
Received system metrics from client 5: {'cpu_time': 94.74000000208616, 'ram_used_mb': 12410.761216, 'net_sent_bytes': 39802, 'net_recv_bytes': 55109, 'gpu_mem_used_mb': 38995.0, 'gpu_load': 0.0, 'client_rank': 5, 'round': 47, 'timestamp': '2025-08-18 12:07:42', 'participated': 1, 'data_size': 10256, 'data_variance': 0.06330867111682892, 'local_loss': 0.32492414116859436, 'local_accuracy': 88.59204649925232, 'tn': -1169, 'fp': 1169, 'fn': 1169, 'tp': 9087, 'precision': 0.8879053652368283, 'recall': 0.8868096603305711, 'f1': 0.885393504021207}
Received system metrics from client 6: {'cpu_time': 44.45000000298023, 'ram_used_mb': 11586.7648, 'net_sent_bytes': 60851, 'net_recv_bytes': 92649, 'gpu_mem_used_mb': 38995.0, 'gpu_load': 0.0, 'client_rank': 6, 'round': 47, 'timestamp': '2025-08-18 12:07:40', 'participated': 1, 'data_size': 1456, 'data_variance': 0.061793986707925797, 'local_loss': 0.18763083219528198, 'local_accuracy': 95.12362480163574, 'tn': -71, 'fp': 71, 'fn': 71, 'tp': 1385, 'precision': 0.9530764627418385, 'recall': 0.9514765067485034, 'f1': 0.9511861764055698}
Received system metrics from client 7: {'cpu_time': 34.040000000968575, 'ram_used_mb': 11792.699392, 'net_sent_bytes': 39291, 'net_recv_bytes': 50904, 'gpu_mem_used_mb': 38993.0, 'gpu_load': 0.0, 'client_rank': 7, 'round': 47, 'timestamp': '2025-08-18 12:07:40', 'participated': 1, 'data_size': 4502, 'data_variance': 0.06294825673103333, 'local_loss': 0.2763369083404541, 'local_accuracy': 90.58196544647217, 'tn': -424, 'fp': 424, 'fn': 424, 'tp': 4078, 'precision': 0.9130175161141793, 'recall': 0.9054308389534013, 'f1': 0.9069490285501105}
Received system metrics from client 8: {'cpu_time': 126.1699999999255, 'ram_used_mb': 11433.762816, 'net_sent_bytes': 38964, 'net_recv_bytes': 40811, 'gpu_mem_used_mb': 38995.0, 'gpu_load': 0.0, 'client_rank': 8, 'round': 47, 'timestamp': '2025-08-18 12:07:40', 'participated': 1, 'data_size': 1044, 'data_variance': 0.06484082341194153, 'local_loss': 0.12087012082338333, 'local_accuracy': 97.31800556182861, 'tn': -28, 'fp': 28, 'fn': 28, 'tp': 1016, 'precision': 0.9739864968344252, 'recall': 0.972644839201003, 'f1': 0.973012433317954}
Received system metrics from client 9: {'cpu_time': 44.17000000923872, 'ram_used_mb': 11779.260416, 'net_sent_bytes': 58730, 'net_recv_bytes': 86990, 'gpu_mem_used_mb': 38995.0, 'gpu_load': 0.0, 'client_rank': 9, 'round': 47, 'timestamp': '2025-08-18 12:07:40', 'participated': 1, 'data_size': 4597, 'data_variance': 0.062255386263132095, 'local_loss': 0.21748636662960052, 'local_accuracy': 92.79965162277222, 'tn': -331, 'fp': 331, 'fn': 331, 'tp': 4266, 'precision': 0.9296549361386812, 'recall': 0.9284994890610273, 'f1': 0.9285111133924161}
Received system metrics from client 10: {'cpu_time': 62.92999999970198, 'ram_used_mb': 10934.12864, 'net_sent_bytes': 88732, 'net_recv_bytes': 86025, 'gpu_mem_used_mb': 38993.0, 'gpu_load': 0.0, 'client_rank': 10, 'round': 47, 'timestamp': '2025-08-18 12:07:40', 'participated': 1, 'data_size': 124, 'data_variance': 0.06624379754066467, 'local_loss': 0.10846337676048279, 'local_accuracy': 97.5806474685669, 'tn': -3, 'fp': 3, 'fn': 3, 'tp': 121, 'precision': 0.9783653846153847, 'recall': 0.9718181818181819, 'f1': 0.9731777023203169}
[selector] ERROR at round 47: can only concatenate list (not "dict") to list
[selector] Round 47: participants used in averaging = 10/10
Averaging model weights...
Evaluating updated global model on test set...
    [Client 7] Round 48 - Waiting for global weights...
    [Client 3] Round 48 - Waiting for global weights...
    [Client 1] Round 48 - Waiting for global weights...
    [Client 2] Round 48 - Waiting for global weights...
    [Client 4] Round 48 - Waiting for global weights...
    [Client 8] Round 48 - Waiting for global weights...
    [Client 10] Round 48 - Waiting for global weights...
    [Client 6] Round 48 - Waiting for global weights...
    [Client 9] Round 48 - Waiting for global weights...
    [Client 5] Round 48 - Waiting for global weights...
Round 47 Evaluation - Accuracy: 0.8449, Loss: 0.4656

===== Round 48 =====
Broadcasting global model to all clients...
Waiting for model weights from client 1...
    [Client 9] Round 48 - Training on local data...
    [Client 7] Round 48 - Training on local data...
    [Client 3] Round 48 - Training on local data...
    [Client 8] Round 48 - Training on local data...
    [Client 10] Round 48 - Training on local data...
    [Client 6] Round 48 - Training on local data...
    [Client 1] Round 48 - Training on local data...
    [Client 4] Round 48 - Training on local data...
    [Client 2] Round 48 - Training on local data...
    [Client 5] Round 48 - Training on local data...
    [Client 10] Round 48 - Sending updated weights to server...
    [Client 8] Round 48 - Sending updated weights to server...
    [Client 3] Round 48 - Sending updated weights to server...
    [Client 6] Round 48 - Sending updated weights to server...
    [Client 9] Round 48 - Sending updated weights to server...
    [Client 1] Round 48 - Sending updated weights to server...
Received weights from client 1
Waiting for model weights from client 2...
    [Client 7] Round 48 - Sending updated weights to server...
    [Client 5] Round 48 - Sending updated weights to server...
    [Client 4] Round 48 - Sending updated weights to server...
    [Client 2] Round 48 - Sending updated weights to server...
Received weights from client 2
Waiting for model weights from client 3...
Received weights from client 3
Waiting for model weights from client 4...
Received weights from client 4
Waiting for model weights from client 5...
Received weights from client 5
Waiting for model weights from client 6...
Received weights from client 6
Waiting for model weights from client 7...
Received weights from client 7
Waiting for model weights from client 8...
Received weights from client 8
Waiting for model weights from client 9...
Received weights from client 9
Waiting for model weights from client 10...
Received weights from client 10
Received system metrics from client 1: {'cpu_time': 33.85000000055879, 'ram_used_mb': 11951.529984, 'net_sent_bytes': 840, 'net_recv_bytes': 33171, 'gpu_mem_used_mb': 38995.0, 'gpu_load': 0.0, 'client_rank': 1, 'round': 48, 'timestamp': '2025-08-18 12:08:06', 'participated': 1, 'data_size': 4923, 'data_variance': 0.06380366533994675, 'local_loss': 0.24358968436717987, 'local_accuracy': 92.01706051826477, 'tn': -393, 'fp': 393, 'fn': 393, 'tp': 4530, 'precision': 0.924061815767258, 'recall': 0.920505237805475, 'f1': 0.9202851067780025}
Received system metrics from client 2: {'cpu_time': 59.25, 'ram_used_mb': 12010.074112, 'net_sent_bytes': 26124, 'net_recv_bytes': 38297, 'gpu_mem_used_mb': 38995.0, 'gpu_load': 0.0, 'client_rank': 2, 'round': 48, 'timestamp': '2025-08-18 12:08:07', 'participated': 1, 'data_size': 14087, 'data_variance': 0.0633707344532013, 'local_loss': 0.3602268695831299, 'local_accuracy': 87.42812275886536, 'tn': -1772, 'fp': 1772, 'fn': 1772, 'tp': 12315, 'precision': 0.881934238256228, 'recall': 0.874223720885656, 'f1': 0.8744284232291186}
Received system metrics from client 3: {'cpu_time': 34.30000000074506, 'ram_used_mb': 11560.656896, 'net_sent_bytes': 4839, 'net_recv_bytes': 35787, 'gpu_mem_used_mb': 38997.0, 'gpu_load': 0.0, 'client_rank': 3, 'round': 48, 'timestamp': '2025-08-18 12:08:05', 'participated': 1, 'data_size': 590, 'data_variance': 0.06486573070287704, 'local_loss': 0.16889861226081848, 'local_accuracy': 94.40677762031555, 'tn': -33, 'fp': 33, 'fn': 33, 'tp': 557, 'precision': 0.9497818685282452, 'recall': 0.9433125809606352, 'f1': 0.9446549476038809}
Received system metrics from client 4: {'cpu_time': 19.850000005215406, 'ram_used_mb': 12445.003776, 'net_sent_bytes': 56434, 'net_recv_bytes': 58592, 'gpu_mem_used_mb': 38993.0, 'gpu_load': 0.0, 'client_rank': 4, 'round': 48, 'timestamp': '2025-08-18 12:08:06', 'participated': 1, 'data_size': 8420, 'data_variance': 0.06345649808645248, 'local_loss': 0.30215999484062195, 'local_accuracy': 89.46555852890015, 'tn': -888, 'fp': 888, 'fn': 888, 'tp': 7532, 'precision': 0.9009086384198428, 'recall': 0.8945676277309842, 'f1': 0.8944436625361544}
Received system metrics from client 5: {'cpu_time': 97.35999999940395, 'ram_used_mb': 12680.41728, 'net_sent_bytes': 1212, 'net_recv_bytes': 41358, 'gpu_mem_used_mb': 38995.0, 'gpu_load': 0.0, 'client_rank': 5, 'round': 48, 'timestamp': '2025-08-18 12:08:07', 'participated': 1, 'data_size': 10256, 'data_variance': 0.06330867111682892, 'local_loss': 0.36260342597961426, 'local_accuracy': 86.82722449302673, 'tn': -1351, 'fp': 1351, 'fn': 1351, 'tp': 8905, 'precision': 0.8786723154558167, 'recall': 0.867992026889549, 'f1': 0.8659598135277872}
Received system metrics from client 6: {'cpu_time': 43.88000000268221, 'ram_used_mb': 11835.53536, 'net_sent_bytes': 56821, 'net_recv_bytes': 88924, 'gpu_mem_used_mb': 38997.0, 'gpu_load': 0.0, 'client_rank': 6, 'round': 48, 'timestamp': '2025-08-18 12:08:06', 'participated': 1, 'data_size': 1456, 'data_variance': 0.061793986707925797, 'local_loss': 0.15624374151229858, 'local_accuracy': 95.8791196346283, 'tn': -60, 'fp': 60, 'fn': 60, 'tp': 1396, 'precision': 0.9593474376987905, 'recall': 0.9585063850945754, 'f1': 0.95880347670879}
Received system metrics from client 7: {'cpu_time': 33.41000000014901, 'ram_used_mb': 12046.589952, 'net_sent_bytes': 40291, 'net_recv_bytes': 51643, 'gpu_mem_used_mb': 38995.0, 'gpu_load': 0.0, 'client_rank': 7, 'round': 48, 'timestamp': '2025-08-18 12:08:06', 'participated': 1, 'data_size': 4502, 'data_variance': 0.06294825673103333, 'local_loss': 0.22428222000598907, 'local_accuracy': 92.80319809913635, 'tn': -324, 'fp': 324, 'fn': 324, 'tp': 4178, 'precision': 0.9287119410232734, 'recall': 0.9276715032213149, 'f1': 0.9278171048723669}
Received system metrics from client 8: {'cpu_time': 135.03000000026077, 'ram_used_mb': 11627.393024, 'net_sent_bytes': 877, 'net_recv_bytes': 29080, 'gpu_mem_used_mb': 38995.0, 'gpu_load': 0.0, 'client_rank': 8, 'round': 48, 'timestamp': '2025-08-18 12:08:05', 'participated': 1, 'data_size': 1044, 'data_variance': 0.06484082341194153, 'local_loss': 0.20661711692810059, 'local_accuracy': 93.19923520088196, 'tn': -71, 'fp': 71, 'fn': 71, 'tp': 973, 'precision': 0.9348043375337118, 'recall': 0.9336692103861999, 'f1': 0.9323662646977502}
Received system metrics from client 9: {'cpu_time': 45.070000007748604, 'ram_used_mb': 11999.510528, 'net_sent_bytes': 80299, 'net_recv_bytes': 100101, 'gpu_mem_used_mb': 38995.0, 'gpu_load': 0.0, 'client_rank': 9, 'round': 48, 'timestamp': '2025-08-18 12:08:06', 'participated': 1, 'data_size': 4597, 'data_variance': 0.062255386263132095, 'local_loss': 0.24303452670574188, 'local_accuracy': 91.95127487182617, 'tn': -370, 'fp': 370, 'fn': 370, 'tp': 4227, 'precision': 0.9215365345741613, 'recall': 0.9202243864676095, 'f1': 0.9193377346264031}
Received system metrics from client 10: {'cpu_time': 61.48999999463558, 'ram_used_mb': 11124.273152, 'net_sent_bytes': 127137, 'net_recv_bytes': 108098, 'gpu_mem_used_mb': 38993.0, 'gpu_load': 0.0, 'client_rank': 10, 'round': 48, 'timestamp': '2025-08-18 12:08:06', 'participated': 1, 'data_size': 124, 'data_variance': 0.06624379754066467, 'local_loss': 0.07328327745199203, 'local_accuracy': 99.19354915618896, 'tn': -1, 'fp': 1, 'fn': 1, 'tp': 123, 'precision': 0.99375, 'recall': 0.990909090909091, 'f1': 0.9920122887864824}
[selector] ERROR at round 48: can only concatenate list (not "dict") to list
[selector] Round 48: participants used in averaging = 10/10
Averaging model weights...
Evaluating updated global model on test set...
    [Client 1] Round 49 - Waiting for global weights...
    [Client 2] Round 49 - Waiting for global weights...
    [Client 4] Round 49 - Waiting for global weights...
    [Client 7] Round 49 - Waiting for global weights...
    [Client 3] Round 49 - Waiting for global weights...
    [Client 8] Round 49 - Waiting for global weights...
    [Client 10] Round 49 - Waiting for global weights...
    [Client 6] Round 49 - Waiting for global weights...
    [Client 9] Round 49 - Waiting for global weights...
    [Client 5] Round 49 - Waiting for global weights...
Round 48 Evaluation - Accuracy: 0.8416, Loss: 0.4719

===== Round 49 =====
Broadcasting global model to all clients...
Waiting for model weights from client 1...
    [Client 4] Round 49 - Training on local data...
    [Client 1] Round 49 - Training on local data...
    [Client 7] Round 49 - Training on local data...
    [Client 9] Round 49 - Training on local data...
    [Client 3] Round 49 - Training on local data...
    [Client 10] Round 49 - Training on local data...
    [Client 8] Round 49 - Training on local data...
    [Client 2] Round 49 - Training on local data...
    [Client 6] Round 49 - Training on local data...
    [Client 5] Round 49 - Training on local data...
    [Client 9] Round 49 - Sending updated weights to server...
    [Client 10] Round 49 - Sending updated weights to server...
    [Client 7] Round 49 - Sending updated weights to server...
    [Client 2] Round 49 - Sending updated weights to server...
    [Client 1] Round 49 - Sending updated weights to server...
Received weights from client 1
Waiting for model weights from client 2...
Received weights from client 2
Waiting for model weights from client 3...
    [Client 8] Round 49 - Sending updated weights to server...
    [Client 4] Round 49 - Sending updated weights to server...
    [Client 6] Round 49 - Sending updated weights to server...
    [Client 5] Round 49 - Sending updated weights to server...
    [Client 3] Round 49 - Sending updated weights to server...
Received weights from client 3
Waiting for model weights from client 4...
Received weights from client 4
Waiting for model weights from client 5...
Received weights from client 5
Waiting for model weights from client 6...
Received weights from client 6
Waiting for model weights from client 7...
Received weights from client 7
Waiting for model weights from client 8...
Received weights from client 8
Waiting for model weights from client 9...
Received weights from client 9
Waiting for model weights from client 10...
Received weights from client 10
Received system metrics from client 1: {'cpu_time': 26.87000000011176, 'ram_used_mb': 12168.56064, 'net_sent_bytes': 14416, 'net_recv_bytes': 42424, 'gpu_mem_used_mb': 38997.0, 'gpu_load': 0.0, 'client_rank': 1, 'round': 49, 'timestamp': '2025-08-18 12:08:28', 'participated': 1, 'data_size': 4923, 'data_variance': 0.06380366533994675, 'local_loss': 0.2839360535144806, 'local_accuracy': 90.20922183990479, 'tn': -482, 'fp': 482, 'fn': 482, 'tp': 4441, 'precision': 0.9113930586040799, 'recall': 0.9001506321405748, 'f1': 0.90071602243029}
Received system metrics from client 2: {'cpu_time': 57.90999999642372, 'ram_used_mb': 12198.313984, 'net_sent_bytes': 41878, 'net_recv_bytes': 55851, 'gpu_mem_used_mb': 38995.0, 'gpu_load': 0.0, 'client_rank': 2, 'round': 49, 'timestamp': '2025-08-18 12:08:29', 'participated': 1, 'data_size': 14087, 'data_variance': 0.0633707344532013, 'local_loss': 0.33107492327690125, 'local_accuracy': 88.98274898529053, 'tn': -1552, 'fp': 1552, 'fn': 1552, 'tp': 12535, 'precision': 0.8948112104980064, 'recall': 0.8890200203303135, 'f1': 0.8890775346919648}
Received system metrics from client 3: {'cpu_time': 43.32000000029802, 'ram_used_mb': 11764.731904, 'net_sent_bytes': 86456, 'net_recv_bytes': 54879, 'gpu_mem_used_mb': 38997.0, 'gpu_load': 0.0, 'client_rank': 3, 'round': 49, 'timestamp': '2025-08-18 12:08:27', 'participated': 1, 'data_size': 590, 'data_variance': 0.06486573070287704, 'local_loss': 0.14962172508239746, 'local_accuracy': 95.76271176338196, 'tn': -25, 'fp': 25, 'fn': 25, 'tp': 565, 'precision': 0.9569118047469972, 'recall': 0.9574343207206241, 'f1': 0.9569885513846346}
Received system metrics from client 4: {'cpu_time': 22.599999997764826, 'ram_used_mb': 12403.011584, 'net_sent_bytes': 1525, 'net_recv_bytes': 41066, 'gpu_mem_used_mb': 38995.0, 'gpu_load': 0.0, 'client_rank': 4, 'round': 49, 'timestamp': '2025-08-18 12:08:29', 'participated': 1, 'data_size': 8420, 'data_variance': 0.06345649808645248, 'local_loss': 0.26428186893463135, 'local_accuracy': 91.40142798423767, 'tn': -724, 'fp': 724, 'fn': 724, 'tp': 7696, 'precision': 0.91431988285065, 'recall': 0.914442456184555, 'f1': 0.913175179543672}
Received system metrics from client 5: {'cpu_time': 115.83000000566244, 'ram_used_mb': 12538.482688, 'net_sent_bytes': 905, 'net_recv_bytes': 45428, 'gpu_mem_used_mb': 38997.0, 'gpu_load': 0.0, 'client_rank': 5, 'round': 49, 'timestamp': '2025-08-18 12:08:31', 'participated': 1, 'data_size': 10256, 'data_variance': 0.06330867111682892, 'local_loss': 0.2862144708633423, 'local_accuracy': 90.0643527507782, 'tn': -1019, 'fp': 1019, 'fn': 1019, 'tp': 9237, 'precision': 0.9026053792142678, 'recall': 0.900716257829699, 'f1': 0.9003407159248338}
Received system metrics from client 6: {'cpu_time': 45.899999998509884, 'ram_used_mb': 12021.747712, 'net_sent_bytes': 170078, 'net_recv_bytes': 136447, 'gpu_mem_used_mb': 38997.0, 'gpu_load': 0.0, 'client_rank': 6, 'round': 49, 'timestamp': '2025-08-18 12:08:27', 'participated': 1, 'data_size': 1456, 'data_variance': 0.061793986707925797, 'local_loss': 0.14067856967449188, 'local_accuracy': 96.70329689979553, 'tn': -48, 'fp': 48, 'fn': 48, 'tp': 1408, 'precision': 0.9672231555869315, 'recall': 0.9665726912189715, 'f1': 0.9667168793480994}
Received system metrics from client 7: {'cpu_time': 33.49000000208616, 'ram_used_mb': 12215.205888, 'net_sent_bytes': 1416, 'net_recv_bytes': 32912, 'gpu_mem_used_mb': 38997.0, 'gpu_load': 0.0, 'client_rank': 7, 'round': 49, 'timestamp': '2025-08-18 12:08:27', 'participated': 1, 'data_size': 4502, 'data_variance': 0.06294825673103333, 'local_loss': 0.20764471590518951, 'local_accuracy': 93.26965808868408, 'tn': -303, 'fp': 303, 'fn': 303, 'tp': 4199, 'precision': 0.9347857896502543, 'recall': 0.9325973315536944, 'f1': 0.9323116342331845}
Received system metrics from client 8: {'cpu_time': 149.7899999995716, 'ram_used_mb': 11634.393088, 'net_sent_bytes': 53212, 'net_recv_bytes': 59474, 'gpu_mem_used_mb': 38997.0, 'gpu_load': 0.0, 'client_rank': 8, 'round': 49, 'timestamp': '2025-08-18 12:08:29', 'participated': 1, 'data_size': 1044, 'data_variance': 0.06484082341194153, 'local_loss': 0.1557425856590271, 'local_accuracy': 95.49808502197266, 'tn': -47, 'fp': 47, 'fn': 47, 'tp': 997, 'precision': 0.9547669946526047, 'recall': 0.9555612444273315, 'f1': 0.953791931789486}
Received system metrics from client 9: {'cpu_time': 44.189999997615814, 'ram_used_mb': 12196.892672, 'net_sent_bytes': 131419, 'net_recv_bytes': 110140, 'gpu_mem_used_mb': 38997.0, 'gpu_load': 0.0, 'client_rank': 9, 'round': 49, 'timestamp': '2025-08-18 12:08:28', 'participated': 1, 'data_size': 4597, 'data_variance': 0.062255386263132095, 'local_loss': 0.2584594488143921, 'local_accuracy': 91.53795838356018, 'tn': -389, 'fp': 389, 'fn': 389, 'tp': 4208, 'precision': 0.9199002659889904, 'recall': 0.914604045671639, 'f1': 0.915984587607435}
Received system metrics from client 10: {'cpu_time': 66.75, 'ram_used_mb': 11340.644352, 'net_sent_bytes': 84966, 'net_recv_bytes': 112317, 'gpu_mem_used_mb': 38995.0, 'gpu_load': 0.0, 'client_rank': 10, 'round': 49, 'timestamp': '2025-08-18 12:08:27', 'participated': 1, 'data_size': 124, 'data_variance': 0.06624379754066467, 'local_loss': 0.11426267772912979, 'local_accuracy': 98.38709831237793, 'tn': -2, 'fp': 2, 'fn': 2, 'tp': 122, 'precision': 0.9773809523809524, 'recall': 0.9800000000000001, 'f1': 0.9768487551096247}
[selector] ERROR at round 49: can only concatenate list (not "dict") to list
[selector] Round 49: participants used in averaging = 10/10
Averaging model weights...
Evaluating updated global model on test set...
    [Client 1] Round 50 - Waiting for global weights...
    [Client 5] Round 50 - Waiting for global weights...
Round 49 Evaluation - Accuracy: 0.8438, Loss: 0.4664

===== Round 50 =====
Broadcasting global model to all clients...
    [Client 1] Round 50 - Training on local data...
    [Client 5] Round 50 - Training on local data...
    [Client 9] Round 50 - Waiting for global weights...
    [Client 9] Round 50 - Training on local data...
    [Client 7] Round 50 - Waiting for global weights...
    [Client 3] Round 50 - Waiting for global weights...
    [Client 3] Round 50 - Training on local data...
    [Client 7] Round 50 - Training on local data...
    [Client 2] Round 50 - Waiting for global weights...
    [Client 4] Round 50 - Waiting for global weights...
    [Client 10] Round 50 - Waiting for global weights...
    [Client 8] Round 50 - Waiting for global weights...
    [Client 6] Round 50 - Waiting for global weights...
Waiting for model weights from client 1...
    [Client 10] Round 50 - Training on local data...
    [Client 8] Round 50 - Training on local data...
    [Client 2] Round 50 - Training on local data...
    [Client 4] Round 50 - Training on local data...
    [Client 6] Round 50 - Training on local data...
    [Client 3] Round 50 - Sending updated weights to server...
    [Client 5] Round 50 - Sending updated weights to server...
    [Client 1] Round 50 - Sending updated weights to server...
Received weights from client 1
Waiting for model weights from client 2...
    [Client 8] Round 50 - Sending updated weights to server...
    [Client 4] Round 50 - Sending updated weights to server...
    [Client 10] Round 50 - Sending updated weights to server...
    [Client 2] Round 50 - Sending updated weights to server...
Received weights from client 2
Waiting for model weights from client 3...
Received weights from client 3
Waiting for model weights from client 4...
Received weights from client 4
Waiting for model weights from client 5...
Received weights from client 5
Waiting for model weights from client 6...
    [Client 6] Round 50 - Sending updated weights to server...
Received weights from client 6
Waiting for model weights from client 7...
    [Client 9] Round 50 - Sending updated weights to server...
    [Client 7] Round 50 - Sending updated weights to server...
Received weights from client 7
Waiting for model weights from client 8...
Received weights from client 8
Waiting for model weights from client 9...
Received weights from client 9
Waiting for model weights from client 10...
Received weights from client 10
Received system metrics from client 1: {'cpu_time': 28.240000000223517, 'ram_used_mb': 12128.247808, 'net_sent_bytes': 33637, 'net_recv_bytes': 102570, 'gpu_mem_used_mb': 38997.0, 'gpu_load': 0.0, 'client_rank': 1, 'round': 50, 'timestamp': '2025-08-18 12:09:52', 'participated': 1, 'data_size': 4923, 'data_variance': 0.06380366533994675, 'local_loss': 0.23700988292694092, 'local_accuracy': 91.87487363815308, 'tn': -400, 'fp': 400, 'fn': 400, 'tp': 4523, 'precision': 0.9220209527770274, 'recall': 0.918934268690182, 'f1': 0.9192485556470894}
Received system metrics from client 2: {'cpu_time': 60.03999999910593, 'ram_used_mb': 12227.50208, 'net_sent_bytes': 64693, 'net_recv_bytes': 102796, 'gpu_mem_used_mb': 38997.0, 'gpu_load': 0.0, 'client_rank': 2, 'round': 50, 'timestamp': '2025-08-18 12:09:54', 'participated': 1, 'data_size': 14087, 'data_variance': 0.0633707344532013, 'local_loss': 0.324553906917572, 'local_accuracy': 88.56392502784729, 'tn': -1611, 'fp': 1611, 'fn': 1611, 'tp': 12476, 'precision': 0.8876354206439172, 'recall': 0.8858200510371755, 'f1': 0.8840008905070619}
Received system metrics from client 3: {'cpu_time': 41.5, 'ram_used_mb': 11750.105088, 'net_sent_bytes': 4531, 'net_recv_bytes': 36774, 'gpu_mem_used_mb': 38999.0, 'gpu_load': 0.0, 'client_rank': 3, 'round': 50, 'timestamp': '2025-08-18 12:09:52', 'participated': 1, 'data_size': 590, 'data_variance': 0.06486573070287704, 'local_loss': 0.1314537078142166, 'local_accuracy': 97.11864590644836, 'tn': -17, 'fp': 17, 'fn': 17, 'tp': 573, 'precision': 0.9713006234497314, 'recall': 0.9702184312408006, 'f1': 0.9701232816729011}
Received system metrics from client 4: {'cpu_time': 27.470000006258488, 'ram_used_mb': 12597.850112, 'net_sent_bytes': 5199, 'net_recv_bytes': 44290, 'gpu_mem_used_mb': 38995.0, 'gpu_load': 0.01, 'client_rank': 4, 'round': 50, 'timestamp': '2025-08-18 12:09:53', 'participated': 1, 'data_size': 8420, 'data_variance': 0.06345649808645248, 'local_loss': 0.24222953617572784, 'local_accuracy': 92.11401343345642, 'tn': -664, 'fp': 664, 'fn': 664, 'tp': 7756, 'precision': 0.921803021266407, 'recall': 0.9212102778111346, 'f1': 0.9204645996601473}
Received system metrics from client 5: {'cpu_time': 96.40999999642372, 'ram_used_mb': 12782.841856, 'net_sent_bytes': 41472, 'net_recv_bytes': 86443, 'gpu_mem_used_mb': 38999.0, 'gpu_load': 0.0, 'client_rank': 5, 'round': 50, 'timestamp': '2025-08-18 12:09:53', 'participated': 1, 'data_size': 10256, 'data_variance': 0.06330867111682892, 'local_loss': 0.26141756772994995, 'local_accuracy': 91.29289984703064, 'tn': -893, 'fp': 893, 'fn': 893, 'tp': 9363, 'precision': 0.9148805184270661, 'recall': 0.9131665423932315, 'f1': 0.9126896172860594}
Received system metrics from client 6: {'cpu_time': 44.78999999910593, 'ram_used_mb': 11978.493952, 'net_sent_bytes': 61318, 'net_recv_bytes': 94973, 'gpu_mem_used_mb': 38999.0, 'gpu_load': 0.01, 'client_rank': 6, 'round': 50, 'timestamp': '2025-08-18 12:09:53', 'participated': 1, 'data_size': 1456, 'data_variance': 0.061793986707925797, 'local_loss': 0.25746771693229675, 'local_accuracy': 92.23901033401489, 'tn': -113, 'fp': 113, 'fn': 113, 'tp': 1343, 'precision': 0.9300832043644822, 'recall': 0.924105631688462, 'f1': 0.9232482524656748}
Received system metrics from client 7: {'cpu_time': 34.07000000029802, 'ram_used_mb': 12195.057664, 'net_sent_bytes': 41426, 'net_recv_bytes': 76753, 'gpu_mem_used_mb': 38997.0, 'gpu_load': 0.0, 'client_rank': 7, 'round': 50, 'timestamp': '2025-08-18 12:09:52', 'participated': 1, 'data_size': 4502, 'data_variance': 0.06294825673103333, 'local_loss': 0.20010440051555634, 'local_accuracy': 93.71390342712402, 'tn': -283, 'fp': 283, 'fn': 283, 'tp': 4219, 'precision': 0.937553364672523, 'recall': 0.9368424706023962, 'f1': 0.9367574997681611}
Received system metrics from client 8: {'cpu_time': 124.28999999957159, 'ram_used_mb': 11821.264896, 'net_sent_bytes': 2753, 'net_recv_bytes': 31698, 'gpu_mem_used_mb': 38999.0, 'gpu_load': 0.0, 'client_rank': 8, 'round': 50, 'timestamp': '2025-08-18 12:09:52', 'participated': 1, 'data_size': 1044, 'data_variance': 0.06484082341194153, 'local_loss': 0.14213328063488007, 'local_accuracy': 96.9348669052124, 'tn': -32, 'fp': 32, 'fn': 32, 'tp': 1012, 'precision': 0.9691640896493701, 'recall': 0.9690305380428832, 'f1': 0.9689248716390729}
Received system metrics from client 9: {'cpu_time': 44.57999999821186, 'ram_used_mb': 12188.4672, 'net_sent_bytes': 128570, 'net_recv_bytes': 111350, 'gpu_mem_used_mb': 38999.0, 'gpu_load': 0.01, 'client_rank': 9, 'round': 50, 'timestamp': '2025-08-18 12:09:52', 'participated': 1, 'data_size': 4597, 'data_variance': 0.062255386263132095, 'local_loss': 0.22964084148406982, 'local_accuracy': 92.7778959274292, 'tn': -332, 'fp': 332, 'fn': 332, 'tp': 4265, 'precision': 0.9296203979998525, 'recall': 0.9283445037954838, 'f1': 0.9283298761447218}
Received system metrics from client 10: {'cpu_time': 61.94999999552965, 'ram_used_mb': 11556.282368, 'net_sent_bytes': 58783, 'net_recv_bytes': 92022, 'gpu_mem_used_mb': 38995.0, 'gpu_load': 0.0, 'client_rank': 10, 'round': 50, 'timestamp': '2025-08-18 12:09:53', 'participated': 1, 'data_size': 124, 'data_variance': 0.06624379754066467, 'local_loss': 0.10319065302610397, 'local_accuracy': 97.5806474685669, 'tn': -4, 'fp': 4, 'fn': 4, 'tp': 120, 'precision': 0.9640796703296705, 'recall': 0.9618181818181817, 'f1': 0.9596374414116349}
[selector] ERROR at round 50: can only concatenate list (not "dict") to list
[selector] Round 50: participants used in averaging = 10/10
    [Client 7] Training complete. Waiting for others...
    [Client 7] Exiting.
    [Client 9] Training complete. Waiting for others...
    [Client 9] Exiting.
    [Client 10] Training complete. Waiting for others...
    [Client 10] Exiting.
    [Client 6] Training complete. Waiting for others...
    [Client 6] Exiting.
    [Client 2] Training complete. Waiting for others...
    [Client 2] Exiting.
    [Client 4] Training complete. Waiting for others...
    [Client 4] Exiting.
    [Client 3] Training complete. Waiting for others...
    [Client 3] Exiting.
    [Client 1] Training complete. Waiting for others...
    [Client 8] Training complete. Waiting for others...
    [Client 8] Exiting.
    [Client 5] Training complete. Waiting for others...
    [Client 5] Exiting.
    [Client 1] Exiting.
Averaging model weights...
Evaluating updated global model on test set...
Round 50 Evaluation - Accuracy: 0.8434, Loss: 0.4654

=== Federated Training Complete ===
Generating training metrics plot...
Wrote: Data/logs/clients_stats_normalized.csv
Wrote: Data/logs/clients_system_normalized.csv
