=== Federated Server Started ===
Total processes: 6 (1 server + 5 clients)

    [Client 2] Initializing...
    [Client 2] Starting on host: ng10901
    [Client 4] Initializing...
    [Client 4] Starting on host: ng20301
    [Client 1] Initializing...
    [Client 1] Starting on host: ng10104
    [Client 3] Initializing...
    [Client 3] Starting on host: ng10906
    [Client 5] Initializing...
    [Client 5] Starting on host: ng20302
Loading data from .npy files...
Training set: (50000, 32, 32, 3), Labels: (50000, 1)
Test set:     (10000, 32, 32, 3), Labels: (10000, 1)
[Client 1] Generated proportions: [0.13894608 0.29910603 0.00734712 0.43476031 0.11984046]
Loading data from .npy files...
Training set: (50000, 32, 32, 3), Labels: (50000, 1)
Test set:     (10000, 32, 32, 3), Labels: (10000, 1)
[Client 3] Assigned 367 samples (from 21902 to 22269)
[Client 1] Assigned 6947 samples (from 0 to 6947)
Loading data from .npy files...
Training set: (50000, 32, 32, 3), Labels: (50000, 1)
Test set:     (10000, 32, 32, 3), Labels: (10000, 1)
[Client 5] Assigned 5993 samples (from 44007 to 50000)
Loading data from .npy files...
Training set: (50000, 32, 32, 3), Labels: (50000, 1)
Test set:     (10000, 32, 32, 3), Labels: (10000, 1)
[Client 2] Assigned 14955 samples (from 6947 to 21902)
Loading data from .npy files...
Training set: (50000, 32, 32, 3), Labels: (50000, 1)
Test set:     (10000, 32, 32, 3), Labels: (10000, 1)
[Client 4] Assigned 21738 samples (from 22269 to 44007)
    [Client 2] Round 1 - Waiting for global weights...
    [Client 1] Round 1 - Waiting for global weights...
    [Client 3] Round 1 - Waiting for global weights...
    [Client 5] Round 1 - Waiting for global weights...
    [Client 4] Round 1 - Waiting for global weights...
Loading data from .npy files...
Training set: (50000, 32, 32, 3), Labels: (50000, 10)
Test set:     (10000, 32, 32, 3), Labels: (10000, 10)

===== Round 1 =====
Broadcasting global model to all clients...
Waiting for model weights from client 1...
    [Client 1] Round 1 - Training on local data...
    [Client 2] Round 1 - Training on local data...
    [Client 3] Round 1 - Training on local data...
    [Client 4] Round 1 - Training on local data...
    [Client 5] Round 1 - Training on local data...
    [Client 1] System Stats: {'cpu_time': 87.48000000044703, 'ram_used_mb': 2991.84128, 'net_sent_bytes': 146789, 'net_recv_bytes': 106067, 'gpu_mem_used_mb': 38937.0, 'gpu_load': 0.0, 'client_rank': 1, 'round': 1, 'timestamp': '2025-08-15 17:28:40'}
    [Client 5] System Stats: {'cpu_time': 80.23000000044703, 'ram_used_mb': 2960.871424, 'net_sent_bytes': 2570, 'net_recv_bytes': 48079, 'gpu_mem_used_mb': 38937.0, 'gpu_load': 0.0, 'client_rank': 5, 'round': 1, 'timestamp': '2025-08-15 17:28:41'}
    [Client 2] System Stats: {'cpu_time': 65.41000000014901, 'ram_used_mb': 3112.579072, 'net_sent_bytes': 111244, 'net_recv_bytes': 80397, 'gpu_mem_used_mb': 38937.0, 'gpu_load': 0.0, 'client_rank': 2, 'round': 1, 'timestamp': '2025-08-15 17:28:41'}
    [Client 1] Statistical Utility: {'client_rank': 1, 'round': 1, 'data_size': 6947, 'data_variance': 0.06378714740276337, 'local_loss': 2.976815700531006, 'local_accuracy': 15.920540690422058}
    [Client 3] System Stats: {'cpu_time': 42.22000000003027, 'ram_used_mb': 2872.107008, 'net_sent_bytes': 566498, 'net_recv_bytes': 143149455, 'gpu_mem_used_mb': 38937.0, 'gpu_load': 0.0, 'client_rank': 3, 'round': 1, 'timestamp': '2025-08-15 17:28:42'}
    [Client 4] System Stats: {'cpu_time': 322.6000000014901, 'ram_used_mb': 3171.090432, 'net_sent_bytes': 139345, 'net_recv_bytes': 12968941, 'gpu_mem_used_mb': 38937.0, 'gpu_load': 0.01, 'client_rank': 4, 'round': 1, 'timestamp': '2025-08-15 17:28:43'}
    [Client 5] Statistical Utility: {'client_rank': 5, 'round': 1, 'data_size': 5993, 'data_variance': 0.06273552030324936, 'local_loss': 3.003106117248535, 'local_accuracy': 17.170031368732452}
    [Client 2] Statistical Utility: {'client_rank': 2, 'round': 1, 'data_size': 14955, 'data_variance': 0.0634714663028717, 'local_loss': 1.6336274147033691, 'local_accuracy': 40.82915484905243}
    [Client 3] Statistical Utility: {'client_rank': 3, 'round': 1, 'data_size': 367, 'data_variance': 0.06417996436357498, 'local_loss': 2.409653902053833, 'local_accuracy': 10.081744194030762}
    [Client 5] Round 1 - Sending updated weights to server...
    [Client 2] Round 1 - Sending updated weights to server...
    [Client 4] Statistical Utility: {'client_rank': 4, 'round': 1, 'data_size': 21738, 'data_variance': 0.06313455104827881, 'local_loss': 1.344700813293457, 'local_accuracy': 51.11785531044006}
    [Client 3] Round 1 - Sending updated weights to server...
    [Client 1] Round 1 - Sending updated weights to server...
Received weights from client 1
Waiting for model weights from client 2...
Received weights from client 2
Waiting for model weights from client 3...
Received weights from client 3
Waiting for model weights from client 4...
    [Client 2] Round 2 - Waiting for global weights...
    [Client 3] Round 2 - Waiting for global weights...
    [Client 1] Round 2 - Waiting for global weights...
    [Client 4] Round 1 - Sending updated weights to server...
Received weights from client 4
Waiting for model weights from client 5...
Received weights from client 5
Received system metrics from client 1: {'cpu_time': 87.48000000044703, 'ram_used_mb': 2991.84128, 'net_sent_bytes': 146789, 'net_recv_bytes': 106067, 'gpu_mem_used_mb': 38937.0, 'gpu_load': 0.0, 'client_rank': 1, 'round': 1, 'timestamp': '2025-08-15 17:28:40'}
Received system metrics from client 2: {'cpu_time': 65.41000000014901, 'ram_used_mb': 3112.579072, 'net_sent_bytes': 111244, 'net_recv_bytes': 80397, 'gpu_mem_used_mb': 38937.0, 'gpu_load': 0.0, 'client_rank': 2, 'round': 1, 'timestamp': '2025-08-15 17:28:41'}
Received system metrics from client 3: {'cpu_time': 42.22000000003027, 'ram_used_mb': 2872.107008, 'net_sent_bytes': 566498, 'net_recv_bytes': 143149455, 'gpu_mem_used_mb': 38937.0, 'gpu_load': 0.0, 'client_rank': 3, 'round': 1, 'timestamp': '2025-08-15 17:28:42'}
Received system metrics from client 4: {'cpu_time': 322.6000000014901, 'ram_used_mb': 3171.090432, 'net_sent_bytes': 139345, 'net_recv_bytes': 12968941, 'gpu_mem_used_mb': 38937.0, 'gpu_load': 0.01, 'client_rank': 4, 'round': 1, 'timestamp': '2025-08-15 17:28:43'}
Received system metrics from client 5: {'cpu_time': 80.23000000044703, 'ram_used_mb': 2960.871424, 'net_sent_bytes': 2570, 'net_recv_bytes': 48079, 'gpu_mem_used_mb': 38937.0, 'gpu_load': 0.0, 'client_rank': 5, 'round': 1, 'timestamp': '2025-08-15 17:28:41'}
Averaging model weights...
Evaluating updated global model on test set...
    [Client 4] Round 2 - Waiting for global weights...
    [Client 5] Round 2 - Waiting for global weights...
Round 1 Evaluation - Accuracy: 0.0999, Loss: 2.5257

===== Round 2 =====
Broadcasting global model to all clients...
Waiting for model weights from client 1...
    [Client 2] Round 2 - Training on local data...
    [Client 3] Round 2 - Training on local data...
    [Client 1] Round 2 - Training on local data...
    [Client 4] Round 2 - Training on local data...
    [Client 5] Round 2 - Training on local data...
    [Client 3] System Stats: {'cpu_time': 23.89000000001397, 'ram_used_mb': 3125.39136, 'net_sent_bytes': 44463, 'net_recv_bytes': 49241, 'gpu_mem_used_mb': 38939.0, 'gpu_load': 0.0, 'client_rank': 3, 'round': 2, 'timestamp': '2025-08-15 17:28:58'}
    [Client 5] System Stats: {'cpu_time': 53.389999996870756, 'ram_used_mb': 3286.810624, 'net_sent_bytes': 528, 'net_recv_bytes': 33253, 'gpu_mem_used_mb': 38939.0, 'gpu_load': 0.0, 'client_rank': 5, 'round': 2, 'timestamp': '2025-08-15 17:28:59'}
    [Client 1] System Stats: {'cpu_time': 61.110000003129244, 'ram_used_mb': 3321.724928, 'net_sent_bytes': 3462, 'net_recv_bytes': 33421, 'gpu_mem_used_mb': 38939.0, 'gpu_load': 0.0, 'client_rank': 1, 'round': 2, 'timestamp': '2025-08-15 17:28:59'}
    [Client 3] Statistical Utility: {'client_rank': 3, 'round': 2, 'data_size': 367, 'data_variance': 0.06417996436357498, 'local_loss': 2.702120542526245, 'local_accuracy': 10.89918240904808}
    [Client 2] System Stats: {'cpu_time': 40.61999999731779, 'ram_used_mb': 3361.28, 'net_sent_bytes': 503, 'net_recv_bytes': 37783, 'gpu_mem_used_mb': 38939.0, 'gpu_load': 0.0, 'client_rank': 2, 'round': 2, 'timestamp': '2025-08-15 17:28:59'}
    [Client 3] Round 2 - Sending updated weights to server...
    [Client 1] Statistical Utility: {'client_rank': 1, 'round': 2, 'data_size': 6947, 'data_variance': 0.06378714740276337, 'local_loss': 1.9227464199066162, 'local_accuracy': 34.02907848358154}
    [Client 5] Statistical Utility: {'client_rank': 5, 'round': 2, 'data_size': 5993, 'data_variance': 0.06273552030324936, 'local_loss': 1.9242377281188965, 'local_accuracy': 31.58685266971588}
    [Client 4] System Stats: {'cpu_time': 228.2199999988079, 'ram_used_mb': 3414.847488, 'net_sent_bytes': 929, 'net_recv_bytes': 38071, 'gpu_mem_used_mb': 38939.0, 'gpu_load': 0.0, 'client_rank': 4, 'round': 2, 'timestamp': '2025-08-15 17:29:00'}
    [Client 1] Round 2 - Sending updated weights to server...
Received weights from client 1
Waiting for model weights from client 2...
    [Client 2] Statistical Utility: {'client_rank': 2, 'round': 2, 'data_size': 14955, 'data_variance': 0.0634714663028717, 'local_loss': 1.5547677278518677, 'local_accuracy': 46.004679799079895}
    [Client 5] Round 2 - Sending updated weights to server...
    [Client 1] Round 3 - Waiting for global weights...
    [Client 4] Statistical Utility: {'client_rank': 4, 'round': 2, 'data_size': 21738, 'data_variance': 0.06313455104827881, 'local_loss': 1.2249062061309814, 'local_accuracy': 56.53234124183655}
    [Client 2] Round 2 - Sending updated weights to server...
Received weights from client 2
Waiting for model weights from client 3...
Received weights from client 3
Waiting for model weights from client 4...
    [Client 2] Round 3 - Waiting for global weights...
    [Client 3] Round 3 - Waiting for global weights...
    [Client 4] Round 2 - Sending updated weights to server...
Received weights from client 4
Waiting for model weights from client 5...
Received weights from client 5
Received system metrics from client 1: {'cpu_time': 61.110000003129244, 'ram_used_mb': 3321.724928, 'net_sent_bytes': 3462, 'net_recv_bytes': 33421, 'gpu_mem_used_mb': 38939.0, 'gpu_load': 0.0, 'client_rank': 1, 'round': 2, 'timestamp': '2025-08-15 17:28:59'}
Received system metrics from client 2: {'cpu_time': 40.61999999731779, 'ram_used_mb': 3361.28, 'net_sent_bytes': 503, 'net_recv_bytes': 37783, 'gpu_mem_used_mb': 38939.0, 'gpu_load': 0.0, 'client_rank': 2, 'round': 2, 'timestamp': '2025-08-15 17:28:59'}
Received system metrics from client 3: {'cpu_time': 23.89000000001397, 'ram_used_mb': 3125.39136, 'net_sent_bytes': 44463, 'net_recv_bytes': 49241, 'gpu_mem_used_mb': 38939.0, 'gpu_load': 0.0, 'client_rank': 3, 'round': 2, 'timestamp': '2025-08-15 17:28:58'}
Received system metrics from client 4: {'cpu_time': 228.2199999988079, 'ram_used_mb': 3414.847488, 'net_sent_bytes': 929, 'net_recv_bytes': 38071, 'gpu_mem_used_mb': 38939.0, 'gpu_load': 0.0, 'client_rank': 4, 'round': 2, 'timestamp': '2025-08-15 17:29:00'}
Received system metrics from client 5: {'cpu_time': 53.389999996870756, 'ram_used_mb': 3286.810624, 'net_sent_bytes': 528, 'net_recv_bytes': 33253, 'gpu_mem_used_mb': 38939.0, 'gpu_load': 0.0, 'client_rank': 5, 'round': 2, 'timestamp': '2025-08-15 17:28:59'}
Averaging model weights...
Evaluating updated global model on test set...
    [Client 4] Round 3 - Waiting for global weights...
    [Client 5] Round 3 - Waiting for global weights...
Round 2 Evaluation - Accuracy: 0.1855, Loss: 2.3782

===== Round 3 =====
Broadcasting global model to all clients...
Waiting for model weights from client 1...
    [Client 2] Round 3 - Training on local data...
    [Client 1] Round 3 - Training on local data...
    [Client 4] Round 3 - Training on local data...
    [Client 3] Round 3 - Training on local data...
    [Client 5] Round 3 - Training on local data...
    [Client 3] System Stats: {'cpu_time': 28.479999999981374, 'ram_used_mb': 3271.49568, 'net_sent_bytes': 696, 'net_recv_bytes': 38744, 'gpu_mem_used_mb': 38941.0, 'gpu_load': 0.0, 'client_rank': 3, 'round': 3, 'timestamp': '2025-08-15 17:29:14'}
    [Client 1] System Stats: {'cpu_time': 76.03999999910593, 'ram_used_mb': 3475.582976, 'net_sent_bytes': 80066, 'net_recv_bytes': 59630, 'gpu_mem_used_mb': 38941.0, 'gpu_load': 0.0, 'client_rank': 1, 'round': 3, 'timestamp': '2025-08-15 17:29:14'}
    [Client 5] System Stats: {'cpu_time': 64.7199999988079, 'ram_used_mb': 3435.958272, 'net_sent_bytes': 39252, 'net_recv_bytes': 52155, 'gpu_mem_used_mb': 38941.0, 'gpu_load': 0.0, 'client_rank': 5, 'round': 3, 'timestamp': '2025-08-15 17:29:14'}
    [Client 2] System Stats: {'cpu_time': 60.30000000074506, 'ram_used_mb': 3543.191552, 'net_sent_bytes': 71945, 'net_recv_bytes': 62471, 'gpu_mem_used_mb': 38941.0, 'gpu_load': 0.0, 'client_rank': 2, 'round': 3, 'timestamp': '2025-08-15 17:29:14'}
    [Client 3] Statistical Utility: {'client_rank': 3, 'round': 3, 'data_size': 367, 'data_variance': 0.06417996436357498, 'local_loss': 2.22904372215271, 'local_accuracy': 16.89373254776001}
    [Client 1] Statistical Utility: {'client_rank': 1, 'round': 3, 'data_size': 6947, 'data_variance': 0.06378714740276337, 'local_loss': 1.3297268152236938, 'local_accuracy': 51.60501003265381}
    [Client 4] System Stats: {'cpu_time': 250.69999999925494, 'ram_used_mb': 3650.957312, 'net_sent_bytes': 60620, 'net_recv_bytes': 70797, 'gpu_mem_used_mb': 38941.0, 'gpu_load': 0.0, 'client_rank': 4, 'round': 3, 'timestamp': '2025-08-15 17:29:15'}
    [Client 5] Statistical Utility: {'client_rank': 5, 'round': 3, 'data_size': 5993, 'data_variance': 0.06273552030324936, 'local_loss': 1.4720968008041382, 'local_accuracy': 47.822460532188416}
    [Client 3] Round 3 - Sending updated weights to server...
    [Client 2] Statistical Utility: {'client_rank': 2, 'round': 3, 'data_size': 14955, 'data_variance': 0.0634714663028717, 'local_loss': 1.2751413583755493, 'local_accuracy': 54.93814945220947}
    [Client 4] Statistical Utility: {'client_rank': 4, 'round': 3, 'data_size': 21738, 'data_variance': 0.06313455104827881, 'local_loss': 1.0800732374191284, 'local_accuracy': 61.449992656707764}
    [Client 1] Round 3 - Sending updated weights to server...
Received weights from client 1
Waiting for model weights from client 2...
    [Client 1] Round 4 - Waiting for global weights...
    [Client 5] Round 3 - Sending updated weights to server...
    [Client 2] Round 3 - Sending updated weights to server...
Received weights from client 2
Waiting for model weights from client 3...
Received weights from client 3
Waiting for model weights from client 4...
    [Client 4] Round 3 - Sending updated weights to server...
Received weights from client 4
Waiting for model weights from client 5...
    [Client 2] Round 4 - Waiting for global weights...
Received weights from client 5
    [Client 3] Round 4 - Waiting for global weights...
Received system metrics from client 1: {'cpu_time': 76.03999999910593, 'ram_used_mb': 3475.582976, 'net_sent_bytes': 80066, 'net_recv_bytes': 59630, 'gpu_mem_used_mb': 38941.0, 'gpu_load': 0.0, 'client_rank': 1, 'round': 3, 'timestamp': '2025-08-15 17:29:14'}
Received system metrics from client 2: {'cpu_time': 60.30000000074506, 'ram_used_mb': 3543.191552, 'net_sent_bytes': 71945, 'net_recv_bytes': 62471, 'gpu_mem_used_mb': 38941.0, 'gpu_load': 0.0, 'client_rank': 2, 'round': 3, 'timestamp': '2025-08-15 17:29:14'}
Received system metrics from client 3: {'cpu_time': 28.479999999981374, 'ram_used_mb': 3271.49568, 'net_sent_bytes': 696, 'net_recv_bytes': 38744, 'gpu_mem_used_mb': 38941.0, 'gpu_load': 0.0, 'client_rank': 3, 'round': 3, 'timestamp': '2025-08-15 17:29:14'}
Received system metrics from client 4: {'cpu_time': 250.69999999925494, 'ram_used_mb': 3650.957312, 'net_sent_bytes': 60620, 'net_recv_bytes': 70797, 'gpu_mem_used_mb': 38941.0, 'gpu_load': 0.0, 'client_rank': 4, 'round': 3, 'timestamp': '2025-08-15 17:29:15'}
Received system metrics from client 5: {'cpu_time': 64.7199999988079, 'ram_used_mb': 3435.958272, 'net_sent_bytes': 39252, 'net_recv_bytes': 52155, 'gpu_mem_used_mb': 38941.0, 'gpu_load': 0.0, 'client_rank': 5, 'round': 3, 'timestamp': '2025-08-15 17:29:14'}
Averaging model weights...
Evaluating updated global model on test set...
    [Client 4] Round 4 - Waiting for global weights...
    [Client 5] Round 4 - Waiting for global weights...
Round 3 Evaluation - Accuracy: 0.4847, Loss: 1.4576

===== Round 4 =====
Broadcasting global model to all clients...
Waiting for model weights from client 1...
    [Client 2] Round 4 - Training on local data...
    [Client 1] Round 4 - Training on local data...
    [Client 4] Round 4 - Training on local data...
    [Client 3] Round 4 - Training on local data...
    [Client 5] Round 4 - Training on local data...
    [Client 3] System Stats: {'cpu_time': 26.40999999997439, 'ram_used_mb': 3522.7648, 'net_sent_bytes': 53831, 'net_recv_bytes': 58176, 'gpu_mem_used_mb': 38941.0, 'gpu_load': 0.0, 'client_rank': 3, 'round': 4, 'timestamp': '2025-08-15 17:29:29'}
    [Client 1] System Stats: {'cpu_time': 59.57000000029802, 'ram_used_mb': 3686.146048, 'net_sent_bytes': 1642, 'net_recv_bytes': 34740, 'gpu_mem_used_mb': 38941.0, 'gpu_load': 0.0, 'client_rank': 1, 'round': 4, 'timestamp': '2025-08-15 17:29:29'}
    [Client 5] System Stats: {'cpu_time': 54.42999999970198, 'ram_used_mb': 3622.211584, 'net_sent_bytes': 2643, 'net_recv_bytes': 34377, 'gpu_mem_used_mb': 38941.0, 'gpu_load': 0.0, 'client_rank': 5, 'round': 4, 'timestamp': '2025-08-15 17:29:29'}
    [Client 3] Statistical Utility: {'client_rank': 3, 'round': 4, 'data_size': 367, 'data_variance': 0.06417996436357498, 'local_loss': 1.2563071250915527, 'local_accuracy': 54.22343611717224}
    [Client 2] System Stats: {'cpu_time': 36.7200000025332, 'ram_used_mb': 3773.78816, 'net_sent_bytes': 2305, 'net_recv_bytes': 39718, 'gpu_mem_used_mb': 38941.0, 'gpu_load': 0.0, 'client_rank': 2, 'round': 4, 'timestamp': '2025-08-15 17:29:30'}
    [Client 1] Statistical Utility: {'client_rank': 1, 'round': 4, 'data_size': 6947, 'data_variance': 0.06378714740276337, 'local_loss': 1.180940866470337, 'local_accuracy': 57.895493507385254}
    [Client 4] System Stats: {'cpu_time': 223.48000000417233, 'ram_used_mb': 3842.12992, 'net_sent_bytes': 1314, 'net_recv_bytes': 38293, 'gpu_mem_used_mb': 38941.0, 'gpu_load': 0.0, 'client_rank': 4, 'round': 4, 'timestamp': '2025-08-15 17:29:30'}
    [Client 5] Statistical Utility: {'client_rank': 5, 'round': 4, 'data_size': 5993, 'data_variance': 0.06273552030324936, 'local_loss': 1.2557969093322754, 'local_accuracy': 56.04872107505798}
    [Client 1] Round 4 - Sending updated weights to server...
Received weights from client 1
Waiting for model weights from client 2...
    [Client 1] Round 5 - Waiting for global weights...
    [Client 5] Round 4 - Sending updated weights to server...
    [Client 3] Round 4 - Sending updated weights to server...
    [Client 2] Statistical Utility: {'client_rank': 2, 'round': 4, 'data_size': 14955, 'data_variance': 0.0634714663028717, 'local_loss': 1.0351221561431885, 'local_accuracy': 63.37679624557495}
    [Client 4] Statistical Utility: {'client_rank': 4, 'round': 4, 'data_size': 21738, 'data_variance': 0.06313455104827881, 'local_loss': 1.038108468055725, 'local_accuracy': 63.262492418289185}
    [Client 2] Round 4 - Sending updated weights to server...
Received weights from client 2
Waiting for model weights from client 3...
Received weights from client 3
Waiting for model weights from client 4...
    [Client 2] Round 5 - Waiting for global weights...
    [Client 3] Round 5 - Waiting for global weights...
    [Client 4] Round 4 - Sending updated weights to server...
Received weights from client 4
Waiting for model weights from client 5...
Received weights from client 5
Received system metrics from client 1: {'cpu_time': 59.57000000029802, 'ram_used_mb': 3686.146048, 'net_sent_bytes': 1642, 'net_recv_bytes': 34740, 'gpu_mem_used_mb': 38941.0, 'gpu_load': 0.0, 'client_rank': 1, 'round': 4, 'timestamp': '2025-08-15 17:29:29'}
Received system metrics from client 2: {'cpu_time': 36.7200000025332, 'ram_used_mb': 3773.78816, 'net_sent_bytes': 2305, 'net_recv_bytes': 39718, 'gpu_mem_used_mb': 38941.0, 'gpu_load': 0.0, 'client_rank': 2, 'round': 4, 'timestamp': '2025-08-15 17:29:30'}
Received system metrics from client 3: {'cpu_time': 26.40999999997439, 'ram_used_mb': 3522.7648, 'net_sent_bytes': 53831, 'net_recv_bytes': 58176, 'gpu_mem_used_mb': 38941.0, 'gpu_load': 0.0, 'client_rank': 3, 'round': 4, 'timestamp': '2025-08-15 17:29:29'}
Received system metrics from client 4: {'cpu_time': 223.48000000417233, 'ram_used_mb': 3842.12992, 'net_sent_bytes': 1314, 'net_recv_bytes': 38293, 'gpu_mem_used_mb': 38941.0, 'gpu_load': 0.0, 'client_rank': 4, 'round': 4, 'timestamp': '2025-08-15 17:29:30'}
Received system metrics from client 5: {'cpu_time': 54.42999999970198, 'ram_used_mb': 3622.211584, 'net_sent_bytes': 2643, 'net_recv_bytes': 34377, 'gpu_mem_used_mb': 38941.0, 'gpu_load': 0.0, 'client_rank': 5, 'round': 4, 'timestamp': '2025-08-15 17:29:29'}
Averaging model weights...
Evaluating updated global model on test set...
    [Client 4] Round 5 - Waiting for global weights...
    [Client 5] Round 5 - Waiting for global weights...
Round 4 Evaluation - Accuracy: 0.5902, Loss: 1.1266

===== Round 5 =====
Broadcasting global model to all clients...
Waiting for model weights from client 1...
    [Client 2] Round 5 - Training on local data...
    [Client 1] Round 5 - Training on local data...
    [Client 4] Round 5 - Training on local data...
    [Client 5] Round 5 - Training on local data...
    [Client 3] Round 5 - Training on local data...
    [Client 3] System Stats: {'cpu_time': 27.199999999953434, 'ram_used_mb': 3665.772544, 'net_sent_bytes': 12955, 'net_recv_bytes': 37333, 'gpu_mem_used_mb': 38943.0, 'gpu_load': 0.0, 'client_rank': 3, 'round': 5, 'timestamp': '2025-08-15 17:29:42'}
    [Client 1] System Stats: {'cpu_time': 62.00999999791384, 'ram_used_mb': 3888.070656, 'net_sent_bytes': 78895, 'net_recv_bytes': 52941, 'gpu_mem_used_mb': 38943.0, 'gpu_load': 0.0, 'client_rank': 1, 'round': 5, 'timestamp': '2025-08-15 17:29:42'}
    [Client 5] System Stats: {'cpu_time': 55.71000000089407, 'ram_used_mb': 3842.854912, 'net_sent_bytes': 16605, 'net_recv_bytes': 43088, 'gpu_mem_used_mb': 38943.0, 'gpu_load': 0.0, 'client_rank': 5, 'round': 5, 'timestamp': '2025-08-15 17:29:42'}
    [Client 3] Statistical Utility: {'client_rank': 3, 'round': 5, 'data_size': 367, 'data_variance': 0.06417996436357498, 'local_loss': 0.9536356329917908, 'local_accuracy': 67.30245351791382}
    [Client 2] System Stats: {'cpu_time': 37.94999999552965, 'ram_used_mb': 3918.061568, 'net_sent_bytes': 70670, 'net_recv_bytes': 55522, 'gpu_mem_used_mb': 38943.0, 'gpu_load': 0.0, 'client_rank': 2, 'round': 5, 'timestamp': '2025-08-15 17:29:43'}
    [Client 1] Statistical Utility: {'client_rank': 1, 'round': 5, 'data_size': 6947, 'data_variance': 0.06378714740276337, 'local_loss': 0.9779309034347534, 'local_accuracy': 64.17158246040344}
    [Client 5] Statistical Utility: {'client_rank': 5, 'round': 5, 'data_size': 5993, 'data_variance': 0.06273552030324936, 'local_loss': 0.9988246560096741, 'local_accuracy': 64.55864906311035}
    [Client 4] System Stats: {'cpu_time': 227.87000000104308, 'ram_used_mb': 3967.209472, 'net_sent_bytes': 32400, 'net_recv_bytes': 37364, 'gpu_mem_used_mb': 38943.0, 'gpu_load': 0.0, 'client_rank': 4, 'round': 5, 'timestamp': '2025-08-15 17:29:43'}
    [Client 5] Round 5 - Sending updated weights to server...
    [Client 3] Round 5 - Sending updated weights to server...
    [Client 2] Statistical Utility: {'client_rank': 2, 'round': 5, 'data_size': 14955, 'data_variance': 0.0634714663028717, 'local_loss': 0.8915749788284302, 'local_accuracy': 68.12437176704407}
    [Client 4] Statistical Utility: {'client_rank': 4, 'round': 5, 'data_size': 21738, 'data_variance': 0.06313455104827881, 'local_loss': 0.9768348932266235, 'local_accuracy': 65.83402156829834}
    [Client 1] Round 5 - Sending updated weights to server...
Received weights from client 1
Waiting for model weights from client 2...
    [Client 1] Round 6 - Waiting for global weights...
    [Client 2] Round 5 - Sending updated weights to server...
Received weights from client 2
Waiting for model weights from client 3...
Received weights from client 3
Waiting for model weights from client 4...
    [Client 2] Round 6 - Waiting for global weights...
    [Client 3] Round 6 - Waiting for global weights...
    [Client 4] Round 5 - Sending updated weights to server...
Received weights from client 4
Waiting for model weights from client 5...
    [Client 3] Round 6 - Training on local data...
    [Client 1] Round 6 - Training on local data...
    [Client 2] Round 6 - Training on local data...
Received weights from client 5
    [Client 5] Round 6 - Waiting for global weights...
    [Client 4] Round 6 - Waiting for global weights...
Received system metrics from client 1: {'cpu_time': 62.00999999791384, 'ram_used_mb': 3888.070656, 'net_sent_bytes': 78895, 'net_recv_bytes': 52941, 'gpu_mem_used_mb': 38943.0, 'gpu_load': 0.0, 'client_rank': 1, 'round': 5, 'timestamp': '2025-08-15 17:29:42'}
Received system metrics from client 2: {'cpu_time': 37.94999999552965, 'ram_used_mb': 3918.061568, 'net_sent_bytes': 70670, 'net_recv_bytes': 55522, 'gpu_mem_used_mb': 38943.0, 'gpu_load': 0.0, 'client_rank': 2, 'round': 5, 'timestamp': '2025-08-15 17:29:43'}
Received system metrics from client 3: {'cpu_time': 27.199999999953434, 'ram_used_mb': 3665.772544, 'net_sent_bytes': 12955, 'net_recv_bytes': 37333, 'gpu_mem_used_mb': 38943.0, 'gpu_load': 0.0, 'client_rank': 3, 'round': 5, 'timestamp': '2025-08-15 17:29:42'}
    [Client 5] Round 6 - Training on local data...
    [Client 4] Round 6 - Training on local data...
Received system metrics from client 4: {'cpu_time': 227.87000000104308, 'ram_used_mb': 3967.209472, 'net_sent_bytes': 32400, 'net_recv_bytes': 37364, 'gpu_mem_used_mb': 38943.0, 'gpu_load': 0.0, 'client_rank': 4, 'round': 5, 'timestamp': '2025-08-15 17:29:43'}
Received system metrics from client 5: {'cpu_time': 55.71000000089407, 'ram_used_mb': 3842.854912, 'net_sent_bytes': 16605, 'net_recv_bytes': 43088, 'gpu_mem_used_mb': 38943.0, 'gpu_load': 0.0, 'client_rank': 5, 'round': 5, 'timestamp': '2025-08-15 17:29:42'}
Averaging model weights...
Evaluating updated global model on test set...
Round 5 Evaluation - Accuracy: 0.6602, Loss: 0.9458

===== Round 6 =====
Broadcasting global model to all clients...
Waiting for model weights from client 1...
    [Client 3] System Stats: {'cpu_time': 26.75, 'ram_used_mb': 3866.763264, 'net_sent_bytes': 41770, 'net_recv_bytes': 46580, 'gpu_mem_used_mb': 38945.0, 'gpu_load': 0.0, 'client_rank': 3, 'round': 6, 'timestamp': '2025-08-15 17:29:56'}
    [Client 5] System Stats: {'cpu_time': 52.92000000178814, 'ram_used_mb': 4117.725184, 'net_sent_bytes': 921, 'net_recv_bytes': 32158, 'gpu_mem_used_mb': 38945.0, 'gpu_load': 0.0, 'client_rank': 5, 'round': 6, 'timestamp': '2025-08-15 17:29:56'}
    [Client 1] System Stats: {'cpu_time': 60.900000002235174, 'ram_used_mb': 4081.00864, 'net_sent_bytes': 15398, 'net_recv_bytes': 39323, 'gpu_mem_used_mb': 38943.0, 'gpu_load': 0.0, 'client_rank': 1, 'round': 6, 'timestamp': '2025-08-15 17:29:56'}
    [Client 3] Statistical Utility: {'client_rank': 3, 'round': 6, 'data_size': 367, 'data_variance': 0.06417996436357498, 'local_loss': 0.8894255757331848, 'local_accuracy': 66.21253490447998}
    [Client 2] System Stats: {'cpu_time': 37.51000000163913, 'ram_used_mb': 4192.038912, 'net_sent_bytes': 2956, 'net_recv_bytes': 37400, 'gpu_mem_used_mb': 38945.0, 'gpu_load': 0.0, 'client_rank': 2, 'round': 6, 'timestamp': '2025-08-15 17:29:57'}
    [Client 1] Statistical Utility: {'client_rank': 1, 'round': 6, 'data_size': 6947, 'data_variance': 0.06378714740276337, 'local_loss': 0.964231014251709, 'local_accuracy': 65.98531603813171}
    [Client 5] Statistical Utility: {'client_rank': 5, 'round': 6, 'data_size': 5993, 'data_variance': 0.06273552030324936, 'local_loss': 0.8516177535057068, 'local_accuracy': 70.36542892456055}
    [Client 4] System Stats: {'cpu_time': 222.73999999836087, 'ram_used_mb': 4209.348608, 'net_sent_bytes': 1368, 'net_recv_bytes': 41307, 'gpu_mem_used_mb': 38945.0, 'gpu_load': 0.0, 'client_rank': 4, 'round': 6, 'timestamp': '2025-08-15 17:29:57'}
    [Client 3] Round 6 - Sending updated weights to server...
    [Client 5] Round 6 - Sending updated weights to server...
    [Client 2] Statistical Utility: {'client_rank': 2, 'round': 6, 'data_size': 14955, 'data_variance': 0.0634714663028717, 'local_loss': 1.0342254638671875, 'local_accuracy': 63.99866342544556}
    [Client 4] Statistical Utility: {'client_rank': 4, 'round': 6, 'data_size': 21738, 'data_variance': 0.06313455104827881, 'local_loss': 1.0959404706954956, 'local_accuracy': 60.82436442375183}
    [Client 2] Round 6 - Sending updated weights to server...
    [Client 4] Round 6 - Sending updated weights to server...
    [Client 1] Round 6 - Sending updated weights to server...
Received weights from client 1
Waiting for model weights from client 2...
Received weights from client 2
Waiting for model weights from client 3...
Received weights from client 3
Waiting for model weights from client 4...
Received weights from client 4
Waiting for model weights from client 5...
Received weights from client 5
Received system metrics from client 1: {'cpu_time': 60.900000002235174, 'ram_used_mb': 4081.00864, 'net_sent_bytes': 15398, 'net_recv_bytes': 39323, 'gpu_mem_used_mb': 38943.0, 'gpu_load': 0.0, 'client_rank': 1, 'round': 6, 'timestamp': '2025-08-15 17:29:56'}
Received system metrics from client 2: {'cpu_time': 37.51000000163913, 'ram_used_mb': 4192.038912, 'net_sent_bytes': 2956, 'net_recv_bytes': 37400, 'gpu_mem_used_mb': 38945.0, 'gpu_load': 0.0, 'client_rank': 2, 'round': 6, 'timestamp': '2025-08-15 17:29:57'}
Received system metrics from client 3: {'cpu_time': 26.75, 'ram_used_mb': 3866.763264, 'net_sent_bytes': 41770, 'net_recv_bytes': 46580, 'gpu_mem_used_mb': 38945.0, 'gpu_load': 0.0, 'client_rank': 3, 'round': 6, 'timestamp': '2025-08-15 17:29:56'}
Received system metrics from client 4: {'cpu_time': 222.73999999836087, 'ram_used_mb': 4209.348608, 'net_sent_bytes': 1368, 'net_recv_bytes': 41307, 'gpu_mem_used_mb': 38945.0, 'gpu_load': 0.0, 'client_rank': 4, 'round': 6, 'timestamp': '2025-08-15 17:29:57'}
Received system metrics from client 5: {'cpu_time': 52.92000000178814, 'ram_used_mb': 4117.725184, 'net_sent_bytes': 921, 'net_recv_bytes': 32158, 'gpu_mem_used_mb': 38945.0, 'gpu_load': 0.0, 'client_rank': 5, 'round': 6, 'timestamp': '2025-08-15 17:29:56'}
Averaging model weights...
Evaluating updated global model on test set...
    [Client 1] Round 7 - Waiting for global weights...
    [Client 4] Round 7 - Waiting for global weights...
    [Client 3] Round 7 - Waiting for global weights...
    [Client 2] Round 7 - Waiting for global weights...
    [Client 5] Round 7 - Waiting for global weights...
Round 6 Evaluation - Accuracy: 0.6814, Loss: 0.8892

===== Round 7 =====
Broadcasting global model to all clients...
Waiting for model weights from client 1...
    [Client 1] Round 7 - Training on local data...
    [Client 2] Round 7 - Training on local data...
    [Client 4] Round 7 - Training on local data...
    [Client 3] Round 7 - Training on local data...
    [Client 5] Round 7 - Training on local data...
    [Client 3] System Stats: {'cpu_time': 22.010000000009313, 'ram_used_mb': 4007.58784, 'net_sent_bytes': 83637, 'net_recv_bytes': 56072, 'gpu_mem_used_mb': 38945.0, 'gpu_load': 0.0, 'client_rank': 3, 'round': 7, 'timestamp': '2025-08-15 17:30:25'}
    [Client 1] System Stats: {'cpu_time': 63.15999999642372, 'ram_used_mb': 4272.287744, 'net_sent_bytes': 4073, 'net_recv_bytes': 33163, 'gpu_mem_used_mb': 38945.0, 'gpu_load': 0.0, 'client_rank': 1, 'round': 7, 'timestamp': '2025-08-15 17:30:25'}
    [Client 5] System Stats: {'cpu_time': 65.15000000223517, 'ram_used_mb': 4313.739264, 'net_sent_bytes': 29912, 'net_recv_bytes': 59369, 'gpu_mem_used_mb': 38945.0, 'gpu_load': 0.0, 'client_rank': 5, 'round': 7, 'timestamp': '2025-08-15 17:30:25'}
    [Client 3] Statistical Utility: {'client_rank': 3, 'round': 7, 'data_size': 367, 'data_variance': 0.06417996436357498, 'local_loss': 0.6713390946388245, 'local_accuracy': 79.29155230522156}
    [Client 2] System Stats: {'cpu_time': 57.20999999716878, 'ram_used_mb': 4315.328512, 'net_sent_bytes': 25159, 'net_recv_bytes': 38853, 'gpu_mem_used_mb': 38945.0, 'gpu_load': 0.0, 'client_rank': 2, 'round': 7, 'timestamp': '2025-08-15 17:30:26'}
    [Client 1] Statistical Utility: {'client_rank': 1, 'round': 7, 'data_size': 6947, 'data_variance': 0.06378714740276337, 'local_loss': 0.784166693687439, 'local_accuracy': 72.75083065032959}
    [Client 5] Statistical Utility: {'client_rank': 5, 'round': 7, 'data_size': 5993, 'data_variance': 0.06273552030324936, 'local_loss': 0.7848140597343445, 'local_accuracy': 72.95177578926086}
    [Client 4] System Stats: {'cpu_time': 233.17000000178814, 'ram_used_mb': 4352.544768, 'net_sent_bytes': 8079, 'net_recv_bytes': 41561, 'gpu_mem_used_mb': 38945.0, 'gpu_load': 0.0, 'client_rank': 4, 'round': 7, 'timestamp': '2025-08-15 17:30:27'}
    [Client 3] Round 7 - Sending updated weights to server...
    [Client 2] Statistical Utility: {'client_rank': 2, 'round': 7, 'data_size': 14955, 'data_variance': 0.0634714663028717, 'local_loss': 0.8239192366600037, 'local_accuracy': 71.02641463279724}
    [Client 5] Round 7 - Sending updated weights to server...
    [Client 1] Round 7 - Sending updated weights to server...
Received weights from client 1
Waiting for model weights from client 2...
    [Client 1] Round 8 - Waiting for global weights...
    [Client 4] Statistical Utility: {'client_rank': 4, 'round': 7, 'data_size': 21738, 'data_variance': 0.06313455104827881, 'local_loss': 0.8220685124397278, 'local_accuracy': 71.10129594802856}
    [Client 2] Round 7 - Sending updated weights to server...
Received weights from client 2
Waiting for model weights from client 3...
Received weights from client 3
Waiting for model weights from client 4...
    [Client 2] Round 8 - Waiting for global weights...
    [Client 3] Round 8 - Waiting for global weights...
    [Client 4] Round 7 - Sending updated weights to server...
Received weights from client 4
Waiting for model weights from client 5...
Received weights from client 5
Received system metrics from client 1: {'cpu_time': 63.15999999642372, 'ram_used_mb': 4272.287744, 'net_sent_bytes': 4073, 'net_recv_bytes': 33163, 'gpu_mem_used_mb': 38945.0, 'gpu_load': 0.0, 'client_rank': 1, 'round': 7, 'timestamp': '2025-08-15 17:30:25'}
Received system metrics from client 2: {'cpu_time': 57.20999999716878, 'ram_used_mb': 4315.328512, 'net_sent_bytes': 25159, 'net_recv_bytes': 38853, 'gpu_mem_used_mb': 38945.0, 'gpu_load': 0.0, 'client_rank': 2, 'round': 7, 'timestamp': '2025-08-15 17:30:26'}
Received system metrics from client 3: {'cpu_time': 22.010000000009313, 'ram_used_mb': 4007.58784, 'net_sent_bytes': 83637, 'net_recv_bytes': 56072, 'gpu_mem_used_mb': 38945.0, 'gpu_load': 0.0, 'client_rank': 3, 'round': 7, 'timestamp': '2025-08-15 17:30:25'}
Received system metrics from client 4: {'cpu_time': 233.17000000178814, 'ram_used_mb': 4352.544768, 'net_sent_bytes': 8079, 'net_recv_bytes': 41561, 'gpu_mem_used_mb': 38945.0, 'gpu_load': 0.0, 'client_rank': 4, 'round': 7, 'timestamp': '2025-08-15 17:30:27'}
Received system metrics from client 5: {'cpu_time': 65.15000000223517, 'ram_used_mb': 4313.739264, 'net_sent_bytes': 29912, 'net_recv_bytes': 59369, 'gpu_mem_used_mb': 38945.0, 'gpu_load': 0.0, 'client_rank': 5, 'round': 7, 'timestamp': '2025-08-15 17:30:25'}
Averaging model weights...
Evaluating updated global model on test set...
    [Client 4] Round 8 - Waiting for global weights...
    [Client 5] Round 8 - Waiting for global weights...
Round 7 Evaluation - Accuracy: 0.7170, Loss: 0.8144

===== Round 8 =====
Broadcasting global model to all clients...
Waiting for model weights from client 1...
    [Client 1] Round 8 - Training on local data...
    [Client 2] Round 8 - Training on local data...
    [Client 4] Round 8 - Training on local data...
    [Client 3] Round 8 - Training on local data...
    [Client 5] Round 8 - Training on local data...
    [Client 3] System Stats: {'cpu_time': 20.510000000009313, 'ram_used_mb': 4258.377728, 'net_sent_bytes': 499, 'net_recv_bytes': 32540, 'gpu_mem_used_mb': 38947.0, 'gpu_load': 0.0, 'client_rank': 3, 'round': 8, 'timestamp': '2025-08-15 17:30:38'}
    [Client 1] System Stats: {'cpu_time': 75.82999999821186, 'ram_used_mb': 4516.990976, 'net_sent_bytes': 99028, 'net_recv_bytes': 74213, 'gpu_mem_used_mb': 38947.0, 'gpu_load': 0.01, 'client_rank': 1, 'round': 8, 'timestamp': '2025-08-15 17:30:38'}
    [Client 5] System Stats: {'cpu_time': 68.5, 'ram_used_mb': 4578.275328, 'net_sent_bytes': 15587, 'net_recv_bytes': 35009, 'gpu_mem_used_mb': 38947.0, 'gpu_load': 0.0, 'client_rank': 5, 'round': 8, 'timestamp': '2025-08-15 17:30:38'}
    [Client 3] Statistical Utility: {'client_rank': 3, 'round': 8, 'data_size': 367, 'data_variance': 0.06417996436357498, 'local_loss': 0.5543498992919922, 'local_accuracy': 82.56130814552307}
    [Client 2] System Stats: {'cpu_time': 89.56999999657273, 'ram_used_mb': 4532.895744, 'net_sent_bytes': 52222, 'net_recv_bytes': 51912, 'gpu_mem_used_mb': 38947.0, 'gpu_load': 0.0, 'client_rank': 2, 'round': 8, 'timestamp': '2025-08-15 17:30:39'}
    [Client 1] Statistical Utility: {'client_rank': 1, 'round': 8, 'data_size': 6947, 'data_variance': 0.06378714740276337, 'local_loss': 0.7630576491355896, 'local_accuracy': 73.47056269645691}
    [Client 5] Statistical Utility: {'client_rank': 5, 'round': 8, 'data_size': 5993, 'data_variance': 0.06273552030324936, 'local_loss': 0.7935112714767456, 'local_accuracy': 72.78491854667664}
    [Client 3] Round 8 - Sending updated weights to server...
    [Client 4] System Stats: {'cpu_time': 222.85999999940395, 'ram_used_mb': 4557.33248, 'net_sent_bytes': 92033, 'net_recv_bytes': 64303, 'gpu_mem_used_mb': 38947.0, 'gpu_load': 0.0, 'client_rank': 4, 'round': 8, 'timestamp': '2025-08-15 17:30:40'}
    [Client 5] Round 8 - Sending updated weights to server...
    [Client 2] Statistical Utility: {'client_rank': 2, 'round': 8, 'data_size': 14955, 'data_variance': 0.0634714663028717, 'local_loss': 0.7540138363838196, 'local_accuracy': 73.38683009147644}
    [Client 1] Round 8 - Sending updated weights to server...
Received weights from client 1
Waiting for model weights from client 2...
    [Client 1] Round 9 - Waiting for global weights...
    [Client 2] Round 8 - Sending updated weights to server...
Received weights from client 2
Waiting for model weights from client 3...
Received weights from client 3
Waiting for model weights from client 4...
    [Client 4] Statistical Utility: {'client_rank': 4, 'round': 8, 'data_size': 21738, 'data_variance': 0.06313455104827881, 'local_loss': 0.7961048483848572, 'local_accuracy': 71.71313166618347}
    [Client 2] Round 9 - Waiting for global weights...
    [Client 3] Round 9 - Waiting for global weights...
    [Client 4] Round 8 - Sending updated weights to server...
Received weights from client 4
Waiting for model weights from client 5...
Received weights from client 5
Received system metrics from client 1: {'cpu_time': 75.82999999821186, 'ram_used_mb': 4516.990976, 'net_sent_bytes': 99028, 'net_recv_bytes': 74213, 'gpu_mem_used_mb': 38947.0, 'gpu_load': 0.01, 'client_rank': 1, 'round': 8, 'timestamp': '2025-08-15 17:30:38'}
Received system metrics from client 2: {'cpu_time': 89.56999999657273, 'ram_used_mb': 4532.895744, 'net_sent_bytes': 52222, 'net_recv_bytes': 51912, 'gpu_mem_used_mb': 38947.0, 'gpu_load': 0.0, 'client_rank': 2, 'round': 8, 'timestamp': '2025-08-15 17:30:39'}
Received system metrics from client 3: {'cpu_time': 20.510000000009313, 'ram_used_mb': 4258.377728, 'net_sent_bytes': 499, 'net_recv_bytes': 32540, 'gpu_mem_used_mb': 38947.0, 'gpu_load': 0.0, 'client_rank': 3, 'round': 8, 'timestamp': '2025-08-15 17:30:38'}
Received system metrics from client 4: {'cpu_time': 222.85999999940395, 'ram_used_mb': 4557.33248, 'net_sent_bytes': 92033, 'net_recv_bytes': 64303, 'gpu_mem_used_mb': 38947.0, 'gpu_load': 0.0, 'client_rank': 4, 'round': 8, 'timestamp': '2025-08-15 17:30:40'}
Received system metrics from client 5: {'cpu_time': 68.5, 'ram_used_mb': 4578.275328, 'net_sent_bytes': 15587, 'net_recv_bytes': 35009, 'gpu_mem_used_mb': 38947.0, 'gpu_load': 0.0, 'client_rank': 5, 'round': 8, 'timestamp': '2025-08-15 17:30:38'}
Averaging model weights...
Evaluating updated global model on test set...
    [Client 4] Round 9 - Waiting for global weights...
    [Client 5] Round 9 - Waiting for global weights...
Round 8 Evaluation - Accuracy: 0.7301, Loss: 0.7673

===== Round 9 =====
Broadcasting global model to all clients...
Waiting for model weights from client 1...
    [Client 1] Round 9 - Training on local data...
    [Client 2] Round 9 - Training on local data...
    [Client 4] Round 9 - Training on local data...
    [Client 3] Round 9 - Training on local data...
    [Client 5] Round 9 - Training on local data...
    [Client 3] System Stats: {'cpu_time': 20.149999999965075, 'ram_used_mb': 4486.664192, 'net_sent_bytes': 30992, 'net_recv_bytes': 29723, 'gpu_mem_used_mb': 38949.0, 'gpu_load': 0.0, 'client_rank': 3, 'round': 9, 'timestamp': '2025-08-15 17:30:51'}
    [Client 1] System Stats: {'cpu_time': 78.5, 'ram_used_mb': 4648.759296, 'net_sent_bytes': 345, 'net_recv_bytes': 33000, 'gpu_mem_used_mb': 38947.0, 'gpu_load': 0.0, 'client_rank': 1, 'round': 9, 'timestamp': '2025-08-15 17:30:52'}
    [Client 5] System Stats: {'cpu_time': 72.94999999925494, 'ram_used_mb': 4743.110656, 'net_sent_bytes': 74660, 'net_recv_bytes': 57504, 'gpu_mem_used_mb': 38947.0, 'gpu_load': 0.01, 'client_rank': 5, 'round': 9, 'timestamp': '2025-08-15 17:30:52'}
    [Client 3] Statistical Utility: {'client_rank': 3, 'round': 9, 'data_size': 367, 'data_variance': 0.06417996436357498, 'local_loss': 0.5678163170814514, 'local_accuracy': 82.01634883880615}
    [Client 2] System Stats: {'cpu_time': 96.13999999687076, 'ram_used_mb': 4698.35776, 'net_sent_bytes': 31009, 'net_recv_bytes': 66730, 'gpu_mem_used_mb': 38947.0, 'gpu_load': 0.0, 'client_rank': 2, 'round': 9, 'timestamp': '2025-08-15 17:30:53'}
    [Client 1] Statistical Utility: {'client_rank': 1, 'round': 9, 'data_size': 6947, 'data_variance': 0.06378714740276337, 'local_loss': 0.6655380725860596, 'local_accuracy': 77.28515863418579}
    [Client 5] Statistical Utility: {'client_rank': 5, 'round': 9, 'data_size': 5993, 'data_variance': 0.06273552030324936, 'local_loss': 0.6972222924232483, 'local_accuracy': 75.1042902469635}
    [Client 4] System Stats: {'cpu_time': 233.76000000163913, 'ram_used_mb': 4734.124032, 'net_sent_bytes': 1339, 'net_recv_bytes': 36865, 'gpu_mem_used_mb': 38947.0, 'gpu_load': 0.0, 'client_rank': 4, 'round': 9, 'timestamp': '2025-08-15 17:30:53'}
    [Client 1] Round 9 - Sending updated weights to server...
Received weights from client 1
Waiting for model weights from client 2...
    [Client 1] Round 10 - Waiting for global weights...
    [Client 5] Round 9 - Sending updated weights to server...
    [Client 2] Statistical Utility: {'client_rank': 2, 'round': 9, 'data_size': 14955, 'data_variance': 0.0634714663028717, 'local_loss': 0.8195971250534058, 'local_accuracy': 71.80207371711731}
    [Client 3] Round 9 - Sending updated weights to server...
    [Client 4] Statistical Utility: {'client_rank': 4, 'round': 9, 'data_size': 21738, 'data_variance': 0.06313455104827881, 'local_loss': 0.8335359692573547, 'local_accuracy': 69.88223195075989}
    [Client 2] Round 9 - Sending updated weights to server...
Received weights from client 2
Waiting for model weights from client 3...
Received weights from client 3
Waiting for model weights from client 4...
    [Client 2] Round 10 - Waiting for global weights...
    [Client 3] Round 10 - Waiting for global weights...
    [Client 4] Round 9 - Sending updated weights to server...
Received weights from client 4
Waiting for model weights from client 5...
Received weights from client 5
    [Client 5] Round 10 - Waiting for global weights...
    [Client 4] Round 10 - Waiting for global weights...
Received system metrics from client 1: {'cpu_time': 78.5, 'ram_used_mb': 4648.759296, 'net_sent_bytes': 345, 'net_recv_bytes': 33000, 'gpu_mem_used_mb': 38947.0, 'gpu_load': 0.0, 'client_rank': 1, 'round': 9, 'timestamp': '2025-08-15 17:30:52'}
Received system metrics from client 2: {'cpu_time': 96.13999999687076, 'ram_used_mb': 4698.35776, 'net_sent_bytes': 31009, 'net_recv_bytes': 66730, 'gpu_mem_used_mb': 38947.0, 'gpu_load': 0.0, 'client_rank': 2, 'round': 9, 'timestamp': '2025-08-15 17:30:53'}
Received system metrics from client 3: {'cpu_time': 20.149999999965075, 'ram_used_mb': 4486.664192, 'net_sent_bytes': 30992, 'net_recv_bytes': 29723, 'gpu_mem_used_mb': 38949.0, 'gpu_load': 0.0, 'client_rank': 3, 'round': 9, 'timestamp': '2025-08-15 17:30:51'}
Received system metrics from client 4: {'cpu_time': 233.76000000163913, 'ram_used_mb': 4734.124032, 'net_sent_bytes': 1339, 'net_recv_bytes': 36865, 'gpu_mem_used_mb': 38947.0, 'gpu_load': 0.0, 'client_rank': 4, 'round': 9, 'timestamp': '2025-08-15 17:30:53'}
Received system metrics from client 5: {'cpu_time': 72.94999999925494, 'ram_used_mb': 4743.110656, 'net_sent_bytes': 74660, 'net_recv_bytes': 57504, 'gpu_mem_used_mb': 38947.0, 'gpu_load': 0.01, 'client_rank': 5, 'round': 9, 'timestamp': '2025-08-15 17:30:52'}
Averaging model weights...
Evaluating updated global model on test set...
Round 9 Evaluation - Accuracy: 0.7489, Loss: 0.7137

===== Round 10 =====
Broadcasting global model to all clients...
Waiting for model weights from client 1...
    [Client 1] Round 10 - Training on local data...
    [Client 2] Round 10 - Training on local data...
    [Client 4] Round 10 - Training on local data...
    [Client 5] Round 10 - Training on local data...
    [Client 3] Round 10 - Training on local data...
    [Client 3] System Stats: {'cpu_time': 20.95000000001164, 'ram_used_mb': 4632.3712, 'net_sent_bytes': 3111, 'net_recv_bytes': 29320, 'gpu_mem_used_mb': 38949.0, 'gpu_load': 0.0, 'client_rank': 3, 'round': 10, 'timestamp': '2025-08-15 17:31:05'}
    [Client 1] System Stats: {'cpu_time': 75.91000000014901, 'ram_used_mb': 4885.42208, 'net_sent_bytes': 33455, 'net_recv_bytes': 33022, 'gpu_mem_used_mb': 38949.0, 'gpu_load': 0.0, 'client_rank': 1, 'round': 10, 'timestamp': '2025-08-15 17:31:05'}
    [Client 5] System Stats: {'cpu_time': 69.73000000044703, 'ram_used_mb': 4923.342848, 'net_sent_bytes': 3120, 'net_recv_bytes': 32990, 'gpu_mem_used_mb': 38949.0, 'gpu_load': 0.0, 'client_rank': 5, 'round': 10, 'timestamp': '2025-08-15 17:31:06'}
    [Client 2] System Stats: {'cpu_time': 89.48999999836087, 'ram_used_mb': 4926.787584, 'net_sent_bytes': 32603, 'net_recv_bytes': 37082, 'gpu_mem_used_mb': 38949.0, 'gpu_load': 0.0, 'client_rank': 2, 'round': 10, 'timestamp': '2025-08-15 17:31:06'}
    [Client 3] Statistical Utility: {'client_rank': 3, 'round': 10, 'data_size': 367, 'data_variance': 0.06417996436357498, 'local_loss': 0.48571765422821045, 'local_accuracy': 84.46866273880005}
    [Client 1] Statistical Utility: {'client_rank': 1, 'round': 10, 'data_size': 6947, 'data_variance': 0.06378714740276337, 'local_loss': 0.6592425107955933, 'local_accuracy': 76.50784254074097}
    [Client 4] System Stats: {'cpu_time': 224.05000000074506, 'ram_used_mb': 4936.876032, 'net_sent_bytes': 43534, 'net_recv_bytes': 55545, 'gpu_mem_used_mb': 38949.0, 'gpu_load': 0.0, 'client_rank': 4, 'round': 10, 'timestamp': '2025-08-15 17:31:07'}
    [Client 5] Statistical Utility: {'client_rank': 5, 'round': 10, 'data_size': 5993, 'data_variance': 0.06273552030324936, 'local_loss': 0.6155329942703247, 'local_accuracy': 78.72517704963684}
    [Client 5] Round 10 - Sending updated weights to server...
    [Client 2] Statistical Utility: {'client_rank': 2, 'round': 10, 'data_size': 14955, 'data_variance': 0.0634714663028717, 'local_loss': 0.630197286605835, 'local_accuracy': 77.89368033409119}
    [Client 3] Round 10 - Sending updated weights to server...
    [Client 1] Round 10 - Sending updated weights to server...
Received weights from client 1
Waiting for model weights from client 2...
    [Client 4] Statistical Utility: {'client_rank': 4, 'round': 10, 'data_size': 21738, 'data_variance': 0.06313455104827881, 'local_loss': 0.6751331090927124, 'local_accuracy': 76.13396048545837}
    [Client 1] Round 11 - Waiting for global weights...
    [Client 2] Round 10 - Sending updated weights to server...
Received weights from client 2
Waiting for model weights from client 3...
Received weights from client 3
Waiting for model weights from client 4...
    [Client 2] Round 11 - Waiting for global weights...
    [Client 3] Round 11 - Waiting for global weights...
    [Client 4] Round 10 - Sending updated weights to server...
Received weights from client 4
Waiting for model weights from client 5...
Received weights from client 5
Received system metrics from client 1: {'cpu_time': 75.91000000014901, 'ram_used_mb': 4885.42208, 'net_sent_bytes': 33455, 'net_recv_bytes': 33022, 'gpu_mem_used_mb': 38949.0, 'gpu_load': 0.0, 'client_rank': 1, 'round': 10, 'timestamp': '2025-08-15 17:31:05'}
Received system metrics from client 2: {'cpu_time': 89.48999999836087, 'ram_used_mb': 4926.787584, 'net_sent_bytes': 32603, 'net_recv_bytes': 37082, 'gpu_mem_used_mb': 38949.0, 'gpu_load': 0.0, 'client_rank': 2, 'round': 10, 'timestamp': '2025-08-15 17:31:06'}
Received system metrics from client 3: {'cpu_time': 20.95000000001164, 'ram_used_mb': 4632.3712, 'net_sent_bytes': 3111, 'net_recv_bytes': 29320, 'gpu_mem_used_mb': 38949.0, 'gpu_load': 0.0, 'client_rank': 3, 'round': 10, 'timestamp': '2025-08-15 17:31:05'}
Received system metrics from client 4: {'cpu_time': 224.05000000074506, 'ram_used_mb': 4936.876032, 'net_sent_bytes': 43534, 'net_recv_bytes': 55545, 'gpu_mem_used_mb': 38949.0, 'gpu_load': 0.0, 'client_rank': 4, 'round': 10, 'timestamp': '2025-08-15 17:31:07'}
Received system metrics from client 5: {'cpu_time': 69.73000000044703, 'ram_used_mb': 4923.342848, 'net_sent_bytes': 3120, 'net_recv_bytes': 32990, 'gpu_mem_used_mb': 38949.0, 'gpu_load': 0.0, 'client_rank': 5, 'round': 10, 'timestamp': '2025-08-15 17:31:06'}
Averaging model weights...
Evaluating updated global model on test set...
    [Client 4] Round 11 - Waiting for global weights...
    [Client 5] Round 11 - Waiting for global weights...
Round 10 Evaluation - Accuracy: 0.7676, Loss: 0.6719

===== Round 11 =====
Broadcasting global model to all clients...
Waiting for model weights from client 1...
    [Client 1] Round 11 - Training on local data...
    [Client 2] Round 11 - Training on local data...
    [Client 4] Round 11 - Training on local data...
    [Client 3] Round 11 - Training on local data...
    [Client 5] Round 11 - Training on local data...
    [Client 3] System Stats: {'cpu_time': 21.010000000009313, 'ram_used_mb': 4840.308736, 'net_sent_bytes': 69036, 'net_recv_bytes': 47147, 'gpu_mem_used_mb': 38951.0, 'gpu_load': 0.0, 'client_rank': 3, 'round': 11, 'timestamp': '2025-08-15 17:31:18'}
    [Client 1] System Stats: {'cpu_time': 75.42999999970198, 'ram_used_mb': 5148.393472, 'net_sent_bytes': 650, 'net_recv_bytes': 34220, 'gpu_mem_used_mb': 38949.0, 'gpu_load': 0.0, 'client_rank': 1, 'round': 11, 'timestamp': '2025-08-15 17:31:18'}
    [Client 5] System Stats: {'cpu_time': 69.85999999940395, 'ram_used_mb': 5182.386176, 'net_sent_bytes': 85666, 'net_recv_bytes': 59059, 'gpu_mem_used_mb': 38951.0, 'gpu_load': 0.01, 'client_rank': 5, 'round': 11, 'timestamp': '2025-08-15 17:31:18'}
    [Client 3] Statistical Utility: {'client_rank': 3, 'round': 11, 'data_size': 367, 'data_variance': 0.06417996436357498, 'local_loss': 0.454288125038147, 'local_accuracy': 84.19618606567383}
    [Client 2] System Stats: {'cpu_time': 85.98000000044703, 'ram_used_mb': 5143.044096, 'net_sent_bytes': 2499, 'net_recv_bytes': 34006, 'gpu_mem_used_mb': 38951.0, 'gpu_load': 0.0, 'client_rank': 2, 'round': 11, 'timestamp': '2025-08-15 17:31:19'}
    [Client 1] Statistical Utility: {'client_rank': 1, 'round': 11, 'data_size': 6947, 'data_variance': 0.06378714740276337, 'local_loss': 0.5630793571472168, 'local_accuracy': 79.61710095405579}
    [Client 5] Statistical Utility: {'client_rank': 5, 'round': 11, 'data_size': 5993, 'data_variance': 0.06273552030324936, 'local_loss': 0.6198359131813049, 'local_accuracy': 78.32471132278442}
    [Client 4] System Stats: {'cpu_time': 225.44999999925494, 'ram_used_mb': 5175.463936, 'net_sent_bytes': 29197, 'net_recv_bytes': 65739, 'gpu_mem_used_mb': 38951.0, 'gpu_load': 0.0, 'client_rank': 4, 'round': 11, 'timestamp': '2025-08-15 17:31:19'}
    [Client 3] Round 11 - Sending updated weights to server...
    [Client 5] Round 11 - Sending updated weights to server...
    [Client 2] Statistical Utility: {'client_rank': 2, 'round': 11, 'data_size': 14955, 'data_variance': 0.0634714663028717, 'local_loss': 0.6377772092819214, 'local_accuracy': 77.03778147697449}
    [Client 1] Round 11 - Sending updated weights to server...
Received weights from client 1
Waiting for model weights from client 2...
    [Client 1] Round 12 - Waiting for global weights...
    [Client 4] Statistical Utility: {'client_rank': 4, 'round': 11, 'data_size': 21738, 'data_variance': 0.06313455104827881, 'local_loss': 0.6820328831672668, 'local_accuracy': 75.47612190246582}
    [Client 2] Round 11 - Sending updated weights to server...
Received weights from client 2
Waiting for model weights from client 3...
Received weights from client 3
Waiting for model weights from client 4...
    [Client 2] Round 12 - Waiting for global weights...
    [Client 3] Round 12 - Waiting for global weights...
    [Client 4] Round 11 - Sending updated weights to server...
Received weights from client 4
Waiting for model weights from client 5...
Received weights from client 5
Received system metrics from client 1: {'cpu_time': 75.42999999970198, 'ram_used_mb': 5148.393472, 'net_sent_bytes': 650, 'net_recv_bytes': 34220, 'gpu_mem_used_mb': 38949.0, 'gpu_load': 0.0, 'client_rank': 1, 'round': 11, 'timestamp': '2025-08-15 17:31:18'}
Received system metrics from client 2: {'cpu_time': 85.98000000044703, 'ram_used_mb': 5143.044096, 'net_sent_bytes': 2499, 'net_recv_bytes': 34006, 'gpu_mem_used_mb': 38951.0, 'gpu_load': 0.0, 'client_rank': 2, 'round': 11, 'timestamp': '2025-08-15 17:31:19'}
Received system metrics from client 3: {'cpu_time': 21.010000000009313, 'ram_used_mb': 4840.308736, 'net_sent_bytes': 69036, 'net_recv_bytes': 47147, 'gpu_mem_used_mb': 38951.0, 'gpu_load': 0.0, 'client_rank': 3, 'round': 11, 'timestamp': '2025-08-15 17:31:18'}
Received system metrics from client 4: {'cpu_time': 225.44999999925494, 'ram_used_mb': 5175.463936, 'net_sent_bytes': 29197, 'net_recv_bytes': 65739, 'gpu_mem_used_mb': 38951.0, 'gpu_load': 0.0, 'client_rank': 4, 'round': 11, 'timestamp': '2025-08-15 17:31:19'}
Received system metrics from client 5: {'cpu_time': 69.85999999940395, 'ram_used_mb': 5182.386176, 'net_sent_bytes': 85666, 'net_recv_bytes': 59059, 'gpu_mem_used_mb': 38951.0, 'gpu_load': 0.01, 'client_rank': 5, 'round': 11, 'timestamp': '2025-08-15 17:31:18'}
Averaging model weights...
Evaluating updated global model on test set...
    [Client 4] Round 12 - Waiting for global weights...
    [Client 5] Round 12 - Waiting for global weights...
Round 11 Evaluation - Accuracy: 0.7677, Loss: 0.6593

===== Round 12 =====
Broadcasting global model to all clients...
Waiting for model weights from client 1...
    [Client 3] Round 12 - Training on local data...
    [Client 1] Round 12 - Training on local data...
    [Client 2] Round 12 - Training on local data...
    [Client 5] Round 12 - Training on local data...
    [Client 4] Round 12 - Training on local data...
    [Client 3] System Stats: {'cpu_time': 22.479999999981374, 'ram_used_mb': 4976.39424, 'net_sent_bytes': 29119, 'net_recv_bytes': 67478, 'gpu_mem_used_mb': 38951.0, 'gpu_load': 0.0, 'client_rank': 3, 'round': 12, 'timestamp': '2025-08-15 17:31:32'}
    [Client 1] System Stats: {'cpu_time': 75.29999999701977, 'ram_used_mb': 5239.955456, 'net_sent_bytes': 29634, 'net_recv_bytes': 63078, 'gpu_mem_used_mb': 38951.0, 'gpu_load': 0.0, 'client_rank': 1, 'round': 12, 'timestamp': '2025-08-15 17:31:32'}
    [Client 5] System Stats: {'cpu_time': 74.62000000104308, 'ram_used_mb': 5297.188864, 'net_sent_bytes': 628, 'net_recv_bytes': 40730, 'gpu_mem_used_mb': 38951.0, 'gpu_load': 0.0, 'client_rank': 5, 'round': 12, 'timestamp': '2025-08-15 17:31:33'}
    [Client 3] Statistical Utility: {'client_rank': 3, 'round': 12, 'data_size': 367, 'data_variance': 0.06417996436357498, 'local_loss': 0.4225648045539856, 'local_accuracy': 86.1035406589508}
    [Client 2] System Stats: {'cpu_time': 91.25, 'ram_used_mb': 5203.226624, 'net_sent_bytes': 12235, 'net_recv_bytes': 44907, 'gpu_mem_used_mb': 38951.0, 'gpu_load': 0.0, 'client_rank': 2, 'round': 12, 'timestamp': '2025-08-15 17:31:33'}
    [Client 1] Statistical Utility: {'client_rank': 1, 'round': 12, 'data_size': 6947, 'data_variance': 0.06378714740276337, 'local_loss': 0.5690774321556091, 'local_accuracy': 79.86181378364563}
    [Client 3] Round 12 - Sending updated weights to server...
    [Client 4] System Stats: {'cpu_time': 231.56999999657273, 'ram_used_mb': 5281.939456, 'net_sent_bytes': 44402, 'net_recv_bytes': 64066, 'gpu_mem_used_mb': 38951.0, 'gpu_load': 0.0, 'client_rank': 4, 'round': 12, 'timestamp': '2025-08-15 17:31:34'}
    [Client 5] Statistical Utility: {'client_rank': 5, 'round': 12, 'data_size': 5993, 'data_variance': 0.06273552030324936, 'local_loss': 0.5521185398101807, 'local_accuracy': 80.74420094490051}
    [Client 2] Statistical Utility: {'client_rank': 2, 'round': 12, 'data_size': 14955, 'data_variance': 0.0634714663028717, 'local_loss': 0.6285065412521362, 'local_accuracy': 78.30157279968262}
    [Client 1] Round 12 - Sending updated weights to server...
Received weights from client 1
Waiting for model weights from client 2...
    [Client 1] Round 13 - Waiting for global weights...
    [Client 4] Statistical Utility: {'client_rank': 4, 'round': 12, 'data_size': 21738, 'data_variance': 0.06313455104827881, 'local_loss': 0.6363778114318848, 'local_accuracy': 77.96945571899414}
    [Client 5] Round 12 - Sending updated weights to server...
    [Client 2] Round 12 - Sending updated weights to server...
Received weights from client 2
Waiting for model weights from client 3...
Received weights from client 3
Waiting for model weights from client 4...
    [Client 4] Round 12 - Sending updated weights to server...
Received weights from client 4
Waiting for model weights from client 5...
Received weights from client 5
    [Client 2] Round 13 - Waiting for global weights...
Received system metrics from client 1: {'cpu_time': 75.29999999701977, 'ram_used_mb': 5239.955456, 'net_sent_bytes': 29634, 'net_recv_bytes': 63078, 'gpu_mem_used_mb': 38951.0, 'gpu_load': 0.0, 'client_rank': 1, 'round': 12, 'timestamp': '2025-08-15 17:31:32'}
Received system metrics from client 2: {'cpu_time': 91.25, 'ram_used_mb': 5203.226624, 'net_sent_bytes': 12235, 'net_recv_bytes': 44907, 'gpu_mem_used_mb': 38951.0, 'gpu_load': 0.0, 'client_rank': 2, 'round': 12, 'timestamp': '2025-08-15 17:31:33'}
Received system metrics from client 3: {'cpu_time': 22.479999999981374, 'ram_used_mb': 4976.39424, 'net_sent_bytes': 29119, 'net_recv_bytes': 67478, 'gpu_mem_used_mb': 38951.0, 'gpu_load': 0.0, 'client_rank': 3, 'round': 12, 'timestamp': '2025-08-15 17:31:32'}
Received system metrics from client 4: {'cpu_time': 231.56999999657273, 'ram_used_mb': 5281.939456, 'net_sent_bytes': 44402, 'net_recv_bytes': 64066, 'gpu_mem_used_mb': 38951.0, 'gpu_load': 0.0, 'client_rank': 4, 'round': 12, 'timestamp': '2025-08-15 17:31:34'}
Received system metrics from client 5: {'cpu_time': 74.62000000104308, 'ram_used_mb': 5297.188864, 'net_sent_bytes': 628, 'net_recv_bytes': 40730, 'gpu_mem_used_mb': 38951.0, 'gpu_load': 0.0, 'client_rank': 5, 'round': 12, 'timestamp': '2025-08-15 17:31:33'}
Averaging model weights...
Evaluating updated global model on test set...
    [Client 3] Round 13 - Waiting for global weights...
    [Client 4] Round 13 - Waiting for global weights...
    [Client 5] Round 13 - Waiting for global weights...
Round 12 Evaluation - Accuracy: 0.7831, Loss: 0.6256

===== Round 13 =====
Broadcasting global model to all clients...
Waiting for model weights from client 1...
    [Client 3] Round 13 - Training on local data...
    [Client 1] Round 13 - Training on local data...
    [Client 2] Round 13 - Training on local data...
    [Client 5] Round 13 - Training on local data...
    [Client 4] Round 13 - Training on local data...
    [Client 3] System Stats: {'cpu_time': 20.03000000002794, 'ram_used_mb': 5150.748672, 'net_sent_bytes': 587, 'net_recv_bytes': 31130, 'gpu_mem_used_mb': 38953.0, 'gpu_load': 0.0, 'client_rank': 3, 'round': 13, 'timestamp': '2025-08-15 17:31:45'}
    [Client 1] System Stats: {'cpu_time': 75.07000000029802, 'ram_used_mb': 5473.865728, 'net_sent_bytes': 43576, 'net_recv_bytes': 54542, 'gpu_mem_used_mb': 38953.0, 'gpu_load': 0.0, 'client_rank': 1, 'round': 13, 'timestamp': '2025-08-15 17:31:45'}
    [Client 5] System Stats: {'cpu_time': 68.82000000029802, 'ram_used_mb': 5518.163968, 'net_sent_bytes': 2557, 'net_recv_bytes': 35914, 'gpu_mem_used_mb': 38953.0, 'gpu_load': 0.0, 'client_rank': 5, 'round': 13, 'timestamp': '2025-08-15 17:31:45'}
    [Client 3] Statistical Utility: {'client_rank': 3, 'round': 13, 'data_size': 367, 'data_variance': 0.06417996436357498, 'local_loss': 0.39185088872909546, 'local_accuracy': 86.64849996566772}
    [Client 2] System Stats: {'cpu_time': 90.9400000013411, 'ram_used_mb': 5391.70816, 'net_sent_bytes': 45709, 'net_recv_bytes': 62175, 'gpu_mem_used_mb': 38953.0, 'gpu_load': 0.0, 'client_rank': 2, 'round': 13, 'timestamp': '2025-08-15 17:31:46'}
    [Client 1] Statistical Utility: {'client_rank': 1, 'round': 13, 'data_size': 6947, 'data_variance': 0.06378714740276337, 'local_loss': 0.666242241859436, 'local_accuracy': 76.49344801902771}
    [Client 3] Round 13 - Sending updated weights to server...
    [Client 5] Statistical Utility: {'client_rank': 5, 'round': 13, 'data_size': 5993, 'data_variance': 0.06273552030324936, 'local_loss': 0.6257834434509277, 'local_accuracy': 78.05773615837097}
    [Client 4] System Stats: {'cpu_time': 223.25, 'ram_used_mb': 5489.963008, 'net_sent_bytes': 55625, 'net_recv_bytes': 48640, 'gpu_mem_used_mb': 38953.0, 'gpu_load': 0.0, 'client_rank': 4, 'round': 13, 'timestamp': '2025-08-15 17:31:47'}
    [Client 1] Round 13 - Sending updated weights to server...
Received weights from client 1
Waiting for model weights from client 2...
    [Client 1] Round 14 - Waiting for global weights...
    [Client 2] Statistical Utility: {'client_rank': 2, 'round': 13, 'data_size': 14955, 'data_variance': 0.0634714663028717, 'local_loss': 0.5309337377548218, 'local_accuracy': 81.13674521446228}
    [Client 5] Round 13 - Sending updated weights to server...
    [Client 4] Statistical Utility: {'client_rank': 4, 'round': 13, 'data_size': 21738, 'data_variance': 0.06313455104827881, 'local_loss': 0.5844172835350037, 'local_accuracy': 79.45073246955872}
    [Client 2] Round 13 - Sending updated weights to server...
Received weights from client 2
Waiting for model weights from client 3...
Received weights from client 3
Waiting for model weights from client 4...
    [Client 2] Round 14 - Waiting for global weights...
    [Client 3] Round 14 - Waiting for global weights...
    [Client 4] Round 13 - Sending updated weights to server...
Received weights from client 4
Waiting for model weights from client 5...
Received weights from client 5
Received system metrics from client 1: {'cpu_time': 75.07000000029802, 'ram_used_mb': 5473.865728, 'net_sent_bytes': 43576, 'net_recv_bytes': 54542, 'gpu_mem_used_mb': 38953.0, 'gpu_load': 0.0, 'client_rank': 1, 'round': 13, 'timestamp': '2025-08-15 17:31:45'}
Received system metrics from client 2: {'cpu_time': 90.9400000013411, 'ram_used_mb': 5391.70816, 'net_sent_bytes': 45709, 'net_recv_bytes': 62175, 'gpu_mem_used_mb': 38953.0, 'gpu_load': 0.0, 'client_rank': 2, 'round': 13, 'timestamp': '2025-08-15 17:31:46'}
Received system metrics from client 3: {'cpu_time': 20.03000000002794, 'ram_used_mb': 5150.748672, 'net_sent_bytes': 587, 'net_recv_bytes': 31130, 'gpu_mem_used_mb': 38953.0, 'gpu_load': 0.0, 'client_rank': 3, 'round': 13, 'timestamp': '2025-08-15 17:31:45'}
Received system metrics from client 4: {'cpu_time': 223.25, 'ram_used_mb': 5489.963008, 'net_sent_bytes': 55625, 'net_recv_bytes': 48640, 'gpu_mem_used_mb': 38953.0, 'gpu_load': 0.0, 'client_rank': 4, 'round': 13, 'timestamp': '2025-08-15 17:31:47'}
Received system metrics from client 5: {'cpu_time': 68.82000000029802, 'ram_used_mb': 5518.163968, 'net_sent_bytes': 2557, 'net_recv_bytes': 35914, 'gpu_mem_used_mb': 38953.0, 'gpu_load': 0.0, 'client_rank': 5, 'round': 13, 'timestamp': '2025-08-15 17:31:45'}
Averaging model weights...
Evaluating updated global model on test set...
    [Client 4] Round 14 - Waiting for global weights...
    [Client 5] Round 14 - Waiting for global weights...
Round 13 Evaluation - Accuracy: 0.7724, Loss: 0.6486

===== Round 14 =====
Broadcasting global model to all clients...
Waiting for model weights from client 1...
    [Client 1] Round 14 - Training on local data...
    [Client 2] Round 14 - Training on local data...
    [Client 4] Round 14 - Training on local data...
    [Client 3] Round 14 - Training on local data...
    [Client 5] Round 14 - Training on local data...
    [Client 3] System Stats: {'cpu_time': 20.690000000060536, 'ram_used_mb': 5393.129472, 'net_sent_bytes': 132, 'net_recv_bytes': 32510, 'gpu_mem_used_mb': 38955.0, 'gpu_load': 0.01, 'client_rank': 3, 'round': 14, 'timestamp': '2025-08-15 17:32:00'}
    [Client 1] System Stats: {'cpu_time': 76.16999999806285, 'ram_used_mb': 5764.435968, 'net_sent_bytes': 3649, 'net_recv_bytes': 33334, 'gpu_mem_used_mb': 38953.0, 'gpu_load': 0.0, 'client_rank': 1, 'round': 14, 'timestamp': '2025-08-15 17:32:00'}
    [Client 5] System Stats: {'cpu_time': 70.12999999895692, 'ram_used_mb': 5726.208, 'net_sent_bytes': 887, 'net_recv_bytes': 33127, 'gpu_mem_used_mb': 38955.0, 'gpu_load': 0.0, 'client_rank': 5, 'round': 14, 'timestamp': '2025-08-15 17:32:01'}
    [Client 3] Statistical Utility: {'client_rank': 3, 'round': 14, 'data_size': 367, 'data_variance': 0.06417996436357498, 'local_loss': 0.3299656808376312, 'local_accuracy': 91.2806510925293}
    [Client 2] System Stats: {'cpu_time': 89.2199999988079, 'ram_used_mb': 5686.29248, 'net_sent_bytes': 276, 'net_recv_bytes': 32636, 'gpu_mem_used_mb': 38953.0, 'gpu_load': 0.0, 'client_rank': 2, 'round': 14, 'timestamp': '2025-08-15 17:32:01'}
    [Client 1] Statistical Utility: {'client_rank': 1, 'round': 14, 'data_size': 6947, 'data_variance': 0.06378714740276337, 'local_loss': 0.45825493335723877, 'local_accuracy': 84.45371985435486}
    [Client 4] System Stats: {'cpu_time': 224.34000000357628, 'ram_used_mb': 5692.141568, 'net_sent_bytes': 19114, 'net_recv_bytes': 56832, 'gpu_mem_used_mb': 38953.0, 'gpu_load': 0.0, 'client_rank': 4, 'round': 14, 'timestamp': '2025-08-15 17:32:02'}
    [Client 5] Statistical Utility: {'client_rank': 5, 'round': 14, 'data_size': 5993, 'data_variance': 0.06273552030324936, 'local_loss': 0.48427286744117737, 'local_accuracy': 83.24711918830872}
    [Client 3] Round 14 - Sending updated weights to server...
    [Client 1] Round 14 - Sending updated weights to server...
Received weights from client 1
Waiting for model weights from client 2...
    [Client 1] Round 15 - Waiting for global weights...
    [Client 5] Round 14 - Sending updated weights to server...
    [Client 2] Statistical Utility: {'client_rank': 2, 'round': 14, 'data_size': 14955, 'data_variance': 0.0634714663028717, 'local_loss': 0.5344693660736084, 'local_accuracy': 81.12336993217468}
    [Client 4] Statistical Utility: {'client_rank': 4, 'round': 14, 'data_size': 21738, 'data_variance': 0.06313455104827881, 'local_loss': 0.5277345776557922, 'local_accuracy': 81.4012348651886}
    [Client 4] Round 14 - Sending updated weights to server...
    [Client 2] Round 14 - Sending updated weights to server...
Received weights from client 2
Waiting for model weights from client 3...
Received weights from client 3
Waiting for model weights from client 4...
Received weights from client 4
Waiting for model weights from client 5...
Received weights from client 5
Received system metrics from client 1: {'cpu_time': 76.16999999806285, 'ram_used_mb': 5764.435968, 'net_sent_bytes': 3649, 'net_recv_bytes': 33334, 'gpu_mem_used_mb': 38953.0, 'gpu_load': 0.0, 'client_rank': 1, 'round': 14, 'timestamp': '2025-08-15 17:32:00'}
Received system metrics from client 2: {'cpu_time': 89.2199999988079, 'ram_used_mb': 5686.29248, 'net_sent_bytes': 276, 'net_recv_bytes': 32636, 'gpu_mem_used_mb': 38953.0, 'gpu_load': 0.0, 'client_rank': 2, 'round': 14, 'timestamp': '2025-08-15 17:32:01'}
Received system metrics from client 3: {'cpu_time': 20.690000000060536, 'ram_used_mb': 5393.129472, 'net_sent_bytes': 132, 'net_recv_bytes': 32510, 'gpu_mem_used_mb': 38955.0, 'gpu_load': 0.01, 'client_rank': 3, 'round': 14, 'timestamp': '2025-08-15 17:32:00'}
Received system metrics from client 4: {'cpu_time': 224.34000000357628, 'ram_used_mb': 5692.141568, 'net_sent_bytes': 19114, 'net_recv_bytes': 56832, 'gpu_mem_used_mb': 38953.0, 'gpu_load': 0.0, 'client_rank': 4, 'round': 14, 'timestamp': '2025-08-15 17:32:02'}
Received system metrics from client 5: {'cpu_time': 70.12999999895692, 'ram_used_mb': 5726.208, 'net_sent_bytes': 887, 'net_recv_bytes': 33127, 'gpu_mem_used_mb': 38955.0, 'gpu_load': 0.0, 'client_rank': 5, 'round': 14, 'timestamp': '2025-08-15 17:32:01'}
Averaging model weights...
Evaluating updated global model on test set...
    [Client 2] Round 15 - Waiting for global weights...
    [Client 4] Round 15 - Waiting for global weights...
    [Client 3] Round 15 - Waiting for global weights...
    [Client 5] Round 15 - Waiting for global weights...
Round 14 Evaluation - Accuracy: 0.7928, Loss: 0.5921

===== Round 15 =====
Broadcasting global model to all clients...
Waiting for model weights from client 1...
    [Client 1] Round 15 - Training on local data...
    [Client 2] Round 15 - Training on local data...
    [Client 3] Round 15 - Training on local data...
    [Client 4] Round 15 - Training on local data...
    [Client 5] Round 15 - Training on local data...
    [Client 3] System Stats: {'cpu_time': 25.540000000037253, 'ram_used_mb': 5613.002752, 'net_sent_bytes': 733, 'net_recv_bytes': 33814, 'gpu_mem_used_mb': 38955.0, 'gpu_load': 0.0, 'client_rank': 3, 'round': 15, 'timestamp': '2025-08-15 17:32:13'}
    [Client 1] System Stats: {'cpu_time': 80.07999999821186, 'ram_used_mb': 5882.28608, 'net_sent_bytes': 72783, 'net_recv_bytes': 53185, 'gpu_mem_used_mb': 38955.0, 'gpu_load': 0.0, 'client_rank': 1, 'round': 15, 'timestamp': '2025-08-15 17:32:14'}
    [Client 2] System Stats: {'cpu_time': 88.25, 'ram_used_mb': 5918.363648, 'net_sent_bytes': 71692, 'net_recv_bytes': 52687, 'gpu_mem_used_mb': 38955.0, 'gpu_load': 0.0, 'client_rank': 2, 'round': 15, 'timestamp': '2025-08-15 17:32:14'}
    [Client 5] System Stats: {'cpu_time': 75.90999999642372, 'ram_used_mb': 5869.11744, 'net_sent_bytes': 38512, 'net_recv_bytes': 49670, 'gpu_mem_used_mb': 38955.0, 'gpu_load': 0.0, 'client_rank': 5, 'round': 15, 'timestamp': '2025-08-15 17:32:14'}
    [Client 3] Statistical Utility: {'client_rank': 3, 'round': 15, 'data_size': 367, 'data_variance': 0.06417996436357498, 'local_loss': 0.3230985701084137, 'local_accuracy': 89.1008198261261}
    [Client 1] Statistical Utility: {'client_rank': 1, 'round': 15, 'data_size': 6947, 'data_variance': 0.06378714740276337, 'local_loss': 0.43571147322654724, 'local_accuracy': 84.71282720565796}
    [Client 3] Round 15 - Sending updated weights to server...
    [Client 4] System Stats: {'cpu_time': 241.10000000149012, 'ram_used_mb': 5851.992064, 'net_sent_bytes': 98135, 'net_recv_bytes': 78207, 'gpu_mem_used_mb': 38955.0, 'gpu_load': 0.0, 'client_rank': 4, 'round': 15, 'timestamp': '2025-08-15 17:32:15'}
    [Client 2] Statistical Utility: {'client_rank': 2, 'round': 15, 'data_size': 14955, 'data_variance': 0.0634714663028717, 'local_loss': 0.5345927476882935, 'local_accuracy': 81.38415217399597}
    [Client 5] Statistical Utility: {'client_rank': 5, 'round': 15, 'data_size': 5993, 'data_variance': 0.06273552030324936, 'local_loss': 0.5204085111618042, 'local_accuracy': 81.71199560165405}
    [Client 5] Round 15 - Sending updated weights to server...
    [Client 1] Round 15 - Sending updated weights to server...
Received weights from client 1
Waiting for model weights from client 2...
    [Client 1] Round 16 - Waiting for global weights...
    [Client 4] Statistical Utility: {'client_rank': 4, 'round': 15, 'data_size': 21738, 'data_variance': 0.06313455104827881, 'local_loss': 0.5163012146949768, 'local_accuracy': 82.04526901245117}
    [Client 2] Round 15 - Sending updated weights to server...
Received weights from client 2
Waiting for model weights from client 3...
Received weights from client 3
Waiting for model weights from client 4...
    [Client 2] Round 16 - Waiting for global weights...
    [Client 3] Round 16 - Waiting for global weights...
    [Client 4] Round 15 - Sending updated weights to server...
Received weights from client 4
Waiting for model weights from client 5...
Received weights from client 5
Received system metrics from client 1: {'cpu_time': 80.07999999821186, 'ram_used_mb': 5882.28608, 'net_sent_bytes': 72783, 'net_recv_bytes': 53185, 'gpu_mem_used_mb': 38955.0, 'gpu_load': 0.0, 'client_rank': 1, 'round': 15, 'timestamp': '2025-08-15 17:32:14'}
Received system metrics from client 2: {'cpu_time': 88.25, 'ram_used_mb': 5918.363648, 'net_sent_bytes': 71692, 'net_recv_bytes': 52687, 'gpu_mem_used_mb': 38955.0, 'gpu_load': 0.0, 'client_rank': 2, 'round': 15, 'timestamp': '2025-08-15 17:32:14'}
Received system metrics from client 3: {'cpu_time': 25.540000000037253, 'ram_used_mb': 5613.002752, 'net_sent_bytes': 733, 'net_recv_bytes': 33814, 'gpu_mem_used_mb': 38955.0, 'gpu_load': 0.0, 'client_rank': 3, 'round': 15, 'timestamp': '2025-08-15 17:32:13'}
Received system metrics from client 4: {'cpu_time': 241.10000000149012, 'ram_used_mb': 5851.992064, 'net_sent_bytes': 98135, 'net_recv_bytes': 78207, 'gpu_mem_used_mb': 38955.0, 'gpu_load': 0.0, 'client_rank': 4, 'round': 15, 'timestamp': '2025-08-15 17:32:15'}
Received system metrics from client 5: {'cpu_time': 75.90999999642372, 'ram_used_mb': 5869.11744, 'net_sent_bytes': 38512, 'net_recv_bytes': 49670, 'gpu_mem_used_mb': 38955.0, 'gpu_load': 0.0, 'client_rank': 5, 'round': 15, 'timestamp': '2025-08-15 17:32:14'}
Averaging model weights...
Evaluating updated global model on test set...
    [Client 4] Round 16 - Waiting for global weights...
    [Client 5] Round 16 - Waiting for global weights...
Round 15 Evaluation - Accuracy: 0.7959, Loss: 0.5800

===== Round 16 =====
Broadcasting global model to all clients...
Waiting for model weights from client 1...
    [Client 1] Round 16 - Training on local data...
    [Client 2] Round 16 - Training on local data...
    [Client 3] Round 16 - Training on local data...
    [Client 4] Round 16 - Training on local data...
    [Client 5] Round 16 - Training on local data...
    [Client 3] System Stats: {'cpu_time': 25.699999999953434, 'ram_used_mb': 5726.564352, 'net_sent_bytes': 40930, 'net_recv_bytes': 54923, 'gpu_mem_used_mb': 38957.0, 'gpu_load': 0.01, 'client_rank': 3, 'round': 16, 'timestamp': '2025-08-15 17:32:27'}
    [Client 1] System Stats: {'cpu_time': 75.1900000013411, 'ram_used_mb': 6071.02976, 'net_sent_bytes': 544, 'net_recv_bytes': 33514, 'gpu_mem_used_mb': 38955.0, 'gpu_load': 0.0, 'client_rank': 1, 'round': 16, 'timestamp': '2025-08-15 17:32:27'}
    [Client 5] System Stats: {'cpu_time': 67.24000000208616, 'ram_used_mb': 6041.960448, 'net_sent_bytes': 29250, 'net_recv_bytes': 61210, 'gpu_mem_used_mb': 38957.0, 'gpu_load': 0.0, 'client_rank': 5, 'round': 16, 'timestamp': '2025-08-15 17:32:27'}
    [Client 3] Statistical Utility: {'client_rank': 3, 'round': 16, 'data_size': 367, 'data_variance': 0.06417996436357498, 'local_loss': 0.31184905767440796, 'local_accuracy': 90.46321511268616}
    [Client 2] System Stats: {'cpu_time': 85.07000000029802, 'ram_used_mb': 6032.1792, 'net_sent_bytes': 1206, 'net_recv_bytes': 39072, 'gpu_mem_used_mb': 38957.0, 'gpu_load': 0.0, 'client_rank': 2, 'round': 16, 'timestamp': '2025-08-15 17:32:28'}
    [Client 1] Statistical Utility: {'client_rank': 1, 'round': 16, 'data_size': 6947, 'data_variance': 0.06378714740276337, 'local_loss': 0.3953106999397278, 'local_accuracy': 86.42579317092896}
    [Client 5] Statistical Utility: {'client_rank': 5, 'round': 16, 'data_size': 5993, 'data_variance': 0.06273552030324936, 'local_loss': 0.3983210623264313, 'local_accuracy': 86.8513286113739}
    [Client 4] System Stats: {'cpu_time': 223.15999999642372, 'ram_used_mb': 6051.106816, 'net_sent_bytes': 1473, 'net_recv_bytes': 38049, 'gpu_mem_used_mb': 38957.0, 'gpu_load': 0.0, 'client_rank': 4, 'round': 16, 'timestamp': '2025-08-15 17:32:28'}
    [Client 3] Round 16 - Sending updated weights to server...
    [Client 2] Statistical Utility: {'client_rank': 2, 'round': 16, 'data_size': 14955, 'data_variance': 0.0634714663028717, 'local_loss': 0.4716104567050934, 'local_accuracy': 83.63757729530334}
    [Client 5] Round 16 - Sending updated weights to server...
    [Client 2] Round 16 - Sending updated weights to server...
    [Client 4] Statistical Utility: {'client_rank': 4, 'round': 16, 'data_size': 21738, 'data_variance': 0.06313455104827881, 'local_loss': 0.4962761402130127, 'local_accuracy': 82.72610306739807}
    [Client 4] Round 16 - Sending updated weights to server...
    [Client 1] Round 16 - Sending updated weights to server...
Received weights from client 1
Waiting for model weights from client 2...
Received weights from client 2
Waiting for model weights from client 3...
Received weights from client 3
Waiting for model weights from client 4...
Received weights from client 4
Waiting for model weights from client 5...
Received weights from client 5
Received system metrics from client 1: {'cpu_time': 75.1900000013411, 'ram_used_mb': 6071.02976, 'net_sent_bytes': 544, 'net_recv_bytes': 33514, 'gpu_mem_used_mb': 38955.0, 'gpu_load': 0.0, 'client_rank': 1, 'round': 16, 'timestamp': '2025-08-15 17:32:27'}
Received system metrics from client 2: {'cpu_time': 85.07000000029802, 'ram_used_mb': 6032.1792, 'net_sent_bytes': 1206, 'net_recv_bytes': 39072, 'gpu_mem_used_mb': 38957.0, 'gpu_load': 0.0, 'client_rank': 2, 'round': 16, 'timestamp': '2025-08-15 17:32:28'}
Received system metrics from client 3: {'cpu_time': 25.699999999953434, 'ram_used_mb': 5726.564352, 'net_sent_bytes': 40930, 'net_recv_bytes': 54923, 'gpu_mem_used_mb': 38957.0, 'gpu_load': 0.01, 'client_rank': 3, 'round': 16, 'timestamp': '2025-08-15 17:32:27'}
Received system metrics from client 4: {'cpu_time': 223.15999999642372, 'ram_used_mb': 6051.106816, 'net_sent_bytes': 1473, 'net_recv_bytes': 38049, 'gpu_mem_used_mb': 38957.0, 'gpu_load': 0.0, 'client_rank': 4, 'round': 16, 'timestamp': '2025-08-15 17:32:28'}
Received system metrics from client 5: {'cpu_time': 67.24000000208616, 'ram_used_mb': 6041.960448, 'net_sent_bytes': 29250, 'net_recv_bytes': 61210, 'gpu_mem_used_mb': 38957.0, 'gpu_load': 0.0, 'client_rank': 5, 'round': 16, 'timestamp': '2025-08-15 17:32:27'}
Averaging model weights...
Evaluating updated global model on test set...
    [Client 2] Round 17 - Waiting for global weights...
    [Client 4] Round 17 - Waiting for global weights...
    [Client 1] Round 17 - Waiting for global weights...
    [Client 3] Round 17 - Waiting for global weights...
    [Client 5] Round 17 - Waiting for global weights...
Round 16 Evaluation - Accuracy: 0.8065, Loss: 0.5540

===== Round 17 =====
Broadcasting global model to all clients...
Waiting for model weights from client 1...
    [Client 1] Round 17 - Training on local data...
    [Client 2] Round 17 - Training on local data...
    [Client 4] Round 17 - Training on local data...
    [Client 5] Round 17 - Training on local data...
    [Client 3] Round 17 - Training on local data...
    [Client 3] System Stats: {'cpu_time': 26.589999999967404, 'ram_used_mb': 5941.850112, 'net_sent_bytes': 9781, 'net_recv_bytes': 37925, 'gpu_mem_used_mb': 38957.0, 'gpu_load': 0.0, 'client_rank': 3, 'round': 17, 'timestamp': '2025-08-15 17:32:41'}
    [Client 1] System Stats: {'cpu_time': 75.8099999986589, 'ram_used_mb': 6290.706432, 'net_sent_bytes': 80560, 'net_recv_bytes': 56580, 'gpu_mem_used_mb': 38957.0, 'gpu_load': 0.01, 'client_rank': 1, 'round': 17, 'timestamp': '2025-08-15 17:32:41'}
    [Client 5] System Stats: {'cpu_time': 70.21999999508262, 'ram_used_mb': 6286.532608, 'net_sent_bytes': 1494, 'net_recv_bytes': 34783, 'gpu_mem_used_mb': 38957.0, 'gpu_load': 0.0, 'client_rank': 5, 'round': 17, 'timestamp': '2025-08-15 17:32:41'}
    [Client 3] Statistical Utility: {'client_rank': 3, 'round': 17, 'data_size': 367, 'data_variance': 0.06417996436357498, 'local_loss': 0.37082698941230774, 'local_accuracy': 86.1035406589508}
    [Client 2] System Stats: {'cpu_time': 89.76999999955297, 'ram_used_mb': 6200.201216, 'net_sent_bytes': 70388, 'net_recv_bytes': 53338, 'gpu_mem_used_mb': 38957.0, 'gpu_load': 0.0, 'client_rank': 2, 'round': 17, 'timestamp': '2025-08-15 17:32:42'}
    [Client 1] Statistical Utility: {'client_rank': 1, 'round': 17, 'data_size': 6947, 'data_variance': 0.06378714740276337, 'local_loss': 0.42333632707595825, 'local_accuracy': 85.23103594779968}
    [Client 4] System Stats: {'cpu_time': 221.34999999776483, 'ram_used_mb': 6249.607168, 'net_sent_bytes': 32098, 'net_recv_bytes': 39186, 'gpu_mem_used_mb': 38957.0, 'gpu_load': 0.0, 'client_rank': 4, 'round': 17, 'timestamp': '2025-08-15 17:32:42'}
    [Client 5] Statistical Utility: {'client_rank': 5, 'round': 17, 'data_size': 5993, 'data_variance': 0.06273552030324936, 'local_loss': 0.40701207518577576, 'local_accuracy': 85.98364591598511}
    [Client 1] Round 17 - Sending updated weights to server...
Received weights from client 1
Waiting for model weights from client 2...
    [Client 5] Round 17 - Sending updated weights to server...
    [Client 1] Round 18 - Waiting for global weights...
    [Client 2] Statistical Utility: {'client_rank': 2, 'round': 17, 'data_size': 14955, 'data_variance': 0.0634714663028717, 'local_loss': 0.5452471375465393, 'local_accuracy': 81.05650544166565}
    [Client 3] Round 17 - Sending updated weights to server...
    [Client 2] Round 17 - Sending updated weights to server...
    [Client 4] Statistical Utility: {'client_rank': 4, 'round': 17, 'data_size': 21738, 'data_variance': 0.06313455104827881, 'local_loss': 0.4594106078147888, 'local_accuracy': 84.161376953125}
Received weights from client 2
Waiting for model weights from client 3...
Received weights from client 3
Waiting for model weights from client 4...
    [Client 2] Round 18 - Waiting for global weights...
    [Client 3] Round 18 - Waiting for global weights...
    [Client 4] Round 17 - Sending updated weights to server...
Received weights from client 4
Waiting for model weights from client 5...
Received weights from client 5
    [Client 5] Round 18 - Waiting for global weights...
    [Client 4] Round 18 - Waiting for global weights...
Received system metrics from client 1: {'cpu_time': 75.8099999986589, 'ram_used_mb': 6290.706432, 'net_sent_bytes': 80560, 'net_recv_bytes': 56580, 'gpu_mem_used_mb': 38957.0, 'gpu_load': 0.01, 'client_rank': 1, 'round': 17, 'timestamp': '2025-08-15 17:32:41'}
Received system metrics from client 2: {'cpu_time': 89.76999999955297, 'ram_used_mb': 6200.201216, 'net_sent_bytes': 70388, 'net_recv_bytes': 53338, 'gpu_mem_used_mb': 38957.0, 'gpu_load': 0.0, 'client_rank': 2, 'round': 17, 'timestamp': '2025-08-15 17:32:42'}
Received system metrics from client 3: {'cpu_time': 26.589999999967404, 'ram_used_mb': 5941.850112, 'net_sent_bytes': 9781, 'net_recv_bytes': 37925, 'gpu_mem_used_mb': 38957.0, 'gpu_load': 0.0, 'client_rank': 3, 'round': 17, 'timestamp': '2025-08-15 17:32:41'}
Received system metrics from client 4: {'cpu_time': 221.34999999776483, 'ram_used_mb': 6249.607168, 'net_sent_bytes': 32098, 'net_recv_bytes': 39186, 'gpu_mem_used_mb': 38957.0, 'gpu_load': 0.0, 'client_rank': 4, 'round': 17, 'timestamp': '2025-08-15 17:32:42'}
Received system metrics from client 5: {'cpu_time': 70.21999999508262, 'ram_used_mb': 6286.532608, 'net_sent_bytes': 1494, 'net_recv_bytes': 34783, 'gpu_mem_used_mb': 38957.0, 'gpu_load': 0.0, 'client_rank': 5, 'round': 17, 'timestamp': '2025-08-15 17:32:41'}
Averaging model weights...
Evaluating updated global model on test set...
Round 17 Evaluation - Accuracy: 0.8109, Loss: 0.5525

===== Round 18 =====
Broadcasting global model to all clients...
Waiting for model weights from client 1...
    [Client 1] Round 18 - Training on local data...
    [Client 4] Round 18 - Training on local data...
    [Client 2] Round 18 - Training on local data...
    [Client 3] Round 18 - Training on local data...
    [Client 5] Round 18 - Training on local data...
    [Client 3] System Stats: {'cpu_time': 25.489999999990687, 'ram_used_mb': 6182.158336, 'net_sent_bytes': 72547, 'net_recv_bytes': 53827, 'gpu_mem_used_mb': 38959.0, 'gpu_load': 0.0, 'client_rank': 3, 'round': 18, 'timestamp': '2025-08-15 17:32:54'}
    [Client 1] System Stats: {'cpu_time': 76.17999999970198, 'ram_used_mb': 6471.962624, 'net_sent_bytes': 15935, 'net_recv_bytes': 37801, 'gpu_mem_used_mb': 38959.0, 'gpu_load': 0.0, 'client_rank': 1, 'round': 18, 'timestamp': '2025-08-15 17:32:55'}
    [Client 5] System Stats: {'cpu_time': 68.33999999985099, 'ram_used_mb': 6556.004352, 'net_sent_bytes': 41017, 'net_recv_bytes': 52541, 'gpu_mem_used_mb': 38959.0, 'gpu_load': 0.01, 'client_rank': 5, 'round': 18, 'timestamp': '2025-08-15 17:32:55'}
    [Client 3] Statistical Utility: {'client_rank': 3, 'round': 18, 'data_size': 367, 'data_variance': 0.06417996436357498, 'local_loss': 0.25414761900901794, 'local_accuracy': 90.46321511268616}
    [Client 2] System Stats: {'cpu_time': 90.85999999940395, 'ram_used_mb': 6424.12544, 'net_sent_bytes': 3984, 'net_recv_bytes': 39592, 'gpu_mem_used_mb': 38959.0, 'gpu_load': 0.0, 'client_rank': 2, 'round': 18, 'timestamp': '2025-08-15 17:32:55'}
    [Client 1] Statistical Utility: {'client_rank': 1, 'round': 18, 'data_size': 6947, 'data_variance': 0.06378714740276337, 'local_loss': 0.40741032361984253, 'local_accuracy': 86.02274656295776}
    [Client 5] Statistical Utility: {'client_rank': 5, 'round': 18, 'data_size': 5993, 'data_variance': 0.06273552030324936, 'local_loss': 0.35676831007003784, 'local_accuracy': 88.7201726436615}
    [Client 4] System Stats: {'cpu_time': 222.33000000193715, 'ram_used_mb': 6487.035904, 'net_sent_bytes': 1399, 'net_recv_bytes': 38603, 'gpu_mem_used_mb': 38959.0, 'gpu_load': 0.0, 'client_rank': 4, 'round': 18, 'timestamp': '2025-08-15 17:32:56'}
    [Client 1] Round 18 - Sending updated weights to server...
Received weights from client 1
Waiting for model weights from client 2...
    [Client 5] Round 18 - Sending updated weights to server...
    [Client 1] Round 19 - Waiting for global weights...
    [Client 3] Round 18 - Sending updated weights to server...
    [Client 2] Statistical Utility: {'client_rank': 2, 'round': 18, 'data_size': 14955, 'data_variance': 0.0634714663028717, 'local_loss': 0.4093078076839447, 'local_accuracy': 85.73721051216125}
    [Client 2] Round 18 - Sending updated weights to server...
Received weights from client 2
Waiting for model weights from client 3...
Received weights from client 3
Waiting for model weights from client 4...
    [Client 4] Statistical Utility: {'client_rank': 4, 'round': 18, 'data_size': 21738, 'data_variance': 0.06313455104827881, 'local_loss': 0.528493344783783, 'local_accuracy': 81.24022483825684}
    [Client 2] Round 19 - Waiting for global weights...
    [Client 3] Round 19 - Waiting for global weights...
    [Client 4] Round 18 - Sending updated weights to server...
Received weights from client 4
Waiting for model weights from client 5...
Received weights from client 5
Received system metrics from client 1: {'cpu_time': 76.17999999970198, 'ram_used_mb': 6471.962624, 'net_sent_bytes': 15935, 'net_recv_bytes': 37801, 'gpu_mem_used_mb': 38959.0, 'gpu_load': 0.0, 'client_rank': 1, 'round': 18, 'timestamp': '2025-08-15 17:32:55'}
Received system metrics from client 2: {'cpu_time': 90.85999999940395, 'ram_used_mb': 6424.12544, 'net_sent_bytes': 3984, 'net_recv_bytes': 39592, 'gpu_mem_used_mb': 38959.0, 'gpu_load': 0.0, 'client_rank': 2, 'round': 18, 'timestamp': '2025-08-15 17:32:55'}
Received system metrics from client 3: {'cpu_time': 25.489999999990687, 'ram_used_mb': 6182.158336, 'net_sent_bytes': 72547, 'net_recv_bytes': 53827, 'gpu_mem_used_mb': 38959.0, 'gpu_load': 0.0, 'client_rank': 3, 'round': 18, 'timestamp': '2025-08-15 17:32:54'}
Received system metrics from client 4: {'cpu_time': 222.33000000193715, 'ram_used_mb': 6487.035904, 'net_sent_bytes': 1399, 'net_recv_bytes': 38603, 'gpu_mem_used_mb': 38959.0, 'gpu_load': 0.0, 'client_rank': 4, 'round': 18, 'timestamp': '2025-08-15 17:32:56'}
Received system metrics from client 5: {'cpu_time': 68.33999999985099, 'ram_used_mb': 6556.004352, 'net_sent_bytes': 41017, 'net_recv_bytes': 52541, 'gpu_mem_used_mb': 38959.0, 'gpu_load': 0.01, 'client_rank': 5, 'round': 18, 'timestamp': '2025-08-15 17:32:55'}
Averaging model weights...
Evaluating updated global model on test set...
    [Client 4] Round 19 - Waiting for global weights...
    [Client 5] Round 19 - Waiting for global weights...
Round 18 Evaluation - Accuracy: 0.8199, Loss: 0.5293

===== Round 19 =====
Broadcasting global model to all clients...
Waiting for model weights from client 1...
    [Client 1] Round 19 - Training on local data...
    [Client 2] Round 19 - Training on local data...
    [Client 3] Round 19 - Training on local data...
    [Client 5] Round 19 - Training on local data...
    [Client 4] Round 19 - Training on local data...
    [Client 3] System Stats: {'cpu_time': 28.959999999962747, 'ram_used_mb': 6273.613824, 'net_sent_bytes': 1244, 'net_recv_bytes': 35450, 'gpu_mem_used_mb': 38961.0, 'gpu_load': 0.0, 'client_rank': 3, 'round': 19, 'timestamp': '2025-08-15 17:33:08'}
    [Client 1] System Stats: {'cpu_time': 81.8099999986589, 'ram_used_mb': 6612.717568, 'net_sent_bytes': 33255, 'net_recv_bytes': 40148, 'gpu_mem_used_mb': 38959.0, 'gpu_load': 0.0, 'client_rank': 1, 'round': 19, 'timestamp': '2025-08-15 17:33:08'}
    [Client 5] System Stats: {'cpu_time': 67.42999999970198, 'ram_used_mb': 6612.299776, 'net_sent_bytes': 1582, 'net_recv_bytes': 39342, 'gpu_mem_used_mb': 38961.0, 'gpu_load': 0.0, 'client_rank': 5, 'round': 19, 'timestamp': '2025-08-15 17:33:08'}
    [Client 3] Statistical Utility: {'client_rank': 3, 'round': 19, 'data_size': 367, 'data_variance': 0.06417996436357498, 'local_loss': 0.24364866316318512, 'local_accuracy': 93.46048831939697}
    [Client 2] System Stats: {'cpu_time': 76.80000000074506, 'ram_used_mb': 6513.647616, 'net_sent_bytes': 110774, 'net_recv_bytes': 71200, 'gpu_mem_used_mb': 38961.0, 'gpu_load': 0.01, 'client_rank': 2, 'round': 19, 'timestamp': '2025-08-15 17:33:09'}
    [Client 1] Statistical Utility: {'client_rank': 1, 'round': 19, 'data_size': 6947, 'data_variance': 0.06378714740276337, 'local_loss': 0.41073232889175415, 'local_accuracy': 85.63408851623535}
    [Client 5] Statistical Utility: {'client_rank': 5, 'round': 19, 'data_size': 5993, 'data_variance': 0.06273552030324936, 'local_loss': 0.40583786368370056, 'local_accuracy': 86.2172544002533}
    [Client 3] Round 19 - Sending updated weights to server...
    [Client 4] System Stats: {'cpu_time': 244.67999999970198, 'ram_used_mb': 6556.672, 'net_sent_bytes': 73284, 'net_recv_bytes': 62680, 'gpu_mem_used_mb': 38961.0, 'gpu_load': 0.0, 'client_rank': 4, 'round': 19, 'timestamp': '2025-08-15 17:33:10'}
    [Client 1] Round 19 - Sending updated weights to server...
Received weights from client 1
Waiting for model weights from client 2...
    [Client 1] Round 20 - Waiting for global weights...
    [Client 2] Statistical Utility: {'client_rank': 2, 'round': 19, 'data_size': 14955, 'data_variance': 0.0634714663028717, 'local_loss': 0.4442138373851776, 'local_accuracy': 84.41992402076721}
    [Client 5] Round 19 - Sending updated weights to server...
    [Client 2] Round 19 - Sending updated weights to server...
Received weights from client 2
Waiting for model weights from client 3...
Received weights from client 3
Waiting for model weights from client 4...
    [Client 4] Statistical Utility: {'client_rank': 4, 'round': 19, 'data_size': 21738, 'data_variance': 0.06313455104827881, 'local_loss': 0.42985209822654724, 'local_accuracy': 85.01701951026917}
    [Client 3] Round 20 - Waiting for global weights...
    [Client 2] Round 20 - Waiting for global weights...
    [Client 4] Round 19 - Sending updated weights to server...
Received weights from client 4
Waiting for model weights from client 5...
Received weights from client 5
Received system metrics from client 1: {'cpu_time': 81.8099999986589, 'ram_used_mb': 6612.717568, 'net_sent_bytes': 33255, 'net_recv_bytes': 40148, 'gpu_mem_used_mb': 38959.0, 'gpu_load': 0.0, 'client_rank': 1, 'round': 19, 'timestamp': '2025-08-15 17:33:08'}
Received system metrics from client 2: {'cpu_time': 76.80000000074506, 'ram_used_mb': 6513.647616, 'net_sent_bytes': 110774, 'net_recv_bytes': 71200, 'gpu_mem_used_mb': 38961.0, 'gpu_load': 0.01, 'client_rank': 2, 'round': 19, 'timestamp': '2025-08-15 17:33:09'}
Received system metrics from client 3: {'cpu_time': 28.959999999962747, 'ram_used_mb': 6273.613824, 'net_sent_bytes': 1244, 'net_recv_bytes': 35450, 'gpu_mem_used_mb': 38961.0, 'gpu_load': 0.0, 'client_rank': 3, 'round': 19, 'timestamp': '2025-08-15 17:33:08'}
Received system metrics from client 4: {'cpu_time': 244.67999999970198, 'ram_used_mb': 6556.672, 'net_sent_bytes': 73284, 'net_recv_bytes': 62680, 'gpu_mem_used_mb': 38961.0, 'gpu_load': 0.0, 'client_rank': 4, 'round': 19, 'timestamp': '2025-08-15 17:33:10'}
Received system metrics from client 5: {'cpu_time': 67.42999999970198, 'ram_used_mb': 6612.299776, 'net_sent_bytes': 1582, 'net_recv_bytes': 39342, 'gpu_mem_used_mb': 38961.0, 'gpu_load': 0.0, 'client_rank': 5, 'round': 19, 'timestamp': '2025-08-15 17:33:08'}
Averaging model weights...
Evaluating updated global model on test set...
    [Client 4] Round 20 - Waiting for global weights...
    [Client 5] Round 20 - Waiting for global weights...
Round 19 Evaluation - Accuracy: 0.8150, Loss: 0.5429

===== Round 20 =====
Broadcasting global model to all clients...
Waiting for model weights from client 1...
    [Client 1] Round 20 - Training on local data...
    [Client 5] Round 20 - Training on local data...
    [Client 2] Round 20 - Training on local data...
    [Client 3] Round 20 - Training on local data...
    [Client 4] Round 20 - Training on local data...
    [Client 3] System Stats: {'cpu_time': 26.85999999998603, 'ram_used_mb': 6480.347136, 'net_sent_bytes': 62154, 'net_recv_bytes': 57082, 'gpu_mem_used_mb': 38961.0, 'gpu_load': 0.0, 'client_rank': 3, 'round': 20, 'timestamp': '2025-08-15 17:33:21'}
    [Client 5] System Stats: {'cpu_time': 69.01999999955297, 'ram_used_mb': 6769.364992, 'net_sent_bytes': 100464, 'net_recv_bytes': 81797, 'gpu_mem_used_mb': 38961.0, 'gpu_load': 0.0, 'client_rank': 5, 'round': 20, 'timestamp': '2025-08-15 17:33:22'}
    [Client 1] System Stats: {'cpu_time': 75.91000000014901, 'ram_used_mb': 6825.426944, 'net_sent_bytes': 692, 'net_recv_bytes': 34055, 'gpu_mem_used_mb': 38961.0, 'gpu_load': 0.0, 'client_rank': 1, 'round': 20, 'timestamp': '2025-08-15 17:33:22'}
    [Client 3] Statistical Utility: {'client_rank': 3, 'round': 20, 'data_size': 367, 'data_variance': 0.06417996436357498, 'local_loss': 0.2473805546760559, 'local_accuracy': 93.18801164627075}
    [Client 2] System Stats: {'cpu_time': 71.88000000268221, 'ram_used_mb': 6738.37056, 'net_sent_bytes': 787, 'net_recv_bytes': 37539, 'gpu_mem_used_mb': 38961.0, 'gpu_load': 0.0, 'client_rank': 2, 'round': 20, 'timestamp': '2025-08-15 17:33:22'}
    [Client 1] Statistical Utility: {'client_rank': 1, 'round': 20, 'data_size': 6947, 'data_variance': 0.06378714740276337, 'local_loss': 0.3440037667751312, 'local_accuracy': 87.34705448150635}
    [Client 5] Statistical Utility: {'client_rank': 5, 'round': 20, 'data_size': 5993, 'data_variance': 0.06273552030324936, 'local_loss': 0.35602930188179016, 'local_accuracy': 87.45203018188477}
    [Client 3] Round 20 - Sending updated weights to server...
    [Client 4] System Stats: {'cpu_time': 225.14000000059605, 'ram_used_mb': 6781.136896, 'net_sent_bytes': 69831, 'net_recv_bytes': 77977, 'gpu_mem_used_mb': 38961.0, 'gpu_load': 0.0, 'client_rank': 4, 'round': 20, 'timestamp': '2025-08-15 17:33:23'}
    [Client 5] Round 20 - Sending updated weights to server...
    [Client 1] Round 20 - Sending updated weights to server...
    [Client 1] Training complete. Waiting for others...
    [Client 1] Exiting.
Received weights from client 1
Waiting for model weights from client 2...
    [Client 2] Statistical Utility: {'client_rank': 2, 'round': 20, 'data_size': 14955, 'data_variance': 0.0634714663028717, 'local_loss': 0.44281449913978577, 'local_accuracy': 84.25275683403015}
    [Client 2] Round 20 - Sending updated weights to server...
    [Client 2] Training complete. Waiting for others...
    [Client 2] Exiting.
Received weights from client 2
Waiting for model weights from client 3...
    [Client 3] Training complete. Waiting for others...
    [Client 3] Exiting.
Received weights from client 3
Waiting for model weights from client 4...
    [Client 4] Statistical Utility: {'client_rank': 4, 'round': 20, 'data_size': 21738, 'data_variance': 0.06313455104827881, 'local_loss': 0.4538983702659607, 'local_accuracy': 84.35458540916443}
    [Client 4] Round 20 - Sending updated weights to server...
    [Client 4] Training complete. Waiting for others...
    [Client 4] Exiting.
Received weights from client 4
Waiting for model weights from client 5...
    [Client 5] Training complete. Waiting for others...
    [Client 5] Exiting.
Received weights from client 5
Received system metrics from client 1: {'cpu_time': 75.91000000014901, 'ram_used_mb': 6825.426944, 'net_sent_bytes': 692, 'net_recv_bytes': 34055, 'gpu_mem_used_mb': 38961.0, 'gpu_load': 0.0, 'client_rank': 1, 'round': 20, 'timestamp': '2025-08-15 17:33:22'}
Received system metrics from client 2: {'cpu_time': 71.88000000268221, 'ram_used_mb': 6738.37056, 'net_sent_bytes': 787, 'net_recv_bytes': 37539, 'gpu_mem_used_mb': 38961.0, 'gpu_load': 0.0, 'client_rank': 2, 'round': 20, 'timestamp': '2025-08-15 17:33:22'}
Received system metrics from client 3: {'cpu_time': 26.85999999998603, 'ram_used_mb': 6480.347136, 'net_sent_bytes': 62154, 'net_recv_bytes': 57082, 'gpu_mem_used_mb': 38961.0, 'gpu_load': 0.0, 'client_rank': 3, 'round': 20, 'timestamp': '2025-08-15 17:33:21'}
Received system metrics from client 4: {'cpu_time': 225.14000000059605, 'ram_used_mb': 6781.136896, 'net_sent_bytes': 69831, 'net_recv_bytes': 77977, 'gpu_mem_used_mb': 38961.0, 'gpu_load': 0.0, 'client_rank': 4, 'round': 20, 'timestamp': '2025-08-15 17:33:23'}
Received system metrics from client 5: {'cpu_time': 69.01999999955297, 'ram_used_mb': 6769.364992, 'net_sent_bytes': 100464, 'net_recv_bytes': 81797, 'gpu_mem_used_mb': 38961.0, 'gpu_load': 0.0, 'client_rank': 5, 'round': 20, 'timestamp': '2025-08-15 17:33:22'}
Averaging model weights...
Evaluating updated global model on test set...
Round 20 Evaluation - Accuracy: 0.8202, Loss: 0.5206

=== Federated Training Complete ===
Generating training metrics plot...
[1755293610.240135] [ng10101:3290974:0]       tag_match.c:62   UCX  WARN  unexpected tag-receive descriptor 0x55e2bd4eafc0 was not matched
[1755293610.240150] [ng10101:3290974:0]       tag_match.c:62   UCX  WARN  unexpected tag-receive descriptor 0x1458c3df8a52 was not matched
