=== Federated Server Started ===
Total processes: 11 (1 server + 10 clients)

    [Client 2] Initializing...
    [Client 2] Starting on host: ng10710
    [Client 4] Initializing...
    [Client 4] Starting on host: ng10801
    [Client 9] Initializing...
    [Client 9] Starting on host: ng20203
    [Client 3] Initializing...
    [Client 3] Starting on host: ng10711
    [Client 7] Initializing...
    [Client 7] Starting on host: ng11006
    [Client 5] Initializing...
    [Client 5] Starting on host: ng10807
    [Client 1] Initializing...
    [Client 1] Starting on host: ng10703
    [Client 10] Initializing...
    [Client 10] Starting on host: ng30601
    [Client 8] Initializing...
    [Client 8] Starting on host: ng11106
    [Client 6] Initializing...
    [Client 6] Starting on host: ng11005
Loading data from .npy files...
Training set: (50000, 32, 32, 3), Labels: (50000, 1)
Test set:     (10000, 32, 32, 3), Labels: (10000, 1)
[Client 1] Generated proportions: [0.07281484 0.05731106 0.05477693 0.08918182 0.06934742 0.35673036
 0.02829636 0.01049606 0.14219504 0.11885011]
[Client 1] Assigned 3640 samples (from 0 to 3640)
Loading data from .npy files...
Training set: (50000, 32, 32, 3), Labels: (50000, 1)
Test set:     (10000, 32, 32, 3), Labels: (10000, 1)
[Client 7] Assigned 1414 samples (from 35008 to 36422)
Loading data from .npy files...
Training set: (50000, 32, 32, 3), Labels: (50000, 1)
Test set:     (10000, 32, 32, 3), Labels: (10000, 1)
[Client 8] Assigned 525 samples (from 36422 to 36947)
Loading data from .npy files...
Training set: (50000, 32, 32, 3), Labels: (50000, 1)
Test set:     (10000, 32, 32, 3), Labels: (10000, 1)
[Client 4] Assigned 4459 samples (from 9245 to 13704)
Loading data from .npy files...
Training set: (50000, 32, 32, 3), Labels: (50000, 1)
Test set:     (10000, 32, 32, 3), Labels: (10000, 1)
[Client 2] Assigned 2866 samples (from 3640 to 6506)
Loading data from .npy files...
Training set: (50000, 32, 32, 3), Labels: (50000, 1)
Test set:     (10000, 32, 32, 3), Labels: (10000, 1)
[Client 3] Assigned 2739 samples (from 6506 to 9245)
Loading data from .npy files...
Training set: (50000, 32, 32, 3), Labels: (50000, 1)
Test set:     (10000, 32, 32, 3), Labels: (10000, 1)
[Client 5] Assigned 3467 samples (from 13704 to 17171)
Loading data from .npy files...
Training set: (50000, 32, 32, 3), Labels: (50000, 1)
Test set:     (10000, 32, 32, 3), Labels: (10000, 1)
[Client 6] Assigned 17837 samples (from 17171 to 35008)
Loading data from .npy files...
Training set: (50000, 32, 32, 3), Labels: (50000, 1)
Test set:     (10000, 32, 32, 3), Labels: (10000, 1)
[Client 9] Assigned 7110 samples (from 36947 to 44057)
Loading data from .npy files...
Training set: (50000, 32, 32, 3), Labels: (50000, 1)
Test set:     (10000, 32, 32, 3), Labels: (10000, 1)
[Client 10] Assigned 5942 samples (from 44057 to 49999)
    [Client 1] Round 1 - Waiting for global weights...
    [Client 7] Round 1 - Waiting for global weights...
    [Client 4] Round 1 - Waiting for global weights...
    [Client 2] Round 1 - Waiting for global weights...
    [Client 8] Round 1 - Waiting for global weights...
    [Client 3] Round 1 - Waiting for global weights...
    [Client 5] Round 1 - Waiting for global weights...
    [Client 9] Round 1 - Waiting for global weights...
    [Client 10] Round 1 - Waiting for global weights...
    [Client 6] Round 1 - Waiting for global weights...
Loading data from .npy files...
Training set: (50000, 32, 32, 3), Labels: (50000, 10)
Test set:     (10000, 32, 32, 3), Labels: (10000, 10)

===== Round 1 =====
Broadcasting global model to all clients...
    [Client 3] Round 1 - Training on local data...
    [Client 8] Round 1 - Training on local data...
    [Client 7] Round 1 - Training on local data...
    [Client 5] Round 1 - Training on local data...
    [Client 1] Round 1 - Training on local data...
    [Client 2] Round 1 - Training on local data...
    [Client 4] Round 1 - Training on local data...
Waiting for model weights from client 1...
    [Client 9] Round 1 - Training on local data...
    [Client 10] Round 1 - Training on local data...
    [Client 6] Round 1 - Training on local data...
    [Client 1] System Stats: {'cpu_time': 116.2600000007078, 'ram_used_mb': 2932.514816, 'net_sent_bytes': 37313, 'net_recv_bytes': 47338, 'gpu_mem_used_mb': 38937.0, 'gpu_load': 0.0, 'client_rank': 1, 'round': 1, 'timestamp': '2025-08-13 16:27:08'}
    [Client 5] System Stats: {'cpu_time': 57.49999999254942, 'ram_used_mb': 2929.373184, 'net_sent_bytes': 1736, 'net_recv_bytes': 43598, 'gpu_mem_used_mb': 38937.0, 'gpu_load': 0.0, 'client_rank': 5, 'round': 1, 'timestamp': '2025-08-13 16:27:08'}
    [Client 8] System Stats: {'cpu_time': 38.189999997615814, 'ram_used_mb': 2871.390208, 'net_sent_bytes': 58304, 'net_recv_bytes': 84228, 'gpu_mem_used_mb': 38937.0, 'gpu_load': 0.0, 'client_rank': 8, 'round': 1, 'timestamp': '2025-08-13 16:27:08'}
    [Client 4] System Stats: {'cpu_time': 48.36999999731779, 'ram_used_mb': 2946.90816, 'net_sent_bytes': 15130, 'net_recv_bytes': 57743, 'gpu_mem_used_mb': 38937.0, 'gpu_load': 0.0, 'client_rank': 4, 'round': 1, 'timestamp': '2025-08-13 16:27:08'}
    [Client 2] System Stats: {'cpu_time': 112.46000000089407, 'ram_used_mb': 2921.545728, 'net_sent_bytes': 33988, 'net_recv_bytes': 78317, 'gpu_mem_used_mb': 38937.0, 'gpu_load': 0.0, 'client_rank': 2, 'round': 1, 'timestamp': '2025-08-13 16:27:08'}
    [Client 3] System Stats: {'cpu_time': 48.519999999552965, 'ram_used_mb': 2920.501248, 'net_sent_bytes': 43360, 'net_recv_bytes': 62022, 'gpu_mem_used_mb': 38937.0, 'gpu_load': 0.0, 'client_rank': 3, 'round': 1, 'timestamp': '2025-08-13 16:27:08'}
    [Client 9] System Stats: {'cpu_time': 166.64000000059605, 'ram_used_mb': 2994.905088, 'net_sent_bytes': 34139, 'net_recv_bytes': 54036, 'gpu_mem_used_mb': 38937.0, 'gpu_load': 0.01, 'client_rank': 9, 'round': 1, 'timestamp': '2025-08-13 16:27:08'}
    [Client 10] System Stats: {'cpu_time': 90.60000000149012, 'ram_used_mb': 2962.325504, 'net_sent_bytes': 79845, 'net_recv_bytes': 70655, 'gpu_mem_used_mb': 38937.0, 'gpu_load': 0.0, 'client_rank': 10, 'round': 1, 'timestamp': '2025-08-13 16:27:08'}
    [Client 7] System Stats: {'cpu_time': 55.350000001490116, 'ram_used_mb': 2890.317824, 'net_sent_bytes': 43061, 'net_recv_bytes': 57578, 'gpu_mem_used_mb': 38937.0, 'gpu_load': 0.0, 'client_rank': 7, 'round': 1, 'timestamp': '2025-08-13 16:27:08'}
    [Client 8] Statistical Utility: {'client_rank': 8, 'round': 1, 'data_size': 525, 'data_variance': 0.06366205960512161, 'local_loss': 2.478240966796875, 'local_accuracy': 11.619047820568085}
    [Client 6] System Stats: {'cpu_time': 234.63999999687076, 'ram_used_mb': 3160.715264, 'net_sent_bytes': 41542, 'net_recv_bytes': 69993, 'gpu_mem_used_mb': 38937.0, 'gpu_load': 0.0, 'client_rank': 6, 'round': 1, 'timestamp': '2025-08-13 16:27:10'}
    [Client 8] Round 1 - Sending updated weights to server...
    [Client 5] Statistical Utility: {'client_rank': 5, 'round': 1, 'data_size': 3467, 'data_variance': 0.06352055072784424, 'local_loss': 2.3989105224609375, 'local_accuracy': 18.286703526973724}
    [Client 1] Statistical Utility: {'client_rank': 1, 'round': 1, 'data_size': 3640, 'data_variance': 0.06330215185880661, 'local_loss': 2.3212974071502686, 'local_accuracy': 19.890110194683075}
    [Client 2] Statistical Utility: {'client_rank': 2, 'round': 1, 'data_size': 2866, 'data_variance': 0.06469513475894928, 'local_loss': 2.480445623397827, 'local_accuracy': 20.969992876052856}
    [Client 3] Statistical Utility: {'client_rank': 3, 'round': 1, 'data_size': 2739, 'data_variance': 0.06390785425901413, 'local_loss': 2.6494967937469482, 'local_accuracy': 14.822928607463837}
    [Client 4] Statistical Utility: {'client_rank': 4, 'round': 1, 'data_size': 4459, 'data_variance': 0.06270676851272583, 'local_loss': 2.449049234390259, 'local_accuracy': 17.380578815937042}
    [Client 10] Statistical Utility: {'client_rank': 10, 'round': 1, 'data_size': 5942, 'data_variance': 0.0627174898982048, 'local_loss': 2.5986714363098145, 'local_accuracy': 17.199596762657166}
    [Client 7] Statistical Utility: {'client_rank': 7, 'round': 1, 'data_size': 1414, 'data_variance': 0.06267841905355453, 'local_loss': 2.2079763412475586, 'local_accuracy': 16.90240502357483}
    [Client 9] Statistical Utility: {'client_rank': 9, 'round': 1, 'data_size': 7110, 'data_variance': 0.06292970478534698, 'local_loss': 1.9922738075256348, 'local_accuracy': 29.001405835151672}
    [Client 6] Statistical Utility: {'client_rank': 6, 'round': 1, 'data_size': 17837, 'data_variance': 0.06342285126447678, 'local_loss': 1.4648116827011108, 'local_accuracy': 48.32090735435486}
    [Client 4] Round 1 - Sending updated weights to server...
    [Client 5] Round 1 - Sending updated weights to server...
    [Client 3] Round 1 - Sending updated weights to server...
    [Client 9] Round 1 - Sending updated weights to server...
    [Client 1] Round 1 - Sending updated weights to server...
Received weights from client 1
Waiting for model weights from client 2...
    [Client 6] Round 1 - Sending updated weights to server...
    [Client 1] Round 2 - Waiting for global weights...
    [Client 10] Round 1 - Sending updated weights to server...
    [Client 2] Round 1 - Sending updated weights to server...
Received weights from client 2
Waiting for model weights from client 3...
Received weights from client 3
Waiting for model weights from client 4...
Received weights from client 4
Waiting for model weights from client 5...
Received weights from client 5
Waiting for model weights from client 6...
Received weights from client 6
Waiting for model weights from client 7...
    [Client 6] Round 2 - Waiting for global weights...
    [Client 2] Round 2 - Waiting for global weights...
    [Client 4] Round 2 - Waiting for global weights...
    [Client 5] Round 2 - Waiting for global weights...
    [Client 3] Round 2 - Waiting for global weights...
    [Client 7] Round 1 - Sending updated weights to server...
    [Client 3] Round 2 - Training on local data...
    [Client 5] Round 2 - Training on local data...
    [Client 1] Round 2 - Training on local data...
    [Client 2] Round 2 - Training on local data...
    [Client 4] Round 2 - Training on local data...
Received weights from client 7
Waiting for model weights from client 8...
    [Client 6] Round 2 - Training on local data...
    [Client 3] System Stats: {'cpu_time': 33.230000000447035, 'ram_used_mb': 3208.617984, 'net_sent_bytes': 44263, 'net_recv_bytes': 47554, 'gpu_mem_used_mb': 38939.0, 'gpu_load': 0.0, 'client_rank': 3, 'round': 2, 'timestamp': '2025-08-13 16:27:37'}
    [Client 8] Round 2 - Waiting for global weights...
    [Client 7] Round 2 - Waiting for global weights...
    [Client 5] System Stats: {'cpu_time': 40.46000000089407, 'ram_used_mb': 3231.490048, 'net_sent_bytes': 2256, 'net_recv_bytes': 28638, 'gpu_mem_used_mb': 38939.0, 'gpu_load': 0.0, 'client_rank': 5, 'round': 2, 'timestamp': '2025-08-13 16:27:37'}
    [Client 1] System Stats: {'cpu_time': 82.53000000026077, 'ram_used_mb': 3216.441344, 'net_sent_bytes': 39105, 'net_recv_bytes': 41782, 'gpu_mem_used_mb': 38939.0, 'gpu_load': 0.01, 'client_rank': 1, 'round': 2, 'timestamp': '2025-08-13 16:27:37'}
    [Client 2] System Stats: {'cpu_time': 77.37000000104308, 'ram_used_mb': 3211.825152, 'net_sent_bytes': 38135, 'net_recv_bytes': 41195, 'gpu_mem_used_mb': 38939.0, 'gpu_load': 0.0, 'client_rank': 2, 'round': 2, 'timestamp': '2025-08-13 16:27:36'}
    [Client 4] System Stats: {'cpu_time': 25.849999997764826, 'ram_used_mb': 3250.888704, 'net_sent_bytes': 13242, 'net_recv_bytes': 42361, 'gpu_mem_used_mb': 38939.0, 'gpu_load': 0.01, 'client_rank': 4, 'round': 2, 'timestamp': '2025-08-13 16:27:37'}
Received weights from client 8
Waiting for model weights from client 9...
    [Client 9] Round 2 - Waiting for global weights...
    [Client 10] Round 2 - Waiting for global weights...
    [Client 3] Statistical Utility: {'client_rank': 3, 'round': 2, 'data_size': 2739, 'data_variance': 0.06390785425901413, 'local_loss': 2.271498918533325, 'local_accuracy': 20.99306285381317}
    [Client 8] Round 2 - Training on local data...
    [Client 7] Round 2 - Training on local data...
    [Client 5] Statistical Utility: {'client_rank': 5, 'round': 2, 'data_size': 3467, 'data_variance': 0.06352055072784424, 'local_loss': 2.116917848587036, 'local_accuracy': 26.391693949699402}
    [Client 1] Statistical Utility: {'client_rank': 1, 'round': 2, 'data_size': 3640, 'data_variance': 0.06330215185880661, 'local_loss': 1.9905568361282349, 'local_accuracy': 28.901100158691406}
    [Client 2] Statistical Utility: {'client_rank': 2, 'round': 2, 'data_size': 2866, 'data_variance': 0.06469513475894928, 'local_loss': 2.561940908432007, 'local_accuracy': 16.4340540766716}
    [Client 4] Statistical Utility: {'client_rank': 4, 'round': 2, 'data_size': 4459, 'data_variance': 0.06270676851272583, 'local_loss': 1.9345755577087402, 'local_accuracy': 31.823277473449707}
Received weights from client 9
Waiting for model weights from client 10...
    [Client 9] Round 2 - Training on local data...
    [Client 10] Round 2 - Training on local data...
    [Client 8] System Stats: {'cpu_time': 17.149999998509884, 'ram_used_mb': 3135.561728, 'net_sent_bytes': 5608, 'net_recv_bytes': 35808, 'gpu_mem_used_mb': 38939.0, 'gpu_load': 0.0, 'client_rank': 8, 'round': 2, 'timestamp': '2025-08-13 16:27:36'}
    [Client 7] System Stats: {'cpu_time': 34.30000000074506, 'ram_used_mb': 3153.936384, 'net_sent_bytes': 34566, 'net_recv_bytes': 35304, 'gpu_mem_used_mb': 38939.0, 'gpu_load': 0.0, 'client_rank': 7, 'round': 2, 'timestamp': '2025-08-13 16:27:37'}
Received weights from client 10
    [Client 9] System Stats: {'cpu_time': 121.74999999627471, 'ram_used_mb': 3291.488256, 'net_sent_bytes': 30979, 'net_recv_bytes': 61035, 'gpu_mem_used_mb': 38939.0, 'gpu_load': 0.0, 'client_rank': 9, 'round': 2, 'timestamp': '2025-08-13 16:27:37'}
    [Client 10] System Stats: {'cpu_time': 64.49000000022352, 'ram_used_mb': 3239.677952, 'net_sent_bytes': 154899, 'net_recv_bytes': 100156, 'gpu_mem_used_mb': 38939.0, 'gpu_load': 0.0, 'client_rank': 10, 'round': 2, 'timestamp': '2025-08-13 16:27:37'}
    [Client 8] Statistical Utility: {'client_rank': 8, 'round': 2, 'data_size': 525, 'data_variance': 0.06366205960512161, 'local_loss': 2.3050925731658936, 'local_accuracy': 14.666666090488434}
Received system metrics from client 1: {'cpu_time': 116.2600000007078, 'ram_used_mb': 2932.514816, 'net_sent_bytes': 37313, 'net_recv_bytes': 47338, 'gpu_mem_used_mb': 38937.0, 'gpu_load': 0.0, 'client_rank': 1, 'round': 1, 'timestamp': '2025-08-13 16:27:08'}
Received system metrics from client 2: {'cpu_time': 112.46000000089407, 'ram_used_mb': 2921.545728, 'net_sent_bytes': 33988, 'net_recv_bytes': 78317, 'gpu_mem_used_mb': 38937.0, 'gpu_load': 0.0, 'client_rank': 2, 'round': 1, 'timestamp': '2025-08-13 16:27:08'}
Received system metrics from client 3: {'cpu_time': 48.519999999552965, 'ram_used_mb': 2920.501248, 'net_sent_bytes': 43360, 'net_recv_bytes': 62022, 'gpu_mem_used_mb': 38937.0, 'gpu_load': 0.0, 'client_rank': 3, 'round': 1, 'timestamp': '2025-08-13 16:27:08'}
    [Client 8] Round 2 - Sending updated weights to server...
Received system metrics from client 4: {'cpu_time': 48.36999999731779, 'ram_used_mb': 2946.90816, 'net_sent_bytes': 15130, 'net_recv_bytes': 57743, 'gpu_mem_used_mb': 38937.0, 'gpu_load': 0.0, 'client_rank': 4, 'round': 1, 'timestamp': '2025-08-13 16:27:08'}
Received system metrics from client 5: {'cpu_time': 57.49999999254942, 'ram_used_mb': 2929.373184, 'net_sent_bytes': 1736, 'net_recv_bytes': 43598, 'gpu_mem_used_mb': 38937.0, 'gpu_load': 0.0, 'client_rank': 5, 'round': 1, 'timestamp': '2025-08-13 16:27:08'}
Received system metrics from client 6: {'cpu_time': 234.63999999687076, 'ram_used_mb': 3160.715264, 'net_sent_bytes': 41542, 'net_recv_bytes': 69993, 'gpu_mem_used_mb': 38937.0, 'gpu_load': 0.0, 'client_rank': 6, 'round': 1, 'timestamp': '2025-08-13 16:27:10'}
Received system metrics from client 7: {'cpu_time': 55.350000001490116, 'ram_used_mb': 2890.317824, 'net_sent_bytes': 43061, 'net_recv_bytes': 57578, 'gpu_mem_used_mb': 38937.0, 'gpu_load': 0.0, 'client_rank': 7, 'round': 1, 'timestamp': '2025-08-13 16:27:08'}
Received system metrics from client 8: {'cpu_time': 38.189999997615814, 'ram_used_mb': 2871.390208, 'net_sent_bytes': 58304, 'net_recv_bytes': 84228, 'gpu_mem_used_mb': 38937.0, 'gpu_load': 0.0, 'client_rank': 8, 'round': 1, 'timestamp': '2025-08-13 16:27:08'}
Received system metrics from client 9: {'cpu_time': 166.64000000059605, 'ram_used_mb': 2994.905088, 'net_sent_bytes': 34139, 'net_recv_bytes': 54036, 'gpu_mem_used_mb': 38937.0, 'gpu_load': 0.01, 'client_rank': 9, 'round': 1, 'timestamp': '2025-08-13 16:27:08'}
Received system metrics from client 10: {'cpu_time': 90.60000000149012, 'ram_used_mb': 2962.325504, 'net_sent_bytes': 79845, 'net_recv_bytes': 70655, 'gpu_mem_used_mb': 38937.0, 'gpu_load': 0.0, 'client_rank': 10, 'round': 1, 'timestamp': '2025-08-13 16:27:08'}
Averaging model weights...
Evaluating updated global model on test set...
Round 1 Evaluation - Accuracy: 0.1023, Loss: 2.4403

===== Round 2 =====
Broadcasting global model to all clients...
Waiting for model weights from client 1...
    [Client 10] Statistical Utility: {'client_rank': 10, 'round': 2, 'data_size': 5942, 'data_variance': 0.0627174898982048, 'local_loss': 1.7799488306045532, 'local_accuracy': 35.10602414608002}
    [Client 7] Statistical Utility: {'client_rank': 7, 'round': 2, 'data_size': 1414, 'data_variance': 0.06267841905355453, 'local_loss': 2.261232614517212, 'local_accuracy': 17.256011068820953}
    [Client 9] Statistical Utility: {'client_rank': 9, 'round': 2, 'data_size': 7110, 'data_variance': 0.06292970478534698, 'local_loss': 1.6872717142105103, 'local_accuracy': 39.78902995586395}
    [Client 2] Round 2 - Sending updated weights to server...
    [Client 5] Round 2 - Sending updated weights to server...
    [Client 4] Round 2 - Sending updated weights to server...
    [Client 6] System Stats: {'cpu_time': 169.51000000163913, 'ram_used_mb': 3412.144128, 'net_sent_bytes': 43290, 'net_recv_bytes': 59728, 'gpu_mem_used_mb': 38939.0, 'gpu_load': 0.0, 'client_rank': 6, 'round': 2, 'timestamp': '2025-08-13 16:27:38'}
    [Client 7] Round 2 - Sending updated weights to server...
    [Client 1] Round 2 - Sending updated weights to server...
Received weights from client 1
Waiting for model weights from client 2...
Received weights from client 2
Waiting for model weights from client 3...
    [Client 2] Round 3 - Waiting for global weights...
    [Client 1] Round 3 - Waiting for global weights...
    [Client 10] Round 2 - Sending updated weights to server...
    [Client 6] Statistical Utility: {'client_rank': 6, 'round': 2, 'data_size': 17837, 'data_variance': 0.06342285126447678, 'local_loss': 1.451324701309204, 'local_accuracy': 48.623648285865784}
    [Client 9] Round 2 - Sending updated weights to server...
    [Client 6] Round 2 - Sending updated weights to server...
    [Client 3] Round 2 - Sending updated weights to server...
    [Client 1] Round 3 - Training on local data...
    [Client 2] Round 3 - Training on local data...
Received weights from client 3
Waiting for model weights from client 4...
    [Client 3] Round 3 - Waiting for global weights...
    [Client 8] Round 3 - Waiting for global weights...
    [Client 7] Round 3 - Waiting for global weights...
    [Client 5] Round 3 - Waiting for global weights...
    [Client 4] Round 3 - Waiting for global weights...
Received weights from client 4
Waiting for model weights from client 5...
    [Client 9] Round 3 - Waiting for global weights...
    [Client 10] Round 3 - Waiting for global weights...
    [Client 6] Round 3 - Waiting for global weights...
    [Client 3] Round 3 - Training on local data...
    [Client 8] Round 3 - Training on local data...
    [Client 7] Round 3 - Training on local data...
    [Client 5] Round 3 - Training on local data...
    [Client 4] Round 3 - Training on local data...
Received weights from client 5
Waiting for model weights from client 6...
    [Client 9] Round 3 - Training on local data...
    [Client 10] Round 3 - Training on local data...
    [Client 6] Round 3 - Training on local data...
Received weights from client 6
Waiting for model weights from client 7...
Received weights from client 7
Waiting for model weights from client 8...
Received weights from client 8
Waiting for model weights from client 9...
Received weights from client 9
Waiting for model weights from client 10...
Received weights from client 10
Received system metrics from client 1: {'cpu_time': 82.53000000026077, 'ram_used_mb': 3216.441344, 'net_sent_bytes': 39105, 'net_recv_bytes': 41782, 'gpu_mem_used_mb': 38939.0, 'gpu_load': 0.01, 'client_rank': 1, 'round': 2, 'timestamp': '2025-08-13 16:27:37'}
Received system metrics from client 2: {'cpu_time': 77.37000000104308, 'ram_used_mb': 3211.825152, 'net_sent_bytes': 38135, 'net_recv_bytes': 41195, 'gpu_mem_used_mb': 38939.0, 'gpu_load': 0.0, 'client_rank': 2, 'round': 2, 'timestamp': '2025-08-13 16:27:36'}
Received system metrics from client 3: {'cpu_time': 33.230000000447035, 'ram_used_mb': 3208.617984, 'net_sent_bytes': 44263, 'net_recv_bytes': 47554, 'gpu_mem_used_mb': 38939.0, 'gpu_load': 0.0, 'client_rank': 3, 'round': 2, 'timestamp': '2025-08-13 16:27:37'}
Received system metrics from client 4: {'cpu_time': 25.849999997764826, 'ram_used_mb': 3250.888704, 'net_sent_bytes': 13242, 'net_recv_bytes': 42361, 'gpu_mem_used_mb': 38939.0, 'gpu_load': 0.01, 'client_rank': 4, 'round': 2, 'timestamp': '2025-08-13 16:27:37'}
Received system metrics from client 5: {'cpu_time': 40.46000000089407, 'ram_used_mb': 3231.490048, 'net_sent_bytes': 2256, 'net_recv_bytes': 28638, 'gpu_mem_used_mb': 38939.0, 'gpu_load': 0.0, 'client_rank': 5, 'round': 2, 'timestamp': '2025-08-13 16:27:37'}
Received system metrics from client 6: {'cpu_time': 169.51000000163913, 'ram_used_mb': 3412.144128, 'net_sent_bytes': 43290, 'net_recv_bytes': 59728, 'gpu_mem_used_mb': 38939.0, 'gpu_load': 0.0, 'client_rank': 6, 'round': 2, 'timestamp': '2025-08-13 16:27:38'}
Received system metrics from client 7: {'cpu_time': 34.30000000074506, 'ram_used_mb': 3153.936384, 'net_sent_bytes': 34566, 'net_recv_bytes': 35304, 'gpu_mem_used_mb': 38939.0, 'gpu_load': 0.0, 'client_rank': 7, 'round': 2, 'timestamp': '2025-08-13 16:27:37'}
Received system metrics from client 8: {'cpu_time': 17.149999998509884, 'ram_used_mb': 3135.561728, 'net_sent_bytes': 5608, 'net_recv_bytes': 35808, 'gpu_mem_used_mb': 38939.0, 'gpu_load': 0.0, 'client_rank': 8, 'round': 2, 'timestamp': '2025-08-13 16:27:36'}
Received system metrics from client 9: {'cpu_time': 121.74999999627471, 'ram_used_mb': 3291.488256, 'net_sent_bytes': 30979, 'net_recv_bytes': 61035, 'gpu_mem_used_mb': 38939.0, 'gpu_load': 0.0, 'client_rank': 9, 'round': 2, 'timestamp': '2025-08-13 16:27:37'}
Received system metrics from client 10: {'cpu_time': 64.49000000022352, 'ram_used_mb': 3239.677952, 'net_sent_bytes': 154899, 'net_recv_bytes': 100156, 'gpu_mem_used_mb': 38939.0, 'gpu_load': 0.0, 'client_rank': 10, 'round': 2, 'timestamp': '2025-08-13 16:27:37'}
Averaging model weights...
Evaluating updated global model on test set...
Round 2 Evaluation - Accuracy: 0.1713, Loss: 2.2481

===== Round 3 =====
Broadcasting global model to all clients...
Waiting for model weights from client 1...
    [Client 2] System Stats: {'cpu_time': 89.54999999888241, 'ram_used_mb': 3368.665088, 'net_sent_bytes': 38194, 'net_recv_bytes': 50631, 'gpu_mem_used_mb': 38941.0, 'gpu_load': 0.0, 'client_rank': 2, 'round': 3, 'timestamp': '2025-08-13 16:27:52'}
    [Client 8] System Stats: {'cpu_time': 30.69999999552965, 'ram_used_mb': 3300.937728, 'net_sent_bytes': 37696, 'net_recv_bytes': 45034, 'gpu_mem_used_mb': 38941.0, 'gpu_load': 0.0, 'client_rank': 8, 'round': 3, 'timestamp': '2025-08-13 16:27:52'}
    [Client 1] System Stats: {'cpu_time': 95.8300000000745, 'ram_used_mb': 3377.31584, 'net_sent_bytes': 42274, 'net_recv_bytes': 52258, 'gpu_mem_used_mb': 38941.0, 'gpu_load': 0.0, 'client_rank': 1, 'round': 3, 'timestamp': '2025-08-13 16:27:52'}
    [Client 4] System Stats: {'cpu_time': 37.600000001490116, 'ram_used_mb': 3440.525312, 'net_sent_bytes': 85785, 'net_recv_bytes': 72952, 'gpu_mem_used_mb': 38941.0, 'gpu_load': 0.0, 'client_rank': 4, 'round': 3, 'timestamp': '2025-08-13 16:27:52'}
    [Client 3] System Stats: {'cpu_time': 38.67999999970198, 'ram_used_mb': 3377.303552, 'net_sent_bytes': 34674, 'net_recv_bytes': 40700, 'gpu_mem_used_mb': 38941.0, 'gpu_load': 0.0, 'client_rank': 3, 'round': 3, 'timestamp': '2025-08-13 16:27:52'}
    [Client 5] System Stats: {'cpu_time': 46.87000000476837, 'ram_used_mb': 3375.706112, 'net_sent_bytes': 41164, 'net_recv_bytes': 56076, 'gpu_mem_used_mb': 38941.0, 'gpu_load': 0.0, 'client_rank': 5, 'round': 3, 'timestamp': '2025-08-13 16:27:52'}
    [Client 9] System Stats: {'cpu_time': 139.37000000104308, 'ram_used_mb': 3495.886848, 'net_sent_bytes': 40652, 'net_recv_bytes': 45422, 'gpu_mem_used_mb': 38941.0, 'gpu_load': 0.0, 'client_rank': 9, 'round': 3, 'timestamp': '2025-08-13 16:27:52'}
    [Client 10] System Stats: {'cpu_time': 75.12999999895692, 'ram_used_mb': 3464.515584, 'net_sent_bytes': 2611, 'net_recv_bytes': 38831, 'gpu_mem_used_mb': 38941.0, 'gpu_load': 0.0, 'client_rank': 10, 'round': 3, 'timestamp': '2025-08-13 16:27:52'}
    [Client 7] System Stats: {'cpu_time': 38.73999999836087, 'ram_used_mb': 3351.334912, 'net_sent_bytes': 61422, 'net_recv_bytes': 64176, 'gpu_mem_used_mb': 38941.0, 'gpu_load': 0.0, 'client_rank': 7, 'round': 3, 'timestamp': '2025-08-13 16:27:52'}
    [Client 8] Statistical Utility: {'client_rank': 8, 'round': 3, 'data_size': 525, 'data_variance': 0.06366205960512161, 'local_loss': 2.125702381134033, 'local_accuracy': 23.999999463558197}
    [Client 2] Statistical Utility: {'client_rank': 2, 'round': 3, 'data_size': 2866, 'data_variance': 0.06469513475894928, 'local_loss': 1.915378212928772, 'local_accuracy': 31.751570105552673}
    [Client 1] Statistical Utility: {'client_rank': 1, 'round': 3, 'data_size': 3640, 'data_variance': 0.06330215185880661, 'local_loss': 1.589395523071289, 'local_accuracy': 41.813185811042786}
    [Client 3] Statistical Utility: {'client_rank': 3, 'round': 3, 'data_size': 2739, 'data_variance': 0.06390785425901413, 'local_loss': 1.6857686042785645, 'local_accuracy': 38.80978524684906}
    [Client 4] Statistical Utility: {'client_rank': 4, 'round': 3, 'data_size': 4459, 'data_variance': 0.06270676851272583, 'local_loss': 1.6697938442230225, 'local_accuracy': 42.00493395328522}
    [Client 5] Statistical Utility: {'client_rank': 5, 'round': 3, 'data_size': 3467, 'data_variance': 0.06352055072784424, 'local_loss': 1.8965572118759155, 'local_accuracy': 33.458322286605835}
    [Client 10] Statistical Utility: {'client_rank': 10, 'round': 3, 'data_size': 5942, 'data_variance': 0.0627174898982048, 'local_loss': 1.7648159265518188, 'local_accuracy': 39.38067853450775}
    [Client 2] Round 3 - Sending updated weights to server...
    [Client 7] Statistical Utility: {'client_rank': 7, 'round': 3, 'data_size': 1414, 'data_variance': 0.06267841905355453, 'local_loss': 1.9564847946166992, 'local_accuracy': 26.661953330039978}
    [Client 9] Statistical Utility: {'client_rank': 9, 'round': 3, 'data_size': 7110, 'data_variance': 0.06292970478534698, 'local_loss': 1.5673280954360962, 'local_accuracy': 44.50070261955261}
    [Client 8] Round 3 - Sending updated weights to server...
    [Client 3] Round 3 - Sending updated weights to server...
    [Client 6] System Stats: {'cpu_time': 189.52000000327826, 'ram_used_mb': 3597.238272, 'net_sent_bytes': 33094, 'net_recv_bytes': 46463, 'gpu_mem_used_mb': 38941.0, 'gpu_load': 0.0, 'client_rank': 6, 'round': 3, 'timestamp': '2025-08-13 16:27:54'}
    [Client 4] Round 3 - Sending updated weights to server...
    [Client 5] Round 3 - Sending updated weights to server...
    [Client 7] Round 3 - Sending updated weights to server...
    [Client 9] Round 3 - Sending updated weights to server...
    [Client 1] Round 3 - Sending updated weights to server...
Received weights from client 1
Waiting for model weights from client 2...
Received weights from client 2
Waiting for model weights from client 3...
Received weights from client 3
Waiting for model weights from client 4...
Received weights from client 4
Waiting for model weights from client 5...
Received weights from client 5
Waiting for model weights from client 6...
    [Client 10] Round 3 - Sending updated weights to server...
    [Client 3] Round 4 - Waiting for global weights...
    [Client 2] Round 4 - Waiting for global weights...
    [Client 4] Round 4 - Waiting for global weights...
    [Client 1] Round 4 - Waiting for global weights...
    [Client 5] Round 4 - Waiting for global weights...
    [Client 6] Statistical Utility: {'client_rank': 6, 'round': 3, 'data_size': 17837, 'data_variance': 0.06342285126447678, 'local_loss': 1.3709884881973267, 'local_accuracy': 51.247406005859375}
    [Client 6] Round 3 - Sending updated weights to server...
Received weights from client 6
Waiting for model weights from client 7...
Received weights from client 7
Waiting for model weights from client 8...
Received weights from client 8
Waiting for model weights from client 9...
Received weights from client 9
Waiting for model weights from client 10...
Received weights from client 10
Received system metrics from client 1: {'cpu_time': 95.8300000000745, 'ram_used_mb': 3377.31584, 'net_sent_bytes': 42274, 'net_recv_bytes': 52258, 'gpu_mem_used_mb': 38941.0, 'gpu_load': 0.0, 'client_rank': 1, 'round': 3, 'timestamp': '2025-08-13 16:27:52'}
Received system metrics from client 2: {'cpu_time': 89.54999999888241, 'ram_used_mb': 3368.665088, 'net_sent_bytes': 38194, 'net_recv_bytes': 50631, 'gpu_mem_used_mb': 38941.0, 'gpu_load': 0.0, 'client_rank': 2, 'round': 3, 'timestamp': '2025-08-13 16:27:52'}
Received system metrics from client 3: {'cpu_time': 38.67999999970198, 'ram_used_mb': 3377.303552, 'net_sent_bytes': 34674, 'net_recv_bytes': 40700, 'gpu_mem_used_mb': 38941.0, 'gpu_load': 0.0, 'client_rank': 3, 'round': 3, 'timestamp': '2025-08-13 16:27:52'}
Received system metrics from client 4: {'cpu_time': 37.600000001490116, 'ram_used_mb': 3440.525312, 'net_sent_bytes': 85785, 'net_recv_bytes': 72952, 'gpu_mem_used_mb': 38941.0, 'gpu_load': 0.0, 'client_rank': 4, 'round': 3, 'timestamp': '2025-08-13 16:27:52'}
Received system metrics from client 5: {'cpu_time': 46.87000000476837, 'ram_used_mb': 3375.706112, 'net_sent_bytes': 41164, 'net_recv_bytes': 56076, 'gpu_mem_used_mb': 38941.0, 'gpu_load': 0.0, 'client_rank': 5, 'round': 3, 'timestamp': '2025-08-13 16:27:52'}
Received system metrics from client 6: {'cpu_time': 189.52000000327826, 'ram_used_mb': 3597.238272, 'net_sent_bytes': 33094, 'net_recv_bytes': 46463, 'gpu_mem_used_mb': 38941.0, 'gpu_load': 0.0, 'client_rank': 6, 'round': 3, 'timestamp': '2025-08-13 16:27:54'}
Received system metrics from client 7: {'cpu_time': 38.73999999836087, 'ram_used_mb': 3351.334912, 'net_sent_bytes': 61422, 'net_recv_bytes': 64176, 'gpu_mem_used_mb': 38941.0, 'gpu_load': 0.0, 'client_rank': 7, 'round': 3, 'timestamp': '2025-08-13 16:27:52'}
Received system metrics from client 8: {'cpu_time': 30.69999999552965, 'ram_used_mb': 3300.937728, 'net_sent_bytes': 37696, 'net_recv_bytes': 45034, 'gpu_mem_used_mb': 38941.0, 'gpu_load': 0.0, 'client_rank': 8, 'round': 3, 'timestamp': '2025-08-13 16:27:52'}
Received system metrics from client 9: {'cpu_time': 139.37000000104308, 'ram_used_mb': 3495.886848, 'net_sent_bytes': 40652, 'net_recv_bytes': 45422, 'gpu_mem_used_mb': 38941.0, 'gpu_load': 0.0, 'client_rank': 9, 'round': 3, 'timestamp': '2025-08-13 16:27:52'}
Received system metrics from client 10: {'cpu_time': 75.12999999895692, 'ram_used_mb': 3464.515584, 'net_sent_bytes': 2611, 'net_recv_bytes': 38831, 'gpu_mem_used_mb': 38941.0, 'gpu_load': 0.0, 'client_rank': 10, 'round': 3, 'timestamp': '2025-08-13 16:27:52'}
Averaging model weights...
Evaluating updated global model on test set...
    [Client 8] Round 4 - Waiting for global weights...
    [Client 9] Round 4 - Waiting for global weights...
    [Client 7] Round 4 - Waiting for global weights...
    [Client 10] Round 4 - Waiting for global weights...
    [Client 6] Round 4 - Waiting for global weights...
Round 3 Evaluation - Accuracy: 0.3621, Loss: 1.7781

===== Round 4 =====
Broadcasting global model to all clients...
Waiting for model weights from client 1...
    [Client 5] Round 4 - Training on local data...
    [Client 2] Round 4 - Training on local data...
    [Client 9] Round 4 - Training on local data...
    [Client 4] Round 4 - Training on local data...
    [Client 1] Round 4 - Training on local data...
    [Client 6] Round 4 - Training on local data...
    [Client 8] Round 4 - Training on local data...
    [Client 10] Round 4 - Training on local data...
    [Client 7] Round 4 - Training on local data...
    [Client 3] Round 4 - Training on local data...
    [Client 8] System Stats: {'cpu_time': 25.850000005215406, 'ram_used_mb': 3516.45696, 'net_sent_bytes': 80844, 'net_recv_bytes': 87207, 'gpu_mem_used_mb': 38941.0, 'gpu_load': 0.0, 'client_rank': 8, 'round': 4, 'timestamp': '2025-08-13 16:28:04'}
    [Client 2] System Stats: {'cpu_time': 77.84999999962747, 'ram_used_mb': 3589.09952, 'net_sent_bytes': 14379, 'net_recv_bytes': 41511, 'gpu_mem_used_mb': 38941.0, 'gpu_load': 0.0, 'client_rank': 2, 'round': 4, 'timestamp': '2025-08-13 16:28:04'}
    [Client 1] System Stats: {'cpu_time': 82.35999999940395, 'ram_used_mb': 3599.601664, 'net_sent_bytes': 33774, 'net_recv_bytes': 37562, 'gpu_mem_used_mb': 38941.0, 'gpu_load': 0.0, 'client_rank': 1, 'round': 4, 'timestamp': '2025-08-13 16:28:05'}
    [Client 3] System Stats: {'cpu_time': 33.47000000067055, 'ram_used_mb': 3571.273728, 'net_sent_bytes': 19577, 'net_recv_bytes': 47833, 'gpu_mem_used_mb': 38941.0, 'gpu_load': 0.0, 'client_rank': 3, 'round': 4, 'timestamp': '2025-08-13 16:28:05'}
    [Client 4] System Stats: {'cpu_time': 32.810000002384186, 'ram_used_mb': 3643.256832, 'net_sent_bytes': 11524, 'net_recv_bytes': 39564, 'gpu_mem_used_mb': 38941.0, 'gpu_load': 0.0, 'client_rank': 4, 'round': 4, 'timestamp': '2025-08-13 16:28:05'}
    [Client 5] System Stats: {'cpu_time': 40.439999997615814, 'ram_used_mb': 3595.190272, 'net_sent_bytes': 38773, 'net_recv_bytes': 43462, 'gpu_mem_used_mb': 38941.0, 'gpu_load': 0.0, 'client_rank': 5, 'round': 4, 'timestamp': '2025-08-13 16:28:05'}
    [Client 9] System Stats: {'cpu_time': 121.35999999940395, 'ram_used_mb': 3713.6384, 'net_sent_bytes': 1962, 'net_recv_bytes': 37544, 'gpu_mem_used_mb': 38941.0, 'gpu_load': 0.0, 'client_rank': 9, 'round': 4, 'timestamp': '2025-08-13 16:28:05'}
    [Client 10] System Stats: {'cpu_time': 65.08999999798834, 'ram_used_mb': 3684.921344, 'net_sent_bytes': 41984, 'net_recv_bytes': 55458, 'gpu_mem_used_mb': 38941.0, 'gpu_load': 0.0, 'client_rank': 10, 'round': 4, 'timestamp': '2025-08-13 16:28:05'}
    [Client 7] System Stats: {'cpu_time': 32.39000000059605, 'ram_used_mb': 3581.841408, 'net_sent_bytes': 39978, 'net_recv_bytes': 45891, 'gpu_mem_used_mb': 38941.0, 'gpu_load': 0.0, 'client_rank': 7, 'round': 4, 'timestamp': '2025-08-13 16:28:05'}
    [Client 8] Statistical Utility: {'client_rank': 8, 'round': 4, 'data_size': 525, 'data_variance': 0.06366205960512161, 'local_loss': 1.6860616207122803, 'local_accuracy': 41.5238082408905}
    [Client 2] Statistical Utility: {'client_rank': 2, 'round': 4, 'data_size': 2866, 'data_variance': 0.06469513475894928, 'local_loss': 1.3630578517913818, 'local_accuracy': 51.081645488739014}
    [Client 1] Statistical Utility: {'client_rank': 1, 'round': 4, 'data_size': 3640, 'data_variance': 0.06330215185880661, 'local_loss': 1.4496078491210938, 'local_accuracy': 48.269230127334595}
    [Client 3] Statistical Utility: {'client_rank': 3, 'round': 4, 'data_size': 2739, 'data_variance': 0.06390785425901413, 'local_loss': 1.4573951959609985, 'local_accuracy': 46.58634662628174}
    [Client 5] Statistical Utility: {'client_rank': 5, 'round': 4, 'data_size': 3467, 'data_variance': 0.06352055072784424, 'local_loss': 1.5089420080184937, 'local_accuracy': 46.43784165382385}
    [Client 4] Statistical Utility: {'client_rank': 4, 'round': 4, 'data_size': 4459, 'data_variance': 0.06270676851272583, 'local_loss': 1.4520010948181152, 'local_accuracy': 47.34245240688324}
    [Client 8] Round 4 - Sending updated weights to server...
    [Client 7] Statistical Utility: {'client_rank': 7, 'round': 4, 'data_size': 1414, 'data_variance': 0.06267841905355453, 'local_loss': 1.5608190298080444, 'local_accuracy': 44.059404730796814}
    [Client 10] Statistical Utility: {'client_rank': 10, 'round': 4, 'data_size': 5942, 'data_variance': 0.0627174898982048, 'local_loss': 1.5925365686416626, 'local_accuracy': 46.29754424095154}
    [Client 1] Round 4 - Sending updated weights to server...
Received weights from client 1
Waiting for model weights from client 2...
    [Client 9] Statistical Utility: {'client_rank': 9, 'round': 4, 'data_size': 7110, 'data_variance': 0.06292970478534698, 'local_loss': 1.5461256504058838, 'local_accuracy': 45.499297976493835}
    [Client 3] Round 4 - Sending updated weights to server...
    [Client 5] Round 4 - Sending updated weights to server...
    [Client 4] Round 4 - Sending updated weights to server...
    [Client 1] Round 5 - Waiting for global weights...
    [Client 6] System Stats: {'cpu_time': 166.5899999961257, 'ram_used_mb': 3834.30656, 'net_sent_bytes': 40438, 'net_recv_bytes': 58317, 'gpu_mem_used_mb': 38941.0, 'gpu_load': 0.0, 'client_rank': 6, 'round': 4, 'timestamp': '2025-08-13 16:28:06'}
    [Client 9] Round 4 - Sending updated weights to server...
    [Client 6] Statistical Utility: {'client_rank': 6, 'round': 4, 'data_size': 17837, 'data_variance': 0.06342285126447678, 'local_loss': 1.3001985549926758, 'local_accuracy': 53.562819957733154}
    [Client 10] Round 4 - Sending updated weights to server...
    [Client 2] Round 4 - Sending updated weights to server...
Received weights from client 2
Waiting for model weights from client 3...
Received weights from client 3
Waiting for model weights from client 4...
Received weights from client 4
Waiting for model weights from client 5...
Received weights from client 5
Waiting for model weights from client 6...
    [Client 2] Round 5 - Waiting for global weights...
    [Client 5] Round 5 - Waiting for global weights...
    [Client 4] Round 5 - Waiting for global weights...
    [Client 3] Round 5 - Waiting for global weights...
    [Client 6] Round 4 - Sending updated weights to server...
Received weights from client 6
Waiting for model weights from client 7...
    [Client 6] Round 5 - Waiting for global weights...
    [Client 3] Round 5 - Training on local data...
    [Client 7] Round 4 - Sending updated weights to server...
    [Client 5] Round 5 - Training on local data...
    [Client 1] Round 5 - Training on local data...
    [Client 2] Round 5 - Training on local data...
    [Client 4] Round 5 - Training on local data...
Received weights from client 7
Waiting for model weights from client 8...
    [Client 6] Round 5 - Training on local data...
    [Client 8] Round 5 - Waiting for global weights...
Received weights from client 8
Waiting for model weights from client 9...
    [Client 9] Round 5 - Waiting for global weights...
    [Client 10] Round 5 - Waiting for global weights...
    [Client 8] Round 5 - Training on local data...
    [Client 7] Round 5 - Waiting for global weights...
Received weights from client 9
Waiting for model weights from client 10...
    [Client 9] Round 5 - Training on local data...
    [Client 10] Round 5 - Training on local data...
    [Client 7] Round 5 - Training on local data...
Received weights from client 10
Received system metrics from client 1: {'cpu_time': 82.35999999940395, 'ram_used_mb': 3599.601664, 'net_sent_bytes': 33774, 'net_recv_bytes': 37562, 'gpu_mem_used_mb': 38941.0, 'gpu_load': 0.0, 'client_rank': 1, 'round': 4, 'timestamp': '2025-08-13 16:28:05'}
Received system metrics from client 2: {'cpu_time': 77.84999999962747, 'ram_used_mb': 3589.09952, 'net_sent_bytes': 14379, 'net_recv_bytes': 41511, 'gpu_mem_used_mb': 38941.0, 'gpu_load': 0.0, 'client_rank': 2, 'round': 4, 'timestamp': '2025-08-13 16:28:04'}
Received system metrics from client 3: {'cpu_time': 33.47000000067055, 'ram_used_mb': 3571.273728, 'net_sent_bytes': 19577, 'net_recv_bytes': 47833, 'gpu_mem_used_mb': 38941.0, 'gpu_load': 0.0, 'client_rank': 3, 'round': 4, 'timestamp': '2025-08-13 16:28:05'}
Received system metrics from client 4: {'cpu_time': 32.810000002384186, 'ram_used_mb': 3643.256832, 'net_sent_bytes': 11524, 'net_recv_bytes': 39564, 'gpu_mem_used_mb': 38941.0, 'gpu_load': 0.0, 'client_rank': 4, 'round': 4, 'timestamp': '2025-08-13 16:28:05'}
Received system metrics from client 5: {'cpu_time': 40.439999997615814, 'ram_used_mb': 3595.190272, 'net_sent_bytes': 38773, 'net_recv_bytes': 43462, 'gpu_mem_used_mb': 38941.0, 'gpu_load': 0.0, 'client_rank': 5, 'round': 4, 'timestamp': '2025-08-13 16:28:05'}
Received system metrics from client 6: {'cpu_time': 166.5899999961257, 'ram_used_mb': 3834.30656, 'net_sent_bytes': 40438, 'net_recv_bytes': 58317, 'gpu_mem_used_mb': 38941.0, 'gpu_load': 0.0, 'client_rank': 6, 'round': 4, 'timestamp': '2025-08-13 16:28:06'}
Received system metrics from client 7: {'cpu_time': 32.39000000059605, 'ram_used_mb': 3581.841408, 'net_sent_bytes': 39978, 'net_recv_bytes': 45891, 'gpu_mem_used_mb': 38941.0, 'gpu_load': 0.0, 'client_rank': 7, 'round': 4, 'timestamp': '2025-08-13 16:28:05'}
Received system metrics from client 8: {'cpu_time': 25.850000005215406, 'ram_used_mb': 3516.45696, 'net_sent_bytes': 80844, 'net_recv_bytes': 87207, 'gpu_mem_used_mb': 38941.0, 'gpu_load': 0.0, 'client_rank': 8, 'round': 4, 'timestamp': '2025-08-13 16:28:04'}
Received system metrics from client 9: {'cpu_time': 121.35999999940395, 'ram_used_mb': 3713.6384, 'net_sent_bytes': 1962, 'net_recv_bytes': 37544, 'gpu_mem_used_mb': 38941.0, 'gpu_load': 0.0, 'client_rank': 9, 'round': 4, 'timestamp': '2025-08-13 16:28:05'}
Received system metrics from client 10: {'cpu_time': 65.08999999798834, 'ram_used_mb': 3684.921344, 'net_sent_bytes': 41984, 'net_recv_bytes': 55458, 'gpu_mem_used_mb': 38941.0, 'gpu_load': 0.0, 'client_rank': 10, 'round': 4, 'timestamp': '2025-08-13 16:28:05'}
Averaging model weights...
Evaluating updated global model on test set...
Round 4 Evaluation - Accuracy: 0.4684, Loss: 1.4700

===== Round 5 =====
Broadcasting global model to all clients...
Waiting for model weights from client 1...
    [Client 8] System Stats: {'cpu_time': 25.83999999985099, 'ram_used_mb': 3659.862016, 'net_sent_bytes': 44461, 'net_recv_bytes': 48988, 'gpu_mem_used_mb': 38943.0, 'gpu_load': 0.0, 'client_rank': 8, 'round': 5, 'timestamp': '2025-08-13 16:28:19'}
    [Client 2] System Stats: {'cpu_time': 80.26999999955297, 'ram_used_mb': 3760.910336, 'net_sent_bytes': 110622, 'net_recv_bytes': 61521, 'gpu_mem_used_mb': 38943.0, 'gpu_load': 0.0, 'client_rank': 2, 'round': 5, 'timestamp': '2025-08-13 16:28:19'}
    [Client 1] System Stats: {'cpu_time': 86.31000000052154, 'ram_used_mb': 3789.574144, 'net_sent_bytes': 71423, 'net_recv_bytes': 80973, 'gpu_mem_used_mb': 38943.0, 'gpu_load': 0.0, 'client_rank': 1, 'round': 5, 'timestamp': '2025-08-13 16:28:19'}
    [Client 3] System Stats: {'cpu_time': 34.769999999552965, 'ram_used_mb': 3721.367552, 'net_sent_bytes': 32433, 'net_recv_bytes': 36515, 'gpu_mem_used_mb': 38943.0, 'gpu_load': 0.0, 'client_rank': 3, 'round': 5, 'timestamp': '2025-08-13 16:28:19'}
    [Client 4] System Stats: {'cpu_time': 33.019999999552965, 'ram_used_mb': 3831.484416, 'net_sent_bytes': 59334, 'net_recv_bytes': 62778, 'gpu_mem_used_mb': 38943.0, 'gpu_load': 0.0, 'client_rank': 4, 'round': 5, 'timestamp': '2025-08-13 16:28:19'}
    [Client 5] System Stats: {'cpu_time': 41.88000000268221, 'ram_used_mb': 3759.624192, 'net_sent_bytes': 39650, 'net_recv_bytes': 54567, 'gpu_mem_used_mb': 38943.0, 'gpu_load': 0.0, 'client_rank': 5, 'round': 5, 'timestamp': '2025-08-13 16:28:19'}
    [Client 10] System Stats: {'cpu_time': 67.82999999821186, 'ram_used_mb': 3879.75168, 'net_sent_bytes': 26983, 'net_recv_bytes': 38450, 'gpu_mem_used_mb': 38943.0, 'gpu_load': 0.0, 'client_rank': 10, 'round': 5, 'timestamp': '2025-08-13 16:28:19'}
    [Client 9] System Stats: {'cpu_time': 125.5300000011921, 'ram_used_mb': 3935.08864, 'net_sent_bytes': 547, 'net_recv_bytes': 35284, 'gpu_mem_used_mb': 38943.0, 'gpu_load': 0.0, 'client_rank': 9, 'round': 5, 'timestamp': '2025-08-13 16:28:19'}
    [Client 7] System Stats: {'cpu_time': 33.53999999910593, 'ram_used_mb': 3729.866752, 'net_sent_bytes': 59500, 'net_recv_bytes': 64368, 'gpu_mem_used_mb': 38943.0, 'gpu_load': 0.0, 'client_rank': 7, 'round': 5, 'timestamp': '2025-08-13 16:28:20'}
    [Client 8] Statistical Utility: {'client_rank': 8, 'round': 5, 'data_size': 525, 'data_variance': 0.06366205960512161, 'local_loss': 1.4271982908248901, 'local_accuracy': 49.52380955219269}
    [Client 2] Statistical Utility: {'client_rank': 2, 'round': 5, 'data_size': 2866, 'data_variance': 0.06469513475894928, 'local_loss': 1.2475414276123047, 'local_accuracy': 55.26866912841797}
    [Client 1] Statistical Utility: {'client_rank': 1, 'round': 5, 'data_size': 3640, 'data_variance': 0.06330215185880661, 'local_loss': 1.5043095350265503, 'local_accuracy': 47.3901093006134}
    [Client 3] Statistical Utility: {'client_rank': 3, 'round': 5, 'data_size': 2739, 'data_variance': 0.06390785425901413, 'local_loss': 1.3537373542785645, 'local_accuracy': 50.41986107826233}
    [Client 5] Statistical Utility: {'client_rank': 5, 'round': 5, 'data_size': 3467, 'data_variance': 0.06352055072784424, 'local_loss': 1.3559062480926514, 'local_accuracy': 50.07210969924927}
    [Client 4] Statistical Utility: {'client_rank': 4, 'round': 5, 'data_size': 4459, 'data_variance': 0.06270676851272583, 'local_loss': 1.4441039562225342, 'local_accuracy': 48.329222202301025}
    [Client 10] Statistical Utility: {'client_rank': 10, 'round': 5, 'data_size': 5942, 'data_variance': 0.0627174898982048, 'local_loss': 1.23012113571167, 'local_accuracy': 56.19320273399353}
    [Client 2] Round 5 - Sending updated weights to server...
    [Client 7] Statistical Utility: {'client_rank': 7, 'round': 5, 'data_size': 1414, 'data_variance': 0.06267841905355453, 'local_loss': 1.4780422449111938, 'local_accuracy': 46.817538142204285}
    [Client 9] Statistical Utility: {'client_rank': 9, 'round': 5, 'data_size': 7110, 'data_variance': 0.06292970478534698, 'local_loss': 1.2318155765533447, 'local_accuracy': 56.49788975715637}
    [Client 5] Round 5 - Sending updated weights to server...
    [Client 6] System Stats: {'cpu_time': 171.55000000074506, 'ram_used_mb': 4036.964352, 'net_sent_bytes': 34857, 'net_recv_bytes': 41856, 'gpu_mem_used_mb': 38943.0, 'gpu_load': 0.0, 'client_rank': 6, 'round': 5, 'timestamp': '2025-08-13 16:28:21'}
    [Client 4] Round 5 - Sending updated weights to server...
    [Client 9] Round 5 - Sending updated weights to server...
    [Client 3] Round 5 - Sending updated weights to server...
    [Client 6] Statistical Utility: {'client_rank': 6, 'round': 5, 'data_size': 17837, 'data_variance': 0.06342285126447678, 'local_loss': 1.176584243774414, 'local_accuracy': 57.98620581626892}
    [Client 6] Round 5 - Sending updated weights to server...
    [Client 7] Round 5 - Sending updated weights to server...
    [Client 8] Round 5 - Sending updated weights to server...
    [Client 10] Round 5 - Sending updated weights to server...
    [Client 1] Round 5 - Sending updated weights to server...
Received weights from client 1
Waiting for model weights from client 2...
Received weights from client 2
Waiting for model weights from client 3...
Received weights from client 3
Waiting for model weights from client 4...
Received weights from client 4
Waiting for model weights from client 5...
Received weights from client 5
Waiting for model weights from client 6...
Received weights from client 6
Waiting for model weights from client 7...
Received weights from client 7
Waiting for model weights from client 8...
Received weights from client 8
Waiting for model weights from client 9...
Received weights from client 9
Waiting for model weights from client 10...
Received weights from client 10
Received system metrics from client 1: {'cpu_time': 86.31000000052154, 'ram_used_mb': 3789.574144, 'net_sent_bytes': 71423, 'net_recv_bytes': 80973, 'gpu_mem_used_mb': 38943.0, 'gpu_load': 0.0, 'client_rank': 1, 'round': 5, 'timestamp': '2025-08-13 16:28:19'}
Received system metrics from client 2: {'cpu_time': 80.26999999955297, 'ram_used_mb': 3760.910336, 'net_sent_bytes': 110622, 'net_recv_bytes': 61521, 'gpu_mem_used_mb': 38943.0, 'gpu_load': 0.0, 'client_rank': 2, 'round': 5, 'timestamp': '2025-08-13 16:28:19'}
Received system metrics from client 3: {'cpu_time': 34.769999999552965, 'ram_used_mb': 3721.367552, 'net_sent_bytes': 32433, 'net_recv_bytes': 36515, 'gpu_mem_used_mb': 38943.0, 'gpu_load': 0.0, 'client_rank': 3, 'round': 5, 'timestamp': '2025-08-13 16:28:19'}
Received system metrics from client 4: {'cpu_time': 33.019999999552965, 'ram_used_mb': 3831.484416, 'net_sent_bytes': 59334, 'net_recv_bytes': 62778, 'gpu_mem_used_mb': 38943.0, 'gpu_load': 0.0, 'client_rank': 4, 'round': 5, 'timestamp': '2025-08-13 16:28:19'}
Received system metrics from client 5: {'cpu_time': 41.88000000268221, 'ram_used_mb': 3759.624192, 'net_sent_bytes': 39650, 'net_recv_bytes': 54567, 'gpu_mem_used_mb': 38943.0, 'gpu_load': 0.0, 'client_rank': 5, 'round': 5, 'timestamp': '2025-08-13 16:28:19'}
Received system metrics from client 6: {'cpu_time': 171.55000000074506, 'ram_used_mb': 4036.964352, 'net_sent_bytes': 34857, 'net_recv_bytes': 41856, 'gpu_mem_used_mb': 38943.0, 'gpu_load': 0.0, 'client_rank': 6, 'round': 5, 'timestamp': '2025-08-13 16:28:21'}
Received system metrics from client 7: {'cpu_time': 33.53999999910593, 'ram_used_mb': 3729.866752, 'net_sent_bytes': 59500, 'net_recv_bytes': 64368, 'gpu_mem_used_mb': 38943.0, 'gpu_load': 0.0, 'client_rank': 7, 'round': 5, 'timestamp': '2025-08-13 16:28:20'}
Received system metrics from client 8: {'cpu_time': 25.83999999985099, 'ram_used_mb': 3659.862016, 'net_sent_bytes': 44461, 'net_recv_bytes': 48988, 'gpu_mem_used_mb': 38943.0, 'gpu_load': 0.0, 'client_rank': 8, 'round': 5, 'timestamp': '2025-08-13 16:28:19'}
Received system metrics from client 9: {'cpu_time': 125.5300000011921, 'ram_used_mb': 3935.08864, 'net_sent_bytes': 547, 'net_recv_bytes': 35284, 'gpu_mem_used_mb': 38943.0, 'gpu_load': 0.0, 'client_rank': 9, 'round': 5, 'timestamp': '2025-08-13 16:28:19'}
Received system metrics from client 10: {'cpu_time': 67.82999999821186, 'ram_used_mb': 3879.75168, 'net_sent_bytes': 26983, 'net_recv_bytes': 38450, 'gpu_mem_used_mb': 38943.0, 'gpu_load': 0.0, 'client_rank': 10, 'round': 5, 'timestamp': '2025-08-13 16:28:19'}
Averaging model weights...
Evaluating updated global model on test set...
    [Client 1] Round 6 - Waiting for global weights...
    [Client 2] Round 6 - Waiting for global weights...
    [Client 4] Round 6 - Waiting for global weights...
    [Client 5] Round 6 - Waiting for global weights...
    [Client 9] Round 6 - Waiting for global weights...
    [Client 8] Round 6 - Waiting for global weights...
    [Client 10] Round 6 - Waiting for global weights...
    [Client 3] Round 6 - Waiting for global weights...
    [Client 7] Round 6 - Waiting for global weights...
    [Client 6] Round 6 - Waiting for global weights...
Round 5 Evaluation - Accuracy: 0.5388, Loss: 1.3006

===== Round 6 =====
Broadcasting global model to all clients...
Waiting for model weights from client 1...
    [Client 2] Round 6 - Training on local data...
    [Client 1] Round 6 - Training on local data...
    [Client 9] Round 6 - Training on local data...
    [Client 6] Round 6 - Training on local data...
    [Client 10] Round 6 - Training on local data...
    [Client 8] Round 6 - Training on local data...
    [Client 4] Round 6 - Training on local data...
    [Client 3] Round 6 - Training on local data...
    [Client 5] Round 6 - Training on local data...
    [Client 7] Round 6 - Training on local data...
    [Client 8] System Stats: {'cpu_time': 25.009999997913837, 'ram_used_mb': 3891.912704, 'net_sent_bytes': 48800, 'net_recv_bytes': 67838, 'gpu_mem_used_mb': 38945.0, 'gpu_load': 0.0, 'client_rank': 8, 'round': 6, 'timestamp': '2025-08-13 16:28:34'}
    [Client 2] System Stats: {'cpu_time': 77.54000000096858, 'ram_used_mb': 3994.771456, 'net_sent_bytes': 3027, 'net_recv_bytes': 37997, 'gpu_mem_used_mb': 38945.0, 'gpu_load': 0.0, 'client_rank': 2, 'round': 6, 'timestamp': '2025-08-13 16:28:34'}
    [Client 3] System Stats: {'cpu_time': 33.040000000968575, 'ram_used_mb': 4005.113856, 'net_sent_bytes': 429, 'net_recv_bytes': 37271, 'gpu_mem_used_mb': 38945.0, 'gpu_load': 0.0, 'client_rank': 3, 'round': 6, 'timestamp': '2025-08-13 16:28:34'}
    [Client 1] System Stats: {'cpu_time': 82.71000000089407, 'ram_used_mb': 4024.119296, 'net_sent_bytes': 33796, 'net_recv_bytes': 43814, 'gpu_mem_used_mb': 38945.0, 'gpu_load': 0.0, 'client_rank': 1, 'round': 6, 'timestamp': '2025-08-13 16:28:34'}
    [Client 4] System Stats: {'cpu_time': 34.26000000163913, 'ram_used_mb': 4068.27008, 'net_sent_bytes': 14124, 'net_recv_bytes': 51441, 'gpu_mem_used_mb': 38945.0, 'gpu_load': 0.0, 'client_rank': 4, 'round': 6, 'timestamp': '2025-08-13 16:28:34'}
    [Client 5] System Stats: {'cpu_time': 41.37000000476837, 'ram_used_mb': 3998.990336, 'net_sent_bytes': 29287, 'net_recv_bytes': 65153, 'gpu_mem_used_mb': 38945.0, 'gpu_load': 0.0, 'client_rank': 5, 'round': 6, 'timestamp': '2025-08-13 16:28:34'}
    [Client 9] System Stats: {'cpu_time': 121.62999999895692, 'ram_used_mb': 4206.42816, 'net_sent_bytes': 31059, 'net_recv_bytes': 65533, 'gpu_mem_used_mb': 38945.0, 'gpu_load': 0.0, 'client_rank': 9, 'round': 6, 'timestamp': '2025-08-13 16:28:34'}
    [Client 10] System Stats: {'cpu_time': 66.45999999903142, 'ram_used_mb': 4112.232448, 'net_sent_bytes': 74198, 'net_recv_bytes': 90986, 'gpu_mem_used_mb': 38945.0, 'gpu_load': 0.0, 'client_rank': 10, 'round': 6, 'timestamp': '2025-08-13 16:28:34'}
    [Client 7] System Stats: {'cpu_time': 32.73999999836087, 'ram_used_mb': 3951.931392, 'net_sent_bytes': 40817, 'net_recv_bytes': 50475, 'gpu_mem_used_mb': 38945.0, 'gpu_load': 0.01, 'client_rank': 7, 'round': 6, 'timestamp': '2025-08-13 16:28:35'}
    [Client 8] Statistical Utility: {'client_rank': 8, 'round': 6, 'data_size': 525, 'data_variance': 0.06366205960512161, 'local_loss': 1.101746916770935, 'local_accuracy': 62.47618794441223}
    [Client 2] Statistical Utility: {'client_rank': 2, 'round': 6, 'data_size': 2866, 'data_variance': 0.06469513475894928, 'local_loss': 1.1373357772827148, 'local_accuracy': 58.37404131889343}
    [Client 3] Statistical Utility: {'client_rank': 3, 'round': 6, 'data_size': 2739, 'data_variance': 0.06390785425901413, 'local_loss': 1.1706708669662476, 'local_accuracy': 56.95509314537048}
    [Client 1] Statistical Utility: {'client_rank': 1, 'round': 6, 'data_size': 3640, 'data_variance': 0.06330215185880661, 'local_loss': 1.2514384984970093, 'local_accuracy': 56.86812996864319}
    [Client 4] Statistical Utility: {'client_rank': 4, 'round': 6, 'data_size': 4459, 'data_variance': 0.06270676851272583, 'local_loss': 1.6064168214797974, 'local_accuracy': 47.72370457649231}
    [Client 5] Statistical Utility: {'client_rank': 5, 'round': 6, 'data_size': 3467, 'data_variance': 0.06352055072784424, 'local_loss': 1.1664777994155884, 'local_accuracy': 58.638590574264526}
    [Client 8] Round 6 - Sending updated weights to server...
    [Client 7] Statistical Utility: {'client_rank': 7, 'round': 6, 'data_size': 1414, 'data_variance': 0.06267841905355453, 'local_loss': 1.290841817855835, 'local_accuracy': 54.73833084106445}
    [Client 10] Statistical Utility: {'client_rank': 10, 'round': 6, 'data_size': 5942, 'data_variance': 0.0627174898982048, 'local_loss': 1.1838635206222534, 'local_accuracy': 57.94345140457153}
    [Client 2] Round 6 - Sending updated weights to server...
    [Client 9] Statistical Utility: {'client_rank': 9, 'round': 6, 'data_size': 7110, 'data_variance': 0.06292970478534698, 'local_loss': 1.2692657709121704, 'local_accuracy': 55.69620132446289}
    [Client 3] Round 6 - Sending updated weights to server...
    [Client 4] Round 6 - Sending updated weights to server...
    [Client 5] Round 6 - Sending updated weights to server...
    [Client 6] System Stats: {'cpu_time': 169.160000000149, 'ram_used_mb': 4289.007616, 'net_sent_bytes': 43102, 'net_recv_bytes': 64502, 'gpu_mem_used_mb': 38945.0, 'gpu_load': 0.0, 'client_rank': 6, 'round': 6, 'timestamp': '2025-08-13 16:28:36'}
    [Client 7] Round 6 - Sending updated weights to server...
    [Client 9] Round 6 - Sending updated weights to server...
    [Client 1] Round 6 - Sending updated weights to server...
Received weights from client 1
Waiting for model weights from client 2...
Received weights from client 2
Waiting for model weights from client 3...
Received weights from client 3
Waiting for model weights from client 4...
Received weights from client 4
Waiting for model weights from client 5...
Received weights from client 5
Waiting for model weights from client 6...
    [Client 2] Round 7 - Waiting for global weights...
    [Client 1] Round 7 - Waiting for global weights...
    [Client 4] Round 7 - Waiting for global weights...
    [Client 3] Round 7 - Waiting for global weights...
    [Client 5] Round 7 - Waiting for global weights...
    [Client 6] Statistical Utility: {'client_rank': 6, 'round': 6, 'data_size': 17837, 'data_variance': 0.06342285126447678, 'local_loss': 1.2820494174957275, 'local_accuracy': 53.61888408660889}
    [Client 6] Round 6 - Sending updated weights to server...
Received weights from client 6
Waiting for model weights from client 7...
Received weights from client 7
Waiting for model weights from client 8...
Received weights from client 8
Waiting for model weights from client 9...
Received weights from client 9
Waiting for model weights from client 10...
    [Client 9] Round 7 - Waiting for global weights...
    [Client 8] Round 7 - Waiting for global weights...
    [Client 7] Round 7 - Waiting for global weights...
    [Client 6] Round 7 - Waiting for global weights...
    [Client 10] Round 6 - Sending updated weights to server...
    [Client 3] Round 7 - Training on local data...
    [Client 8] Round 7 - Training on local data...
    [Client 7] Round 7 - Training on local data...
    [Client 5] Round 7 - Training on local data...
    [Client 1] Round 7 - Training on local data...
    [Client 2] Round 7 - Training on local data...
    [Client 4] Round 7 - Training on local data...
Received weights from client 10
    [Client 9] Round 7 - Training on local data...
    [Client 6] Round 7 - Training on local data...
Received system metrics from client 1: {'cpu_time': 82.71000000089407, 'ram_used_mb': 4024.119296, 'net_sent_bytes': 33796, 'net_recv_bytes': 43814, 'gpu_mem_used_mb': 38945.0, 'gpu_load': 0.0, 'client_rank': 1, 'round': 6, 'timestamp': '2025-08-13 16:28:34'}
Received system metrics from client 2: {'cpu_time': 77.54000000096858, 'ram_used_mb': 3994.771456, 'net_sent_bytes': 3027, 'net_recv_bytes': 37997, 'gpu_mem_used_mb': 38945.0, 'gpu_load': 0.0, 'client_rank': 2, 'round': 6, 'timestamp': '2025-08-13 16:28:34'}
Received system metrics from client 3: {'cpu_time': 33.040000000968575, 'ram_used_mb': 4005.113856, 'net_sent_bytes': 429, 'net_recv_bytes': 37271, 'gpu_mem_used_mb': 38945.0, 'gpu_load': 0.0, 'client_rank': 3, 'round': 6, 'timestamp': '2025-08-13 16:28:34'}
    [Client 10] Round 7 - Waiting for global weights...
Received system metrics from client 4: {'cpu_time': 34.26000000163913, 'ram_used_mb': 4068.27008, 'net_sent_bytes': 14124, 'net_recv_bytes': 51441, 'gpu_mem_used_mb': 38945.0, 'gpu_load': 0.0, 'client_rank': 4, 'round': 6, 'timestamp': '2025-08-13 16:28:34'}
Received system metrics from client 5: {'cpu_time': 41.37000000476837, 'ram_used_mb': 3998.990336, 'net_sent_bytes': 29287, 'net_recv_bytes': 65153, 'gpu_mem_used_mb': 38945.0, 'gpu_load': 0.0, 'client_rank': 5, 'round': 6, 'timestamp': '2025-08-13 16:28:34'}
Received system metrics from client 6: {'cpu_time': 169.160000000149, 'ram_used_mb': 4289.007616, 'net_sent_bytes': 43102, 'net_recv_bytes': 64502, 'gpu_mem_used_mb': 38945.0, 'gpu_load': 0.0, 'client_rank': 6, 'round': 6, 'timestamp': '2025-08-13 16:28:36'}
    [Client 10] Round 7 - Training on local data...
Received system metrics from client 7: {'cpu_time': 32.73999999836087, 'ram_used_mb': 3951.931392, 'net_sent_bytes': 40817, 'net_recv_bytes': 50475, 'gpu_mem_used_mb': 38945.0, 'gpu_load': 0.01, 'client_rank': 7, 'round': 6, 'timestamp': '2025-08-13 16:28:35'}
Received system metrics from client 8: {'cpu_time': 25.009999997913837, 'ram_used_mb': 3891.912704, 'net_sent_bytes': 48800, 'net_recv_bytes': 67838, 'gpu_mem_used_mb': 38945.0, 'gpu_load': 0.0, 'client_rank': 8, 'round': 6, 'timestamp': '2025-08-13 16:28:34'}
Received system metrics from client 9: {'cpu_time': 121.62999999895692, 'ram_used_mb': 4206.42816, 'net_sent_bytes': 31059, 'net_recv_bytes': 65533, 'gpu_mem_used_mb': 38945.0, 'gpu_load': 0.0, 'client_rank': 9, 'round': 6, 'timestamp': '2025-08-13 16:28:34'}
Received system metrics from client 10: {'cpu_time': 66.45999999903142, 'ram_used_mb': 4112.232448, 'net_sent_bytes': 74198, 'net_recv_bytes': 90986, 'gpu_mem_used_mb': 38945.0, 'gpu_load': 0.0, 'client_rank': 10, 'round': 6, 'timestamp': '2025-08-13 16:28:34'}
Averaging model weights...
Evaluating updated global model on test set...
Round 6 Evaluation - Accuracy: 0.5720, Loss: 1.1786

===== Round 7 =====
Broadcasting global model to all clients...
Waiting for model weights from client 1...
    [Client 8] System Stats: {'cpu_time': 25.859999999403954, 'ram_used_mb': 4017.369088, 'net_sent_bytes': 8504, 'net_recv_bytes': 38473, 'gpu_mem_used_mb': 38945.0, 'gpu_load': 0.0, 'client_rank': 8, 'round': 7, 'timestamp': '2025-08-13 16:28:49'}
    [Client 2] System Stats: {'cpu_time': 80.70000000111759, 'ram_used_mb': 4142.587904, 'net_sent_bytes': 70640, 'net_recv_bytes': 53736, 'gpu_mem_used_mb': 38945.0, 'gpu_load': 0.0, 'client_rank': 2, 'round': 7, 'timestamp': '2025-08-13 16:28:49'}
    [Client 1] System Stats: {'cpu_time': 85.42999999970198, 'ram_used_mb': 4209.467392, 'net_sent_bytes': 40888, 'net_recv_bytes': 54181, 'gpu_mem_used_mb': 38945.0, 'gpu_load': 0.0, 'client_rank': 1, 'round': 7, 'timestamp': '2025-08-13 16:28:49'}
    [Client 4] System Stats: {'cpu_time': 35.31999999657273, 'ram_used_mb': 4211.478528, 'net_sent_bytes': 48726, 'net_recv_bytes': 53586, 'gpu_mem_used_mb': 38945.0, 'gpu_load': 0.0, 'client_rank': 4, 'round': 7, 'timestamp': '2025-08-13 16:28:49'}
    [Client 3] System Stats: {'cpu_time': 36.09999999962747, 'ram_used_mb': 4136.534016, 'net_sent_bytes': 46528, 'net_recv_bytes': 41214, 'gpu_mem_used_mb': 38945.0, 'gpu_load': 0.0, 'client_rank': 3, 'round': 7, 'timestamp': '2025-08-13 16:28:49'}
    [Client 5] System Stats: {'cpu_time': 59.46999999880791, 'ram_used_mb': 4157.988864, 'net_sent_bytes': 41337, 'net_recv_bytes': 53074, 'gpu_mem_used_mb': 38945.0, 'gpu_load': 0.0, 'client_rank': 5, 'round': 7, 'timestamp': '2025-08-13 16:28:49'}
    [Client 9] System Stats: {'cpu_time': 63.39000000059605, 'ram_used_mb': 4313.06752, 'net_sent_bytes': 522, 'net_recv_bytes': 34112, 'gpu_mem_used_mb': 38945.0, 'gpu_load': 0.0, 'client_rank': 9, 'round': 7, 'timestamp': '2025-08-13 16:28:49'}
    [Client 10] System Stats: {'cpu_time': 69.57000000029802, 'ram_used_mb': 4245.987328, 'net_sent_bytes': 6235, 'net_recv_bytes': 39607, 'gpu_mem_used_mb': 38945.0, 'gpu_load': 0.0, 'client_rank': 10, 'round': 7, 'timestamp': '2025-08-13 16:28:49'}
    [Client 7] System Stats: {'cpu_time': 33.67000000178814, 'ram_used_mb': 4102.4512, 'net_sent_bytes': 50396, 'net_recv_bytes': 61323, 'gpu_mem_used_mb': 38945.0, 'gpu_load': 0.0, 'client_rank': 7, 'round': 7, 'timestamp': '2025-08-13 16:28:49'}
    [Client 8] Statistical Utility: {'client_rank': 8, 'round': 7, 'data_size': 525, 'data_variance': 0.06366205960512161, 'local_loss': 1.2340610027313232, 'local_accuracy': 56.00000023841858}
    [Client 2] Statistical Utility: {'client_rank': 2, 'round': 7, 'data_size': 2866, 'data_variance': 0.06469513475894928, 'local_loss': 1.0128240585327148, 'local_accuracy': 64.86392021179199}
    [Client 1] Statistical Utility: {'client_rank': 1, 'round': 7, 'data_size': 3640, 'data_variance': 0.06330215185880661, 'local_loss': 1.1486594676971436, 'local_accuracy': 58.76373648643494}
    [Client 4] Statistical Utility: {'client_rank': 4, 'round': 7, 'data_size': 4459, 'data_variance': 0.06270676851272583, 'local_loss': 1.0714523792266846, 'local_accuracy': 61.807578802108765}
    [Client 3] Statistical Utility: {'client_rank': 3, 'round': 7, 'data_size': 2739, 'data_variance': 0.06390785425901413, 'local_loss': 0.9923377633094788, 'local_accuracy': 64.76816534996033}
    [Client 5] Statistical Utility: {'client_rank': 5, 'round': 7, 'data_size': 3467, 'data_variance': 0.06352055072784424, 'local_loss': 1.0499367713928223, 'local_accuracy': 62.64781951904297}
    [Client 8] Round 7 - Sending updated weights to server...
    [Client 10] Statistical Utility: {'client_rank': 10, 'round': 7, 'data_size': 5942, 'data_variance': 0.0627174898982048, 'local_loss': 0.9802008867263794, 'local_accuracy': 66.00471138954163}
    [Client 7] Statistical Utility: {'client_rank': 7, 'round': 7, 'data_size': 1414, 'data_variance': 0.06267841905355453, 'local_loss': 1.0550860166549683, 'local_accuracy': 63.43705654144287}
    [Client 1] Round 7 - Sending updated weights to server...
Received weights from client 1
Waiting for model weights from client 2...
    [Client 9] Statistical Utility: {'client_rank': 9, 'round': 7, 'data_size': 7110, 'data_variance': 0.06292970478534698, 'local_loss': 1.0985347032546997, 'local_accuracy': 61.49085760116577}
    [Client 2] Round 7 - Sending updated weights to server...
Received weights from client 2
Waiting for model weights from client 3...
    [Client 1] Round 8 - Waiting for global weights...
    [Client 4] Round 7 - Sending updated weights to server...
    [Client 2] Round 8 - Waiting for global weights...
    [Client 5] Round 7 - Sending updated weights to server...
    [Client 6] System Stats: {'cpu_time': 177.31999999657273, 'ram_used_mb': 4333.273088, 'net_sent_bytes': 32693, 'net_recv_bytes': 43030, 'gpu_mem_used_mb': 38945.0, 'gpu_load': 0.0, 'client_rank': 6, 'round': 7, 'timestamp': '2025-08-13 16:28:51'}
    [Client 7] Round 7 - Sending updated weights to server...
    [Client 6] Statistical Utility: {'client_rank': 6, 'round': 7, 'data_size': 17837, 'data_variance': 0.06342285126447678, 'local_loss': 1.0315970182418823, 'local_accuracy': 63.55889439582825}
    [Client 6] Round 7 - Sending updated weights to server...
    [Client 9] Round 7 - Sending updated weights to server...
    [Client 10] Round 7 - Sending updated weights to server...
    [Client 3] Round 7 - Sending updated weights to server...
Received weights from client 3
Waiting for model weights from client 4...
Received weights from client 4
Waiting for model weights from client 5...
Received weights from client 5
Waiting for model weights from client 6...
Received weights from client 6
Waiting for model weights from client 7...
Received weights from client 7
Waiting for model weights from client 8...
Received weights from client 8
Waiting for model weights from client 9...
Received weights from client 9
Waiting for model weights from client 10...
Received weights from client 10
Received system metrics from client 1: {'cpu_time': 85.42999999970198, 'ram_used_mb': 4209.467392, 'net_sent_bytes': 40888, 'net_recv_bytes': 54181, 'gpu_mem_used_mb': 38945.0, 'gpu_load': 0.0, 'client_rank': 1, 'round': 7, 'timestamp': '2025-08-13 16:28:49'}
Received system metrics from client 2: {'cpu_time': 80.70000000111759, 'ram_used_mb': 4142.587904, 'net_sent_bytes': 70640, 'net_recv_bytes': 53736, 'gpu_mem_used_mb': 38945.0, 'gpu_load': 0.0, 'client_rank': 2, 'round': 7, 'timestamp': '2025-08-13 16:28:49'}
Received system metrics from client 3: {'cpu_time': 36.09999999962747, 'ram_used_mb': 4136.534016, 'net_sent_bytes': 46528, 'net_recv_bytes': 41214, 'gpu_mem_used_mb': 38945.0, 'gpu_load': 0.0, 'client_rank': 3, 'round': 7, 'timestamp': '2025-08-13 16:28:49'}
Received system metrics from client 4: {'cpu_time': 35.31999999657273, 'ram_used_mb': 4211.478528, 'net_sent_bytes': 48726, 'net_recv_bytes': 53586, 'gpu_mem_used_mb': 38945.0, 'gpu_load': 0.0, 'client_rank': 4, 'round': 7, 'timestamp': '2025-08-13 16:28:49'}
Received system metrics from client 5: {'cpu_time': 59.46999999880791, 'ram_used_mb': 4157.988864, 'net_sent_bytes': 41337, 'net_recv_bytes': 53074, 'gpu_mem_used_mb': 38945.0, 'gpu_load': 0.0, 'client_rank': 5, 'round': 7, 'timestamp': '2025-08-13 16:28:49'}
Received system metrics from client 6: {'cpu_time': 177.31999999657273, 'ram_used_mb': 4333.273088, 'net_sent_bytes': 32693, 'net_recv_bytes': 43030, 'gpu_mem_used_mb': 38945.0, 'gpu_load': 0.0, 'client_rank': 6, 'round': 7, 'timestamp': '2025-08-13 16:28:51'}
Received system metrics from client 7: {'cpu_time': 33.67000000178814, 'ram_used_mb': 4102.4512, 'net_sent_bytes': 50396, 'net_recv_bytes': 61323, 'gpu_mem_used_mb': 38945.0, 'gpu_load': 0.0, 'client_rank': 7, 'round': 7, 'timestamp': '2025-08-13 16:28:49'}
Received system metrics from client 8: {'cpu_time': 25.859999999403954, 'ram_used_mb': 4017.369088, 'net_sent_bytes': 8504, 'net_recv_bytes': 38473, 'gpu_mem_used_mb': 38945.0, 'gpu_load': 0.0, 'client_rank': 8, 'round': 7, 'timestamp': '2025-08-13 16:28:49'}
Received system metrics from client 9: {'cpu_time': 63.39000000059605, 'ram_used_mb': 4313.06752, 'net_sent_bytes': 522, 'net_recv_bytes': 34112, 'gpu_mem_used_mb': 38945.0, 'gpu_load': 0.0, 'client_rank': 9, 'round': 7, 'timestamp': '2025-08-13 16:28:49'}
Received system metrics from client 10: {'cpu_time': 69.57000000029802, 'ram_used_mb': 4245.987328, 'net_sent_bytes': 6235, 'net_recv_bytes': 39607, 'gpu_mem_used_mb': 38945.0, 'gpu_load': 0.0, 'client_rank': 10, 'round': 7, 'timestamp': '2025-08-13 16:28:49'}
Averaging model weights...
Evaluating updated global model on test set...
    [Client 3] Round 8 - Waiting for global weights...
    [Client 4] Round 8 - Waiting for global weights...
    [Client 8] Round 8 - Waiting for global weights...
    [Client 9] Round 8 - Waiting for global weights...
    [Client 5] Round 8 - Waiting for global weights...
    [Client 10] Round 8 - Waiting for global weights...
    [Client 7] Round 8 - Waiting for global weights...
    [Client 6] Round 8 - Waiting for global weights...
Round 7 Evaluation - Accuracy: 0.6229, Loss: 1.0623

===== Round 8 =====
Broadcasting global model to all clients...
Waiting for model weights from client 1...
    [Client 9] Round 8 - Training on local data...
    [Client 5] Round 8 - Training on local data...
    [Client 4] Round 8 - Training on local data...
    [Client 10] Round 8 - Training on local data...
    [Client 2] Round 8 - Training on local data...
    [Client 6] Round 8 - Training on local data...
    [Client 3] Round 8 - Training on local data...
    [Client 7] Round 8 - Training on local data...
    [Client 8] Round 8 - Training on local data...
    [Client 1] Round 8 - Training on local data...
    [Client 8] System Stats: {'cpu_time': 25.719999998807907, 'ram_used_mb': 4260.569088, 'net_sent_bytes': 88247, 'net_recv_bytes': 4766882, 'gpu_mem_used_mb': 38947.0, 'gpu_load': 0.0, 'client_rank': 8, 'round': 8, 'timestamp': '2025-08-13 16:29:20'}
    [Client 3] System Stats: {'cpu_time': 34.55000000074506, 'ram_used_mb': 4359.520256, 'net_sent_bytes': 33883, 'net_recv_bytes': 37495, 'gpu_mem_used_mb': 38947.0, 'gpu_load': 0.0, 'client_rank': 3, 'round': 8, 'timestamp': '2025-08-13 16:29:20'}
    [Client 8] Statistical Utility: {'client_rank': 8, 'round': 8, 'data_size': 525, 'data_variance': 0.06366205960512161, 'local_loss': 0.9204975366592407, 'local_accuracy': 67.42857098579407}
    [Client 7] System Stats: {'cpu_time': 40.770000003278255, 'ram_used_mb': 4335.509504, 'net_sent_bytes': 67220, 'net_recv_bytes': 107379, 'gpu_mem_used_mb': 38947.0, 'gpu_load': 0.0, 'client_rank': 7, 'round': 8, 'timestamp': '2025-08-13 16:29:20'}
    [Client 5] System Stats: {'cpu_time': 58.03000000119209, 'ram_used_mb': 4414.087168, 'net_sent_bytes': 42417, 'net_recv_bytes': 90916, 'gpu_mem_used_mb': 38947.0, 'gpu_load': 0.0, 'client_rank': 5, 'round': 8, 'timestamp': '2025-08-13 16:29:20'}
    [Client 1] System Stats: {'cpu_time': 84.78000000026077, 'ram_used_mb': 4443.50464, 'net_sent_bytes': 69842, 'net_recv_bytes': 76895, 'gpu_mem_used_mb': 38947.0, 'gpu_load': 0.01, 'client_rank': 1, 'round': 8, 'timestamp': '2025-08-13 16:29:20'}
    [Client 2] System Stats: {'cpu_time': 78.74000000022352, 'ram_used_mb': 4400.406528, 'net_sent_bytes': 75526, 'net_recv_bytes': 51660, 'gpu_mem_used_mb': 38947.0, 'gpu_load': 0.0, 'client_rank': 2, 'round': 8, 'timestamp': '2025-08-13 16:29:20'}
    [Client 4] System Stats: {'cpu_time': 32.48999999836087, 'ram_used_mb': 4457.160704, 'net_sent_bytes': 63606, 'net_recv_bytes': 101258, 'gpu_mem_used_mb': 38947.0, 'gpu_load': 0.0, 'client_rank': 4, 'round': 8, 'timestamp': '2025-08-13 16:29:20'}
    [Client 9] System Stats: {'cpu_time': 121.8099999986589, 'ram_used_mb': 4530.372608, 'net_sent_bytes': 3896, 'net_recv_bytes': 37172, 'gpu_mem_used_mb': 38947.0, 'gpu_load': 0.0, 'client_rank': 9, 'round': 8, 'timestamp': '2025-08-13 16:29:20'}
    [Client 10] System Stats: {'cpu_time': 67.4699999988079, 'ram_used_mb': 4484.4032, 'net_sent_bytes': 5357, 'net_recv_bytes': 74422, 'gpu_mem_used_mb': 38947.0, 'gpu_load': 0.0, 'client_rank': 10, 'round': 8, 'timestamp': '2025-08-13 16:29:20'}
    [Client 6] System Stats: {'cpu_time': 164.0300000011921, 'ram_used_mb': 4581.371904, 'net_sent_bytes': 37184, 'net_recv_bytes': 79181, 'gpu_mem_used_mb': 38947.0, 'gpu_load': 0.0, 'client_rank': 6, 'round': 8, 'timestamp': '2025-08-13 16:29:22'}
    [Client 3] Statistical Utility: {'client_rank': 3, 'round': 8, 'data_size': 2739, 'data_variance': 0.06390785425901413, 'local_loss': 0.8821428418159485, 'local_accuracy': 68.89375448226929}
    [Client 7] Statistical Utility: {'client_rank': 7, 'round': 8, 'data_size': 1414, 'data_variance': 0.06267841905355453, 'local_loss': 1.0911836624145508, 'local_accuracy': 62.65912055969238}
    [Client 5] Statistical Utility: {'client_rank': 5, 'round': 8, 'data_size': 3467, 'data_variance': 0.06352055072784424, 'local_loss': 0.9841638207435608, 'local_accuracy': 65.3302550315857}
    [Client 1] Statistical Utility: {'client_rank': 1, 'round': 8, 'data_size': 3640, 'data_variance': 0.06330215185880661, 'local_loss': 1.1787807941436768, 'local_accuracy': 59.25824046134949}
    [Client 2] Statistical Utility: {'client_rank': 2, 'round': 8, 'data_size': 2866, 'data_variance': 0.06469513475894928, 'local_loss': 0.9120508432388306, 'local_accuracy': 67.06210970878601}
    [Client 4] Statistical Utility: {'client_rank': 4, 'round': 8, 'data_size': 4459, 'data_variance': 0.06270676851272583, 'local_loss': 1.053950548171997, 'local_accuracy': 61.62816882133484}
    [Client 9] Statistical Utility: {'client_rank': 9, 'round': 8, 'data_size': 7110, 'data_variance': 0.06292970478534698, 'local_loss': 0.9553307890892029, 'local_accuracy': 66.55414700508118}
    [Client 10] Statistical Utility: {'client_rank': 10, 'round': 8, 'data_size': 5942, 'data_variance': 0.0627174898982048, 'local_loss': 0.915515124797821, 'local_accuracy': 67.16593503952026}
    [Client 6] Statistical Utility: {'client_rank': 6, 'round': 8, 'data_size': 17837, 'data_variance': 0.06342285126447678, 'local_loss': 0.9697371125221252, 'local_accuracy': 65.01653790473938}
    [Client 3] Round 8 - Sending updated weights to server...
    [Client 7] Round 8 - Sending updated weights to server...
    [Client 5] Round 8 - Sending updated weights to server...
    [Client 4] Round 8 - Sending updated weights to server...
    [Client 9] Round 8 - Sending updated weights to server...
    [Client 10] Round 8 - Sending updated weights to server...
    [Client 6] Round 8 - Sending updated weights to server...
    [Client 1] Round 8 - Sending updated weights to server...
Received weights from client 1
Waiting for model weights from client 2...
    [Client 8] Round 8 - Sending updated weights to server...
    [Client 1] Round 9 - Waiting for global weights...
    [Client 2] Round 8 - Sending updated weights to server...
Received weights from client 2
Waiting for model weights from client 3...
Received weights from client 3
Waiting for model weights from client 4...
Received weights from client 4
Waiting for model weights from client 5...
Received weights from client 5
Waiting for model weights from client 6...
Received weights from client 6
Waiting for model weights from client 7...
Received weights from client 7
Waiting for model weights from client 8...
Received weights from client 8
Waiting for model weights from client 9...
Received weights from client 9
Waiting for model weights from client 10...
Received weights from client 10
Received system metrics from client 1: {'cpu_time': 84.78000000026077, 'ram_used_mb': 4443.50464, 'net_sent_bytes': 69842, 'net_recv_bytes': 76895, 'gpu_mem_used_mb': 38947.0, 'gpu_load': 0.01, 'client_rank': 1, 'round': 8, 'timestamp': '2025-08-13 16:29:20'}
Received system metrics from client 2: {'cpu_time': 78.74000000022352, 'ram_used_mb': 4400.406528, 'net_sent_bytes': 75526, 'net_recv_bytes': 51660, 'gpu_mem_used_mb': 38947.0, 'gpu_load': 0.0, 'client_rank': 2, 'round': 8, 'timestamp': '2025-08-13 16:29:20'}
Received system metrics from client 3: {'cpu_time': 34.55000000074506, 'ram_used_mb': 4359.520256, 'net_sent_bytes': 33883, 'net_recv_bytes': 37495, 'gpu_mem_used_mb': 38947.0, 'gpu_load': 0.0, 'client_rank': 3, 'round': 8, 'timestamp': '2025-08-13 16:29:20'}
Received system metrics from client 4: {'cpu_time': 32.48999999836087, 'ram_used_mb': 4457.160704, 'net_sent_bytes': 63606, 'net_recv_bytes': 101258, 'gpu_mem_used_mb': 38947.0, 'gpu_load': 0.0, 'client_rank': 4, 'round': 8, 'timestamp': '2025-08-13 16:29:20'}
Received system metrics from client 5: {'cpu_time': 58.03000000119209, 'ram_used_mb': 4414.087168, 'net_sent_bytes': 42417, 'net_recv_bytes': 90916, 'gpu_mem_used_mb': 38947.0, 'gpu_load': 0.0, 'client_rank': 5, 'round': 8, 'timestamp': '2025-08-13 16:29:20'}
Received system metrics from client 6: {'cpu_time': 164.0300000011921, 'ram_used_mb': 4581.371904, 'net_sent_bytes': 37184, 'net_recv_bytes': 79181, 'gpu_mem_used_mb': 38947.0, 'gpu_load': 0.0, 'client_rank': 6, 'round': 8, 'timestamp': '2025-08-13 16:29:22'}
Received system metrics from client 7: {'cpu_time': 40.770000003278255, 'ram_used_mb': 4335.509504, 'net_sent_bytes': 67220, 'net_recv_bytes': 107379, 'gpu_mem_used_mb': 38947.0, 'gpu_load': 0.0, 'client_rank': 7, 'round': 8, 'timestamp': '2025-08-13 16:29:20'}
Received system metrics from client 8: {'cpu_time': 25.719999998807907, 'ram_used_mb': 4260.569088, 'net_sent_bytes': 88247, 'net_recv_bytes': 4766882, 'gpu_mem_used_mb': 38947.0, 'gpu_load': 0.0, 'client_rank': 8, 'round': 8, 'timestamp': '2025-08-13 16:29:20'}
Received system metrics from client 9: {'cpu_time': 121.8099999986589, 'ram_used_mb': 4530.372608, 'net_sent_bytes': 3896, 'net_recv_bytes': 37172, 'gpu_mem_used_mb': 38947.0, 'gpu_load': 0.0, 'client_rank': 9, 'round': 8, 'timestamp': '2025-08-13 16:29:20'}
Received system metrics from client 10: {'cpu_time': 67.4699999988079, 'ram_used_mb': 4484.4032, 'net_sent_bytes': 5357, 'net_recv_bytes': 74422, 'gpu_mem_used_mb': 38947.0, 'gpu_load': 0.0, 'client_rank': 10, 'round': 8, 'timestamp': '2025-08-13 16:29:20'}
Averaging model weights...
Evaluating updated global model on test set...
    [Client 2] Round 9 - Waiting for global weights...
    [Client 4] Round 9 - Waiting for global weights...
    [Client 9] Round 9 - Waiting for global weights...
    [Client 8] Round 9 - Waiting for global weights...
    [Client 5] Round 9 - Waiting for global weights...
    [Client 3] Round 9 - Waiting for global weights...
    [Client 6] Round 9 - Waiting for global weights...
    [Client 7] Round 9 - Waiting for global weights...
    [Client 10] Round 9 - Waiting for global weights...
Round 8 Evaluation - Accuracy: 0.6392, Loss: 1.0091

===== Round 9 =====
Broadcasting global model to all clients...
Waiting for model weights from client 1...
    [Client 4] Round 9 - Training on local data...
    [Client 9] Round 9 - Training on local data...
    [Client 1] Round 9 - Training on local data...
    [Client 2] Round 9 - Training on local data...
    [Client 8] Round 9 - Training on local data...
    [Client 6] Round 9 - Training on local data...
    [Client 3] Round 9 - Training on local data...
    [Client 5] Round 9 - Training on local data...
    [Client 7] Round 9 - Training on local data...
    [Client 10] Round 9 - Training on local data...
    [Client 8] System Stats: {'cpu_time': 24.489999998360872, 'ram_used_mb': 4455.141376, 'net_sent_bytes': 49532, 'net_recv_bytes': 53066, 'gpu_mem_used_mb': 38947.0, 'gpu_load': 0.0, 'client_rank': 8, 'round': 9, 'timestamp': '2025-08-13 16:29:35'}
    [Client 2] System Stats: {'cpu_time': 82.87000000104308, 'ram_used_mb': 4548.66944, 'net_sent_bytes': 14655, 'net_recv_bytes': 35874, 'gpu_mem_used_mb': 38947.0, 'gpu_load': 0.0, 'client_rank': 2, 'round': 9, 'timestamp': '2025-08-13 16:29:35'}
    [Client 1] System Stats: {'cpu_time': 86.53000000026077, 'ram_used_mb': 4619.81696, 'net_sent_bytes': 34544, 'net_recv_bytes': 32662, 'gpu_mem_used_mb': 38947.0, 'gpu_load': 0.0, 'client_rank': 1, 'round': 9, 'timestamp': '2025-08-13 16:29:35'}
    [Client 4] System Stats: {'cpu_time': 36.29000000283122, 'ram_used_mb': 4601.847808, 'net_sent_bytes': 13504, 'net_recv_bytes': 42436, 'gpu_mem_used_mb': 38947.0, 'gpu_load': 0.0, 'client_rank': 4, 'round': 9, 'timestamp': '2025-08-13 16:29:35'}
    [Client 3] System Stats: {'cpu_time': 34.78999999910593, 'ram_used_mb': 4543.87712, 'net_sent_bytes': 48576, 'net_recv_bytes': 53205, 'gpu_mem_used_mb': 38947.0, 'gpu_load': 0.0, 'client_rank': 3, 'round': 9, 'timestamp': '2025-08-13 16:29:35'}
    [Client 5] System Stats: {'cpu_time': 59.810000002384186, 'ram_used_mb': 4580.851712, 'net_sent_bytes': 39775, 'net_recv_bytes': 45659, 'gpu_mem_used_mb': 38947.0, 'gpu_load': 0.0, 'client_rank': 5, 'round': 9, 'timestamp': '2025-08-13 16:29:36'}
    [Client 7] System Stats: {'cpu_time': 40.979999996721745, 'ram_used_mb': 4520.669184, 'net_sent_bytes': 39802, 'net_recv_bytes': 46242, 'gpu_mem_used_mb': 38947.0, 'gpu_load': 0.0, 'client_rank': 7, 'round': 9, 'timestamp': '2025-08-13 16:29:36'}
    [Client 9] System Stats: {'cpu_time': 127.76999999955297, 'ram_used_mb': 4655.169536, 'net_sent_bytes': 30334, 'net_recv_bytes': 61048, 'gpu_mem_used_mb': 38947.0, 'gpu_load': 0.0, 'client_rank': 9, 'round': 9, 'timestamp': '2025-08-13 16:29:36'}
    [Client 10] System Stats: {'cpu_time': 69.93999999761581, 'ram_used_mb': 4689.190912, 'net_sent_bytes': 106375, 'net_recv_bytes': 81717, 'gpu_mem_used_mb': 38947.0, 'gpu_load': 0.0, 'client_rank': 10, 'round': 9, 'timestamp': '2025-08-13 16:29:36'}
    [Client 8] Statistical Utility: {'client_rank': 8, 'round': 9, 'data_size': 525, 'data_variance': 0.06366205960512161, 'local_loss': 0.8486237525939941, 'local_accuracy': 70.6666648387909}
    [Client 2] Statistical Utility: {'client_rank': 2, 'round': 9, 'data_size': 2866, 'data_variance': 0.06469513475894928, 'local_loss': 0.8546611070632935, 'local_accuracy': 70.86531519889832}
    [Client 1] Statistical Utility: {'client_rank': 1, 'round': 9, 'data_size': 3640, 'data_variance': 0.06330215185880661, 'local_loss': 0.9485553503036499, 'local_accuracy': 67.17032790184021}
    [Client 3] Statistical Utility: {'client_rank': 3, 'round': 9, 'data_size': 2739, 'data_variance': 0.06390785425901413, 'local_loss': 0.9008479118347168, 'local_accuracy': 67.79846549034119}
    [Client 4] Statistical Utility: {'client_rank': 4, 'round': 9, 'data_size': 4459, 'data_variance': 0.06270676851272583, 'local_loss': 1.1813397407531738, 'local_accuracy': 60.46198606491089}
    [Client 8] Round 9 - Sending updated weights to server...
    [Client 5] Statistical Utility: {'client_rank': 5, 'round': 9, 'data_size': 3467, 'data_variance': 0.06352055072784424, 'local_loss': 0.9201098084449768, 'local_accuracy': 66.88780188560486}
    [Client 7] Statistical Utility: {'client_rank': 7, 'round': 9, 'data_size': 1414, 'data_variance': 0.06267841905355453, 'local_loss': 1.1132434606552124, 'local_accuracy': 60.89109182357788}
    [Client 10] Statistical Utility: {'client_rank': 10, 'round': 9, 'data_size': 5942, 'data_variance': 0.0627174898982048, 'local_loss': 0.8993146419525146, 'local_accuracy': 67.88960099220276}
    [Client 2] Round 9 - Sending updated weights to server...
    [Client 9] Statistical Utility: {'client_rank': 9, 'round': 9, 'data_size': 7110, 'data_variance': 0.06292970478534698, 'local_loss': 0.9179261922836304, 'local_accuracy': 66.59634113311768}
    [Client 1] Round 9 - Sending updated weights to server...
Received weights from client 1
Waiting for model weights from client 2...
Received weights from client 2
Waiting for model weights from client 3...
    [Client 6] System Stats: {'cpu_time': 172.49000000208616, 'ram_used_mb': 4735.152128, 'net_sent_bytes': 43997, 'net_recv_bytes': 56071, 'gpu_mem_used_mb': 38947.0, 'gpu_load': 0.0, 'client_rank': 6, 'round': 9, 'timestamp': '2025-08-13 16:29:37'}
    [Client 2] Round 10 - Waiting for global weights...
    [Client 1] Round 10 - Waiting for global weights...
    [Client 7] Round 9 - Sending updated weights to server...
    [Client 4] Round 9 - Sending updated weights to server...
    [Client 5] Round 9 - Sending updated weights to server...
    [Client 10] Round 9 - Sending updated weights to server...
    [Client 9] Round 9 - Sending updated weights to server...
    [Client 6] Statistical Utility: {'client_rank': 6, 'round': 9, 'data_size': 17837, 'data_variance': 0.06342285126447678, 'local_loss': 0.9340345859527588, 'local_accuracy': 67.18057990074158}
    [Client 3] Round 9 - Sending updated weights to server...
Received weights from client 3
Waiting for model weights from client 4...
Received weights from client 4
Waiting for model weights from client 5...
Received weights from client 5
Waiting for model weights from client 6...
    [Client 4] Round 10 - Waiting for global weights...
    [Client 3] Round 10 - Waiting for global weights...
    [Client 5] Round 10 - Waiting for global weights...
    [Client 6] Round 9 - Sending updated weights to server...
Received weights from client 6
Waiting for model weights from client 7...
Received weights from client 7
Waiting for model weights from client 8...
Received weights from client 8
Waiting for model weights from client 9...
Received weights from client 9
Waiting for model weights from client 10...
Received weights from client 10
Received system metrics from client 1: {'cpu_time': 86.53000000026077, 'ram_used_mb': 4619.81696, 'net_sent_bytes': 34544, 'net_recv_bytes': 32662, 'gpu_mem_used_mb': 38947.0, 'gpu_load': 0.0, 'client_rank': 1, 'round': 9, 'timestamp': '2025-08-13 16:29:35'}
Received system metrics from client 2: {'cpu_time': 82.87000000104308, 'ram_used_mb': 4548.66944, 'net_sent_bytes': 14655, 'net_recv_bytes': 35874, 'gpu_mem_used_mb': 38947.0, 'gpu_load': 0.0, 'client_rank': 2, 'round': 9, 'timestamp': '2025-08-13 16:29:35'}
Received system metrics from client 3: {'cpu_time': 34.78999999910593, 'ram_used_mb': 4543.87712, 'net_sent_bytes': 48576, 'net_recv_bytes': 53205, 'gpu_mem_used_mb': 38947.0, 'gpu_load': 0.0, 'client_rank': 3, 'round': 9, 'timestamp': '2025-08-13 16:29:35'}
Received system metrics from client 4: {'cpu_time': 36.29000000283122, 'ram_used_mb': 4601.847808, 'net_sent_bytes': 13504, 'net_recv_bytes': 42436, 'gpu_mem_used_mb': 38947.0, 'gpu_load': 0.0, 'client_rank': 4, 'round': 9, 'timestamp': '2025-08-13 16:29:35'}
Received system metrics from client 5: {'cpu_time': 59.810000002384186, 'ram_used_mb': 4580.851712, 'net_sent_bytes': 39775, 'net_recv_bytes': 45659, 'gpu_mem_used_mb': 38947.0, 'gpu_load': 0.0, 'client_rank': 5, 'round': 9, 'timestamp': '2025-08-13 16:29:36'}
Received system metrics from client 6: {'cpu_time': 172.49000000208616, 'ram_used_mb': 4735.152128, 'net_sent_bytes': 43997, 'net_recv_bytes': 56071, 'gpu_mem_used_mb': 38947.0, 'gpu_load': 0.0, 'client_rank': 6, 'round': 9, 'timestamp': '2025-08-13 16:29:37'}
Received system metrics from client 7: {'cpu_time': 40.979999996721745, 'ram_used_mb': 4520.669184, 'net_sent_bytes': 39802, 'net_recv_bytes': 46242, 'gpu_mem_used_mb': 38947.0, 'gpu_load': 0.0, 'client_rank': 7, 'round': 9, 'timestamp': '2025-08-13 16:29:36'}
Received system metrics from client 8: {'cpu_time': 24.489999998360872, 'ram_used_mb': 4455.141376, 'net_sent_bytes': 49532, 'net_recv_bytes': 53066, 'gpu_mem_used_mb': 38947.0, 'gpu_load': 0.0, 'client_rank': 8, 'round': 9, 'timestamp': '2025-08-13 16:29:35'}
Received system metrics from client 9: {'cpu_time': 127.76999999955297, 'ram_used_mb': 4655.169536, 'net_sent_bytes': 30334, 'net_recv_bytes': 61048, 'gpu_mem_used_mb': 38947.0, 'gpu_load': 0.0, 'client_rank': 9, 'round': 9, 'timestamp': '2025-08-13 16:29:36'}
Received system metrics from client 10: {'cpu_time': 69.93999999761581, 'ram_used_mb': 4689.190912, 'net_sent_bytes': 106375, 'net_recv_bytes': 81717, 'gpu_mem_used_mb': 38947.0, 'gpu_load': 0.0, 'client_rank': 10, 'round': 9, 'timestamp': '2025-08-13 16:29:36'}
Averaging model weights...
Evaluating updated global model on test set...
    [Client 9] Round 10 - Waiting for global weights...
    [Client 8] Round 10 - Waiting for global weights...
    [Client 10] Round 10 - Waiting for global weights...
    [Client 6] Round 10 - Waiting for global weights...
    [Client 7] Round 10 - Waiting for global weights...
Round 9 Evaluation - Accuracy: 0.6652, Loss: 0.9480

===== Round 10 =====
Broadcasting global model to all clients...
Waiting for model weights from client 1...
    [Client 9] Round 10 - Training on local data...
    [Client 4] Round 10 - Training on local data...
    [Client 6] Round 10 - Training on local data...
    [Client 2] Round 10 - Training on local data...
    [Client 1] Round 10 - Training on local data...
    [Client 8] Round 10 - Training on local data...
    [Client 3] Round 10 - Training on local data...
    [Client 10] Round 10 - Training on local data...
    [Client 7] Round 10 - Training on local data...
    [Client 5] Round 10 - Training on local data...
    [Client 8] System Stats: {'cpu_time': 26.219999998807907, 'ram_used_mb': 4604.780544, 'net_sent_bytes': 18448, 'net_recv_bytes': 46728, 'gpu_mem_used_mb': 38949.0, 'gpu_load': 0.0, 'client_rank': 8, 'round': 10, 'timestamp': '2025-08-13 16:29:48'}
    [Client 2] System Stats: {'cpu_time': 77.5, 'ram_used_mb': 4755.0464, 'net_sent_bytes': 45621, 'net_recv_bytes': 47755, 'gpu_mem_used_mb': 38949.0, 'gpu_load': 0.0, 'client_rank': 2, 'round': 10, 'timestamp': '2025-08-13 16:29:48'}
    [Client 1] System Stats: {'cpu_time': 82.87999999988824, 'ram_used_mb': 4827.181056, 'net_sent_bytes': 40390, 'net_recv_bytes': 52266, 'gpu_mem_used_mb': 38949.0, 'gpu_load': 0.0, 'client_rank': 1, 'round': 10, 'timestamp': '2025-08-13 16:29:48'}
    [Client 4] System Stats: {'cpu_time': 35.149999998509884, 'ram_used_mb': 4825.157632, 'net_sent_bytes': 60593, 'net_recv_bytes': 56845, 'gpu_mem_used_mb': 38949.0, 'gpu_load': 0.0, 'client_rank': 4, 'round': 10, 'timestamp': '2025-08-13 16:29:48'}
    [Client 5] System Stats: {'cpu_time': 56.49000000208616, 'ram_used_mb': 4735.860736, 'net_sent_bytes': 40991, 'net_recv_bytes': 46986, 'gpu_mem_used_mb': 38949.0, 'gpu_load': 0.0, 'client_rank': 5, 'round': 10, 'timestamp': '2025-08-13 16:29:48'}
    [Client 3] System Stats: {'cpu_time': 33.91000000014901, 'ram_used_mb': 4731.793408, 'net_sent_bytes': 32550, 'net_recv_bytes': 33729, 'gpu_mem_used_mb': 38949.0, 'gpu_load': 0.0, 'client_rank': 3, 'round': 10, 'timestamp': '2025-08-13 16:29:48'}
    [Client 9] System Stats: {'cpu_time': 120.78999999910593, 'ram_used_mb': 4958.4128, 'net_sent_bytes': 528, 'net_recv_bytes': 32996, 'gpu_mem_used_mb': 38949.0, 'gpu_load': 0.0, 'client_rank': 9, 'round': 10, 'timestamp': '2025-08-13 16:29:48'}
    [Client 7] System Stats: {'cpu_time': 40.03999999538064, 'ram_used_mb': 4713.549824, 'net_sent_bytes': 107827, 'net_recv_bytes': 95886, 'gpu_mem_used_mb': 38949.0, 'gpu_load': 0.0, 'client_rank': 7, 'round': 10, 'timestamp': '2025-08-13 16:29:48'}
    [Client 10] System Stats: {'cpu_time': 65.5300000011921, 'ram_used_mb': 4896.391168, 'net_sent_bytes': 3414, 'net_recv_bytes': 35014, 'gpu_mem_used_mb': 38949.0, 'gpu_load': 0.0, 'client_rank': 10, 'round': 10, 'timestamp': '2025-08-13 16:29:48'}
    [Client 8] Statistical Utility: {'client_rank': 8, 'round': 10, 'data_size': 525, 'data_variance': 0.06366205960512161, 'local_loss': 0.816572368144989, 'local_accuracy': 70.47619223594666}
    [Client 2] Statistical Utility: {'client_rank': 2, 'round': 10, 'data_size': 2866, 'data_variance': 0.06469513475894928, 'local_loss': 0.8296990394592285, 'local_accuracy': 70.34193873405457}
    [Client 1] Statistical Utility: {'client_rank': 1, 'round': 10, 'data_size': 3640, 'data_variance': 0.06330215185880661, 'local_loss': 0.7945393919944763, 'local_accuracy': 71.12637162208557}
    [Client 3] Statistical Utility: {'client_rank': 3, 'round': 10, 'data_size': 2739, 'data_variance': 0.06390785425901413, 'local_loss': 0.870655357837677, 'local_accuracy': 69.18583512306213}
    [Client 4] Statistical Utility: {'client_rank': 4, 'round': 10, 'data_size': 4459, 'data_variance': 0.06270676851272583, 'local_loss': 0.9421026706695557, 'local_accuracy': 66.78627729415894}
    [Client 5] Statistical Utility: {'client_rank': 5, 'round': 10, 'data_size': 3467, 'data_variance': 0.06352055072784424, 'local_loss': 0.8493055701255798, 'local_accuracy': 68.90683770179749}
    [Client 8] Round 10 - Sending updated weights to server...
    [Client 7] Statistical Utility: {'client_rank': 7, 'round': 10, 'data_size': 1414, 'data_variance': 0.06267841905355453, 'local_loss': 0.8669342994689941, 'local_accuracy': 69.8019802570343}
    [Client 10] Statistical Utility: {'client_rank': 10, 'round': 10, 'data_size': 5942, 'data_variance': 0.0627174898982048, 'local_loss': 0.8527267575263977, 'local_accuracy': 69.45472955703735}
    [Client 9] Statistical Utility: {'client_rank': 9, 'round': 10, 'data_size': 7110, 'data_variance': 0.06292970478534698, 'local_loss': 0.8573479652404785, 'local_accuracy': 68.81856322288513}
    [Client 4] Round 10 - Sending updated weights to server...
    [Client 5] Round 10 - Sending updated weights to server...
    [Client 1] Round 10 - Sending updated weights to server...
Received weights from client 1
Waiting for model weights from client 2...
    [Client 6] System Stats: {'cpu_time': 167.75, 'ram_used_mb': 4969.873408, 'net_sent_bytes': 47162, 'net_recv_bytes': 44671, 'gpu_mem_used_mb': 38949.0, 'gpu_load': 0.0, 'client_rank': 6, 'round': 10, 'timestamp': '2025-08-13 16:29:50'}
    [Client 7] Round 10 - Sending updated weights to server...
    [Client 1] Round 11 - Waiting for global weights...
    [Client 10] Round 10 - Sending updated weights to server...
    [Client 9] Round 10 - Sending updated weights to server...
    [Client 3] Round 10 - Sending updated weights to server...
    [Client 6] Statistical Utility: {'client_rank': 6, 'round': 10, 'data_size': 17837, 'data_variance': 0.06342285126447678, 'local_loss': 1.0942797660827637, 'local_accuracy': 62.17973828315735}
    [Client 6] Round 10 - Sending updated weights to server...
    [Client 2] Round 10 - Sending updated weights to server...
Received weights from client 2
    [Client 3] Round 11 - Waiting for global weights...
    [Client 8] Round 11 - Waiting for global weights...
    [Client 7] Round 11 - Waiting for global weights...
    [Client 5] Round 11 - Waiting for global weights...
    [Client 4] Round 11 - Waiting for global weights...
Waiting for model weights from client 3...
    [Client 9] Round 11 - Waiting for global weights...
    [Client 10] Round 11 - Waiting for global weights...
    [Client 6] Round 11 - Waiting for global weights...
    [Client 2] Round 11 - Waiting for global weights...
Received weights from client 3
Waiting for model weights from client 4...
Received weights from client 4
Waiting for model weights from client 5...
Received weights from client 5
Waiting for model weights from client 6...
Received weights from client 6
Waiting for model weights from client 7...
Received weights from client 7
Waiting for model weights from client 8...
Received weights from client 8
Waiting for model weights from client 9...
Received weights from client 9
Waiting for model weights from client 10...
Received weights from client 10
Received system metrics from client 1: {'cpu_time': 82.87999999988824, 'ram_used_mb': 4827.181056, 'net_sent_bytes': 40390, 'net_recv_bytes': 52266, 'gpu_mem_used_mb': 38949.0, 'gpu_load': 0.0, 'client_rank': 1, 'round': 10, 'timestamp': '2025-08-13 16:29:48'}
Received system metrics from client 2: {'cpu_time': 77.5, 'ram_used_mb': 4755.0464, 'net_sent_bytes': 45621, 'net_recv_bytes': 47755, 'gpu_mem_used_mb': 38949.0, 'gpu_load': 0.0, 'client_rank': 2, 'round': 10, 'timestamp': '2025-08-13 16:29:48'}
Received system metrics from client 3: {'cpu_time': 33.91000000014901, 'ram_used_mb': 4731.793408, 'net_sent_bytes': 32550, 'net_recv_bytes': 33729, 'gpu_mem_used_mb': 38949.0, 'gpu_load': 0.0, 'client_rank': 3, 'round': 10, 'timestamp': '2025-08-13 16:29:48'}
Received system metrics from client 4: {'cpu_time': 35.149999998509884, 'ram_used_mb': 4825.157632, 'net_sent_bytes': 60593, 'net_recv_bytes': 56845, 'gpu_mem_used_mb': 38949.0, 'gpu_load': 0.0, 'client_rank': 4, 'round': 10, 'timestamp': '2025-08-13 16:29:48'}
Received system metrics from client 5: {'cpu_time': 56.49000000208616, 'ram_used_mb': 4735.860736, 'net_sent_bytes': 40991, 'net_recv_bytes': 46986, 'gpu_mem_used_mb': 38949.0, 'gpu_load': 0.0, 'client_rank': 5, 'round': 10, 'timestamp': '2025-08-13 16:29:48'}
Received system metrics from client 6: {'cpu_time': 167.75, 'ram_used_mb': 4969.873408, 'net_sent_bytes': 47162, 'net_recv_bytes': 44671, 'gpu_mem_used_mb': 38949.0, 'gpu_load': 0.0, 'client_rank': 6, 'round': 10, 'timestamp': '2025-08-13 16:29:50'}
Received system metrics from client 7: {'cpu_time': 40.03999999538064, 'ram_used_mb': 4713.549824, 'net_sent_bytes': 107827, 'net_recv_bytes': 95886, 'gpu_mem_used_mb': 38949.0, 'gpu_load': 0.0, 'client_rank': 7, 'round': 10, 'timestamp': '2025-08-13 16:29:48'}
Received system metrics from client 8: {'cpu_time': 26.219999998807907, 'ram_used_mb': 4604.780544, 'net_sent_bytes': 18448, 'net_recv_bytes': 46728, 'gpu_mem_used_mb': 38949.0, 'gpu_load': 0.0, 'client_rank': 8, 'round': 10, 'timestamp': '2025-08-13 16:29:48'}
Received system metrics from client 9: {'cpu_time': 120.78999999910593, 'ram_used_mb': 4958.4128, 'net_sent_bytes': 528, 'net_recv_bytes': 32996, 'gpu_mem_used_mb': 38949.0, 'gpu_load': 0.0, 'client_rank': 9, 'round': 10, 'timestamp': '2025-08-13 16:29:48'}
Received system metrics from client 10: {'cpu_time': 65.5300000011921, 'ram_used_mb': 4896.391168, 'net_sent_bytes': 3414, 'net_recv_bytes': 35014, 'gpu_mem_used_mb': 38949.0, 'gpu_load': 0.0, 'client_rank': 10, 'round': 10, 'timestamp': '2025-08-13 16:29:48'}
Averaging model weights...
Evaluating updated global model on test set...
Round 10 Evaluation - Accuracy: 0.6802, Loss: 0.8990

===== Round 11 =====
Broadcasting global model to all clients...
Waiting for model weights from client 1...
    [Client 2] Round 11 - Training on local data...
    [Client 4] Round 11 - Training on local data...
    [Client 9] Round 11 - Training on local data...
    [Client 1] Round 11 - Training on local data...
    [Client 10] Round 11 - Training on local data...
    [Client 8] Round 11 - Training on local data...
    [Client 5] Round 11 - Training on local data...
    [Client 3] Round 11 - Training on local data...
    [Client 6] Round 11 - Training on local data...
    [Client 7] Round 11 - Training on local data...
    [Client 2] System Stats: {'cpu_time': 77.3300000000745, 'ram_used_mb': 4996.804608, 'net_sent_bytes': 2791, 'net_recv_bytes': 29854, 'gpu_mem_used_mb': 38951.0, 'gpu_load': 0.0, 'client_rank': 2, 'round': 11, 'timestamp': '2025-08-13 16:30:02'}
    [Client 1] System Stats: {'cpu_time': 82.60999999940395, 'ram_used_mb': 5076.303872, 'net_sent_bytes': 32117, 'net_recv_bytes': 30087, 'gpu_mem_used_mb': 38951.0, 'gpu_load': 0.0, 'client_rank': 1, 'round': 11, 'timestamp': '2025-08-13 16:30:02'}
    [Client 8] System Stats: {'cpu_time': 32.98999999836087, 'ram_used_mb': 4824.989696, 'net_sent_bytes': 69587, 'net_recv_bytes': 75883, 'gpu_mem_used_mb': 38951.0, 'gpu_load': 0.0, 'client_rank': 8, 'round': 11, 'timestamp': '2025-08-13 16:30:02'}
    [Client 4] System Stats: {'cpu_time': 33.53000000119209, 'ram_used_mb': 5051.5968, 'net_sent_bytes': 5391, 'net_recv_bytes': 32617, 'gpu_mem_used_mb': 38951.0, 'gpu_load': 0.01, 'client_rank': 4, 'round': 11, 'timestamp': '2025-08-13 16:30:02'}
    [Client 3] System Stats: {'cpu_time': 33.0, 'ram_used_mb': 4961.783808, 'net_sent_bytes': 1058, 'net_recv_bytes': 33382, 'gpu_mem_used_mb': 38951.0, 'gpu_load': 0.0, 'client_rank': 3, 'round': 11, 'timestamp': '2025-08-13 16:30:02'}
    [Client 5] System Stats: {'cpu_time': 56.54999999701977, 'ram_used_mb': 5005.377536, 'net_sent_bytes': 970, 'net_recv_bytes': 33388, 'gpu_mem_used_mb': 38951.0, 'gpu_load': 0.0, 'client_rank': 5, 'round': 11, 'timestamp': '2025-08-13 16:30:02'}
    [Client 9] System Stats: {'cpu_time': 121.83999999985099, 'ram_used_mb': 5143.011328, 'net_sent_bytes': 45901, 'net_recv_bytes': 54030, 'gpu_mem_used_mb': 38951.0, 'gpu_load': 0.0, 'client_rank': 9, 'round': 11, 'timestamp': '2025-08-13 16:30:02'}
    [Client 7] System Stats: {'cpu_time': 39.5, 'ram_used_mb': 4901.41696, 'net_sent_bytes': 79433, 'net_recv_bytes': 50328, 'gpu_mem_used_mb': 38951.0, 'gpu_load': 0.0, 'client_rank': 7, 'round': 11, 'timestamp': '2025-08-13 16:30:02'}
    [Client 10] System Stats: {'cpu_time': 65.37000000104308, 'ram_used_mb': 5163.70432, 'net_sent_bytes': 2528, 'net_recv_bytes': 31487, 'gpu_mem_used_mb': 38951.0, 'gpu_load': 0.0, 'client_rank': 10, 'round': 11, 'timestamp': '2025-08-13 16:30:02'}
    [Client 2] Statistical Utility: {'client_rank': 2, 'round': 11, 'data_size': 2866, 'data_variance': 0.06469513475894928, 'local_loss': 0.8986712694168091, 'local_accuracy': 67.8995132446289}
    [Client 8] Statistical Utility: {'client_rank': 8, 'round': 11, 'data_size': 525, 'data_variance': 0.06366205960512161, 'local_loss': 0.7312435507774353, 'local_accuracy': 76.1904776096344}
    [Client 1] Statistical Utility: {'client_rank': 1, 'round': 11, 'data_size': 3640, 'data_variance': 0.06330215185880661, 'local_loss': 0.8574588894844055, 'local_accuracy': 70.76923251152039}
    [Client 3] Statistical Utility: {'client_rank': 3, 'round': 11, 'data_size': 2739, 'data_variance': 0.06390785425901413, 'local_loss': 0.8933611512184143, 'local_accuracy': 68.23658347129822}
    [Client 4] Statistical Utility: {'client_rank': 4, 'round': 11, 'data_size': 4459, 'data_variance': 0.06270676851272583, 'local_loss': 0.8172599673271179, 'local_accuracy': 71.29400968551636}
    [Client 5] Statistical Utility: {'client_rank': 5, 'round': 11, 'data_size': 3467, 'data_variance': 0.06352055072784424, 'local_loss': 0.877061665058136, 'local_accuracy': 68.32996606826782}
    [Client 7] Statistical Utility: {'client_rank': 7, 'round': 11, 'data_size': 1414, 'data_variance': 0.06267841905355453, 'local_loss': 0.7635970115661621, 'local_accuracy': 73.55021238327026}
    [Client 10] Statistical Utility: {'client_rank': 10, 'round': 11, 'data_size': 5942, 'data_variance': 0.0627174898982048, 'local_loss': 0.8844939470291138, 'local_accuracy': 69.28643584251404}
    [Client 8] Round 11 - Sending updated weights to server...
    [Client 9] Statistical Utility: {'client_rank': 9, 'round': 11, 'data_size': 7110, 'data_variance': 0.06292970478534698, 'local_loss': 0.8394807577133179, 'local_accuracy': 69.6343183517456}
    [Client 1] Round 11 - Sending updated weights to server...
Received weights from client 1
Waiting for model weights from client 2...
    [Client 4] Round 11 - Sending updated weights to server...
    [Client 5] Round 11 - Sending updated weights to server...
    [Client 1] Round 12 - Waiting for global weights...
    [Client 6] System Stats: {'cpu_time': 170.74000000208616, 'ram_used_mb': 5179.871232, 'net_sent_bytes': 64519, 'net_recv_bytes': 63014, 'gpu_mem_used_mb': 38951.0, 'gpu_load': 0.0, 'client_rank': 6, 'round': 11, 'timestamp': '2025-08-13 16:30:04'}
    [Client 2] Round 11 - Sending updated weights to server...
Received weights from client 2
Waiting for model weights from client 3...
    [Client 10] Round 11 - Sending updated weights to server...
    [Client 2] Round 12 - Waiting for global weights...
    [Client 3] Round 11 - Sending updated weights to server...
Received weights from client 3
Waiting for model weights from client 4...
Received weights from client 4
Waiting for model weights from client 5...
Received weights from client 5
Waiting for model weights from client 6...
    [Client 4] Round 12 - Waiting for global weights...
    [Client 3] Round 12 - Waiting for global weights...
    [Client 5] Round 12 - Waiting for global weights...
    [Client 6] Statistical Utility: {'client_rank': 6, 'round': 11, 'data_size': 17837, 'data_variance': 0.06342285126447678, 'local_loss': 0.7551172375679016, 'local_accuracy': 73.20176959037781}
    [Client 6] Round 11 - Sending updated weights to server...
Received weights from client 6
Waiting for model weights from client 7...
    [Client 6] Round 12 - Waiting for global weights...
    [Client 7] Round 11 - Sending updated weights to server...
Received weights from client 7
Waiting for model weights from client 8...
Received weights from client 8
Waiting for model weights from client 9...
    [Client 8] Round 12 - Waiting for global weights...
    [Client 7] Round 12 - Waiting for global weights...
    [Client 9] Round 11 - Sending updated weights to server...
Received weights from client 9
Waiting for model weights from client 10...
Received weights from client 10
Received system metrics from client 1: {'cpu_time': 82.60999999940395, 'ram_used_mb': 5076.303872, 'net_sent_bytes': 32117, 'net_recv_bytes': 30087, 'gpu_mem_used_mb': 38951.0, 'gpu_load': 0.0, 'client_rank': 1, 'round': 11, 'timestamp': '2025-08-13 16:30:02'}
Received system metrics from client 2: {'cpu_time': 77.3300000000745, 'ram_used_mb': 4996.804608, 'net_sent_bytes': 2791, 'net_recv_bytes': 29854, 'gpu_mem_used_mb': 38951.0, 'gpu_load': 0.0, 'client_rank': 2, 'round': 11, 'timestamp': '2025-08-13 16:30:02'}
Received system metrics from client 3: {'cpu_time': 33.0, 'ram_used_mb': 4961.783808, 'net_sent_bytes': 1058, 'net_recv_bytes': 33382, 'gpu_mem_used_mb': 38951.0, 'gpu_load': 0.0, 'client_rank': 3, 'round': 11, 'timestamp': '2025-08-13 16:30:02'}
Received system metrics from client 4: {'cpu_time': 33.53000000119209, 'ram_used_mb': 5051.5968, 'net_sent_bytes': 5391, 'net_recv_bytes': 32617, 'gpu_mem_used_mb': 38951.0, 'gpu_load': 0.01, 'client_rank': 4, 'round': 11, 'timestamp': '2025-08-13 16:30:02'}
Received system metrics from client 5: {'cpu_time': 56.54999999701977, 'ram_used_mb': 5005.377536, 'net_sent_bytes': 970, 'net_recv_bytes': 33388, 'gpu_mem_used_mb': 38951.0, 'gpu_load': 0.0, 'client_rank': 5, 'round': 11, 'timestamp': '2025-08-13 16:30:02'}
Received system metrics from client 6: {'cpu_time': 170.74000000208616, 'ram_used_mb': 5179.871232, 'net_sent_bytes': 64519, 'net_recv_bytes': 63014, 'gpu_mem_used_mb': 38951.0, 'gpu_load': 0.0, 'client_rank': 6, 'round': 11, 'timestamp': '2025-08-13 16:30:04'}
Received system metrics from client 7: {'cpu_time': 39.5, 'ram_used_mb': 4901.41696, 'net_sent_bytes': 79433, 'net_recv_bytes': 50328, 'gpu_mem_used_mb': 38951.0, 'gpu_load': 0.0, 'client_rank': 7, 'round': 11, 'timestamp': '2025-08-13 16:30:02'}
Received system metrics from client 8: {'cpu_time': 32.98999999836087, 'ram_used_mb': 4824.989696, 'net_sent_bytes': 69587, 'net_recv_bytes': 75883, 'gpu_mem_used_mb': 38951.0, 'gpu_load': 0.0, 'client_rank': 8, 'round': 11, 'timestamp': '2025-08-13 16:30:02'}
Received system metrics from client 9: {'cpu_time': 121.83999999985099, 'ram_used_mb': 5143.011328, 'net_sent_bytes': 45901, 'net_recv_bytes': 54030, 'gpu_mem_used_mb': 38951.0, 'gpu_load': 0.0, 'client_rank': 9, 'round': 11, 'timestamp': '2025-08-13 16:30:02'}
Received system metrics from client 10: {'cpu_time': 65.37000000104308, 'ram_used_mb': 5163.70432, 'net_sent_bytes': 2528, 'net_recv_bytes': 31487, 'gpu_mem_used_mb': 38951.0, 'gpu_load': 0.0, 'client_rank': 10, 'round': 11, 'timestamp': '2025-08-13 16:30:02'}
Averaging model weights...
Evaluating updated global model on test set...
    [Client 9] Round 12 - Waiting for global weights...
    [Client 10] Round 12 - Waiting for global weights...
Round 11 Evaluation - Accuracy: 0.7009, Loss: 0.8453

===== Round 12 =====
Broadcasting global model to all clients...
Waiting for model weights from client 1...
    [Client 10] Round 12 - Training on local data...
    [Client 9] Round 12 - Training on local data...
    [Client 1] Round 12 - Training on local data...
    [Client 6] Round 12 - Training on local data...
    [Client 4] Round 12 - Training on local data...
    [Client 2] Round 12 - Training on local data...
    [Client 3] Round 12 - Training on local data...
    [Client 5] Round 12 - Training on local data...
    [Client 7] Round 12 - Training on local data...
    [Client 8] Round 12 - Training on local data...
    [Client 2] System Stats: {'cpu_time': 83.18999999947846, 'ram_used_mb': 5096.800256, 'net_sent_bytes': 807, 'net_recv_bytes': 33455, 'gpu_mem_used_mb': 38951.0, 'gpu_load': 0.0, 'client_rank': 2, 'round': 12, 'timestamp': '2025-08-13 16:30:31'}
    [Client 3] System Stats: {'cpu_time': 35.769999999552965, 'ram_used_mb': 5073.043456, 'net_sent_bytes': 29134, 'net_recv_bytes': 60704, 'gpu_mem_used_mb': 38951.0, 'gpu_load': 0.0, 'client_rank': 3, 'round': 12, 'timestamp': '2025-08-13 16:30:31'}
    [Client 1] System Stats: {'cpu_time': 88.63999999966472, 'ram_used_mb': 5153.214464, 'net_sent_bytes': 32067, 'net_recv_bytes': 33954, 'gpu_mem_used_mb': 38951.0, 'gpu_load': 0.0, 'client_rank': 1, 'round': 12, 'timestamp': '2025-08-13 16:30:31'}
    [Client 4] System Stats: {'cpu_time': 39.25000000372529, 'ram_used_mb': 5161.680896, 'net_sent_bytes': 35057, 'net_recv_bytes': 66557, 'gpu_mem_used_mb': 38951.0, 'gpu_load': 0.0, 'client_rank': 4, 'round': 12, 'timestamp': '2025-08-13 16:30:31'}
    [Client 8] System Stats: {'cpu_time': 34.980000000447035, 'ram_used_mb': 4971.23328, 'net_sent_bytes': 48805, 'net_recv_bytes': 56462, 'gpu_mem_used_mb': 38951.0, 'gpu_load': 0.0, 'client_rank': 8, 'round': 12, 'timestamp': '2025-08-13 16:30:31'}
    [Client 5] System Stats: {'cpu_time': 61.77999999374151, 'ram_used_mb': 5091.397632, 'net_sent_bytes': 42916, 'net_recv_bytes': 66487, 'gpu_mem_used_mb': 38951.0, 'gpu_load': 0.0, 'client_rank': 5, 'round': 12, 'timestamp': '2025-08-13 16:30:31'}
    [Client 9] System Stats: {'cpu_time': 128.78999999910593, 'ram_used_mb': 5208.088576, 'net_sent_bytes': 39819, 'net_recv_bytes': 51497, 'gpu_mem_used_mb': 38951.0, 'gpu_load': 0.0, 'client_rank': 9, 'round': 12, 'timestamp': '2025-08-13 16:30:32'}
    [Client 10] System Stats: {'cpu_time': 70.24000000022352, 'ram_used_mb': 5270.921216, 'net_sent_bytes': 68688, 'net_recv_bytes': 74839, 'gpu_mem_used_mb': 38951.0, 'gpu_load': 0.01, 'client_rank': 10, 'round': 12, 'timestamp': '2025-08-13 16:30:32'}
    [Client 7] System Stats: {'cpu_time': 42.42999999970198, 'ram_used_mb': 5036.93312, 'net_sent_bytes': 38499, 'net_recv_bytes': 41840, 'gpu_mem_used_mb': 38951.0, 'gpu_load': 0.0, 'client_rank': 7, 'round': 12, 'timestamp': '2025-08-13 16:30:32'}
    [Client 2] Statistical Utility: {'client_rank': 2, 'round': 12, 'data_size': 2866, 'data_variance': 0.06469513475894928, 'local_loss': 0.7554514408111572, 'local_accuracy': 73.20306897163391}
    [Client 3] Statistical Utility: {'client_rank': 3, 'round': 12, 'data_size': 2739, 'data_variance': 0.06390785425901413, 'local_loss': 0.762463390827179, 'local_accuracy': 73.20190072059631}
    [Client 1] Statistical Utility: {'client_rank': 1, 'round': 12, 'data_size': 3640, 'data_variance': 0.06330215185880661, 'local_loss': 0.7200745344161987, 'local_accuracy': 75.13736486434937}
    [Client 8] Statistical Utility: {'client_rank': 8, 'round': 12, 'data_size': 525, 'data_variance': 0.06366205960512161, 'local_loss': 0.6967492699623108, 'local_accuracy': 74.85714554786682}
    [Client 2] Round 12 - Sending updated weights to server...
    [Client 3] Round 12 - Sending updated weights to server...
    [Client 8] Round 12 - Sending updated weights to server...
    [Client 6] System Stats: {'cpu_time': 179.4399999976158, 'ram_used_mb': 5289.336832, 'net_sent_bytes': 42963, 'net_recv_bytes': 59960, 'gpu_mem_used_mb': 38951.0, 'gpu_load': 0.0, 'client_rank': 6, 'round': 12, 'timestamp': '2025-08-13 16:30:33'}
    [Client 4] Statistical Utility: {'client_rank': 4, 'round': 12, 'data_size': 4459, 'data_variance': 0.06270676851272583, 'local_loss': 0.7491649985313416, 'local_accuracy': 73.91791939735413}
    [Client 5] Statistical Utility: {'client_rank': 5, 'round': 12, 'data_size': 3467, 'data_variance': 0.06352055072784424, 'local_loss': 0.7290217280387878, 'local_accuracy': 75.07932186126709}
    [Client 10] Statistical Utility: {'client_rank': 10, 'round': 12, 'data_size': 5942, 'data_variance': 0.0627174898982048, 'local_loss': 0.8005258440971375, 'local_accuracy': 72.04644680023193}
    [Client 7] Statistical Utility: {'client_rank': 7, 'round': 12, 'data_size': 1414, 'data_variance': 0.06267841905355453, 'local_loss': 0.6959741115570068, 'local_accuracy': 75.81329345703125}
    [Client 9] Statistical Utility: {'client_rank': 9, 'round': 12, 'data_size': 7110, 'data_variance': 0.06292970478534698, 'local_loss': 0.7681304216384888, 'local_accuracy': 72.05344438552856}
    [Client 6] Statistical Utility: {'client_rank': 6, 'round': 12, 'data_size': 17837, 'data_variance': 0.06342285126447678, 'local_loss': 0.789552628993988, 'local_accuracy': 71.93474173545837}
    [Client 5] Round 12 - Sending updated weights to server...
    [Client 7] Round 12 - Sending updated weights to server...
    [Client 4] Round 12 - Sending updated weights to server...
    [Client 6] Round 12 - Sending updated weights to server...
    [Client 10] Round 12 - Sending updated weights to server...
    [Client 9] Round 12 - Sending updated weights to server...
    [Client 1] Round 12 - Sending updated weights to server...
Received weights from client 1
Waiting for model weights from client 2...
Received weights from client 2
Waiting for model weights from client 3...
Received weights from client 3
Waiting for model weights from client 4...
Received weights from client 4
Waiting for model weights from client 5...
Received weights from client 5
Waiting for model weights from client 6...
Received weights from client 6
Waiting for model weights from client 7...
Received weights from client 7
Waiting for model weights from client 8...
Received weights from client 8
Waiting for model weights from client 9...
Received weights from client 9
Waiting for model weights from client 10...
Received weights from client 10
Received system metrics from client 1: {'cpu_time': 88.63999999966472, 'ram_used_mb': 5153.214464, 'net_sent_bytes': 32067, 'net_recv_bytes': 33954, 'gpu_mem_used_mb': 38951.0, 'gpu_load': 0.0, 'client_rank': 1, 'round': 12, 'timestamp': '2025-08-13 16:30:31'}
Received system metrics from client 2: {'cpu_time': 83.18999999947846, 'ram_used_mb': 5096.800256, 'net_sent_bytes': 807, 'net_recv_bytes': 33455, 'gpu_mem_used_mb': 38951.0, 'gpu_load': 0.0, 'client_rank': 2, 'round': 12, 'timestamp': '2025-08-13 16:30:31'}
Received system metrics from client 3: {'cpu_time': 35.769999999552965, 'ram_used_mb': 5073.043456, 'net_sent_bytes': 29134, 'net_recv_bytes': 60704, 'gpu_mem_used_mb': 38951.0, 'gpu_load': 0.0, 'client_rank': 3, 'round': 12, 'timestamp': '2025-08-13 16:30:31'}
Received system metrics from client 4: {'cpu_time': 39.25000000372529, 'ram_used_mb': 5161.680896, 'net_sent_bytes': 35057, 'net_recv_bytes': 66557, 'gpu_mem_used_mb': 38951.0, 'gpu_load': 0.0, 'client_rank': 4, 'round': 12, 'timestamp': '2025-08-13 16:30:31'}
Received system metrics from client 5: {'cpu_time': 61.77999999374151, 'ram_used_mb': 5091.397632, 'net_sent_bytes': 42916, 'net_recv_bytes': 66487, 'gpu_mem_used_mb': 38951.0, 'gpu_load': 0.0, 'client_rank': 5, 'round': 12, 'timestamp': '2025-08-13 16:30:31'}
Received system metrics from client 6: {'cpu_time': 179.4399999976158, 'ram_used_mb': 5289.336832, 'net_sent_bytes': 42963, 'net_recv_bytes': 59960, 'gpu_mem_used_mb': 38951.0, 'gpu_load': 0.0, 'client_rank': 6, 'round': 12, 'timestamp': '2025-08-13 16:30:33'}
Received system metrics from client 7: {'cpu_time': 42.42999999970198, 'ram_used_mb': 5036.93312, 'net_sent_bytes': 38499, 'net_recv_bytes': 41840, 'gpu_mem_used_mb': 38951.0, 'gpu_load': 0.0, 'client_rank': 7, 'round': 12, 'timestamp': '2025-08-13 16:30:32'}
Received system metrics from client 8: {'cpu_time': 34.980000000447035, 'ram_used_mb': 4971.23328, 'net_sent_bytes': 48805, 'net_recv_bytes': 56462, 'gpu_mem_used_mb': 38951.0, 'gpu_load': 0.0, 'client_rank': 8, 'round': 12, 'timestamp': '2025-08-13 16:30:31'}
Received system metrics from client 9: {'cpu_time': 128.78999999910593, 'ram_used_mb': 5208.088576, 'net_sent_bytes': 39819, 'net_recv_bytes': 51497, 'gpu_mem_used_mb': 38951.0, 'gpu_load': 0.0, 'client_rank': 9, 'round': 12, 'timestamp': '2025-08-13 16:30:32'}
Received system metrics from client 10: {'cpu_time': 70.24000000022352, 'ram_used_mb': 5270.921216, 'net_sent_bytes': 68688, 'net_recv_bytes': 74839, 'gpu_mem_used_mb': 38951.0, 'gpu_load': 0.01, 'client_rank': 10, 'round': 12, 'timestamp': '2025-08-13 16:30:32'}
Averaging model weights...
Evaluating updated global model on test set...
    [Client 1] Round 13 - Waiting for global weights...
    [Client 2] Round 13 - Waiting for global weights...
    [Client 4] Round 13 - Waiting for global weights...
    [Client 5] Round 13 - Waiting for global weights...
    [Client 9] Round 13 - Waiting for global weights...
    [Client 3] Round 13 - Waiting for global weights...
    [Client 8] Round 13 - Waiting for global weights...
    [Client 7] Round 13 - Waiting for global weights...
    [Client 6] Round 13 - Waiting for global weights...
    [Client 10] Round 13 - Waiting for global weights...
Round 12 Evaluation - Accuracy: 0.7137, Loss: 0.8150

===== Round 13 =====
Broadcasting global model to all clients...
Waiting for model weights from client 1...
    [Client 1] Round 13 - Training on local data...
    [Client 9] Round 13 - Training on local data...
    [Client 4] Round 13 - Training on local data...
    [Client 2] Round 13 - Training on local data...
    [Client 5] Round 13 - Training on local data...
    [Client 7] Round 13 - Training on local data...
    [Client 6] Round 13 - Training on local data...
    [Client 3] Round 13 - Training on local data...
    [Client 8] Round 13 - Training on local data...
    [Client 10] Round 13 - Training on local data...
    [Client 2] System Stats: {'cpu_time': 77.40999999828637, 'ram_used_mb': 5317.525504, 'net_sent_bytes': 34800, 'net_recv_bytes': 30034, 'gpu_mem_used_mb': 38953.0, 'gpu_load': 0.0, 'client_rank': 2, 'round': 13, 'timestamp': '2025-08-13 16:30:47'}
    [Client 1] System Stats: {'cpu_time': 82.75, 'ram_used_mb': 5369.63072, 'net_sent_bytes': 40273, 'net_recv_bytes': 51496, 'gpu_mem_used_mb': 38953.0, 'gpu_load': 0.0, 'client_rank': 1, 'round': 13, 'timestamp': '2025-08-13 16:30:47'}
    [Client 8] System Stats: {'cpu_time': 32.41999999806285, 'ram_used_mb': 5189.943296, 'net_sent_bytes': 4886, 'net_recv_bytes': 34496, 'gpu_mem_used_mb': 38953.0, 'gpu_load': 0.0, 'client_rank': 8, 'round': 13, 'timestamp': '2025-08-13 16:30:47'}
    [Client 4] System Stats: {'cpu_time': 32.53999999910593, 'ram_used_mb': 5388.181504, 'net_sent_bytes': 79625, 'net_recv_bytes': 55804, 'gpu_mem_used_mb': 38953.0, 'gpu_load': 0.0, 'client_rank': 4, 'round': 13, 'timestamp': '2025-08-13 16:30:47'}
    [Client 3] System Stats: {'cpu_time': 33.330000000074506, 'ram_used_mb': 5277.929472, 'net_sent_bytes': 529, 'net_recv_bytes': 28307, 'gpu_mem_used_mb': 38953.0, 'gpu_load': 0.0, 'client_rank': 3, 'round': 13, 'timestamp': '2025-08-13 16:30:47'}
    [Client 5] System Stats: {'cpu_time': 52.75, 'ram_used_mb': 5272.981504, 'net_sent_bytes': 52637, 'net_recv_bytes': 47544, 'gpu_mem_used_mb': 38953.0, 'gpu_load': 0.0, 'client_rank': 5, 'round': 13, 'timestamp': '2025-08-13 16:30:47'}
    [Client 7] System Stats: {'cpu_time': 40.12000000104308, 'ram_used_mb': 5248.581632, 'net_sent_bytes': 94479, 'net_recv_bytes': 89318, 'gpu_mem_used_mb': 38953.0, 'gpu_load': 0.0, 'client_rank': 7, 'round': 13, 'timestamp': '2025-08-13 16:30:47'}
    [Client 9] System Stats: {'cpu_time': 121.55000000074506, 'ram_used_mb': 5494.104064, 'net_sent_bytes': 2289, 'net_recv_bytes': 28286, 'gpu_mem_used_mb': 38953.0, 'gpu_load': 0.0, 'client_rank': 9, 'round': 13, 'timestamp': '2025-08-13 16:30:47'}
    [Client 10] System Stats: {'cpu_time': 65.58999999985099, 'ram_used_mb': 5507.772416, 'net_sent_bytes': 2653, 'net_recv_bytes': 33972, 'gpu_mem_used_mb': 38953.0, 'gpu_load': 0.0, 'client_rank': 10, 'round': 13, 'timestamp': '2025-08-13 16:30:48'}
    [Client 2] Statistical Utility: {'client_rank': 2, 'round': 13, 'data_size': 2866, 'data_variance': 0.06469513475894928, 'local_loss': 0.7345330119132996, 'local_accuracy': 74.77320432662964}
    [Client 8] Statistical Utility: {'client_rank': 8, 'round': 13, 'data_size': 525, 'data_variance': 0.06366205960512161, 'local_loss': 0.6399649381637573, 'local_accuracy': 79.61905002593994}
    [Client 1] Statistical Utility: {'client_rank': 1, 'round': 13, 'data_size': 3640, 'data_variance': 0.06330215185880661, 'local_loss': 0.7197025418281555, 'local_accuracy': 74.89010691642761}
    [Client 3] Statistical Utility: {'client_rank': 3, 'round': 13, 'data_size': 2739, 'data_variance': 0.06390785425901413, 'local_loss': 0.7462146878242493, 'local_accuracy': 72.39868640899658}
    [Client 4] Statistical Utility: {'client_rank': 4, 'round': 13, 'data_size': 4459, 'data_variance': 0.06270676851272583, 'local_loss': 0.7462282180786133, 'local_accuracy': 73.088139295578}
    [Client 7] Statistical Utility: {'client_rank': 7, 'round': 13, 'data_size': 1414, 'data_variance': 0.06267841905355453, 'local_loss': 0.6968239545822144, 'local_accuracy': 76.30834579467773}
    [Client 5] Statistical Utility: {'client_rank': 5, 'round': 13, 'data_size': 3467, 'data_variance': 0.06352055072784424, 'local_loss': 0.6662660837173462, 'local_accuracy': 76.377272605896}
    [Client 9] Statistical Utility: {'client_rank': 9, 'round': 13, 'data_size': 7110, 'data_variance': 0.06292970478534698, 'local_loss': 0.830046534538269, 'local_accuracy': 70.6188440322876}
    [Client 10] Statistical Utility: {'client_rank': 10, 'round': 13, 'data_size': 5942, 'data_variance': 0.0627174898982048, 'local_loss': 0.7399251461029053, 'local_accuracy': 73.98182153701782}
    [Client 7] Round 13 - Sending updated weights to server...
    [Client 3] Round 13 - Sending updated weights to server...
    [Client 4] Round 13 - Sending updated weights to server...
    [Client 2] Round 13 - Sending updated weights to server...
    [Client 6] System Stats: {'cpu_time': 168.58000000193715, 'ram_used_mb': 5505.929216, 'net_sent_bytes': 35098, 'net_recv_bytes': 42187, 'gpu_mem_used_mb': 38953.0, 'gpu_load': 0.0, 'client_rank': 6, 'round': 13, 'timestamp': '2025-08-13 16:30:49'}
    [Client 9] Round 13 - Sending updated weights to server...
    [Client 5] Round 13 - Sending updated weights to server...
    [Client 1] Round 13 - Sending updated weights to server...
Received weights from client 1
Waiting for model weights from client 2...
Received weights from client 2
Waiting for model weights from client 3...
Received weights from client 3
Waiting for model weights from client 4...
Received weights from client 4
Waiting for model weights from client 5...
Received weights from client 5
Waiting for model weights from client 6...
    [Client 2] Round 14 - Waiting for global weights...
    [Client 1] Round 14 - Waiting for global weights...
    [Client 3] Round 14 - Waiting for global weights...
    [Client 4] Round 14 - Waiting for global weights...
    [Client 5] Round 14 - Waiting for global weights...
    [Client 6] Statistical Utility: {'client_rank': 6, 'round': 13, 'data_size': 17837, 'data_variance': 0.06342285126447678, 'local_loss': 0.8989852070808411, 'local_accuracy': 69.89403963088989}
    [Client 6] Round 13 - Sending updated weights to server...
Received weights from client 6
Waiting for model weights from client 7...
Received weights from client 7
Waiting for model weights from client 8...
    [Client 7] Round 14 - Waiting for global weights...
    [Client 6] Round 14 - Waiting for global weights...
    [Client 10] Round 13 - Sending updated weights to server...
    [Client 8] Round 13 - Sending updated weights to server...
Received weights from client 8
Waiting for model weights from client 9...
Received weights from client 9
Waiting for model weights from client 10...
Received weights from client 10
Received system metrics from client 1: {'cpu_time': 82.75, 'ram_used_mb': 5369.63072, 'net_sent_bytes': 40273, 'net_recv_bytes': 51496, 'gpu_mem_used_mb': 38953.0, 'gpu_load': 0.0, 'client_rank': 1, 'round': 13, 'timestamp': '2025-08-13 16:30:47'}
Received system metrics from client 2: {'cpu_time': 77.40999999828637, 'ram_used_mb': 5317.525504, 'net_sent_bytes': 34800, 'net_recv_bytes': 30034, 'gpu_mem_used_mb': 38953.0, 'gpu_load': 0.0, 'client_rank': 2, 'round': 13, 'timestamp': '2025-08-13 16:30:47'}
Received system metrics from client 3: {'cpu_time': 33.330000000074506, 'ram_used_mb': 5277.929472, 'net_sent_bytes': 529, 'net_recv_bytes': 28307, 'gpu_mem_used_mb': 38953.0, 'gpu_load': 0.0, 'client_rank': 3, 'round': 13, 'timestamp': '2025-08-13 16:30:47'}
Received system metrics from client 4: {'cpu_time': 32.53999999910593, 'ram_used_mb': 5388.181504, 'net_sent_bytes': 79625, 'net_recv_bytes': 55804, 'gpu_mem_used_mb': 38953.0, 'gpu_load': 0.0, 'client_rank': 4, 'round': 13, 'timestamp': '2025-08-13 16:30:47'}
Received system metrics from client 5: {'cpu_time': 52.75, 'ram_used_mb': 5272.981504, 'net_sent_bytes': 52637, 'net_recv_bytes': 47544, 'gpu_mem_used_mb': 38953.0, 'gpu_load': 0.0, 'client_rank': 5, 'round': 13, 'timestamp': '2025-08-13 16:30:47'}
Received system metrics from client 6: {'cpu_time': 168.58000000193715, 'ram_used_mb': 5505.929216, 'net_sent_bytes': 35098, 'net_recv_bytes': 42187, 'gpu_mem_used_mb': 38953.0, 'gpu_load': 0.0, 'client_rank': 6, 'round': 13, 'timestamp': '2025-08-13 16:30:49'}
Received system metrics from client 7: {'cpu_time': 40.12000000104308, 'ram_used_mb': 5248.581632, 'net_sent_bytes': 94479, 'net_recv_bytes': 89318, 'gpu_mem_used_mb': 38953.0, 'gpu_load': 0.0, 'client_rank': 7, 'round': 13, 'timestamp': '2025-08-13 16:30:47'}
Received system metrics from client 8: {'cpu_time': 32.41999999806285, 'ram_used_mb': 5189.943296, 'net_sent_bytes': 4886, 'net_recv_bytes': 34496, 'gpu_mem_used_mb': 38953.0, 'gpu_load': 0.0, 'client_rank': 8, 'round': 13, 'timestamp': '2025-08-13 16:30:47'}
Received system metrics from client 9: {'cpu_time': 121.55000000074506, 'ram_used_mb': 5494.104064, 'net_sent_bytes': 2289, 'net_recv_bytes': 28286, 'gpu_mem_used_mb': 38953.0, 'gpu_load': 0.0, 'client_rank': 9, 'round': 13, 'timestamp': '2025-08-13 16:30:47'}
Received system metrics from client 10: {'cpu_time': 65.58999999985099, 'ram_used_mb': 5507.772416, 'net_sent_bytes': 2653, 'net_recv_bytes': 33972, 'gpu_mem_used_mb': 38953.0, 'gpu_load': 0.0, 'client_rank': 10, 'round': 13, 'timestamp': '2025-08-13 16:30:48'}
Averaging model weights...
Evaluating updated global model on test set...
    [Client 9] Round 14 - Waiting for global weights...
    [Client 8] Round 14 - Waiting for global weights...
    [Client 10] Round 14 - Waiting for global weights...
Round 13 Evaluation - Accuracy: 0.7307, Loss: 0.7689

===== Round 14 =====
Broadcasting global model to all clients...
Waiting for model weights from client 1...
    [Client 9] Round 14 - Training on local data...
    [Client 2] Round 14 - Training on local data...
    [Client 1] Round 14 - Training on local data...
    [Client 4] Round 14 - Training on local data...
    [Client 6] Round 14 - Training on local data...
    [Client 8] Round 14 - Training on local data...
    [Client 5] Round 14 - Training on local data...
    [Client 10] Round 14 - Training on local data...
    [Client 3] Round 14 - Training on local data...
    [Client 7] Round 14 - Training on local data...
    [Client 8] System Stats: {'cpu_time': 28.390000000596046, 'ram_used_mb': 5415.452672, 'net_sent_bytes': 151657, 'net_recv_bytes': 136833, 'gpu_mem_used_mb': 38955.0, 'gpu_load': 0.0, 'client_rank': 8, 'round': 14, 'timestamp': '2025-08-13 16:31:05'}
    [Client 2] System Stats: {'cpu_time': 78.9699999988079, 'ram_used_mb': 5541.527552, 'net_sent_bytes': 14330, 'net_recv_bytes': 41762, 'gpu_mem_used_mb': 38955.0, 'gpu_load': 0.0, 'client_rank': 2, 'round': 14, 'timestamp': '2025-08-13 16:31:05'}
    [Client 1] System Stats: {'cpu_time': 83.42999999970198, 'ram_used_mb': 5610.078208, 'net_sent_bytes': 32844, 'net_recv_bytes': 33541, 'gpu_mem_used_mb': 38953.0, 'gpu_load': 0.0, 'client_rank': 1, 'round': 14, 'timestamp': '2025-08-13 16:31:05'}
    [Client 4] System Stats: {'cpu_time': 30.219999998807907, 'ram_used_mb': 5636.521984, 'net_sent_bytes': 12853, 'net_recv_bytes': 40996, 'gpu_mem_used_mb': 38953.0, 'gpu_load': 0.0, 'client_rank': 4, 'round': 14, 'timestamp': '2025-08-13 16:31:05'}
    [Client 3] System Stats: {'cpu_time': 33.87999999895692, 'ram_used_mb': 5493.805056, 'net_sent_bytes': 82008, 'net_recv_bytes': 63607, 'gpu_mem_used_mb': 38953.0, 'gpu_load': 0.0, 'client_rank': 3, 'round': 14, 'timestamp': '2025-08-13 16:31:05'}
    [Client 5] System Stats: {'cpu_time': 54.72000000625849, 'ram_used_mb': 5548.752896, 'net_sent_bytes': 39135, 'net_recv_bytes': 48472, 'gpu_mem_used_mb': 38953.0, 'gpu_load': 0.0, 'client_rank': 5, 'round': 14, 'timestamp': '2025-08-13 16:31:05'}
    [Client 7] System Stats: {'cpu_time': 38.91999999806285, 'ram_used_mb': 5468.50816, 'net_sent_bytes': 41213, 'net_recv_bytes': 45902, 'gpu_mem_used_mb': 38953.0, 'gpu_load': 0.01, 'client_rank': 7, 'round': 14, 'timestamp': '2025-08-13 16:31:05'}
    [Client 10] System Stats: {'cpu_time': 65.07999999821186, 'ram_used_mb': 5771.603968, 'net_sent_bytes': 42691, 'net_recv_bytes': 55620, 'gpu_mem_used_mb': 38953.0, 'gpu_load': 0.0, 'client_rank': 10, 'round': 14, 'timestamp': '2025-08-13 16:31:05'}
    [Client 9] System Stats: {'cpu_time': 122.35000000149012, 'ram_used_mb': 5681.31584, 'net_sent_bytes': 1350, 'net_recv_bytes': 36487, 'gpu_mem_used_mb': 38953.0, 'gpu_load': 0.0, 'client_rank': 9, 'round': 14, 'timestamp': '2025-08-13 16:31:05'}
    [Client 8] Statistical Utility: {'client_rank': 8, 'round': 14, 'data_size': 525, 'data_variance': 0.06366205960512161, 'local_loss': 0.593720555305481, 'local_accuracy': 79.23809289932251}
    [Client 2] Statistical Utility: {'client_rank': 2, 'round': 14, 'data_size': 2866, 'data_variance': 0.06469513475894928, 'local_loss': 0.7664967179298401, 'local_accuracy': 73.51709604263306}
    [Client 1] Statistical Utility: {'client_rank': 1, 'round': 14, 'data_size': 3640, 'data_variance': 0.06330215185880661, 'local_loss': 0.7066054344177246, 'local_accuracy': 75.10989308357239}
    [Client 3] Statistical Utility: {'client_rank': 3, 'round': 14, 'data_size': 2739, 'data_variance': 0.06390785425901413, 'local_loss': 0.6063920259475708, 'local_accuracy': 79.5910894870758}
    [Client 4] Statistical Utility: {'client_rank': 4, 'round': 14, 'data_size': 4459, 'data_variance': 0.06270676851272583, 'local_loss': 0.8916701674461365, 'local_accuracy': 68.93922686576843}
    [Client 5] Statistical Utility: {'client_rank': 5, 'round': 14, 'data_size': 3467, 'data_variance': 0.06352055072784424, 'local_loss': 0.720146119594574, 'local_accuracy': 74.79088306427002}
    [Client 7] Statistical Utility: {'client_rank': 7, 'round': 14, 'data_size': 1414, 'data_variance': 0.06267841905355453, 'local_loss': 0.6174020767211914, 'local_accuracy': 78.28854322433472}
    [Client 8] Round 14 - Sending updated weights to server...
    [Client 10] Statistical Utility: {'client_rank': 10, 'round': 14, 'data_size': 5942, 'data_variance': 0.0627174898982048, 'local_loss': 0.6713982224464417, 'local_accuracy': 75.71524977684021}
    [Client 2] Round 14 - Sending updated weights to server...
    [Client 9] Statistical Utility: {'client_rank': 9, 'round': 14, 'data_size': 7110, 'data_variance': 0.06292970478534698, 'local_loss': 0.7845926284790039, 'local_accuracy': 71.89873456954956}
    [Client 1] Round 14 - Sending updated weights to server...
Received weights from client 1
Waiting for model weights from client 2...
Received weights from client 2
Waiting for model weights from client 3...
    [Client 2] Round 15 - Waiting for global weights...
    [Client 1] Round 15 - Waiting for global weights...
    [Client 7] Round 14 - Sending updated weights to server...
    [Client 6] System Stats: {'cpu_time': 168.35000000149012, 'ram_used_mb': 5737.967616, 'net_sent_bytes': 41348, 'net_recv_bytes': 59450, 'gpu_mem_used_mb': 38955.0, 'gpu_load': 0.0, 'client_rank': 6, 'round': 14, 'timestamp': '2025-08-13 16:31:07'}
    [Client 3] Round 14 - Sending updated weights to server...
Received weights from client 3
Waiting for model weights from client 4...
    [Client 4] Round 14 - Sending updated weights to server...
Received weights from client 4
Waiting for model weights from client 5...
    [Client 5] Round 14 - Sending updated weights to server...
Received weights from client 5
Waiting for model weights from client 6...
    [Client 3] Round 15 - Waiting for global weights...
    [Client 4] Round 15 - Waiting for global weights...
    [Client 5] Round 15 - Waiting for global weights...
    [Client 9] Round 14 - Sending updated weights to server...
    [Client 10] Round 14 - Sending updated weights to server...
    [Client 6] Statistical Utility: {'client_rank': 6, 'round': 14, 'data_size': 17837, 'data_variance': 0.06342285126447678, 'local_loss': 0.6942316889762878, 'local_accuracy': 75.94887018203735}
    [Client 6] Round 14 - Sending updated weights to server...
Received weights from client 6
Waiting for model weights from client 7...
Received weights from client 7
Waiting for model weights from client 8...
Received weights from client 8
Waiting for model weights from client 9...
Received weights from client 9
Waiting for model weights from client 10...
Received weights from client 10
Received system metrics from client 1: {'cpu_time': 83.42999999970198, 'ram_used_mb': 5610.078208, 'net_sent_bytes': 32844, 'net_recv_bytes': 33541, 'gpu_mem_used_mb': 38953.0, 'gpu_load': 0.0, 'client_rank': 1, 'round': 14, 'timestamp': '2025-08-13 16:31:05'}
Received system metrics from client 2: {'cpu_time': 78.9699999988079, 'ram_used_mb': 5541.527552, 'net_sent_bytes': 14330, 'net_recv_bytes': 41762, 'gpu_mem_used_mb': 38955.0, 'gpu_load': 0.0, 'client_rank': 2, 'round': 14, 'timestamp': '2025-08-13 16:31:05'}
Received system metrics from client 3: {'cpu_time': 33.87999999895692, 'ram_used_mb': 5493.805056, 'net_sent_bytes': 82008, 'net_recv_bytes': 63607, 'gpu_mem_used_mb': 38953.0, 'gpu_load': 0.0, 'client_rank': 3, 'round': 14, 'timestamp': '2025-08-13 16:31:05'}
Received system metrics from client 4: {'cpu_time': 30.219999998807907, 'ram_used_mb': 5636.521984, 'net_sent_bytes': 12853, 'net_recv_bytes': 40996, 'gpu_mem_used_mb': 38953.0, 'gpu_load': 0.0, 'client_rank': 4, 'round': 14, 'timestamp': '2025-08-13 16:31:05'}
Received system metrics from client 5: {'cpu_time': 54.72000000625849, 'ram_used_mb': 5548.752896, 'net_sent_bytes': 39135, 'net_recv_bytes': 48472, 'gpu_mem_used_mb': 38953.0, 'gpu_load': 0.0, 'client_rank': 5, 'round': 14, 'timestamp': '2025-08-13 16:31:05'}
Received system metrics from client 6: {'cpu_time': 168.35000000149012, 'ram_used_mb': 5737.967616, 'net_sent_bytes': 41348, 'net_recv_bytes': 59450, 'gpu_mem_used_mb': 38955.0, 'gpu_load': 0.0, 'client_rank': 6, 'round': 14, 'timestamp': '2025-08-13 16:31:07'}
Received system metrics from client 7: {'cpu_time': 38.91999999806285, 'ram_used_mb': 5468.50816, 'net_sent_bytes': 41213, 'net_recv_bytes': 45902, 'gpu_mem_used_mb': 38953.0, 'gpu_load': 0.01, 'client_rank': 7, 'round': 14, 'timestamp': '2025-08-13 16:31:05'}
Received system metrics from client 8: {'cpu_time': 28.390000000596046, 'ram_used_mb': 5415.452672, 'net_sent_bytes': 151657, 'net_recv_bytes': 136833, 'gpu_mem_used_mb': 38955.0, 'gpu_load': 0.0, 'client_rank': 8, 'round': 14, 'timestamp': '2025-08-13 16:31:05'}
Received system metrics from client 9: {'cpu_time': 122.35000000149012, 'ram_used_mb': 5681.31584, 'net_sent_bytes': 1350, 'net_recv_bytes': 36487, 'gpu_mem_used_mb': 38953.0, 'gpu_load': 0.0, 'client_rank': 9, 'round': 14, 'timestamp': '2025-08-13 16:31:05'}
Received system metrics from client 10: {'cpu_time': 65.07999999821186, 'ram_used_mb': 5771.603968, 'net_sent_bytes': 42691, 'net_recv_bytes': 55620, 'gpu_mem_used_mb': 38953.0, 'gpu_load': 0.0, 'client_rank': 10, 'round': 14, 'timestamp': '2025-08-13 16:31:05'}
Averaging model weights...
Evaluating updated global model on test set...
    [Client 9] Round 15 - Waiting for global weights...
    [Client 8] Round 15 - Waiting for global weights...
    [Client 10] Round 15 - Waiting for global weights...
    [Client 7] Round 15 - Waiting for global weights...
    [Client 6] Round 15 - Waiting for global weights...
Round 14 Evaluation - Accuracy: 0.7411, Loss: 0.7373

===== Round 15 =====
Broadcasting global model to all clients...
Waiting for model weights from client 1...
    [Client 10] Round 15 - Training on local data...
    [Client 2] Round 15 - Training on local data...
    [Client 4] Round 15 - Training on local data...
    [Client 1] Round 15 - Training on local data...
    [Client 9] Round 15 - Training on local data...
    [Client 5] Round 15 - Training on local data...
    [Client 7] Round 15 - Training on local data...
    [Client 8] Round 15 - Training on local data...
    [Client 6] Round 15 - Training on local data...
    [Client 3] Round 15 - Training on local data...
    [Client 8] System Stats: {'cpu_time': 33.5899999961257, 'ram_used_mb': 5636.182016, 'net_sent_bytes': 54224, 'net_recv_bytes': 99848, 'gpu_mem_used_mb': 38955.0, 'gpu_load': 0.0, 'client_rank': 8, 'round': 15, 'timestamp': '2025-08-13 16:31:18'}
    [Client 2] System Stats: {'cpu_time': 83.25, 'ram_used_mb': 5711.757312, 'net_sent_bytes': 51592, 'net_recv_bytes': 49930, 'gpu_mem_used_mb': 38955.0, 'gpu_load': 0.0, 'client_rank': 2, 'round': 15, 'timestamp': '2025-08-13 16:31:18'}
    [Client 1] System Stats: {'cpu_time': 89.18999999947846, 'ram_used_mb': 5714.49344, 'net_sent_bytes': 71499, 'net_recv_bytes': 78886, 'gpu_mem_used_mb': 38955.0, 'gpu_load': 0.0, 'client_rank': 1, 'round': 15, 'timestamp': '2025-08-13 16:31:18'}
    [Client 4] System Stats: {'cpu_time': 34.81999999657273, 'ram_used_mb': 5772.378112, 'net_sent_bytes': 90430, 'net_recv_bytes': 59937, 'gpu_mem_used_mb': 38955.0, 'gpu_load': 0.0, 'client_rank': 4, 'round': 15, 'timestamp': '2025-08-13 16:31:18'}
    [Client 3] System Stats: {'cpu_time': 36.15999999828637, 'ram_used_mb': 5636.882432, 'net_sent_bytes': 32691, 'net_recv_bytes': 36536, 'gpu_mem_used_mb': 38955.0, 'gpu_load': 0.0, 'client_rank': 3, 'round': 15, 'timestamp': '2025-08-13 16:31:18'}
    [Client 5] System Stats: {'cpu_time': 60.72000000625849, 'ram_used_mb': 5681.577984, 'net_sent_bytes': 70789, 'net_recv_bytes': 54709, 'gpu_mem_used_mb': 38955.0, 'gpu_load': 0.01, 'client_rank': 5, 'round': 15, 'timestamp': '2025-08-13 16:31:18'}
    [Client 7] System Stats: {'cpu_time': 41.4700000025332, 'ram_used_mb': 5589.434368, 'net_sent_bytes': 75382, 'net_recv_bytes': 65198, 'gpu_mem_used_mb': 38955.0, 'gpu_load': 0.0, 'client_rank': 7, 'round': 15, 'timestamp': '2025-08-13 16:31:18'}
    [Client 9] System Stats: {'cpu_time': 130.160000000149, 'ram_used_mb': 5844.877312, 'net_sent_bytes': 1092, 'net_recv_bytes': 35489, 'gpu_mem_used_mb': 38955.0, 'gpu_load': 0.0, 'client_rank': 9, 'round': 15, 'timestamp': '2025-08-13 16:31:18'}
    [Client 10] System Stats: {'cpu_time': 70.34000000171363, 'ram_used_mb': 5914.198016, 'net_sent_bytes': 2779, 'net_recv_bytes': 33015, 'gpu_mem_used_mb': 38955.0, 'gpu_load': 0.0, 'client_rank': 10, 'round': 15, 'timestamp': '2025-08-13 16:31:19'}
    [Client 8] Statistical Utility: {'client_rank': 8, 'round': 15, 'data_size': 525, 'data_variance': 0.06366205960512161, 'local_loss': 0.8425818681716919, 'local_accuracy': 68.76190304756165}
    [Client 2] Statistical Utility: {'client_rank': 2, 'round': 15, 'data_size': 2866, 'data_variance': 0.06469513475894928, 'local_loss': 0.7115858197212219, 'local_accuracy': 74.94766116142273}
    [Client 1] Statistical Utility: {'client_rank': 1, 'round': 15, 'data_size': 3640, 'data_variance': 0.06330215185880661, 'local_loss': 0.7448698282241821, 'local_accuracy': 73.87362718582153}
    [Client 3] Statistical Utility: {'client_rank': 3, 'round': 15, 'data_size': 2739, 'data_variance': 0.06390785425901413, 'local_loss': 0.596650242805481, 'local_accuracy': 78.82438898086548}
    [Client 4] Statistical Utility: {'client_rank': 4, 'round': 15, 'data_size': 4459, 'data_variance': 0.06270676851272583, 'local_loss': 0.6526031494140625, 'local_accuracy': 76.54182314872742}
    [Client 5] Statistical Utility: {'client_rank': 5, 'round': 15, 'data_size': 3467, 'data_variance': 0.06352055072784424, 'local_loss': 0.6267260313034058, 'local_accuracy': 77.73290872573853}
    [Client 7] Statistical Utility: {'client_rank': 7, 'round': 15, 'data_size': 1414, 'data_variance': 0.06267841905355453, 'local_loss': 0.5634986758232117, 'local_accuracy': 81.75389170646667}
    [Client 10] Statistical Utility: {'client_rank': 10, 'round': 15, 'data_size': 5942, 'data_variance': 0.0627174898982048, 'local_loss': 0.6577147245407104, 'local_accuracy': 76.85964107513428}
    [Client 9] Statistical Utility: {'client_rank': 9, 'round': 15, 'data_size': 7110, 'data_variance': 0.06292970478534698, 'local_loss': 0.7012872099876404, 'local_accuracy': 75.2320647239685}
    [Client 4] Round 15 - Sending updated weights to server...
    [Client 6] System Stats: {'cpu_time': 177.5000000037253, 'ram_used_mb': 5872.406528, 'net_sent_bytes': 47393, 'net_recv_bytes': 48961, 'gpu_mem_used_mb': 38955.0, 'gpu_load': 0.0, 'client_rank': 6, 'round': 15, 'timestamp': '2025-08-13 16:31:20'}
    [Client 5] Round 15 - Sending updated weights to server...
    [Client 8] Round 15 - Sending updated weights to server...
    [Client 1] Round 15 - Sending updated weights to server...
Received weights from client 1
Waiting for model weights from client 2...
    [Client 1] Round 16 - Waiting for global weights...
    [Client 10] Round 15 - Sending updated weights to server...
    [Client 2] Round 15 - Sending updated weights to server...
Received weights from client 2
Waiting for model weights from client 3...
    [Client 2] Round 16 - Waiting for global weights...
    [Client 6] Statistical Utility: {'client_rank': 6, 'round': 15, 'data_size': 17837, 'data_variance': 0.06342285126447678, 'local_loss': 0.6664008498191833, 'local_accuracy': 75.97690224647522}
    [Client 6] Round 15 - Sending updated weights to server...
    [Client 7] Round 15 - Sending updated weights to server...
    [Client 9] Round 15 - Sending updated weights to server...
    [Client 3] Round 15 - Sending updated weights to server...
Received weights from client 3
Waiting for model weights from client 4...
Received weights from client 4
Waiting for model weights from client 5...
Received weights from client 5
Waiting for model weights from client 6...
Received weights from client 6
Waiting for model weights from client 7...
Received weights from client 7
Waiting for model weights from client 8...
Received weights from client 8
Waiting for model weights from client 9...
Received weights from client 9
Waiting for model weights from client 10...
Received weights from client 10
Received system metrics from client 1: {'cpu_time': 89.18999999947846, 'ram_used_mb': 5714.49344, 'net_sent_bytes': 71499, 'net_recv_bytes': 78886, 'gpu_mem_used_mb': 38955.0, 'gpu_load': 0.0, 'client_rank': 1, 'round': 15, 'timestamp': '2025-08-13 16:31:18'}
Received system metrics from client 2: {'cpu_time': 83.25, 'ram_used_mb': 5711.757312, 'net_sent_bytes': 51592, 'net_recv_bytes': 49930, 'gpu_mem_used_mb': 38955.0, 'gpu_load': 0.0, 'client_rank': 2, 'round': 15, 'timestamp': '2025-08-13 16:31:18'}
Received system metrics from client 3: {'cpu_time': 36.15999999828637, 'ram_used_mb': 5636.882432, 'net_sent_bytes': 32691, 'net_recv_bytes': 36536, 'gpu_mem_used_mb': 38955.0, 'gpu_load': 0.0, 'client_rank': 3, 'round': 15, 'timestamp': '2025-08-13 16:31:18'}
Received system metrics from client 4: {'cpu_time': 34.81999999657273, 'ram_used_mb': 5772.378112, 'net_sent_bytes': 90430, 'net_recv_bytes': 59937, 'gpu_mem_used_mb': 38955.0, 'gpu_load': 0.0, 'client_rank': 4, 'round': 15, 'timestamp': '2025-08-13 16:31:18'}
Received system metrics from client 5: {'cpu_time': 60.72000000625849, 'ram_used_mb': 5681.577984, 'net_sent_bytes': 70789, 'net_recv_bytes': 54709, 'gpu_mem_used_mb': 38955.0, 'gpu_load': 0.01, 'client_rank': 5, 'round': 15, 'timestamp': '2025-08-13 16:31:18'}
Received system metrics from client 6: {'cpu_time': 177.5000000037253, 'ram_used_mb': 5872.406528, 'net_sent_bytes': 47393, 'net_recv_bytes': 48961, 'gpu_mem_used_mb': 38955.0, 'gpu_load': 0.0, 'client_rank': 6, 'round': 15, 'timestamp': '2025-08-13 16:31:20'}
Received system metrics from client 7: {'cpu_time': 41.4700000025332, 'ram_used_mb': 5589.434368, 'net_sent_bytes': 75382, 'net_recv_bytes': 65198, 'gpu_mem_used_mb': 38955.0, 'gpu_load': 0.0, 'client_rank': 7, 'round': 15, 'timestamp': '2025-08-13 16:31:18'}
Received system metrics from client 8: {'cpu_time': 33.5899999961257, 'ram_used_mb': 5636.182016, 'net_sent_bytes': 54224, 'net_recv_bytes': 99848, 'gpu_mem_used_mb': 38955.0, 'gpu_load': 0.0, 'client_rank': 8, 'round': 15, 'timestamp': '2025-08-13 16:31:18'}
Received system metrics from client 9: {'cpu_time': 130.160000000149, 'ram_used_mb': 5844.877312, 'net_sent_bytes': 1092, 'net_recv_bytes': 35489, 'gpu_mem_used_mb': 38955.0, 'gpu_load': 0.0, 'client_rank': 9, 'round': 15, 'timestamp': '2025-08-13 16:31:18'}
Received system metrics from client 10: {'cpu_time': 70.34000000171363, 'ram_used_mb': 5914.198016, 'net_sent_bytes': 2779, 'net_recv_bytes': 33015, 'gpu_mem_used_mb': 38955.0, 'gpu_load': 0.0, 'client_rank': 10, 'round': 15, 'timestamp': '2025-08-13 16:31:19'}
Averaging model weights...
Evaluating updated global model on test set...
    [Client 3] Round 16 - Waiting for global weights...
    [Client 9] Round 16 - Waiting for global weights...
    [Client 4] Round 16 - Waiting for global weights...
    [Client 5] Round 16 - Waiting for global weights...
    [Client 8] Round 16 - Waiting for global weights...
    [Client 10] Round 16 - Waiting for global weights...
    [Client 7] Round 16 - Waiting for global weights...
    [Client 6] Round 16 - Waiting for global weights...
Round 15 Evaluation - Accuracy: 0.7415, Loss: 0.7325

===== Round 16 =====
Broadcasting global model to all clients...
Waiting for model weights from client 1...
    [Client 3] Round 16 - Training on local data...
    [Client 8] Round 16 - Training on local data...
    [Client 9] Round 16 - Training on local data...
    [Client 4] Round 16 - Training on local data...
    [Client 5] Round 16 - Training on local data...
    [Client 7] Round 16 - Training on local data...
    [Client 10] Round 16 - Training on local data...
    [Client 6] Round 16 - Training on local data...
    [Client 1] Round 16 - Training on local data...
    [Client 2] Round 16 - Training on local data...
    [Client 8] System Stats: {'cpu_time': 32.46000000089407, 'ram_used_mb': 5744.656384, 'net_sent_bytes': 19367, 'net_recv_bytes': 47229, 'gpu_mem_used_mb': 38957.0, 'gpu_load': 0.0, 'client_rank': 8, 'round': 16, 'timestamp': '2025-08-13 16:32:28'}
    [Client 2] System Stats: {'cpu_time': 78.64000000059605, 'ram_used_mb': 5902.532608, 'net_sent_bytes': 879, 'net_recv_bytes': 32900, 'gpu_mem_used_mb': 38957.0, 'gpu_load': 0.0, 'client_rank': 2, 'round': 16, 'timestamp': '2025-08-13 16:32:28'}
    [Client 1] System Stats: {'cpu_time': 84.53000000026077, 'ram_used_mb': 5973.491712, 'net_sent_bytes': 17803, 'net_recv_bytes': 40103, 'gpu_mem_used_mb': 38957.0, 'gpu_load': 0.0, 'client_rank': 1, 'round': 16, 'timestamp': '2025-08-13 16:32:28'}
    [Client 3] System Stats: {'cpu_time': 34.16000000014901, 'ram_used_mb': 5831.041024, 'net_sent_bytes': 29328, 'net_recv_bytes': 60786, 'gpu_mem_used_mb': 38957.0, 'gpu_load': 0.0, 'client_rank': 3, 'round': 16, 'timestamp': '2025-08-13 16:32:28'}
    [Client 4] System Stats: {'cpu_time': 33.190000001341105, 'ram_used_mb': 5992.685568, 'net_sent_bytes': 38511, 'net_recv_bytes': 63563, 'gpu_mem_used_mb': 38957.0, 'gpu_load': 0.0, 'client_rank': 4, 'round': 16, 'timestamp': '2025-08-13 16:32:28'}
    [Client 7] System Stats: {'cpu_time': 38.16000000014901, 'ram_used_mb': 5818.4704, 'net_sent_bytes': 5667, 'net_recv_bytes': 39401, 'gpu_mem_used_mb': 38957.0, 'gpu_load': 0.0, 'client_rank': 7, 'round': 16, 'timestamp': '2025-08-13 16:32:28'}
    [Client 5] System Stats: {'cpu_time': 51.979999996721745, 'ram_used_mb': 5899.472896, 'net_sent_bytes': 30364, 'net_recv_bytes': 61517, 'gpu_mem_used_mb': 38957.0, 'gpu_load': 0.0, 'client_rank': 5, 'round': 16, 'timestamp': '2025-08-13 16:32:28'}
    [Client 10] System Stats: {'cpu_time': 65.0299999974668, 'ram_used_mb': 6099.857408, 'net_sent_bytes': 5644, 'net_recv_bytes': 35703, 'gpu_mem_used_mb': 38957.0, 'gpu_load': 0.01, 'client_rank': 10, 'round': 16, 'timestamp': '2025-08-13 16:32:28'}
    [Client 9] System Stats: {'cpu_time': 122.79999999701977, 'ram_used_mb': 6062.444544, 'net_sent_bytes': 86021, 'net_recv_bytes': 58672, 'gpu_mem_used_mb': 38957.0, 'gpu_load': 0.0, 'client_rank': 9, 'round': 16, 'timestamp': '2025-08-13 16:32:28'}
    [Client 8] Statistical Utility: {'client_rank': 8, 'round': 16, 'data_size': 525, 'data_variance': 0.06366205960512161, 'local_loss': 0.5744372606277466, 'local_accuracy': 80.57143092155457}
    [Client 6] System Stats: {'cpu_time': 166.339999999851, 'ram_used_mb': 6084.603904, 'net_sent_bytes': 30364, 'net_recv_bytes': 65691, 'gpu_mem_used_mb': 38957.0, 'gpu_load': 0.01, 'client_rank': 6, 'round': 16, 'timestamp': '2025-08-13 16:32:30'}
    [Client 2] Statistical Utility: {'client_rank': 2, 'round': 16, 'data_size': 2866, 'data_variance': 0.06469513475894928, 'local_loss': 0.6405602097511292, 'local_accuracy': 78.19260358810425}
    [Client 1] Statistical Utility: {'client_rank': 1, 'round': 16, 'data_size': 3640, 'data_variance': 0.06330215185880661, 'local_loss': 0.6257493495941162, 'local_accuracy': 78.29670310020447}
    [Client 1] Round 16 - Sending updated weights to server...
Received weights from client 1
Waiting for model weights from client 2...
    [Client 2] Round 16 - Sending updated weights to server...
Received weights from client 2
Waiting for model weights from client 3...
    [Client 1] Round 17 - Waiting for global weights...
    [Client 2] Round 17 - Waiting for global weights...
    [Client 8] Round 16 - Sending updated weights to server...
    [Client 3] Statistical Utility: {'client_rank': 3, 'round': 16, 'data_size': 2739, 'data_variance': 0.06390785425901413, 'local_loss': 0.5846702456474304, 'local_accuracy': 79.73713278770447}
    [Client 7] Statistical Utility: {'client_rank': 7, 'round': 16, 'data_size': 1414, 'data_variance': 0.06267841905355453, 'local_loss': 0.5845853090286255, 'local_accuracy': 80.6223452091217}
    [Client 4] Statistical Utility: {'client_rank': 4, 'round': 16, 'data_size': 4459, 'data_variance': 0.06270676851272583, 'local_loss': 0.6782716512680054, 'local_accuracy': 77.10248827934265}
    [Client 5] Statistical Utility: {'client_rank': 5, 'round': 16, 'data_size': 3467, 'data_variance': 0.06352055072784424, 'local_loss': 0.592456579208374, 'local_accuracy': 79.89616394042969}
    [Client 10] Statistical Utility: {'client_rank': 10, 'round': 16, 'data_size': 5942, 'data_variance': 0.0627174898982048, 'local_loss': 0.6815525889396667, 'local_accuracy': 76.0854959487915}
    [Client 9] Statistical Utility: {'client_rank': 9, 'round': 16, 'data_size': 7110, 'data_variance': 0.06292970478534698, 'local_loss': 0.6506348252296448, 'local_accuracy': 77.18706130981445}
    [Client 6] Statistical Utility: {'client_rank': 6, 'round': 16, 'data_size': 17837, 'data_variance': 0.06342285126447678, 'local_loss': 0.6525041460990906, 'local_accuracy': 76.94679498672485}
    [Client 5] Round 16 - Sending updated weights to server...
    [Client 7] Round 16 - Sending updated weights to server...
    [Client 6] Round 16 - Sending updated weights to server...
    [Client 10] Round 16 - Sending updated weights to server...
    [Client 4] Round 16 - Sending updated weights to server...
    [Client 9] Round 16 - Sending updated weights to server...
    [Client 3] Round 16 - Sending updated weights to server...
Received weights from client 3
Waiting for model weights from client 4...
Received weights from client 4
Waiting for model weights from client 5...
Received weights from client 5
Waiting for model weights from client 6...
Received weights from client 6
Waiting for model weights from client 7...
Received weights from client 7
Waiting for model weights from client 8...
Received weights from client 8
Waiting for model weights from client 9...
Received weights from client 9
Waiting for model weights from client 10...
Received weights from client 10
Received system metrics from client 1: {'cpu_time': 84.53000000026077, 'ram_used_mb': 5973.491712, 'net_sent_bytes': 17803, 'net_recv_bytes': 40103, 'gpu_mem_used_mb': 38957.0, 'gpu_load': 0.0, 'client_rank': 1, 'round': 16, 'timestamp': '2025-08-13 16:32:28'}
Received system metrics from client 2: {'cpu_time': 78.64000000059605, 'ram_used_mb': 5902.532608, 'net_sent_bytes': 879, 'net_recv_bytes': 32900, 'gpu_mem_used_mb': 38957.0, 'gpu_load': 0.0, 'client_rank': 2, 'round': 16, 'timestamp': '2025-08-13 16:32:28'}
Received system metrics from client 3: {'cpu_time': 34.16000000014901, 'ram_used_mb': 5831.041024, 'net_sent_bytes': 29328, 'net_recv_bytes': 60786, 'gpu_mem_used_mb': 38957.0, 'gpu_load': 0.0, 'client_rank': 3, 'round': 16, 'timestamp': '2025-08-13 16:32:28'}
Received system metrics from client 4: {'cpu_time': 33.190000001341105, 'ram_used_mb': 5992.685568, 'net_sent_bytes': 38511, 'net_recv_bytes': 63563, 'gpu_mem_used_mb': 38957.0, 'gpu_load': 0.0, 'client_rank': 4, 'round': 16, 'timestamp': '2025-08-13 16:32:28'}
Received system metrics from client 5: {'cpu_time': 51.979999996721745, 'ram_used_mb': 5899.472896, 'net_sent_bytes': 30364, 'net_recv_bytes': 61517, 'gpu_mem_used_mb': 38957.0, 'gpu_load': 0.0, 'client_rank': 5, 'round': 16, 'timestamp': '2025-08-13 16:32:28'}
Received system metrics from client 6: {'cpu_time': 166.339999999851, 'ram_used_mb': 6084.603904, 'net_sent_bytes': 30364, 'net_recv_bytes': 65691, 'gpu_mem_used_mb': 38957.0, 'gpu_load': 0.01, 'client_rank': 6, 'round': 16, 'timestamp': '2025-08-13 16:32:30'}
Received system metrics from client 7: {'cpu_time': 38.16000000014901, 'ram_used_mb': 5818.4704, 'net_sent_bytes': 5667, 'net_recv_bytes': 39401, 'gpu_mem_used_mb': 38957.0, 'gpu_load': 0.0, 'client_rank': 7, 'round': 16, 'timestamp': '2025-08-13 16:32:28'}
Received system metrics from client 8: {'cpu_time': 32.46000000089407, 'ram_used_mb': 5744.656384, 'net_sent_bytes': 19367, 'net_recv_bytes': 47229, 'gpu_mem_used_mb': 38957.0, 'gpu_load': 0.0, 'client_rank': 8, 'round': 16, 'timestamp': '2025-08-13 16:32:28'}
Received system metrics from client 9: {'cpu_time': 122.79999999701977, 'ram_used_mb': 6062.444544, 'net_sent_bytes': 86021, 'net_recv_bytes': 58672, 'gpu_mem_used_mb': 38957.0, 'gpu_load': 0.0, 'client_rank': 9, 'round': 16, 'timestamp': '2025-08-13 16:32:28'}
Received system metrics from client 10: {'cpu_time': 65.0299999974668, 'ram_used_mb': 6099.857408, 'net_sent_bytes': 5644, 'net_recv_bytes': 35703, 'gpu_mem_used_mb': 38957.0, 'gpu_load': 0.01, 'client_rank': 10, 'round': 16, 'timestamp': '2025-08-13 16:32:28'}
Averaging model weights...
Evaluating updated global model on test set...
    [Client 3] Round 17 - Waiting for global weights...
    [Client 5] Round 17 - Waiting for global weights...
    [Client 4] Round 17 - Waiting for global weights...
    [Client 9] Round 17 - Waiting for global weights...
    [Client 7] Round 17 - Waiting for global weights...
    [Client 10] Round 17 - Waiting for global weights...
    [Client 6] Round 17 - Waiting for global weights...
    [Client 8] Round 17 - Waiting for global weights...
Round 16 Evaluation - Accuracy: 0.7496, Loss: 0.7075

===== Round 17 =====
Broadcasting global model to all clients...
Waiting for model weights from client 1...
    [Client 9] Round 17 - Training on local data...
    [Client 5] Round 17 - Training on local data...
    [Client 4] Round 17 - Training on local data...
    [Client 2] Round 17 - Training on local data...
    [Client 3] Round 17 - Training on local data...
    [Client 7] Round 17 - Training on local data...
    [Client 1] Round 17 - Training on local data...
    [Client 6] Round 17 - Training on local data...
    [Client 8] Round 17 - Training on local data...
    [Client 10] Round 17 - Training on local data...
    [Client 2] System Stats: {'cpu_time': 77.91000000014901, 'ram_used_mb': 6077.472768, 'net_sent_bytes': 39360, 'net_recv_bytes': 52217, 'gpu_mem_used_mb': 38957.0, 'gpu_load': 0.0, 'client_rank': 2, 'round': 17, 'timestamp': '2025-08-13 16:32:52'}
    [Client 8] System Stats: {'cpu_time': 32.849999997764826, 'ram_used_mb': 5923.893248, 'net_sent_bytes': 40434, 'net_recv_bytes': 39696, 'gpu_mem_used_mb': 38957.0, 'gpu_load': 0.0, 'client_rank': 8, 'round': 17, 'timestamp': '2025-08-13 16:32:53'}
    [Client 1] System Stats: {'cpu_time': 83.27000000048429, 'ram_used_mb': 6158.52032, 'net_sent_bytes': 2329, 'net_recv_bytes': 30437, 'gpu_mem_used_mb': 38957.0, 'gpu_load': 0.0, 'client_rank': 1, 'round': 17, 'timestamp': '2025-08-13 16:32:53'}
    [Client 4] System Stats: {'cpu_time': 27.970000002533197, 'ram_used_mb': 6174.773248, 'net_sent_bytes': 7405, 'net_recv_bytes': 35473, 'gpu_mem_used_mb': 38957.0, 'gpu_load': 0.01, 'client_rank': 4, 'round': 17, 'timestamp': '2025-08-13 16:32:53'}
    [Client 5] System Stats: {'cpu_time': 56.35999999940395, 'ram_used_mb': 6103.506944, 'net_sent_bytes': 45564, 'net_recv_bytes': 57898, 'gpu_mem_used_mb': 38957.0, 'gpu_load': 0.0, 'client_rank': 5, 'round': 17, 'timestamp': '2025-08-13 16:32:53'}
    [Client 3] System Stats: {'cpu_time': 34.02000000141561, 'ram_used_mb': 6060.888064, 'net_sent_bytes': 62073, 'net_recv_bytes': 44947, 'gpu_mem_used_mb': 38957.0, 'gpu_load': 0.0, 'client_rank': 3, 'round': 17, 'timestamp': '2025-08-13 16:32:53'}
    [Client 7] System Stats: {'cpu_time': 38.90999999642372, 'ram_used_mb': 6043.72992, 'net_sent_bytes': 3701, 'net_recv_bytes': 35948, 'gpu_mem_used_mb': 38957.0, 'gpu_load': 0.0, 'client_rank': 7, 'round': 17, 'timestamp': '2025-08-13 16:32:53'}
    [Client 9] System Stats: {'cpu_time': 121.83000000193715, 'ram_used_mb': 6235.66848, 'net_sent_bytes': 47631, 'net_recv_bytes': 40846, 'gpu_mem_used_mb': 38957.0, 'gpu_load': 0.0, 'client_rank': 9, 'round': 17, 'timestamp': '2025-08-13 16:32:53'}
    [Client 10] System Stats: {'cpu_time': 66.3899999987334, 'ram_used_mb': 6277.664768, 'net_sent_bytes': 5604, 'net_recv_bytes': 41995, 'gpu_mem_used_mb': 38957.0, 'gpu_load': 0.0, 'client_rank': 10, 'round': 17, 'timestamp': '2025-08-13 16:32:53'}
    [Client 2] Statistical Utility: {'client_rank': 2, 'round': 17, 'data_size': 2866, 'data_variance': 0.06469513475894928, 'local_loss': 0.5569868683815002, 'local_accuracy': 79.97208833694458}
    [Client 8] Statistical Utility: {'client_rank': 8, 'round': 17, 'data_size': 525, 'data_variance': 0.06366205960512161, 'local_loss': 0.5190168023109436, 'local_accuracy': 84.76190567016602}
    [Client 1] Statistical Utility: {'client_rank': 1, 'round': 17, 'data_size': 3640, 'data_variance': 0.06330215185880661, 'local_loss': 0.5864723324775696, 'local_accuracy': 80.24725317955017}
    [Client 5] Statistical Utility: {'client_rank': 5, 'round': 17, 'data_size': 3467, 'data_variance': 0.06352055072784424, 'local_loss': 0.5904359817504883, 'local_accuracy': 79.52119708061218}
    [Client 3] Statistical Utility: {'client_rank': 3, 'round': 17, 'data_size': 2739, 'data_variance': 0.06390785425901413, 'local_loss': 0.6337383985519409, 'local_accuracy': 77.51004099845886}
    [Client 4] Statistical Utility: {'client_rank': 4, 'round': 17, 'data_size': 4459, 'data_variance': 0.06270676851272583, 'local_loss': 0.5922719240188599, 'local_accuracy': 79.61426377296448}
    [Client 7] Statistical Utility: {'client_rank': 7, 'round': 17, 'data_size': 1414, 'data_variance': 0.06267841905355453, 'local_loss': 0.4700285494327545, 'local_accuracy': 86.13861203193665}
    [Client 8] Round 17 - Sending updated weights to server...
    [Client 9] Statistical Utility: {'client_rank': 9, 'round': 17, 'data_size': 7110, 'data_variance': 0.06292970478534698, 'local_loss': 0.6261200308799744, 'local_accuracy': 77.48242020606995}
    [Client 2] Round 17 - Sending updated weights to server...
    [Client 6] System Stats: {'cpu_time': 166.07000000029802, 'ram_used_mb': 6299.181056, 'net_sent_bytes': 58422, 'net_recv_bytes': 47051, 'gpu_mem_used_mb': 38957.0, 'gpu_load': 0.01, 'client_rank': 6, 'round': 17, 'timestamp': '2025-08-13 16:32:54'}
    [Client 10] Statistical Utility: {'client_rank': 10, 'round': 17, 'data_size': 5942, 'data_variance': 0.0627174898982048, 'local_loss': 0.6170680522918701, 'local_accuracy': 78.45843434333801}
    [Client 4] Round 17 - Sending updated weights to server...
    [Client 5] Round 17 - Sending updated weights to server...
    [Client 3] Round 17 - Sending updated weights to server...
    [Client 10] Round 17 - Sending updated weights to server...
    [Client 7] Round 17 - Sending updated weights to server...
    [Client 9] Round 17 - Sending updated weights to server...
    [Client 6] Statistical Utility: {'client_rank': 6, 'round': 17, 'data_size': 17837, 'data_variance': 0.06342285126447678, 'local_loss': 0.7318811416625977, 'local_accuracy': 74.05393123626709}
    [Client 6] Round 17 - Sending updated weights to server...
    [Client 1] Round 17 - Sending updated weights to server...
Received weights from client 1
Waiting for model weights from client 2...
Received weights from client 2
Waiting for model weights from client 3...
Received weights from client 3
Waiting for model weights from client 4...
Received weights from client 4
Waiting for model weights from client 5...
Received weights from client 5
Waiting for model weights from client 6...
Received weights from client 6
Waiting for model weights from client 7...
Received weights from client 7
Waiting for model weights from client 8...
Received weights from client 8
Waiting for model weights from client 9...
Received weights from client 9
Waiting for model weights from client 10...
Received weights from client 10
Received system metrics from client 1: {'cpu_time': 83.27000000048429, 'ram_used_mb': 6158.52032, 'net_sent_bytes': 2329, 'net_recv_bytes': 30437, 'gpu_mem_used_mb': 38957.0, 'gpu_load': 0.0, 'client_rank': 1, 'round': 17, 'timestamp': '2025-08-13 16:32:53'}
Received system metrics from client 2: {'cpu_time': 77.91000000014901, 'ram_used_mb': 6077.472768, 'net_sent_bytes': 39360, 'net_recv_bytes': 52217, 'gpu_mem_used_mb': 38957.0, 'gpu_load': 0.0, 'client_rank': 2, 'round': 17, 'timestamp': '2025-08-13 16:32:52'}
Received system metrics from client 3: {'cpu_time': 34.02000000141561, 'ram_used_mb': 6060.888064, 'net_sent_bytes': 62073, 'net_recv_bytes': 44947, 'gpu_mem_used_mb': 38957.0, 'gpu_load': 0.0, 'client_rank': 3, 'round': 17, 'timestamp': '2025-08-13 16:32:53'}
Received system metrics from client 4: {'cpu_time': 27.970000002533197, 'ram_used_mb': 6174.773248, 'net_sent_bytes': 7405, 'net_recv_bytes': 35473, 'gpu_mem_used_mb': 38957.0, 'gpu_load': 0.01, 'client_rank': 4, 'round': 17, 'timestamp': '2025-08-13 16:32:53'}
Received system metrics from client 5: {'cpu_time': 56.35999999940395, 'ram_used_mb': 6103.506944, 'net_sent_bytes': 45564, 'net_recv_bytes': 57898, 'gpu_mem_used_mb': 38957.0, 'gpu_load': 0.0, 'client_rank': 5, 'round': 17, 'timestamp': '2025-08-13 16:32:53'}
Received system metrics from client 6: {'cpu_time': 166.07000000029802, 'ram_used_mb': 6299.181056, 'net_sent_bytes': 58422, 'net_recv_bytes': 47051, 'gpu_mem_used_mb': 38957.0, 'gpu_load': 0.01, 'client_rank': 6, 'round': 17, 'timestamp': '2025-08-13 16:32:54'}
Received system metrics from client 7: {'cpu_time': 38.90999999642372, 'ram_used_mb': 6043.72992, 'net_sent_bytes': 3701, 'net_recv_bytes': 35948, 'gpu_mem_used_mb': 38957.0, 'gpu_load': 0.0, 'client_rank': 7, 'round': 17, 'timestamp': '2025-08-13 16:32:53'}
Received system metrics from client 8: {'cpu_time': 32.849999997764826, 'ram_used_mb': 5923.893248, 'net_sent_bytes': 40434, 'net_recv_bytes': 39696, 'gpu_mem_used_mb': 38957.0, 'gpu_load': 0.0, 'client_rank': 8, 'round': 17, 'timestamp': '2025-08-13 16:32:53'}
Received system metrics from client 9: {'cpu_time': 121.83000000193715, 'ram_used_mb': 6235.66848, 'net_sent_bytes': 47631, 'net_recv_bytes': 40846, 'gpu_mem_used_mb': 38957.0, 'gpu_load': 0.0, 'client_rank': 9, 'round': 17, 'timestamp': '2025-08-13 16:32:53'}
Received system metrics from client 10: {'cpu_time': 66.3899999987334, 'ram_used_mb': 6277.664768, 'net_sent_bytes': 5604, 'net_recv_bytes': 41995, 'gpu_mem_used_mb': 38957.0, 'gpu_load': 0.0, 'client_rank': 10, 'round': 17, 'timestamp': '2025-08-13 16:32:53'}
Averaging model weights...
Evaluating updated global model on test set...
    [Client 2] Round 18 - Waiting for global weights...
    [Client 1] Round 18 - Waiting for global weights...
    [Client 5] Round 18 - Waiting for global weights...
    [Client 4] Round 18 - Waiting for global weights...
    [Client 8] Round 18 - Waiting for global weights...
    [Client 3] Round 18 - Waiting for global weights...
    [Client 9] Round 18 - Waiting for global weights...
    [Client 7] Round 18 - Waiting for global weights...
    [Client 6] Round 18 - Waiting for global weights...
    [Client 10] Round 18 - Waiting for global weights...
Round 17 Evaluation - Accuracy: 0.7633, Loss: 0.6823

===== Round 18 =====
Broadcasting global model to all clients...
Waiting for model weights from client 1...
    [Client 2] Round 18 - Training on local data...
    [Client 4] Round 18 - Training on local data...
    [Client 5] Round 18 - Training on local data...
    [Client 1] Round 18 - Training on local data...
    [Client 9] Round 18 - Training on local data...
    [Client 6] Round 18 - Training on local data...
    [Client 7] Round 18 - Training on local data...
    [Client 8] Round 18 - Training on local data...
    [Client 3] Round 18 - Training on local data...
    [Client 10] Round 18 - Training on local data...
    [Client 2] System Stats: {'cpu_time': 77.95000000111759, 'ram_used_mb': 6330.159104, 'net_sent_bytes': 3355, 'net_recv_bytes': 37519, 'gpu_mem_used_mb': 38959.0, 'gpu_load': 0.0, 'client_rank': 2, 'round': 18, 'timestamp': '2025-08-13 16:33:06'}
    [Client 8] System Stats: {'cpu_time': 33.36999999731779, 'ram_used_mb': 6113.619968, 'net_sent_bytes': 34164, 'net_recv_bytes': 67062, 'gpu_mem_used_mb': 38959.0, 'gpu_load': 0.01, 'client_rank': 8, 'round': 18, 'timestamp': '2025-08-13 16:33:06'}
    [Client 1] System Stats: {'cpu_time': 83.41000000014901, 'ram_used_mb': 6404.169728, 'net_sent_bytes': 34613, 'net_recv_bytes': 39370, 'gpu_mem_used_mb': 38959.0, 'gpu_load': 0.0, 'client_rank': 1, 'round': 18, 'timestamp': '2025-08-13 16:33:06'}
    [Client 3] System Stats: {'cpu_time': 33.66000000201166, 'ram_used_mb': 6290.427904, 'net_sent_bytes': 41371, 'net_recv_bytes': 54614, 'gpu_mem_used_mb': 38959.0, 'gpu_load': 0.0, 'client_rank': 3, 'round': 18, 'timestamp': '2025-08-13 16:33:06'}
    [Client 4] System Stats: {'cpu_time': 30.75, 'ram_used_mb': 6404.79232, 'net_sent_bytes': 10918, 'net_recv_bytes': 39790, 'gpu_mem_used_mb': 38959.0, 'gpu_load': 0.0, 'client_rank': 4, 'round': 18, 'timestamp': '2025-08-13 16:33:06'}
    [Client 7] System Stats: {'cpu_time': 38.03000000119209, 'ram_used_mb': 6235.652096, 'net_sent_bytes': 43858, 'net_recv_bytes': 50925, 'gpu_mem_used_mb': 38959.0, 'gpu_load': 0.0, 'client_rank': 7, 'round': 18, 'timestamp': '2025-08-13 16:33:06'}
    [Client 5] System Stats: {'cpu_time': 48.70000000298023, 'ram_used_mb': 6334.99648, 'net_sent_bytes': 478, 'net_recv_bytes': 36452, 'gpu_mem_used_mb': 38959.0, 'gpu_load': 0.0, 'client_rank': 5, 'round': 18, 'timestamp': '2025-08-13 16:33:06'}
    [Client 9] System Stats: {'cpu_time': 122.54000000283122, 'ram_used_mb': 6500.827136, 'net_sent_bytes': 10170, 'net_recv_bytes': 40221, 'gpu_mem_used_mb': 38959.0, 'gpu_load': 0.0, 'client_rank': 9, 'round': 18, 'timestamp': '2025-08-13 16:33:06'}
    [Client 10] System Stats: {'cpu_time': 67.44999999925494, 'ram_used_mb': 6501.687296, 'net_sent_bytes': 76511, 'net_recv_bytes': 58724, 'gpu_mem_used_mb': 38959.0, 'gpu_load': 0.0, 'client_rank': 10, 'round': 18, 'timestamp': '2025-08-13 16:33:06'}
    [Client 8] Statistical Utility: {'client_rank': 8, 'round': 18, 'data_size': 525, 'data_variance': 0.06366205960512161, 'local_loss': 0.4975307583808899, 'local_accuracy': 83.23809504508972}
    [Client 2] Statistical Utility: {'client_rank': 2, 'round': 18, 'data_size': 2866, 'data_variance': 0.06469513475894928, 'local_loss': 0.6028761267662048, 'local_accuracy': 78.9253294467926}
    [Client 1] Statistical Utility: {'client_rank': 1, 'round': 18, 'data_size': 3640, 'data_variance': 0.06330215185880661, 'local_loss': 0.6437641382217407, 'local_accuracy': 79.01098728179932}
    [Client 3] Statistical Utility: {'client_rank': 3, 'round': 18, 'data_size': 2739, 'data_variance': 0.06390785425901413, 'local_loss': 0.5825181603431702, 'local_accuracy': 80.5038332939148}
    [Client 7] Statistical Utility: {'client_rank': 7, 'round': 18, 'data_size': 1414, 'data_variance': 0.06267841905355453, 'local_loss': 0.5624393820762634, 'local_accuracy': 80.6223452091217}
    [Client 4] Statistical Utility: {'client_rank': 4, 'round': 18, 'data_size': 4459, 'data_variance': 0.06270676851272583, 'local_loss': 0.5864312052726746, 'local_accuracy': 79.61426377296448}
    [Client 5] Statistical Utility: {'client_rank': 5, 'round': 18, 'data_size': 3467, 'data_variance': 0.06352055072784424, 'local_loss': 0.5620878338813782, 'local_accuracy': 80.06922602653503}
    [Client 8] Round 18 - Sending updated weights to server...
    [Client 10] Statistical Utility: {'client_rank': 10, 'round': 18, 'data_size': 5942, 'data_variance': 0.0627174898982048, 'local_loss': 0.5250831842422485, 'local_accuracy': 81.55503273010254}
    [Client 9] Statistical Utility: {'client_rank': 9, 'round': 18, 'data_size': 7110, 'data_variance': 0.06292970478534698, 'local_loss': 0.6050334572792053, 'local_accuracy': 78.29816937446594}
    [Client 1] Round 18 - Sending updated weights to server...
Received weights from client 1
Waiting for model weights from client 2...
    [Client 5] Round 18 - Sending updated weights to server...
    [Client 4] Round 18 - Sending updated weights to server...
    [Client 1] Round 19 - Waiting for global weights...
    [Client 6] System Stats: {'cpu_time': 115.5, 'ram_used_mb': 6507.68384, 'net_sent_bytes': 83416, 'net_recv_bytes': 64282, 'gpu_mem_used_mb': 38959.0, 'gpu_load': 0.0, 'client_rank': 6, 'round': 18, 'timestamp': '2025-08-13 16:33:07'}
    [Client 3] Round 18 - Sending updated weights to server...
    [Client 7] Round 18 - Sending updated weights to server...
    [Client 9] Round 18 - Sending updated weights to server...
    [Client 10] Round 18 - Sending updated weights to server...
    [Client 2] Round 18 - Sending updated weights to server...
Received weights from client 2
Waiting for model weights from client 3...
Received weights from client 3
Waiting for model weights from client 4...
Received weights from client 4
Waiting for model weights from client 5...
Received weights from client 5
Waiting for model weights from client 6...
    [Client 2] Round 19 - Waiting for global weights...
    [Client 4] Round 19 - Waiting for global weights...
    [Client 3] Round 19 - Waiting for global weights...
    [Client 5] Round 19 - Waiting for global weights...
    [Client 6] Statistical Utility: {'client_rank': 6, 'round': 18, 'data_size': 17837, 'data_variance': 0.06342285126447678, 'local_loss': 0.748364269733429, 'local_accuracy': 74.12120699882507}
    [Client 6] Round 18 - Sending updated weights to server...
Received weights from client 6
Waiting for model weights from client 7...
Received weights from client 7
Waiting for model weights from client 8...
Received weights from client 8
Waiting for model weights from client 9...
Received weights from client 9
Waiting for model weights from client 10...
Received weights from client 10
Received system metrics from client 1: {'cpu_time': 83.41000000014901, 'ram_used_mb': 6404.169728, 'net_sent_bytes': 34613, 'net_recv_bytes': 39370, 'gpu_mem_used_mb': 38959.0, 'gpu_load': 0.0, 'client_rank': 1, 'round': 18, 'timestamp': '2025-08-13 16:33:06'}
Received system metrics from client 2: {'cpu_time': 77.95000000111759, 'ram_used_mb': 6330.159104, 'net_sent_bytes': 3355, 'net_recv_bytes': 37519, 'gpu_mem_used_mb': 38959.0, 'gpu_load': 0.0, 'client_rank': 2, 'round': 18, 'timestamp': '2025-08-13 16:33:06'}
Received system metrics from client 3: {'cpu_time': 33.66000000201166, 'ram_used_mb': 6290.427904, 'net_sent_bytes': 41371, 'net_recv_bytes': 54614, 'gpu_mem_used_mb': 38959.0, 'gpu_load': 0.0, 'client_rank': 3, 'round': 18, 'timestamp': '2025-08-13 16:33:06'}
Received system metrics from client 4: {'cpu_time': 30.75, 'ram_used_mb': 6404.79232, 'net_sent_bytes': 10918, 'net_recv_bytes': 39790, 'gpu_mem_used_mb': 38959.0, 'gpu_load': 0.0, 'client_rank': 4, 'round': 18, 'timestamp': '2025-08-13 16:33:06'}
Received system metrics from client 5: {'cpu_time': 48.70000000298023, 'ram_used_mb': 6334.99648, 'net_sent_bytes': 478, 'net_recv_bytes': 36452, 'gpu_mem_used_mb': 38959.0, 'gpu_load': 0.0, 'client_rank': 5, 'round': 18, 'timestamp': '2025-08-13 16:33:06'}
Received system metrics from client 6: {'cpu_time': 115.5, 'ram_used_mb': 6507.68384, 'net_sent_bytes': 83416, 'net_recv_bytes': 64282, 'gpu_mem_used_mb': 38959.0, 'gpu_load': 0.0, 'client_rank': 6, 'round': 18, 'timestamp': '2025-08-13 16:33:07'}
Received system metrics from client 7: {'cpu_time': 38.03000000119209, 'ram_used_mb': 6235.652096, 'net_sent_bytes': 43858, 'net_recv_bytes': 50925, 'gpu_mem_used_mb': 38959.0, 'gpu_load': 0.0, 'client_rank': 7, 'round': 18, 'timestamp': '2025-08-13 16:33:06'}
Received system metrics from client 8: {'cpu_time': 33.36999999731779, 'ram_used_mb': 6113.619968, 'net_sent_bytes': 34164, 'net_recv_bytes': 67062, 'gpu_mem_used_mb': 38959.0, 'gpu_load': 0.01, 'client_rank': 8, 'round': 18, 'timestamp': '2025-08-13 16:33:06'}
Received system metrics from client 9: {'cpu_time': 122.54000000283122, 'ram_used_mb': 6500.827136, 'net_sent_bytes': 10170, 'net_recv_bytes': 40221, 'gpu_mem_used_mb': 38959.0, 'gpu_load': 0.0, 'client_rank': 9, 'round': 18, 'timestamp': '2025-08-13 16:33:06'}
Received system metrics from client 10: {'cpu_time': 67.44999999925494, 'ram_used_mb': 6501.687296, 'net_sent_bytes': 76511, 'net_recv_bytes': 58724, 'gpu_mem_used_mb': 38959.0, 'gpu_load': 0.0, 'client_rank': 10, 'round': 18, 'timestamp': '2025-08-13 16:33:06'}
Averaging model weights...
Evaluating updated global model on test set...
    [Client 9] Round 19 - Waiting for global weights...
    [Client 6] Round 19 - Waiting for global weights...
    [Client 7] Round 19 - Waiting for global weights...
    [Client 10] Round 19 - Waiting for global weights...
    [Client 8] Round 19 - Waiting for global weights...
Round 18 Evaluation - Accuracy: 0.7685, Loss: 0.6654

===== Round 19 =====
Broadcasting global model to all clients...
Waiting for model weights from client 1...
    [Client 9] Round 19 - Training on local data...
    [Client 4] Round 19 - Training on local data...
    [Client 1] Round 19 - Training on local data...
    [Client 8] Round 19 - Training on local data...
    [Client 5] Round 19 - Training on local data...
    [Client 6] Round 19 - Training on local data...
    [Client 7] Round 19 - Training on local data...
    [Client 2] Round 19 - Training on local data...
    [Client 10] Round 19 - Training on local data...
    [Client 3] Round 19 - Training on local data...
    [Client 2] System Stats: {'cpu_time': 85.50999999977648, 'ram_used_mb': 6412.562432, 'net_sent_bytes': 45863, 'net_recv_bytes': 59228, 'gpu_mem_used_mb': 38961.0, 'gpu_load': 0.0, 'client_rank': 2, 'round': 19, 'timestamp': '2025-08-13 16:33:24'}
    [Client 3] System Stats: {'cpu_time': 36.66000000014901, 'ram_used_mb': 6408.142848, 'net_sent_bytes': 34829, 'net_recv_bytes': 36236, 'gpu_mem_used_mb': 38961.0, 'gpu_load': 0.0, 'client_rank': 3, 'round': 19, 'timestamp': '2025-08-13 16:33:24'}
    [Client 8] System Stats: {'cpu_time': 36.29999999701977, 'ram_used_mb': 6184.239104, 'net_sent_bytes': 39192, 'net_recv_bytes': 43359, 'gpu_mem_used_mb': 38961.0, 'gpu_load': 0.0, 'client_rank': 8, 'round': 19, 'timestamp': '2025-08-13 16:33:24'}
    [Client 7] System Stats: {'cpu_time': 42.14000000059605, 'ram_used_mb': 6339.93216, 'net_sent_bytes': 3595, 'net_recv_bytes': 41707, 'gpu_mem_used_mb': 38959.0, 'gpu_load': 0.0, 'client_rank': 7, 'round': 19, 'timestamp': '2025-08-13 16:33:24'}
    [Client 5] System Stats: {'cpu_time': 58.05000000447035, 'ram_used_mb': 6443.495424, 'net_sent_bytes': 38847, 'net_recv_bytes': 52960, 'gpu_mem_used_mb': 38961.0, 'gpu_load': 0.0, 'client_rank': 5, 'round': 19, 'timestamp': '2025-08-13 16:33:24'}
    [Client 1] System Stats: {'cpu_time': 90.74000000022352, 'ram_used_mb': 6511.771648, 'net_sent_bytes': 24223, 'net_recv_bytes': 40649, 'gpu_mem_used_mb': 38959.0, 'gpu_load': 0.0, 'client_rank': 1, 'round': 19, 'timestamp': '2025-08-13 16:33:24'}
    [Client 2] Statistical Utility: {'client_rank': 2, 'round': 19, 'data_size': 2866, 'data_variance': 0.06469513475894928, 'local_loss': 0.5053480863571167, 'local_accuracy': 82.17027187347412}
    [Client 4] System Stats: {'cpu_time': 36.480000000447035, 'ram_used_mb': 6502.526976, 'net_sent_bytes': 6085, 'net_recv_bytes': 40057, 'gpu_mem_used_mb': 38961.0, 'gpu_load': 0.0, 'client_rank': 4, 'round': 19, 'timestamp': '2025-08-13 16:33:24'}
Received weights from client 1
Waiting for model weights from client 2...
    [Client 9] System Stats: {'cpu_time': 132.48999999836087, 'ram_used_mb': 6643.54816, 'net_sent_bytes': 32328, 'net_recv_bytes': 35244, 'gpu_mem_used_mb': 38959.0, 'gpu_load': 0.0, 'client_rank': 9, 'round': 19, 'timestamp': '2025-08-13 16:33:24'}
    [Client 10] System Stats: {'cpu_time': 71.73000000044703, 'ram_used_mb': 6616.674304, 'net_sent_bytes': 3179, 'net_recv_bytes': 41187, 'gpu_mem_used_mb': 38959.0, 'gpu_load': 0.0, 'client_rank': 10, 'round': 19, 'timestamp': '2025-08-13 16:33:24'}
    [Client 6] System Stats: {'cpu_time': 65.91000000014901, 'ram_used_mb': 6598.549504, 'net_sent_bytes': 62401, 'net_recv_bytes': 73586, 'gpu_mem_used_mb': 38961.0, 'gpu_load': 0.0, 'client_rank': 6, 'round': 19, 'timestamp': '2025-08-13 16:33:26'}
    [Client 3] Statistical Utility: {'client_rank': 3, 'round': 19, 'data_size': 2739, 'data_variance': 0.06390785425901413, 'local_loss': 0.5699686408042908, 'local_accuracy': 79.9561858177185}
    [Client 8] Statistical Utility: {'client_rank': 8, 'round': 19, 'data_size': 525, 'data_variance': 0.06366205960512161, 'local_loss': 0.5126519203186035, 'local_accuracy': 83.23809504508972}
    [Client 7] Statistical Utility: {'client_rank': 7, 'round': 19, 'data_size': 1414, 'data_variance': 0.06267841905355453, 'local_loss': 0.4544927775859833, 'local_accuracy': 85.07779240608215}
    [Client 5] Statistical Utility: {'client_rank': 5, 'round': 19, 'data_size': 3467, 'data_variance': 0.06352055072784424, 'local_loss': 0.5103962421417236, 'local_accuracy': 83.01125168800354}
    [Client 1] Statistical Utility: {'client_rank': 1, 'round': 19, 'data_size': 3640, 'data_variance': 0.06330215185880661, 'local_loss': 0.5201471447944641, 'local_accuracy': 81.89560174942017}
    [Client 4] Statistical Utility: {'client_rank': 4, 'round': 19, 'data_size': 4459, 'data_variance': 0.06270676851272583, 'local_loss': 0.5886488556861877, 'local_accuracy': 79.41242456436157}
    [Client 9] Statistical Utility: {'client_rank': 9, 'round': 19, 'data_size': 7110, 'data_variance': 0.06292970478534698, 'local_loss': 0.6040565967559814, 'local_accuracy': 78.27004194259644}
    [Client 10] Statistical Utility: {'client_rank': 10, 'round': 19, 'data_size': 5942, 'data_variance': 0.0627174898982048, 'local_loss': 0.5552012324333191, 'local_accuracy': 80.98283410072327}
    [Client 7] Round 19 - Sending updated weights to server...
    [Client 5] Round 19 - Sending updated weights to server...
    [Client 1] Round 19 - Sending updated weights to server...
    [Client 4] Round 19 - Sending updated weights to server...
    [Client 10] Round 19 - Sending updated weights to server...
    [Client 1] Round 20 - Waiting for global weights...
    [Client 3] Round 19 - Sending updated weights to server...
    [Client 2] Round 19 - Sending updated weights to server...
Received weights from client 2
Waiting for model weights from client 3...
Received weights from client 3
Waiting for model weights from client 4...
Received weights from client 4
Waiting for model weights from client 5...
Received weights from client 5
Waiting for model weights from client 6...
    [Client 2] Round 20 - Waiting for global weights...
    [Client 4] Round 20 - Waiting for global weights...
    [Client 5] Round 20 - Waiting for global weights...
    [Client 3] Round 20 - Waiting for global weights...
    [Client 6] Statistical Utility: {'client_rank': 6, 'round': 19, 'data_size': 17837, 'data_variance': 0.06342285126447678, 'local_loss': 0.6039711833000183, 'local_accuracy': 78.52217555046082}
    [Client 6] Round 19 - Sending updated weights to server...
Received weights from client 6
Waiting for model weights from client 7...
Received weights from client 7
Waiting for model weights from client 8...
    [Client 7] Round 20 - Waiting for global weights...
    [Client 6] Round 20 - Waiting for global weights...
    [Client 9] Round 19 - Sending updated weights to server...
    [Client 8] Round 19 - Sending updated weights to server...
Received weights from client 8
Waiting for model weights from client 9...
Received weights from client 9
Waiting for model weights from client 10...
Received weights from client 10
Received system metrics from client 1: {'cpu_time': 90.74000000022352, 'ram_used_mb': 6511.771648, 'net_sent_bytes': 24223, 'net_recv_bytes': 40649, 'gpu_mem_used_mb': 38959.0, 'gpu_load': 0.0, 'client_rank': 1, 'round': 19, 'timestamp': '2025-08-13 16:33:24'}
Received system metrics from client 2: {'cpu_time': 85.50999999977648, 'ram_used_mb': 6412.562432, 'net_sent_bytes': 45863, 'net_recv_bytes': 59228, 'gpu_mem_used_mb': 38961.0, 'gpu_load': 0.0, 'client_rank': 2, 'round': 19, 'timestamp': '2025-08-13 16:33:24'}
Received system metrics from client 3: {'cpu_time': 36.66000000014901, 'ram_used_mb': 6408.142848, 'net_sent_bytes': 34829, 'net_recv_bytes': 36236, 'gpu_mem_used_mb': 38961.0, 'gpu_load': 0.0, 'client_rank': 3, 'round': 19, 'timestamp': '2025-08-13 16:33:24'}
Received system metrics from client 4: {'cpu_time': 36.480000000447035, 'ram_used_mb': 6502.526976, 'net_sent_bytes': 6085, 'net_recv_bytes': 40057, 'gpu_mem_used_mb': 38961.0, 'gpu_load': 0.0, 'client_rank': 4, 'round': 19, 'timestamp': '2025-08-13 16:33:24'}
Received system metrics from client 5: {'cpu_time': 58.05000000447035, 'ram_used_mb': 6443.495424, 'net_sent_bytes': 38847, 'net_recv_bytes': 52960, 'gpu_mem_used_mb': 38961.0, 'gpu_load': 0.0, 'client_rank': 5, 'round': 19, 'timestamp': '2025-08-13 16:33:24'}
Received system metrics from client 6: {'cpu_time': 65.91000000014901, 'ram_used_mb': 6598.549504, 'net_sent_bytes': 62401, 'net_recv_bytes': 73586, 'gpu_mem_used_mb': 38961.0, 'gpu_load': 0.0, 'client_rank': 6, 'round': 19, 'timestamp': '2025-08-13 16:33:26'}
Received system metrics from client 7: {'cpu_time': 42.14000000059605, 'ram_used_mb': 6339.93216, 'net_sent_bytes': 3595, 'net_recv_bytes': 41707, 'gpu_mem_used_mb': 38959.0, 'gpu_load': 0.0, 'client_rank': 7, 'round': 19, 'timestamp': '2025-08-13 16:33:24'}
Received system metrics from client 8: {'cpu_time': 36.29999999701977, 'ram_used_mb': 6184.239104, 'net_sent_bytes': 39192, 'net_recv_bytes': 43359, 'gpu_mem_used_mb': 38961.0, 'gpu_load': 0.0, 'client_rank': 8, 'round': 19, 'timestamp': '2025-08-13 16:33:24'}
Received system metrics from client 9: {'cpu_time': 132.48999999836087, 'ram_used_mb': 6643.54816, 'net_sent_bytes': 32328, 'net_recv_bytes': 35244, 'gpu_mem_used_mb': 38959.0, 'gpu_load': 0.0, 'client_rank': 9, 'round': 19, 'timestamp': '2025-08-13 16:33:24'}
Received system metrics from client 10: {'cpu_time': 71.73000000044703, 'ram_used_mb': 6616.674304, 'net_sent_bytes': 3179, 'net_recv_bytes': 41187, 'gpu_mem_used_mb': 38959.0, 'gpu_load': 0.0, 'client_rank': 10, 'round': 19, 'timestamp': '2025-08-13 16:33:24'}
Averaging model weights...
Evaluating updated global model on test set...
    [Client 9] Round 20 - Waiting for global weights...
    [Client 10] Round 20 - Waiting for global weights...
    [Client 8] Round 20 - Waiting for global weights...
Round 19 Evaluation - Accuracy: 0.7746, Loss: 0.6453

===== Round 20 =====
Broadcasting global model to all clients...
Waiting for model weights from client 1...
    [Client 8] Round 20 - Training on local data...
    [Client 10] Round 20 - Training on local data...
    [Client 9] Round 20 - Training on local data...
    [Client 1] Round 20 - Training on local data...
    [Client 2] Round 20 - Training on local data...
    [Client 4] Round 20 - Training on local data...
    [Client 5] Round 20 - Training on local data...
    [Client 7] Round 20 - Training on local data...
    [Client 3] Round 20 - Training on local data...
    [Client 6] Round 20 - Training on local data...
    [Client 2] System Stats: {'cpu_time': 78.46000000089407, 'ram_used_mb': 6642.794496, 'net_sent_bytes': 36053, 'net_recv_bytes': 32033, 'gpu_mem_used_mb': 38961.0, 'gpu_load': 0.0, 'client_rank': 2, 'round': 20, 'timestamp': '2025-08-13 16:35:15'}
    [Client 3] System Stats: {'cpu_time': 33.18000000156462, 'ram_used_mb': 6621.032448, 'net_sent_bytes': 400, 'net_recv_bytes': 28570, 'gpu_mem_used_mb': 38961.0, 'gpu_load': 0.0, 'client_rank': 3, 'round': 20, 'timestamp': '2025-08-13 16:35:15'}
    [Client 1] System Stats: {'cpu_time': 84.1800000006333, 'ram_used_mb': 6721.601536, 'net_sent_bytes': 72326, 'net_recv_bytes': 81068, 'gpu_mem_used_mb': 38961.0, 'gpu_load': 0.0, 'client_rank': 1, 'round': 20, 'timestamp': '2025-08-13 16:35:15'}
    [Client 4] System Stats: {'cpu_time': 28.099999997764826, 'ram_used_mb': 6710.25152, 'net_sent_bytes': 77330, 'net_recv_bytes': 57384, 'gpu_mem_used_mb': 38961.0, 'gpu_load': 0.01, 'client_rank': 4, 'round': 20, 'timestamp': '2025-08-13 16:35:15'}
    [Client 5] System Stats: {'cpu_time': 47.08000000566244, 'ram_used_mb': 6646.554624, 'net_sent_bytes': 32576, 'net_recv_bytes': 30380, 'gpu_mem_used_mb': 38961.0, 'gpu_load': 0.0, 'client_rank': 5, 'round': 20, 'timestamp': '2025-08-13 16:35:16'}
    [Client 7] System Stats: {'cpu_time': 39.41999999806285, 'ram_used_mb': 6559.612928, 'net_sent_bytes': 60165, 'net_recv_bytes': 61006, 'gpu_mem_used_mb': 38961.0, 'gpu_load': 0.0, 'client_rank': 7, 'round': 20, 'timestamp': '2025-08-13 16:35:16'}
    [Client 9] System Stats: {'cpu_time': 122.2800000011921, 'ram_used_mb': 6827.589632, 'net_sent_bytes': 3361, 'net_recv_bytes': 33330, 'gpu_mem_used_mb': 38961.0, 'gpu_load': 0.0, 'client_rank': 9, 'round': 20, 'timestamp': '2025-08-13 16:35:16'}
    [Client 10] System Stats: {'cpu_time': 64.78999999910593, 'ram_used_mb': 6827.147264, 'net_sent_bytes': 2075, 'net_recv_bytes': 34192, 'gpu_mem_used_mb': 38961.0, 'gpu_load': 0.0, 'client_rank': 10, 'round': 20, 'timestamp': '2025-08-13 16:35:16'}
    [Client 2] Statistical Utility: {'client_rank': 2, 'round': 20, 'data_size': 2866, 'data_variance': 0.06469513475894928, 'local_loss': 0.5389400124549866, 'local_accuracy': 81.08862638473511}
    [Client 8] System Stats: {'cpu_time': 38.03000000119209, 'ram_used_mb': 6313.213952, 'net_sent_bytes': 37293, 'net_recv_bytes': 47745, 'gpu_mem_used_mb': 38961.0, 'gpu_load': 0.0, 'client_rank': 8, 'round': 20, 'timestamp': '2025-08-13 16:35:17'}
    [Client 6] System Stats: {'cpu_time': 60.21999999880791, 'ram_used_mb': 6809.030656, 'net_sent_bytes': 2613, 'net_recv_bytes': 41875, 'gpu_mem_used_mb': 38961.0, 'gpu_load': 0.0, 'client_rank': 6, 'round': 20, 'timestamp': '2025-08-13 16:35:17'}
    [Client 3] Statistical Utility: {'client_rank': 3, 'round': 20, 'data_size': 2739, 'data_variance': 0.06390785425901413, 'local_loss': 0.5118277668952942, 'local_accuracy': 82.694411277771}
    [Client 1] Statistical Utility: {'client_rank': 1, 'round': 20, 'data_size': 3640, 'data_variance': 0.06330215185880661, 'local_loss': 0.49470460414886475, 'local_accuracy': 82.9395592212677}
    [Client 2] Round 20 - Sending updated weights to server...
    [Client 3] Round 20 - Sending updated weights to server...
    [Client 4] Statistical Utility: {'client_rank': 4, 'round': 20, 'data_size': 4459, 'data_variance': 0.06270676851272583, 'local_loss': 0.5137702822685242, 'local_accuracy': 82.1484625339508}
    [Client 5] Statistical Utility: {'client_rank': 5, 'round': 20, 'data_size': 3467, 'data_variance': 0.06352055072784424, 'local_loss': 0.6114674210548401, 'local_accuracy': 78.74242663383484}
    [Client 7] Statistical Utility: {'client_rank': 7, 'round': 20, 'data_size': 1414, 'data_variance': 0.06267841905355453, 'local_loss': 0.4259294867515564, 'local_accuracy': 86.98726892471313}
    [Client 10] Statistical Utility: {'client_rank': 10, 'round': 20, 'data_size': 5942, 'data_variance': 0.0627174898982048, 'local_loss': 0.5252223610877991, 'local_accuracy': 81.63917660713196}
    [Client 9] Statistical Utility: {'client_rank': 9, 'round': 20, 'data_size': 7110, 'data_variance': 0.06292970478534698, 'local_loss': 0.5109882354736328, 'local_accuracy': 82.02531933784485}
    [Client 8] Statistical Utility: {'client_rank': 8, 'round': 20, 'data_size': 525, 'data_variance': 0.06366205960512161, 'local_loss': 0.5276685357093811, 'local_accuracy': 82.47619271278381}
    [Client 6] Statistical Utility: {'client_rank': 6, 'round': 20, 'data_size': 17837, 'data_variance': 0.06342285126447678, 'local_loss': 0.6898568868637085, 'local_accuracy': 76.52631998062134}
    [Client 7] Round 20 - Sending updated weights to server...
    [Client 4] Round 20 - Sending updated weights to server...
    [Client 5] Round 20 - Sending updated weights to server...
    [Client 1] Round 20 - Sending updated weights to server...
Received weights from client 1
Waiting for model weights from client 2...
Received weights from client 2
Waiting for model weights from client 3...
Received weights from client 3
Waiting for model weights from client 4...
Received weights from client 4
Waiting for model weights from client 5...
Received weights from client 5
Waiting for model weights from client 6...
    [Client 1] Round 21 - Waiting for global weights...
    [Client 2] Round 21 - Waiting for global weights...
    [Client 4] Round 21 - Waiting for global weights...
    [Client 5] Round 21 - Waiting for global weights...
    [Client 3] Round 21 - Waiting for global weights...
    [Client 10] Round 20 - Sending updated weights to server...
    [Client 9] Round 20 - Sending updated weights to server...
    [Client 6] Round 20 - Sending updated weights to server...
Received weights from client 6
Waiting for model weights from client 7...
Received weights from client 7
Waiting for model weights from client 8...
    [Client 7] Round 21 - Waiting for global weights...
    [Client 6] Round 21 - Waiting for global weights...
    [Client 8] Round 20 - Sending updated weights to server...
Received weights from client 8
Waiting for model weights from client 9...
Received weights from client 9
Waiting for model weights from client 10...
Received weights from client 10
Received system metrics from client 1: {'cpu_time': 84.1800000006333, 'ram_used_mb': 6721.601536, 'net_sent_bytes': 72326, 'net_recv_bytes': 81068, 'gpu_mem_used_mb': 38961.0, 'gpu_load': 0.0, 'client_rank': 1, 'round': 20, 'timestamp': '2025-08-13 16:35:15'}
Received system metrics from client 2: {'cpu_time': 78.46000000089407, 'ram_used_mb': 6642.794496, 'net_sent_bytes': 36053, 'net_recv_bytes': 32033, 'gpu_mem_used_mb': 38961.0, 'gpu_load': 0.0, 'client_rank': 2, 'round': 20, 'timestamp': '2025-08-13 16:35:15'}
Received system metrics from client 3: {'cpu_time': 33.18000000156462, 'ram_used_mb': 6621.032448, 'net_sent_bytes': 400, 'net_recv_bytes': 28570, 'gpu_mem_used_mb': 38961.0, 'gpu_load': 0.0, 'client_rank': 3, 'round': 20, 'timestamp': '2025-08-13 16:35:15'}
Received system metrics from client 4: {'cpu_time': 28.099999997764826, 'ram_used_mb': 6710.25152, 'net_sent_bytes': 77330, 'net_recv_bytes': 57384, 'gpu_mem_used_mb': 38961.0, 'gpu_load': 0.01, 'client_rank': 4, 'round': 20, 'timestamp': '2025-08-13 16:35:15'}
Received system metrics from client 5: {'cpu_time': 47.08000000566244, 'ram_used_mb': 6646.554624, 'net_sent_bytes': 32576, 'net_recv_bytes': 30380, 'gpu_mem_used_mb': 38961.0, 'gpu_load': 0.0, 'client_rank': 5, 'round': 20, 'timestamp': '2025-08-13 16:35:16'}
Received system metrics from client 6: {'cpu_time': 60.21999999880791, 'ram_used_mb': 6809.030656, 'net_sent_bytes': 2613, 'net_recv_bytes': 41875, 'gpu_mem_used_mb': 38961.0, 'gpu_load': 0.0, 'client_rank': 6, 'round': 20, 'timestamp': '2025-08-13 16:35:17'}
Received system metrics from client 7: {'cpu_time': 39.41999999806285, 'ram_used_mb': 6559.612928, 'net_sent_bytes': 60165, 'net_recv_bytes': 61006, 'gpu_mem_used_mb': 38961.0, 'gpu_load': 0.0, 'client_rank': 7, 'round': 20, 'timestamp': '2025-08-13 16:35:16'}
Received system metrics from client 8: {'cpu_time': 38.03000000119209, 'ram_used_mb': 6313.213952, 'net_sent_bytes': 37293, 'net_recv_bytes': 47745, 'gpu_mem_used_mb': 38961.0, 'gpu_load': 0.0, 'client_rank': 8, 'round': 20, 'timestamp': '2025-08-13 16:35:17'}
Received system metrics from client 9: {'cpu_time': 122.2800000011921, 'ram_used_mb': 6827.589632, 'net_sent_bytes': 3361, 'net_recv_bytes': 33330, 'gpu_mem_used_mb': 38961.0, 'gpu_load': 0.0, 'client_rank': 9, 'round': 20, 'timestamp': '2025-08-13 16:35:16'}
Received system metrics from client 10: {'cpu_time': 64.78999999910593, 'ram_used_mb': 6827.147264, 'net_sent_bytes': 2075, 'net_recv_bytes': 34192, 'gpu_mem_used_mb': 38961.0, 'gpu_load': 0.0, 'client_rank': 10, 'round': 20, 'timestamp': '2025-08-13 16:35:16'}
Averaging model weights...
Evaluating updated global model on test set...
    [Client 9] Round 21 - Waiting for global weights...
    [Client 10] Round 21 - Waiting for global weights...
    [Client 8] Round 21 - Waiting for global weights...
Round 20 Evaluation - Accuracy: 0.7792, Loss: 0.6346

===== Round 21 =====
Broadcasting global model to all clients...
Waiting for model weights from client 1...
    [Client 2] Round 21 - Training on local data...
    [Client 5] Round 21 - Training on local data...
    [Client 10] Round 21 - Training on local data...
    [Client 9] Round 21 - Training on local data...
    [Client 1] Round 21 - Training on local data...
    [Client 4] Round 21 - Training on local data...
    [Client 8] Round 21 - Training on local data...
    [Client 7] Round 21 - Training on local data...
    [Client 6] Round 21 - Training on local data...
    [Client 3] Round 21 - Training on local data...
    [Client 1] System Stats: {'cpu_time': 82.75, 'ram_used_mb': 6946.287616, 'net_sent_bytes': 46091, 'net_recv_bytes': 38632, 'gpu_mem_used_mb': 38963.0, 'gpu_load': 0.0, 'client_rank': 1, 'round': 21, 'timestamp': '2025-08-13 16:35:33'}
    [Client 2] System Stats: {'cpu_time': 79.03999999910593, 'ram_used_mb': 6866.796544, 'net_sent_bytes': 14655, 'net_recv_bytes': 39140, 'gpu_mem_used_mb': 38963.0, 'gpu_load': 0.0, 'client_rank': 2, 'round': 21, 'timestamp': '2025-08-13 16:35:33'}
    [Client 8] System Stats: {'cpu_time': 33.12000000476837, 'ram_used_mb': 6525.509632, 'net_sent_bytes': 51328, 'net_recv_bytes': 57049, 'gpu_mem_used_mb': 38963.0, 'gpu_load': 0.0, 'client_rank': 8, 'round': 21, 'timestamp': '2025-08-13 16:35:33'}
    [Client 3] System Stats: {'cpu_time': 34.080000000074506, 'ram_used_mb': 6850.7648, 'net_sent_bytes': 29090, 'net_recv_bytes': 56286, 'gpu_mem_used_mb': 38963.0, 'gpu_load': 0.0, 'client_rank': 3, 'round': 21, 'timestamp': '2025-08-13 16:35:33'}
    [Client 4] System Stats: {'cpu_time': 35.479999996721745, 'ram_used_mb': 6942.26944, 'net_sent_bytes': 15471, 'net_recv_bytes': 42358, 'gpu_mem_used_mb': 38963.0, 'gpu_load': 0.0, 'client_rank': 4, 'round': 21, 'timestamp': '2025-08-13 16:35:33'}
    [Client 5] System Stats: {'cpu_time': 57.49000000208616, 'ram_used_mb': 6873.665536, 'net_sent_bytes': 56937, 'net_recv_bytes': 66261, 'gpu_mem_used_mb': 38963.0, 'gpu_load': 0.0, 'client_rank': 5, 'round': 21, 'timestamp': '2025-08-13 16:35:33'}
    [Client 7] System Stats: {'cpu_time': 38.59000000357628, 'ram_used_mb': 6777.147392, 'net_sent_bytes': 38542, 'net_recv_bytes': 41259, 'gpu_mem_used_mb': 38961.0, 'gpu_load': 0.0, 'client_rank': 7, 'round': 21, 'timestamp': '2025-08-13 16:35:33'}
    [Client 9] System Stats: {'cpu_time': 122.90999999642372, 'ram_used_mb': 7044.227072, 'net_sent_bytes': 52412, 'net_recv_bytes': 62141, 'gpu_mem_used_mb': 38961.0, 'gpu_load': 0.0, 'client_rank': 9, 'round': 21, 'timestamp': '2025-08-13 16:35:33'}
    [Client 10] System Stats: {'cpu_time': 66.79000000096858, 'ram_used_mb': 7064.211456, 'net_sent_bytes': 73925, 'net_recv_bytes': 81525, 'gpu_mem_used_mb': 38963.0, 'gpu_load': 0.0, 'client_rank': 10, 'round': 21, 'timestamp': '2025-08-13 16:35:33'}
    [Client 8] Statistical Utility: {'client_rank': 8, 'round': 21, 'data_size': 525, 'data_variance': 0.06366205960512161, 'local_loss': 0.42670872807502747, 'local_accuracy': 86.8571400642395}
    [Client 2] Statistical Utility: {'client_rank': 2, 'round': 21, 'data_size': 2866, 'data_variance': 0.06469513475894928, 'local_loss': 0.4539988338947296, 'local_accuracy': 85.20585894584656}
    [Client 1] Statistical Utility: {'client_rank': 1, 'round': 21, 'data_size': 3640, 'data_variance': 0.06330215185880661, 'local_loss': 0.48645874857902527, 'local_accuracy': 83.54395627975464}
    [Client 3] Statistical Utility: {'client_rank': 3, 'round': 21, 'data_size': 2739, 'data_variance': 0.06390785425901413, 'local_loss': 0.5249512791633606, 'local_accuracy': 82.3293149471283}
    [Client 4] Statistical Utility: {'client_rank': 4, 'round': 21, 'data_size': 4459, 'data_variance': 0.06270676851272583, 'local_loss': 0.4799075424671173, 'local_accuracy': 83.94258618354797}
    [Client 5] Statistical Utility: {'client_rank': 5, 'round': 21, 'data_size': 3467, 'data_variance': 0.06352055072784424, 'local_loss': 0.6569780111312866, 'local_accuracy': 77.15604305267334}
    [Client 7] Statistical Utility: {'client_rank': 7, 'round': 21, 'data_size': 1414, 'data_variance': 0.06267841905355453, 'local_loss': 0.4456550180912018, 'local_accuracy': 85.50212383270264}
    [Client 10] Statistical Utility: {'client_rank': 10, 'round': 21, 'data_size': 5942, 'data_variance': 0.0627174898982048, 'local_loss': 0.49605435132980347, 'local_accuracy': 82.85089135169983}
    [Client 9] Statistical Utility: {'client_rank': 9, 'round': 21, 'data_size': 7110, 'data_variance': 0.06292970478534698, 'local_loss': 0.667428195476532, 'local_accuracy': 76.38537287712097}
    [Client 3] Round 21 - Sending updated weights to server...
    [Client 4] Round 21 - Sending updated weights to server...
    [Client 6] System Stats: {'cpu_time': 58.900000002235174, 'ram_used_mb': 7024.709632, 'net_sent_bytes': 32685, 'net_recv_bytes': 50978, 'gpu_mem_used_mb': 38963.0, 'gpu_load': 0.0, 'client_rank': 6, 'round': 21, 'timestamp': '2025-08-13 16:35:35'}
    [Client 5] Round 21 - Sending updated weights to server...
    [Client 7] Round 21 - Sending updated weights to server...
    [Client 10] Round 21 - Sending updated weights to server...
    [Client 2] Round 21 - Sending updated weights to server...
    [Client 1] Round 21 - Sending updated weights to server...
Received weights from client 1
Waiting for model weights from client 2...
Received weights from client 2
Waiting for model weights from client 3...
Received weights from client 3
Waiting for model weights from client 4...
Received weights from client 4
Waiting for model weights from client 5...
Received weights from client 5
Waiting for model weights from client 6...
    [Client 8] Round 21 - Sending updated weights to server...
    [Client 2] Round 22 - Waiting for global weights...
    [Client 1] Round 22 - Waiting for global weights...
    [Client 4] Round 22 - Waiting for global weights...
    [Client 3] Round 22 - Waiting for global weights...
    [Client 5] Round 22 - Waiting for global weights...
    [Client 6] Statistical Utility: {'client_rank': 6, 'round': 21, 'data_size': 17837, 'data_variance': 0.06342285126447678, 'local_loss': 0.57896888256073, 'local_accuracy': 79.14447784423828}
    [Client 6] Round 21 - Sending updated weights to server...
Received weights from client 6
Waiting for model weights from client 7...
Received weights from client 7
Waiting for model weights from client 8...
Received weights from client 8
Waiting for model weights from client 9...
    [Client 8] Round 22 - Waiting for global weights...
    [Client 6] Round 22 - Waiting for global weights...
    [Client 7] Round 22 - Waiting for global weights...
    [Client 9] Round 21 - Sending updated weights to server...
Received weights from client 9
Waiting for model weights from client 10...
Received weights from client 10
Received system metrics from client 1: {'cpu_time': 82.75, 'ram_used_mb': 6946.287616, 'net_sent_bytes': 46091, 'net_recv_bytes': 38632, 'gpu_mem_used_mb': 38963.0, 'gpu_load': 0.0, 'client_rank': 1, 'round': 21, 'timestamp': '2025-08-13 16:35:33'}
Received system metrics from client 2: {'cpu_time': 79.03999999910593, 'ram_used_mb': 6866.796544, 'net_sent_bytes': 14655, 'net_recv_bytes': 39140, 'gpu_mem_used_mb': 38963.0, 'gpu_load': 0.0, 'client_rank': 2, 'round': 21, 'timestamp': '2025-08-13 16:35:33'}
Received system metrics from client 3: {'cpu_time': 34.080000000074506, 'ram_used_mb': 6850.7648, 'net_sent_bytes': 29090, 'net_recv_bytes': 56286, 'gpu_mem_used_mb': 38963.0, 'gpu_load': 0.0, 'client_rank': 3, 'round': 21, 'timestamp': '2025-08-13 16:35:33'}
Received system metrics from client 4: {'cpu_time': 35.479999996721745, 'ram_used_mb': 6942.26944, 'net_sent_bytes': 15471, 'net_recv_bytes': 42358, 'gpu_mem_used_mb': 38963.0, 'gpu_load': 0.0, 'client_rank': 4, 'round': 21, 'timestamp': '2025-08-13 16:35:33'}
Received system metrics from client 5: {'cpu_time': 57.49000000208616, 'ram_used_mb': 6873.665536, 'net_sent_bytes': 56937, 'net_recv_bytes': 66261, 'gpu_mem_used_mb': 38963.0, 'gpu_load': 0.0, 'client_rank': 5, 'round': 21, 'timestamp': '2025-08-13 16:35:33'}
Received system metrics from client 6: {'cpu_time': 58.900000002235174, 'ram_used_mb': 7024.709632, 'net_sent_bytes': 32685, 'net_recv_bytes': 50978, 'gpu_mem_used_mb': 38963.0, 'gpu_load': 0.0, 'client_rank': 6, 'round': 21, 'timestamp': '2025-08-13 16:35:35'}
Received system metrics from client 7: {'cpu_time': 38.59000000357628, 'ram_used_mb': 6777.147392, 'net_sent_bytes': 38542, 'net_recv_bytes': 41259, 'gpu_mem_used_mb': 38961.0, 'gpu_load': 0.0, 'client_rank': 7, 'round': 21, 'timestamp': '2025-08-13 16:35:33'}
Received system metrics from client 8: {'cpu_time': 33.12000000476837, 'ram_used_mb': 6525.509632, 'net_sent_bytes': 51328, 'net_recv_bytes': 57049, 'gpu_mem_used_mb': 38963.0, 'gpu_load': 0.0, 'client_rank': 8, 'round': 21, 'timestamp': '2025-08-13 16:35:33'}
Received system metrics from client 9: {'cpu_time': 122.90999999642372, 'ram_used_mb': 7044.227072, 'net_sent_bytes': 52412, 'net_recv_bytes': 62141, 'gpu_mem_used_mb': 38961.0, 'gpu_load': 0.0, 'client_rank': 9, 'round': 21, 'timestamp': '2025-08-13 16:35:33'}
Received system metrics from client 10: {'cpu_time': 66.79000000096858, 'ram_used_mb': 7064.211456, 'net_sent_bytes': 73925, 'net_recv_bytes': 81525, 'gpu_mem_used_mb': 38963.0, 'gpu_load': 0.0, 'client_rank': 10, 'round': 21, 'timestamp': '2025-08-13 16:35:33'}
Averaging model weights...
Evaluating updated global model on test set...
    [Client 9] Round 22 - Waiting for global weights...
    [Client 10] Round 22 - Waiting for global weights...
Round 21 Evaluation - Accuracy: 0.7831, Loss: 0.6291

===== Round 22 =====
Broadcasting global model to all clients...
Waiting for model weights from client 1...
    [Client 9] Round 22 - Training on local data...
    [Client 4] Round 22 - Training on local data...
    [Client 5] Round 22 - Training on local data...
    [Client 1] Round 22 - Training on local data...
    [Client 2] Round 22 - Training on local data...
    [Client 10] Round 22 - Training on local data...
    [Client 6] Round 22 - Training on local data...
    [Client 3] Round 22 - Training on local data...
    [Client 8] Round 22 - Training on local data...
    [Client 7] Round 22 - Training on local data...
    [Client 8] System Stats: {'cpu_time': 32.16999999806285, 'ram_used_mb': 6745.694208, 'net_sent_bytes': 37207, 'net_recv_bytes': 36601, 'gpu_mem_used_mb': 38963.0, 'gpu_load': 0.0, 'client_rank': 8, 'round': 22, 'timestamp': '2025-08-13 16:35:51'}
    [Client 2] System Stats: {'cpu_time': 78.3899999987334, 'ram_used_mb': 7063.678976, 'net_sent_bytes': 38759, 'net_recv_bytes': 51536, 'gpu_mem_used_mb': 38963.0, 'gpu_load': 0.0, 'client_rank': 2, 'round': 22, 'timestamp': '2025-08-13 16:35:52'}
    [Client 1] System Stats: {'cpu_time': 83.26999999955297, 'ram_used_mb': 7176.740864, 'net_sent_bytes': 39890, 'net_recv_bytes': 51724, 'gpu_mem_used_mb': 38963.0, 'gpu_load': 0.0, 'client_rank': 1, 'round': 22, 'timestamp': '2025-08-13 16:35:52'}
    [Client 4] System Stats: {'cpu_time': 31.140000000596046, 'ram_used_mb': 7194.169344, 'net_sent_bytes': 2984, 'net_recv_bytes': 31178, 'gpu_mem_used_mb': 38963.0, 'gpu_load': 0.0, 'client_rank': 4, 'round': 22, 'timestamp': '2025-08-13 16:35:52'}
    [Client 3] System Stats: {'cpu_time': 33.559999998658895, 'ram_used_mb': 7046.426624, 'net_sent_bytes': 72161, 'net_recv_bytes': 49059, 'gpu_mem_used_mb': 38963.0, 'gpu_load': 0.0, 'client_rank': 3, 'round': 22, 'timestamp': '2025-08-13 16:35:52'}
    [Client 5] System Stats: {'cpu_time': 51.399999998509884, 'ram_used_mb': 7105.961984, 'net_sent_bytes': 43004, 'net_recv_bytes': 52213, 'gpu_mem_used_mb': 38963.0, 'gpu_load': 0.0, 'client_rank': 5, 'round': 22, 'timestamp': '2025-08-13 16:35:52'}
    [Client 7] System Stats: {'cpu_time': 38.49999999627471, 'ram_used_mb': 6998.560768, 'net_sent_bytes': 28889, 'net_recv_bytes': 36835, 'gpu_mem_used_mb': 38963.0, 'gpu_load': 0.0, 'client_rank': 7, 'round': 22, 'timestamp': '2025-08-13 16:35:52'}
    [Client 9] System Stats: {'cpu_time': 121.03999999910593, 'ram_used_mb': 7285.149696, 'net_sent_bytes': 570, 'net_recv_bytes': 32804, 'gpu_mem_used_mb': 38963.0, 'gpu_load': 0.0, 'client_rank': 9, 'round': 22, 'timestamp': '2025-08-13 16:35:52'}
    [Client 10] System Stats: {'cpu_time': 65.35999999940395, 'ram_used_mb': 7306.870784, 'net_sent_bytes': 3248, 'net_recv_bytes': 35237, 'gpu_mem_used_mb': 38963.0, 'gpu_load': 0.0, 'client_rank': 10, 'round': 22, 'timestamp': '2025-08-13 16:35:52'}
    [Client 8] Statistical Utility: {'client_rank': 8, 'round': 22, 'data_size': 525, 'data_variance': 0.06366205960512161, 'local_loss': 0.4116935729980469, 'local_accuracy': 86.0952377319336}
    [Client 2] Statistical Utility: {'client_rank': 2, 'round': 22, 'data_size': 2866, 'data_variance': 0.06469513475894928, 'local_loss': 0.43712159991264343, 'local_accuracy': 85.17097234725952}
    [Client 1] Statistical Utility: {'client_rank': 1, 'round': 22, 'data_size': 3640, 'data_variance': 0.06330215185880661, 'local_loss': 0.4543881118297577, 'local_accuracy': 84.83516573905945}
    [Client 3] Statistical Utility: {'client_rank': 3, 'round': 22, 'data_size': 2739, 'data_variance': 0.06390785425901413, 'local_loss': 0.45895516872406006, 'local_accuracy': 84.73895788192749}
    [Client 4] Statistical Utility: {'client_rank': 4, 'round': 22, 'data_size': 4459, 'data_variance': 0.06270676851272583, 'local_loss': 0.5591286420822144, 'local_accuracy': 80.80286979675293}
    [Client 7] Statistical Utility: {'client_rank': 7, 'round': 22, 'data_size': 1414, 'data_variance': 0.06267841905355453, 'local_loss': 0.4066179394721985, 'local_accuracy': 87.05798983573914}
    [Client 5] Statistical Utility: {'client_rank': 5, 'round': 22, 'data_size': 3467, 'data_variance': 0.06352055072784424, 'local_loss': 0.49363142251968384, 'local_accuracy': 82.26132392883301}
    [Client 9] Statistical Utility: {'client_rank': 9, 'round': 22, 'data_size': 7110, 'data_variance': 0.06292970478534698, 'local_loss': 0.4890161156654358, 'local_accuracy': 82.89732933044434}
    [Client 10] Statistical Utility: {'client_rank': 10, 'round': 22, 'data_size': 5942, 'data_variance': 0.0627174898982048, 'local_loss': 0.5013037323951721, 'local_accuracy': 82.66577124595642}
    [Client 1] Round 22 - Sending updated weights to server...
Received weights from client 1
Waiting for model weights from client 2...
    [Client 3] Round 22 - Sending updated weights to server...
    [Client 4] Round 22 - Sending updated weights to server...
    [Client 6] System Stats: {'cpu_time': 58.75999999791384, 'ram_used_mb': 7244.86144, 'net_sent_bytes': 34964, 'net_recv_bytes': 38561, 'gpu_mem_used_mb': 38963.0, 'gpu_load': 0.0, 'client_rank': 6, 'round': 22, 'timestamp': '2025-08-13 16:35:53'}
    [Client 1] Round 23 - Waiting for global weights...
    [Client 2] Round 22 - Sending updated weights to server...
Received weights from client 2
Waiting for model weights from client 3...
Received weights from client 3
Waiting for model weights from client 4...
Received weights from client 4
Waiting for model weights from client 5...
    [Client 10] Round 22 - Sending updated weights to server...
    [Client 5] Round 22 - Sending updated weights to server...
Received weights from client 5
Waiting for model weights from client 6...
    [Client 2] Round 23 - Waiting for global weights...
    [Client 4] Round 23 - Waiting for global weights...
    [Client 3] Round 23 - Waiting for global weights...
    [Client 5] Round 23 - Waiting for global weights...
    [Client 6] Statistical Utility: {'client_rank': 6, 'round': 22, 'data_size': 17837, 'data_variance': 0.06342285126447678, 'local_loss': 0.5482345223426819, 'local_accuracy': 80.84319233894348}
    [Client 8] Round 22 - Sending updated weights to server...
    [Client 6] Round 22 - Sending updated weights to server...
Received weights from client 6
Waiting for model weights from client 7...
    [Client 6] Round 23 - Waiting for global weights...
    [Client 7] Round 22 - Sending updated weights to server...
Received weights from client 7
Waiting for model weights from client 8...
    [Client 8] Round 23 - Waiting for global weights...
Received weights from client 8
Waiting for model weights from client 9...
    [Client 7] Round 23 - Waiting for global weights...
    [Client 9] Round 22 - Sending updated weights to server...
Received weights from client 9
Waiting for model weights from client 10...
Received weights from client 10
Received system metrics from client 1: {'cpu_time': 83.26999999955297, 'ram_used_mb': 7176.740864, 'net_sent_bytes': 39890, 'net_recv_bytes': 51724, 'gpu_mem_used_mb': 38963.0, 'gpu_load': 0.0, 'client_rank': 1, 'round': 22, 'timestamp': '2025-08-13 16:35:52'}
Received system metrics from client 2: {'cpu_time': 78.3899999987334, 'ram_used_mb': 7063.678976, 'net_sent_bytes': 38759, 'net_recv_bytes': 51536, 'gpu_mem_used_mb': 38963.0, 'gpu_load': 0.0, 'client_rank': 2, 'round': 22, 'timestamp': '2025-08-13 16:35:52'}
Received system metrics from client 3: {'cpu_time': 33.559999998658895, 'ram_used_mb': 7046.426624, 'net_sent_bytes': 72161, 'net_recv_bytes': 49059, 'gpu_mem_used_mb': 38963.0, 'gpu_load': 0.0, 'client_rank': 3, 'round': 22, 'timestamp': '2025-08-13 16:35:52'}
Received system metrics from client 4: {'cpu_time': 31.140000000596046, 'ram_used_mb': 7194.169344, 'net_sent_bytes': 2984, 'net_recv_bytes': 31178, 'gpu_mem_used_mb': 38963.0, 'gpu_load': 0.0, 'client_rank': 4, 'round': 22, 'timestamp': '2025-08-13 16:35:52'}
Received system metrics from client 5: {'cpu_time': 51.399999998509884, 'ram_used_mb': 7105.961984, 'net_sent_bytes': 43004, 'net_recv_bytes': 52213, 'gpu_mem_used_mb': 38963.0, 'gpu_load': 0.0, 'client_rank': 5, 'round': 22, 'timestamp': '2025-08-13 16:35:52'}
Received system metrics from client 6: {'cpu_time': 58.75999999791384, 'ram_used_mb': 7244.86144, 'net_sent_bytes': 34964, 'net_recv_bytes': 38561, 'gpu_mem_used_mb': 38963.0, 'gpu_load': 0.0, 'client_rank': 6, 'round': 22, 'timestamp': '2025-08-13 16:35:53'}
Received system metrics from client 7: {'cpu_time': 38.49999999627471, 'ram_used_mb': 6998.560768, 'net_sent_bytes': 28889, 'net_recv_bytes': 36835, 'gpu_mem_used_mb': 38963.0, 'gpu_load': 0.0, 'client_rank': 7, 'round': 22, 'timestamp': '2025-08-13 16:35:52'}
Received system metrics from client 8: {'cpu_time': 32.16999999806285, 'ram_used_mb': 6745.694208, 'net_sent_bytes': 37207, 'net_recv_bytes': 36601, 'gpu_mem_used_mb': 38963.0, 'gpu_load': 0.0, 'client_rank': 8, 'round': 22, 'timestamp': '2025-08-13 16:35:51'}
Received system metrics from client 9: {'cpu_time': 121.03999999910593, 'ram_used_mb': 7285.149696, 'net_sent_bytes': 570, 'net_recv_bytes': 32804, 'gpu_mem_used_mb': 38963.0, 'gpu_load': 0.0, 'client_rank': 9, 'round': 22, 'timestamp': '2025-08-13 16:35:52'}
Received system metrics from client 10: {'cpu_time': 65.35999999940395, 'ram_used_mb': 7306.870784, 'net_sent_bytes': 3248, 'net_recv_bytes': 35237, 'gpu_mem_used_mb': 38963.0, 'gpu_load': 0.0, 'client_rank': 10, 'round': 22, 'timestamp': '2025-08-13 16:35:52'}
Averaging model weights...
Evaluating updated global model on test set...
    [Client 9] Round 23 - Waiting for global weights...
    [Client 10] Round 23 - Waiting for global weights...
Round 22 Evaluation - Accuracy: 0.7884, Loss: 0.6066

===== Round 23 =====
Broadcasting global model to all clients...
Waiting for model weights from client 1...
    [Client 9] Round 23 - Training on local data...
    [Client 10] Round 23 - Training on local data...
    [Client 4] Round 23 - Training on local data...
    [Client 1] Round 23 - Training on local data...
    [Client 7] Round 23 - Training on local data...
    [Client 2] Round 23 - Training on local data...
    [Client 5] Round 23 - Training on local data...
    [Client 3] Round 23 - Training on local data...
    [Client 8] Round 23 - Training on local data...
    [Client 6] Round 23 - Training on local data...
    [Client 2] System Stats: {'cpu_time': 78.54000000096858, 'ram_used_mb': 7315.554304, 'net_sent_bytes': 260, 'net_recv_bytes': 28253, 'gpu_mem_used_mb': 38965.0, 'gpu_load': 0.0, 'client_rank': 2, 'round': 23, 'timestamp': '2025-08-13 16:37:57'}
    [Client 8] System Stats: {'cpu_time': 33.559999998658895, 'ram_used_mb': 6971.682816, 'net_sent_bytes': 2670, 'net_recv_bytes': 36135, 'gpu_mem_used_mb': 38965.0, 'gpu_load': 0.0, 'client_rank': 8, 'round': 23, 'timestamp': '2025-08-13 16:37:57'}
    [Client 1] System Stats: {'cpu_time': 84.12999999988824, 'ram_used_mb': 7401.885696, 'net_sent_bytes': 2040, 'net_recv_bytes': 29790, 'gpu_mem_used_mb': 38965.0, 'gpu_load': 0.0, 'client_rank': 1, 'round': 23, 'timestamp': '2025-08-13 16:37:57'}
    [Client 4] System Stats: {'cpu_time': 33.44999999552965, 'ram_used_mb': 7422.214144, 'net_sent_bytes': 6976, 'net_recv_bytes': 38580, 'gpu_mem_used_mb': 38965.0, 'gpu_load': 0.0, 'client_rank': 4, 'round': 23, 'timestamp': '2025-08-13 16:37:57'}
    [Client 5] System Stats: {'cpu_time': 50.07999999821186, 'ram_used_mb': 7330.578432, 'net_sent_bytes': 14407, 'net_recv_bytes': 39349, 'gpu_mem_used_mb': 38965.0, 'gpu_load': 0.0, 'client_rank': 5, 'round': 23, 'timestamp': '2025-08-13 16:37:57'}
    [Client 7] System Stats: {'cpu_time': 35.25999999791384, 'ram_used_mb': 7231.746048, 'net_sent_bytes': 2960, 'net_recv_bytes': 35739, 'gpu_mem_used_mb': 38965.0, 'gpu_load': 0.0, 'client_rank': 7, 'round': 23, 'timestamp': '2025-08-13 16:37:57'}
    [Client 10] System Stats: {'cpu_time': 67.0, 'ram_used_mb': 7510.134784, 'net_sent_bytes': 2563, 'net_recv_bytes': 35050, 'gpu_mem_used_mb': 38965.0, 'gpu_load': 0.0, 'client_rank': 10, 'round': 23, 'timestamp': '2025-08-13 16:37:57'}
    [Client 8] Statistical Utility: {'client_rank': 8, 'round': 23, 'data_size': 525, 'data_variance': 0.06366205960512161, 'local_loss': 0.398849755525589, 'local_accuracy': 88.95238041877747}
    [Client 3] System Stats: {'cpu_time': 36.89000000059605, 'ram_used_mb': 7168.2048, 'net_sent_bytes': 2468, 'net_recv_bytes': 37755, 'gpu_mem_used_mb': 38965.0, 'gpu_load': 0.0, 'client_rank': 3, 'round': 23, 'timestamp': '2025-08-13 16:37:58'}
    [Client 9] System Stats: {'cpu_time': 134.96000000089407, 'ram_used_mb': 7305.822208, 'net_sent_bytes': 114308, 'net_recv_bytes': 66519, 'gpu_mem_used_mb': 38965.0, 'gpu_load': 0.0, 'client_rank': 9, 'round': 23, 'timestamp': '2025-08-13 16:37:58'}
    [Client 8] Round 23 - Sending updated weights to server...
    [Client 2] Statistical Utility: {'client_rank': 2, 'round': 23, 'data_size': 2866, 'data_variance': 0.06469513475894928, 'local_loss': 0.6785522699356079, 'local_accuracy': 76.02930665016174}
    [Client 1] Statistical Utility: {'client_rank': 1, 'round': 23, 'data_size': 3640, 'data_variance': 0.06330215185880661, 'local_loss': 0.4269797205924988, 'local_accuracy': 85.90659499168396}
    [Client 7] Statistical Utility: {'client_rank': 7, 'round': 23, 'data_size': 1414, 'data_variance': 0.06267841905355453, 'local_loss': 0.4319120943546295, 'local_accuracy': 85.92644929885864}
    [Client 5] Statistical Utility: {'client_rank': 5, 'round': 23, 'data_size': 3467, 'data_variance': 0.06352055072784424, 'local_loss': 0.42520421743392944, 'local_accuracy': 85.83790063858032}
    [Client 10] Statistical Utility: {'client_rank': 10, 'round': 23, 'data_size': 5942, 'data_variance': 0.0627174898982048, 'local_loss': 0.48924270272254944, 'local_accuracy': 82.48064517974854}
    [Client 3] Statistical Utility: {'client_rank': 3, 'round': 23, 'data_size': 2739, 'data_variance': 0.06390785425901413, 'local_loss': 0.4095337688922882, 'local_accuracy': 85.90726256370544}
    [Client 6] System Stats: {'cpu_time': 59.63000000268221, 'ram_used_mb': 7528.718336, 'net_sent_bytes': 588, 'net_recv_bytes': 37182, 'gpu_mem_used_mb': 38965.0, 'gpu_load': 0.01, 'client_rank': 6, 'round': 23, 'timestamp': '2025-08-13 16:37:59'}
    [Client 4] Statistical Utility: {'client_rank': 4, 'round': 23, 'data_size': 4459, 'data_variance': 0.06270676851272583, 'local_loss': 0.4812353253364563, 'local_accuracy': 83.58376026153564}
    [Client 9] Statistical Utility: {'client_rank': 9, 'round': 23, 'data_size': 7110, 'data_variance': 0.06292970478534698, 'local_loss': 0.47996604442596436, 'local_accuracy': 83.08016657829285}
    [Client 2] Round 23 - Sending updated weights to server...
    [Client 10] Round 23 - Sending updated weights to server...
    [Client 3] Round 23 - Sending updated weights to server...
    [Client 4] Round 23 - Sending updated weights to server...
    [Client 5] Round 23 - Sending updated weights to server...
    [Client 9] Round 23 - Sending updated weights to server...
    [Client 7] Round 23 - Sending updated weights to server...
    [Client 6] Statistical Utility: {'client_rank': 6, 'round': 23, 'data_size': 17837, 'data_variance': 0.06342285126447678, 'local_loss': 0.6116294264793396, 'local_accuracy': 78.5053551197052}
    [Client 6] Round 23 - Sending updated weights to server...
    [Client 1] Round 23 - Sending updated weights to server...
Received weights from client 1
Waiting for model weights from client 2...
Received weights from client 2
Waiting for model weights from client 3...
Received weights from client 3
Waiting for model weights from client 4...
Received weights from client 4
Waiting for model weights from client 5...
Received weights from client 5
Waiting for model weights from client 6...
Received weights from client 6
Waiting for model weights from client 7...
Received weights from client 7
Waiting for model weights from client 8...
Received weights from client 8
Waiting for model weights from client 9...
Received weights from client 9
Waiting for model weights from client 10...
Received weights from client 10
Received system metrics from client 1: {'cpu_time': 84.12999999988824, 'ram_used_mb': 7401.885696, 'net_sent_bytes': 2040, 'net_recv_bytes': 29790, 'gpu_mem_used_mb': 38965.0, 'gpu_load': 0.0, 'client_rank': 1, 'round': 23, 'timestamp': '2025-08-13 16:37:57'}
Received system metrics from client 2: {'cpu_time': 78.54000000096858, 'ram_used_mb': 7315.554304, 'net_sent_bytes': 260, 'net_recv_bytes': 28253, 'gpu_mem_used_mb': 38965.0, 'gpu_load': 0.0, 'client_rank': 2, 'round': 23, 'timestamp': '2025-08-13 16:37:57'}
Received system metrics from client 3: {'cpu_time': 36.89000000059605, 'ram_used_mb': 7168.2048, 'net_sent_bytes': 2468, 'net_recv_bytes': 37755, 'gpu_mem_used_mb': 38965.0, 'gpu_load': 0.0, 'client_rank': 3, 'round': 23, 'timestamp': '2025-08-13 16:37:58'}
Received system metrics from client 4: {'cpu_time': 33.44999999552965, 'ram_used_mb': 7422.214144, 'net_sent_bytes': 6976, 'net_recv_bytes': 38580, 'gpu_mem_used_mb': 38965.0, 'gpu_load': 0.0, 'client_rank': 4, 'round': 23, 'timestamp': '2025-08-13 16:37:57'}
Received system metrics from client 5: {'cpu_time': 50.07999999821186, 'ram_used_mb': 7330.578432, 'net_sent_bytes': 14407, 'net_recv_bytes': 39349, 'gpu_mem_used_mb': 38965.0, 'gpu_load': 0.0, 'client_rank': 5, 'round': 23, 'timestamp': '2025-08-13 16:37:57'}
Received system metrics from client 6: {'cpu_time': 59.63000000268221, 'ram_used_mb': 7528.718336, 'net_sent_bytes': 588, 'net_recv_bytes': 37182, 'gpu_mem_used_mb': 38965.0, 'gpu_load': 0.01, 'client_rank': 6, 'round': 23, 'timestamp': '2025-08-13 16:37:59'}
Received system metrics from client 7: {'cpu_time': 35.25999999791384, 'ram_used_mb': 7231.746048, 'net_sent_bytes': 2960, 'net_recv_bytes': 35739, 'gpu_mem_used_mb': 38965.0, 'gpu_load': 0.0, 'client_rank': 7, 'round': 23, 'timestamp': '2025-08-13 16:37:57'}
Received system metrics from client 8: {'cpu_time': 33.559999998658895, 'ram_used_mb': 6971.682816, 'net_sent_bytes': 2670, 'net_recv_bytes': 36135, 'gpu_mem_used_mb': 38965.0, 'gpu_load': 0.0, 'client_rank': 8, 'round': 23, 'timestamp': '2025-08-13 16:37:57'}
Received system metrics from client 9: {'cpu_time': 134.96000000089407, 'ram_used_mb': 7305.822208, 'net_sent_bytes': 114308, 'net_recv_bytes': 66519, 'gpu_mem_used_mb': 38965.0, 'gpu_load': 0.0, 'client_rank': 9, 'round': 23, 'timestamp': '2025-08-13 16:37:58'}
Received system metrics from client 10: {'cpu_time': 67.0, 'ram_used_mb': 7510.134784, 'net_sent_bytes': 2563, 'net_recv_bytes': 35050, 'gpu_mem_used_mb': 38965.0, 'gpu_load': 0.0, 'client_rank': 10, 'round': 23, 'timestamp': '2025-08-13 16:37:57'}
Averaging model weights...
Evaluating updated global model on test set...
    [Client 1] Round 24 - Waiting for global weights...
    [Client 4] Round 24 - Waiting for global weights...
    [Client 5] Round 24 - Waiting for global weights...
    [Client 9] Round 24 - Waiting for global weights...
    [Client 7] Round 24 - Waiting for global weights...
    [Client 3] Round 24 - Waiting for global weights...
    [Client 8] Round 24 - Waiting for global weights...
    [Client 6] Round 24 - Waiting for global weights...
Round 23 Evaluation - Accuracy: 0.7869, Loss: 0.6154

===== Round 24 =====
Broadcasting global model to all clients...
    [Client 1] Round 24 - Training on local data...
    [Client 7] Round 24 - Training on local data...
    [Client 5] Round 24 - Training on local data...
    [Client 9] Round 24 - Training on local data...
    [Client 3] Round 24 - Training on local data...
    [Client 2] Round 24 - Waiting for global weights...
    [Client 4] Round 24 - Training on local data...
    [Client 2] Round 24 - Training on local data...
    [Client 8] Round 24 - Training on local data...
    [Client 10] Round 24 - Waiting for global weights...
Waiting for model weights from client 1...
    [Client 6] Round 24 - Training on local data...
    [Client 10] Round 24 - Training on local data...
    [Client 1] System Stats: {'cpu_time': 83.58000000100583, 'ram_used_mb': 7497.8304, 'net_sent_bytes': 3198, 'net_recv_bytes': 36316, 'gpu_mem_used_mb': 38965.0, 'gpu_load': 0.0, 'client_rank': 1, 'round': 24, 'timestamp': '2025-08-13 16:38:12'}
    [Client 7] System Stats: {'cpu_time': 37.810000002384186, 'ram_used_mb': 7293.812736, 'net_sent_bytes': 2486, 'net_recv_bytes': 36192, 'gpu_mem_used_mb': 38965.0, 'gpu_load': 0.0, 'client_rank': 7, 'round': 24, 'timestamp': '2025-08-13 16:38:12'}
    [Client 3] System Stats: {'cpu_time': 33.43999999947846, 'ram_used_mb': 7356.387328, 'net_sent_bytes': 36999, 'net_recv_bytes': 48358, 'gpu_mem_used_mb': 38967.0, 'gpu_load': 0.0, 'client_rank': 3, 'round': 24, 'timestamp': '2025-08-13 16:38:12'}
    [Client 5] System Stats: {'cpu_time': 54.30000000447035, 'ram_used_mb': 7383.646208, 'net_sent_bytes': 36509, 'net_recv_bytes': 38453, 'gpu_mem_used_mb': 38967.0, 'gpu_load': 0.0, 'client_rank': 5, 'round': 24, 'timestamp': '2025-08-13 16:38:12'}
    [Client 2] System Stats: {'cpu_time': 79.0, 'ram_used_mb': 7403.917312, 'net_sent_bytes': 55799, 'net_recv_bytes': 67045, 'gpu_mem_used_mb': 38967.0, 'gpu_load': 0.0, 'client_rank': 2, 'round': 24, 'timestamp': '2025-08-13 16:38:12'}
    [Client 9] System Stats: {'cpu_time': 121.92999999970198, 'ram_used_mb': 7485.44, 'net_sent_bytes': 857, 'net_recv_bytes': 34538, 'gpu_mem_used_mb': 38965.0, 'gpu_load': 0.0, 'client_rank': 9, 'round': 24, 'timestamp': '2025-08-13 16:38:12'}
    [Client 4] System Stats: {'cpu_time': 33.269999999552965, 'ram_used_mb': 7503.970304, 'net_sent_bytes': 38281, 'net_recv_bytes': 40393, 'gpu_mem_used_mb': 38967.0, 'gpu_load': 0.0, 'client_rank': 4, 'round': 24, 'timestamp': '2025-08-13 16:38:12'}
    [Client 10] System Stats: {'cpu_time': 63.09000000171363, 'ram_used_mb': 7532.949504, 'net_sent_bytes': 96300, 'net_recv_bytes': 69730, 'gpu_mem_used_mb': 38965.0, 'gpu_load': 0.0, 'client_rank': 10, 'round': 24, 'timestamp': '2025-08-13 16:38:13'}
    [Client 1] Statistical Utility: {'client_rank': 1, 'round': 24, 'data_size': 3640, 'data_variance': 0.06330215185880661, 'local_loss': 0.4516172409057617, 'local_accuracy': 84.61538553237915}
    [Client 7] Statistical Utility: {'client_rank': 7, 'round': 24, 'data_size': 1414, 'data_variance': 0.06267841905355453, 'local_loss': 0.38481608033180237, 'local_accuracy': 87.69448399543762}
    [Client 3] Statistical Utility: {'client_rank': 3, 'round': 24, 'data_size': 2739, 'data_variance': 0.06390785425901413, 'local_loss': 0.40527957677841187, 'local_accuracy': 86.74699068069458}
    [Client 5] Statistical Utility: {'client_rank': 5, 'round': 24, 'data_size': 3467, 'data_variance': 0.06352055072784424, 'local_loss': 0.47021064162254333, 'local_accuracy': 83.93423557281494}
    [Client 2] Statistical Utility: {'client_rank': 2, 'round': 24, 'data_size': 2866, 'data_variance': 0.06469513475894928, 'local_loss': 0.4076429605484009, 'local_accuracy': 85.83391308784485}
    [Client 4] Statistical Utility: {'client_rank': 4, 'round': 24, 'data_size': 4459, 'data_variance': 0.06270676851272583, 'local_loss': 0.5293660759925842, 'local_accuracy': 81.40838742256165}
    [Client 9] Statistical Utility: {'client_rank': 9, 'round': 24, 'data_size': 7110, 'data_variance': 0.06292970478534698, 'local_loss': 0.4892568290233612, 'local_accuracy': 82.79887437820435}
    [Client 8] System Stats: {'cpu_time': 37.53000000119209, 'ram_used_mb': 7014.44096, 'net_sent_bytes': 77487, 'net_recv_bytes': 58600, 'gpu_mem_used_mb': 38967.0, 'gpu_load': 0.01, 'client_rank': 8, 'round': 24, 'timestamp': '2025-08-13 16:38:13'}
    [Client 7] Round 24 - Sending updated weights to server...
    [Client 3] Round 24 - Sending updated weights to server...
    [Client 5] Round 24 - Sending updated weights to server...
    [Client 10] Statistical Utility: {'client_rank': 10, 'round': 24, 'data_size': 5942, 'data_variance': 0.0627174898982048, 'local_loss': 0.48740190267562866, 'local_accuracy': 83.74284505844116}
    [Client 2] Round 24 - Sending updated weights to server...
    [Client 4] Round 24 - Sending updated weights to server...
    [Client 8] Statistical Utility: {'client_rank': 8, 'round': 24, 'data_size': 525, 'data_variance': 0.06366205960512161, 'local_loss': 0.42273586988449097, 'local_accuracy': 87.61904835700989}
    [Client 6] System Stats: {'cpu_time': 59.649999998509884, 'ram_used_mb': 7531.86816, 'net_sent_bytes': 2874, 'net_recv_bytes': 42893, 'gpu_mem_used_mb': 38967.0, 'gpu_load': 0.0, 'client_rank': 6, 'round': 24, 'timestamp': '2025-08-13 16:38:14'}
    [Client 9] Round 24 - Sending updated weights to server...
    [Client 10] Round 24 - Sending updated weights to server...
    [Client 8] Round 24 - Sending updated weights to server...
    [Client 6] Statistical Utility: {'client_rank': 6, 'round': 24, 'data_size': 17837, 'data_variance': 0.06342285126447678, 'local_loss': 0.6021484732627869, 'local_accuracy': 79.06598448753357}
    [Client 6] Round 24 - Sending updated weights to server...
    [Client 1] Round 24 - Sending updated weights to server...
Received weights from client 1
Waiting for model weights from client 2...
Received weights from client 2
Waiting for model weights from client 3...
Received weights from client 3
Waiting for model weights from client 4...
Received weights from client 4
Waiting for model weights from client 5...
Received weights from client 5
Waiting for model weights from client 6...
Received weights from client 6
Waiting for model weights from client 7...
Received weights from client 7
Waiting for model weights from client 8...
Received weights from client 8
Waiting for model weights from client 9...
Received weights from client 9
Waiting for model weights from client 10...
Received weights from client 10
Received system metrics from client 1: {'cpu_time': 83.58000000100583, 'ram_used_mb': 7497.8304, 'net_sent_bytes': 3198, 'net_recv_bytes': 36316, 'gpu_mem_used_mb': 38965.0, 'gpu_load': 0.0, 'client_rank': 1, 'round': 24, 'timestamp': '2025-08-13 16:38:12'}
Received system metrics from client 2: {'cpu_time': 79.0, 'ram_used_mb': 7403.917312, 'net_sent_bytes': 55799, 'net_recv_bytes': 67045, 'gpu_mem_used_mb': 38967.0, 'gpu_load': 0.0, 'client_rank': 2, 'round': 24, 'timestamp': '2025-08-13 16:38:12'}
Received system metrics from client 3: {'cpu_time': 33.43999999947846, 'ram_used_mb': 7356.387328, 'net_sent_bytes': 36999, 'net_recv_bytes': 48358, 'gpu_mem_used_mb': 38967.0, 'gpu_load': 0.0, 'client_rank': 3, 'round': 24, 'timestamp': '2025-08-13 16:38:12'}
Received system metrics from client 4: {'cpu_time': 33.269999999552965, 'ram_used_mb': 7503.970304, 'net_sent_bytes': 38281, 'net_recv_bytes': 40393, 'gpu_mem_used_mb': 38967.0, 'gpu_load': 0.0, 'client_rank': 4, 'round': 24, 'timestamp': '2025-08-13 16:38:12'}
Received system metrics from client 5: {'cpu_time': 54.30000000447035, 'ram_used_mb': 7383.646208, 'net_sent_bytes': 36509, 'net_recv_bytes': 38453, 'gpu_mem_used_mb': 38967.0, 'gpu_load': 0.0, 'client_rank': 5, 'round': 24, 'timestamp': '2025-08-13 16:38:12'}
Received system metrics from client 6: {'cpu_time': 59.649999998509884, 'ram_used_mb': 7531.86816, 'net_sent_bytes': 2874, 'net_recv_bytes': 42893, 'gpu_mem_used_mb': 38967.0, 'gpu_load': 0.0, 'client_rank': 6, 'round': 24, 'timestamp': '2025-08-13 16:38:14'}
Received system metrics from client 7: {'cpu_time': 37.810000002384186, 'ram_used_mb': 7293.812736, 'net_sent_bytes': 2486, 'net_recv_bytes': 36192, 'gpu_mem_used_mb': 38965.0, 'gpu_load': 0.0, 'client_rank': 7, 'round': 24, 'timestamp': '2025-08-13 16:38:12'}
Received system metrics from client 8: {'cpu_time': 37.53000000119209, 'ram_used_mb': 7014.44096, 'net_sent_bytes': 77487, 'net_recv_bytes': 58600, 'gpu_mem_used_mb': 38967.0, 'gpu_load': 0.01, 'client_rank': 8, 'round': 24, 'timestamp': '2025-08-13 16:38:13'}
Received system metrics from client 9: {'cpu_time': 121.92999999970198, 'ram_used_mb': 7485.44, 'net_sent_bytes': 857, 'net_recv_bytes': 34538, 'gpu_mem_used_mb': 38965.0, 'gpu_load': 0.0, 'client_rank': 9, 'round': 24, 'timestamp': '2025-08-13 16:38:12'}
Received system metrics from client 10: {'cpu_time': 63.09000000171363, 'ram_used_mb': 7532.949504, 'net_sent_bytes': 96300, 'net_recv_bytes': 69730, 'gpu_mem_used_mb': 38965.0, 'gpu_load': 0.0, 'client_rank': 10, 'round': 24, 'timestamp': '2025-08-13 16:38:13'}
Averaging model weights...
Evaluating updated global model on test set...
    [Client 2] Round 25 - Waiting for global weights...
    [Client 3] Round 25 - Waiting for global weights...
    [Client 8] Round 25 - Waiting for global weights...
    [Client 7] Round 25 - Waiting for global weights...
    [Client 5] Round 25 - Waiting for global weights...
    [Client 1] Round 25 - Waiting for global weights...
    [Client 2] Round 25 - Training on local data...
    [Client 4] Round 25 - Waiting for global weights...
Round 24 Evaluation - Accuracy: 0.7961, Loss: 0.5840

===== Round 25 =====
Broadcasting global model to all clients...
    [Client 9] Round 25 - Waiting for global weights...
    [Client 10] Round 25 - Waiting for global weights...
    [Client 6] Round 25 - Waiting for global weights...
    [Client 3] Round 25 - Training on local data...
    [Client 8] Round 25 - Training on local data...
    [Client 7] Round 25 - Training on local data...
    [Client 5] Round 25 - Training on local data...
    [Client 1] Round 25 - Training on local data...
    [Client 2] System Stats: {'cpu_time': 76.16999999806285, 'ram_used_mb': 7599.955968, 'net_sent_bytes': 41664, 'net_recv_bytes': 60407, 'gpu_mem_used_mb': 38967.0, 'gpu_load': 0.0, 'client_rank': 2, 'round': 25, 'timestamp': '2025-08-13 16:38:25'}
    [Client 4] Round 25 - Training on local data...
Waiting for model weights from client 1...
    [Client 9] Round 25 - Training on local data...
    [Client 10] Round 25 - Training on local data...
    [Client 6] Round 25 - Training on local data...
    [Client 3] System Stats: {'cpu_time': 33.20000000111759, 'ram_used_mb': 7564.521472, 'net_sent_bytes': 33240, 'net_recv_bytes': 43296, 'gpu_mem_used_mb': 38967.0, 'gpu_load': 0.0, 'client_rank': 3, 'round': 25, 'timestamp': '2025-08-13 16:38:26'}
    [Client 8] System Stats: {'cpu_time': 32.690000001341105, 'ram_used_mb': 7219.326976, 'net_sent_bytes': 33372, 'net_recv_bytes': 39888, 'gpu_mem_used_mb': 38967.0, 'gpu_load': 0.0, 'client_rank': 8, 'round': 25, 'timestamp': '2025-08-13 16:38:25'}
    [Client 7] System Stats: {'cpu_time': 38.39000000059605, 'ram_used_mb': 7485.292544, 'net_sent_bytes': 3173, 'net_recv_bytes': 44134, 'gpu_mem_used_mb': 38967.0, 'gpu_load': 0.0, 'client_rank': 7, 'round': 25, 'timestamp': '2025-08-13 16:38:26'}
    [Client 5] System Stats: {'cpu_time': 56.75999999791384, 'ram_used_mb': 7586.85696, 'net_sent_bytes': 2440, 'net_recv_bytes': 43033, 'gpu_mem_used_mb': 38967.0, 'gpu_load': 0.0, 'client_rank': 5, 'round': 25, 'timestamp': '2025-08-13 16:38:26'}
    [Client 1] System Stats: {'cpu_time': 83.80000000074506, 'ram_used_mb': 7678.636032, 'net_sent_bytes': 5233, 'net_recv_bytes': 41545, 'gpu_mem_used_mb': 38967.0, 'gpu_load': 0.0, 'client_rank': 1, 'round': 25, 'timestamp': '2025-08-13 16:38:25'}
    [Client 2] Statistical Utility: {'client_rank': 2, 'round': 25, 'data_size': 2866, 'data_variance': 0.06469513475894928, 'local_loss': 0.3703950047492981, 'local_accuracy': 88.13677430152893}
    [Client 4] System Stats: {'cpu_time': 33.64000000432134, 'ram_used_mb': 7684.333568, 'net_sent_bytes': 67912, 'net_recv_bytes': 78921, 'gpu_mem_used_mb': 38967.0, 'gpu_load': 0.0, 'client_rank': 4, 'round': 25, 'timestamp': '2025-08-13 16:38:25'}
    [Client 9] System Stats: {'cpu_time': 123.2199999988079, 'ram_used_mb': 7666.888704, 'net_sent_bytes': 86164, 'net_recv_bytes': 67667, 'gpu_mem_used_mb': 38967.0, 'gpu_load': 0.0, 'client_rank': 9, 'round': 25, 'timestamp': '2025-08-13 16:38:26'}
    [Client 10] System Stats: {'cpu_time': 65.09999999962747, 'ram_used_mb': 7692.967936, 'net_sent_bytes': 4377, 'net_recv_bytes': 39798, 'gpu_mem_used_mb': 38967.0, 'gpu_load': 0.0, 'client_rank': 10, 'round': 25, 'timestamp': '2025-08-13 16:38:26'}
    [Client 3] Statistical Utility: {'client_rank': 3, 'round': 25, 'data_size': 2739, 'data_variance': 0.06390785425901413, 'local_loss': 0.3590804636478424, 'local_accuracy': 88.86454701423645}
    [Client 8] Statistical Utility: {'client_rank': 8, 'round': 25, 'data_size': 525, 'data_variance': 0.06366205960512161, 'local_loss': 0.532803475856781, 'local_accuracy': 80.0000011920929}
    [Client 7] Statistical Utility: {'client_rank': 7, 'round': 25, 'data_size': 1414, 'data_variance': 0.06267841905355453, 'local_loss': 0.34390750527381897, 'local_accuracy': 89.8161232471466}
    [Client 5] Statistical Utility: {'client_rank': 5, 'round': 25, 'data_size': 3467, 'data_variance': 0.06352055072784424, 'local_loss': 0.4397040605545044, 'local_accuracy': 84.77069735527039}
    [Client 1] Statistical Utility: {'client_rank': 1, 'round': 25, 'data_size': 3640, 'data_variance': 0.06330215185880661, 'local_loss': 0.49277374148368835, 'local_accuracy': 83.21428298950195}
    [Client 4] Statistical Utility: {'client_rank': 4, 'round': 25, 'data_size': 4459, 'data_variance': 0.06270676851272583, 'local_loss': 0.5010003447532654, 'local_accuracy': 82.70912766456604}
    [Client 10] Statistical Utility: {'client_rank': 10, 'round': 25, 'data_size': 5942, 'data_variance': 0.0627174898982048, 'local_loss': 0.4124739468097687, 'local_accuracy': 86.36822700500488}
    [Client 2] Round 25 - Sending updated weights to server...
    [Client 1] Round 25 - Sending updated weights to server...
Received weights from client 1
Waiting for model weights from client 2...
Received weights from client 2
Waiting for model weights from client 3...
    [Client 9] Statistical Utility: {'client_rank': 9, 'round': 25, 'data_size': 7110, 'data_variance': 0.06292970478534698, 'local_loss': 0.49588271975517273, 'local_accuracy': 82.46132135391235}
    [Client 7] Round 25 - Sending updated weights to server...
    [Client 2] Round 26 - Waiting for global weights...
    [Client 1] Round 26 - Waiting for global weights...
    [Client 4] Round 25 - Sending updated weights to server...
    [Client 3] Round 25 - Sending updated weights to server...
    [Client 8] Round 25 - Sending updated weights to server...
Received weights from client 3
Waiting for model weights from client 4...
Received weights from client 4
Waiting for model weights from client 5...
    [Client 5] Round 25 - Sending updated weights to server...
Received weights from client 5
Waiting for model weights from client 6...
    [Client 4] Round 26 - Waiting for global weights...
    [Client 3] Round 26 - Waiting for global weights...
    [Client 5] Round 26 - Waiting for global weights...
    [Client 6] System Stats: {'cpu_time': 60.889999996870756, 'ram_used_mb': 7763.152896, 'net_sent_bytes': 62535, 'net_recv_bytes': 75870, 'gpu_mem_used_mb': 38967.0, 'gpu_load': 0.0, 'client_rank': 6, 'round': 25, 'timestamp': '2025-08-13 16:38:27'}
    [Client 10] Round 25 - Sending updated weights to server...
    [Client 6] Statistical Utility: {'client_rank': 6, 'round': 25, 'data_size': 17837, 'data_variance': 0.06342285126447678, 'local_loss': 0.5030643343925476, 'local_accuracy': 82.29522705078125}
    [Client 9] Round 25 - Sending updated weights to server...
    [Client 6] Round 25 - Sending updated weights to server...
Received weights from client 6
Waiting for model weights from client 7...
Received weights from client 7
Waiting for model weights from client 8...
Received weights from client 8
Waiting for model weights from client 9...
Received weights from client 9
Waiting for model weights from client 10...
Received weights from client 10
Received system metrics from client 1: {'cpu_time': 83.80000000074506, 'ram_used_mb': 7678.636032, 'net_sent_bytes': 5233, 'net_recv_bytes': 41545, 'gpu_mem_used_mb': 38967.0, 'gpu_load': 0.0, 'client_rank': 1, 'round': 25, 'timestamp': '2025-08-13 16:38:25'}
Received system metrics from client 2: {'cpu_time': 76.16999999806285, 'ram_used_mb': 7599.955968, 'net_sent_bytes': 41664, 'net_recv_bytes': 60407, 'gpu_mem_used_mb': 38967.0, 'gpu_load': 0.0, 'client_rank': 2, 'round': 25, 'timestamp': '2025-08-13 16:38:25'}
Received system metrics from client 3: {'cpu_time': 33.20000000111759, 'ram_used_mb': 7564.521472, 'net_sent_bytes': 33240, 'net_recv_bytes': 43296, 'gpu_mem_used_mb': 38967.0, 'gpu_load': 0.0, 'client_rank': 3, 'round': 25, 'timestamp': '2025-08-13 16:38:26'}
Received system metrics from client 4: {'cpu_time': 33.64000000432134, 'ram_used_mb': 7684.333568, 'net_sent_bytes': 67912, 'net_recv_bytes': 78921, 'gpu_mem_used_mb': 38967.0, 'gpu_load': 0.0, 'client_rank': 4, 'round': 25, 'timestamp': '2025-08-13 16:38:25'}
Received system metrics from client 5: {'cpu_time': 56.75999999791384, 'ram_used_mb': 7586.85696, 'net_sent_bytes': 2440, 'net_recv_bytes': 43033, 'gpu_mem_used_mb': 38967.0, 'gpu_load': 0.0, 'client_rank': 5, 'round': 25, 'timestamp': '2025-08-13 16:38:26'}
Received system metrics from client 6: {'cpu_time': 60.889999996870756, 'ram_used_mb': 7763.152896, 'net_sent_bytes': 62535, 'net_recv_bytes': 75870, 'gpu_mem_used_mb': 38967.0, 'gpu_load': 0.0, 'client_rank': 6, 'round': 25, 'timestamp': '2025-08-13 16:38:27'}
Received system metrics from client 7: {'cpu_time': 38.39000000059605, 'ram_used_mb': 7485.292544, 'net_sent_bytes': 3173, 'net_recv_bytes': 44134, 'gpu_mem_used_mb': 38967.0, 'gpu_load': 0.0, 'client_rank': 7, 'round': 25, 'timestamp': '2025-08-13 16:38:26'}
Received system metrics from client 8: {'cpu_time': 32.690000001341105, 'ram_used_mb': 7219.326976, 'net_sent_bytes': 33372, 'net_recv_bytes': 39888, 'gpu_mem_used_mb': 38967.0, 'gpu_load': 0.0, 'client_rank': 8, 'round': 25, 'timestamp': '2025-08-13 16:38:25'}
Received system metrics from client 9: {'cpu_time': 123.2199999988079, 'ram_used_mb': 7666.888704, 'net_sent_bytes': 86164, 'net_recv_bytes': 67667, 'gpu_mem_used_mb': 38967.0, 'gpu_load': 0.0, 'client_rank': 9, 'round': 25, 'timestamp': '2025-08-13 16:38:26'}
Received system metrics from client 10: {'cpu_time': 65.09999999962747, 'ram_used_mb': 7692.967936, 'net_sent_bytes': 4377, 'net_recv_bytes': 39798, 'gpu_mem_used_mb': 38967.0, 'gpu_load': 0.0, 'client_rank': 10, 'round': 25, 'timestamp': '2025-08-13 16:38:26'}
Averaging model weights...
Evaluating updated global model on test set...
    [Client 9] Round 26 - Waiting for global weights...
    [Client 7] Round 26 - Waiting for global weights...
    [Client 8] Round 26 - Waiting for global weights...
    [Client 10] Round 26 - Waiting for global weights...
    [Client 6] Round 26 - Waiting for global weights...
Round 25 Evaluation - Accuracy: 0.8009, Loss: 0.5799

===== Round 26 =====
Broadcasting global model to all clients...
Waiting for model weights from client 1...
    [Client 1] Round 26 - Training on local data...
    [Client 4] Round 26 - Training on local data...
    [Client 2] Round 26 - Training on local data...
    [Client 7] Round 26 - Training on local data...
    [Client 9] Round 26 - Training on local data...
    [Client 8] Round 26 - Training on local data...
    [Client 10] Round 26 - Training on local data...
    [Client 6] Round 26 - Training on local data...
    [Client 5] Round 26 - Training on local data...
    [Client 3] Round 26 - Training on local data...
    [Client 2] System Stats: {'cpu_time': 77.69999999925494, 'ram_used_mb': 7835.877376, 'net_sent_bytes': 390, 'net_recv_bytes': 27987, 'gpu_mem_used_mb': 38969.0, 'gpu_load': 0.0, 'client_rank': 2, 'round': 26, 'timestamp': '2025-08-13 16:38:39'}
    [Client 1] System Stats: {'cpu_time': 82.56000000052154, 'ram_used_mb': 7925.20704, 'net_sent_bytes': 1419, 'net_recv_bytes': 29016, 'gpu_mem_used_mb': 38969.0, 'gpu_load': 0.0, 'client_rank': 1, 'round': 26, 'timestamp': '2025-08-13 16:38:39'}
    [Client 8] System Stats: {'cpu_time': 33.100000001490116, 'ram_used_mb': 7422.623744, 'net_sent_bytes': 7596, 'net_recv_bytes': 39588, 'gpu_mem_used_mb': 38969.0, 'gpu_load': 0.0, 'client_rank': 8, 'round': 26, 'timestamp': '2025-08-13 16:38:39'}
    [Client 4] System Stats: {'cpu_time': 33.08000000193715, 'ram_used_mb': 7933.661184, 'net_sent_bytes': 14151, 'net_recv_bytes': 43079, 'gpu_mem_used_mb': 38969.0, 'gpu_load': 0.0, 'client_rank': 4, 'round': 26, 'timestamp': '2025-08-13 16:38:39'}
    [Client 7] System Stats: {'cpu_time': 37.95999999716878, 'ram_used_mb': 7732.20352, 'net_sent_bytes': 1797, 'net_recv_bytes': 32847, 'gpu_mem_used_mb': 38967.0, 'gpu_load': 0.0, 'client_rank': 7, 'round': 26, 'timestamp': '2025-08-13 16:38:39'}
    [Client 3] System Stats: {'cpu_time': 34.05000000074506, 'ram_used_mb': 7778.381824, 'net_sent_bytes': 46985, 'net_recv_bytes': 51555, 'gpu_mem_used_mb': 38969.0, 'gpu_load': 0.0, 'client_rank': 3, 'round': 26, 'timestamp': '2025-08-13 16:38:39'}
    [Client 5] System Stats: {'cpu_time': 55.53999999910593, 'ram_used_mb': 7815.909376, 'net_sent_bytes': 7531, 'net_recv_bytes': 33860, 'gpu_mem_used_mb': 38969.0, 'gpu_load': 0.0, 'client_rank': 5, 'round': 26, 'timestamp': '2025-08-13 16:38:39'}
    [Client 9] System Stats: {'cpu_time': 122.33000000193715, 'ram_used_mb': 7952.539648, 'net_sent_bytes': 30015, 'net_recv_bytes': 60106, 'gpu_mem_used_mb': 38967.0, 'gpu_load': 0.0, 'client_rank': 9, 'round': 26, 'timestamp': '2025-08-13 16:38:39'}
    [Client 10] System Stats: {'cpu_time': 66.07999999821186, 'ram_used_mb': 7946.317824, 'net_sent_bytes': 105968, 'net_recv_bytes': 82329, 'gpu_mem_used_mb': 38969.0, 'gpu_load': 0.0, 'client_rank': 10, 'round': 26, 'timestamp': '2025-08-13 16:38:39'}
    [Client 8] Statistical Utility: {'client_rank': 8, 'round': 26, 'data_size': 525, 'data_variance': 0.06366205960512161, 'local_loss': 0.37951040267944336, 'local_accuracy': 87.80952095985413}
    [Client 2] Statistical Utility: {'client_rank': 2, 'round': 26, 'data_size': 2866, 'data_variance': 0.06469513475894928, 'local_loss': 0.3960634768009186, 'local_accuracy': 86.67131662368774}
    [Client 1] Statistical Utility: {'client_rank': 1, 'round': 26, 'data_size': 3640, 'data_variance': 0.06330215185880661, 'local_loss': 0.41560715436935425, 'local_accuracy': 85.24725437164307}
    [Client 3] Statistical Utility: {'client_rank': 3, 'round': 26, 'data_size': 2739, 'data_variance': 0.06390785425901413, 'local_loss': 0.40722954273223877, 'local_accuracy': 87.33114004135132}
    [Client 7] Statistical Utility: {'client_rank': 7, 'round': 26, 'data_size': 1414, 'data_variance': 0.06267841905355453, 'local_loss': 0.3563613295555115, 'local_accuracy': 88.47241997718811}
    [Client 4] Statistical Utility: {'client_rank': 4, 'round': 26, 'data_size': 4459, 'data_variance': 0.06270676851272583, 'local_loss': 0.5579835176467896, 'local_accuracy': 80.623459815979}
    [Client 5] Statistical Utility: {'client_rank': 5, 'round': 26, 'data_size': 3467, 'data_variance': 0.06352055072784424, 'local_loss': 0.4101145565509796, 'local_accuracy': 86.06864809989929}
    [Client 10] Statistical Utility: {'client_rank': 10, 'round': 26, 'data_size': 5942, 'data_variance': 0.0627174898982048, 'local_loss': 0.4505118131637573, 'local_accuracy': 84.46651101112366}
    [Client 1] Round 26 - Sending updated weights to server...
Received weights from client 1
Waiting for model weights from client 2...
    [Client 9] Statistical Utility: {'client_rank': 9, 'round': 26, 'data_size': 7110, 'data_variance': 0.06292970478534698, 'local_loss': 0.4885908365249634, 'local_accuracy': 82.95358419418335}
    [Client 2] Round 26 - Sending updated weights to server...
    [Client 7] Round 26 - Sending updated weights to server...
Received weights from client 2
Waiting for model weights from client 3...
    [Client 1] Round 27 - Waiting for global weights...
    [Client 2] Round 27 - Waiting for global weights...
    [Client 4] Round 26 - Sending updated weights to server...
    [Client 5] Round 26 - Sending updated weights to server...
    [Client 6] System Stats: {'cpu_time': 61.21999999880791, 'ram_used_mb': 7981.473792, 'net_sent_bytes': 36333, 'net_recv_bytes': 59382, 'gpu_mem_used_mb': 38969.0, 'gpu_load': 0.0, 'client_rank': 6, 'round': 26, 'timestamp': '2025-08-13 16:38:41'}
    [Client 8] Round 26 - Sending updated weights to server...
    [Client 10] Round 26 - Sending updated weights to server...
    [Client 9] Round 26 - Sending updated weights to server...
    [Client 3] Round 26 - Sending updated weights to server...
Received weights from client 3
Waiting for model weights from client 4...
Received weights from client 4
Waiting for model weights from client 5...
Received weights from client 5
Waiting for model weights from client 6...
    [Client 4] Round 27 - Waiting for global weights...
    [Client 3] Round 27 - Waiting for global weights...
    [Client 5] Round 27 - Waiting for global weights...
    [Client 6] Statistical Utility: {'client_rank': 6, 'round': 26, 'data_size': 17837, 'data_variance': 0.06342285126447678, 'local_loss': 0.5208045244216919, 'local_accuracy': 81.95324540138245}
    [Client 6] Round 26 - Sending updated weights to server...
Received weights from client 6
Waiting for model weights from client 7...
Received weights from client 7
Waiting for model weights from client 8...
Received weights from client 8
Waiting for model weights from client 9...
Received weights from client 9
Waiting for model weights from client 10...
Received weights from client 10
Received system metrics from client 1: {'cpu_time': 82.56000000052154, 'ram_used_mb': 7925.20704, 'net_sent_bytes': 1419, 'net_recv_bytes': 29016, 'gpu_mem_used_mb': 38969.0, 'gpu_load': 0.0, 'client_rank': 1, 'round': 26, 'timestamp': '2025-08-13 16:38:39'}
Received system metrics from client 2: {'cpu_time': 77.69999999925494, 'ram_used_mb': 7835.877376, 'net_sent_bytes': 390, 'net_recv_bytes': 27987, 'gpu_mem_used_mb': 38969.0, 'gpu_load': 0.0, 'client_rank': 2, 'round': 26, 'timestamp': '2025-08-13 16:38:39'}
Received system metrics from client 3: {'cpu_time': 34.05000000074506, 'ram_used_mb': 7778.381824, 'net_sent_bytes': 46985, 'net_recv_bytes': 51555, 'gpu_mem_used_mb': 38969.0, 'gpu_load': 0.0, 'client_rank': 3, 'round': 26, 'timestamp': '2025-08-13 16:38:39'}
Received system metrics from client 4: {'cpu_time': 33.08000000193715, 'ram_used_mb': 7933.661184, 'net_sent_bytes': 14151, 'net_recv_bytes': 43079, 'gpu_mem_used_mb': 38969.0, 'gpu_load': 0.0, 'client_rank': 4, 'round': 26, 'timestamp': '2025-08-13 16:38:39'}
Received system metrics from client 5: {'cpu_time': 55.53999999910593, 'ram_used_mb': 7815.909376, 'net_sent_bytes': 7531, 'net_recv_bytes': 33860, 'gpu_mem_used_mb': 38969.0, 'gpu_load': 0.0, 'client_rank': 5, 'round': 26, 'timestamp': '2025-08-13 16:38:39'}
Received system metrics from client 6: {'cpu_time': 61.21999999880791, 'ram_used_mb': 7981.473792, 'net_sent_bytes': 36333, 'net_recv_bytes': 59382, 'gpu_mem_used_mb': 38969.0, 'gpu_load': 0.0, 'client_rank': 6, 'round': 26, 'timestamp': '2025-08-13 16:38:41'}
Received system metrics from client 7: {'cpu_time': 37.95999999716878, 'ram_used_mb': 7732.20352, 'net_sent_bytes': 1797, 'net_recv_bytes': 32847, 'gpu_mem_used_mb': 38967.0, 'gpu_load': 0.0, 'client_rank': 7, 'round': 26, 'timestamp': '2025-08-13 16:38:39'}
Received system metrics from client 8: {'cpu_time': 33.100000001490116, 'ram_used_mb': 7422.623744, 'net_sent_bytes': 7596, 'net_recv_bytes': 39588, 'gpu_mem_used_mb': 38969.0, 'gpu_load': 0.0, 'client_rank': 8, 'round': 26, 'timestamp': '2025-08-13 16:38:39'}
Received system metrics from client 9: {'cpu_time': 122.33000000193715, 'ram_used_mb': 7952.539648, 'net_sent_bytes': 30015, 'net_recv_bytes': 60106, 'gpu_mem_used_mb': 38967.0, 'gpu_load': 0.0, 'client_rank': 9, 'round': 26, 'timestamp': '2025-08-13 16:38:39'}
Received system metrics from client 10: {'cpu_time': 66.07999999821186, 'ram_used_mb': 7946.317824, 'net_sent_bytes': 105968, 'net_recv_bytes': 82329, 'gpu_mem_used_mb': 38969.0, 'gpu_load': 0.0, 'client_rank': 10, 'round': 26, 'timestamp': '2025-08-13 16:38:39'}
Averaging model weights...
Evaluating updated global model on test set...
    [Client 7] Round 27 - Waiting for global weights...
    [Client 9] Round 27 - Waiting for global weights...
    [Client 10] Round 27 - Waiting for global weights...
    [Client 8] Round 27 - Waiting for global weights...
    [Client 6] Round 27 - Waiting for global weights...
Round 26 Evaluation - Accuracy: 0.7998, Loss: 0.5796

===== Round 27 =====
Broadcasting global model to all clients...
    [Client 3] Round 27 - Training on local data...
    [Client 8] Round 27 - Training on local data...
    [Client 7] Round 27 - Training on local data...
    [Client 5] Round 27 - Training on local data...
    [Client 1] Round 27 - Training on local data...
    [Client 2] Round 27 - Training on local data...
    [Client 4] Round 27 - Training on local data...
Waiting for model weights from client 1...
    [Client 9] Round 27 - Training on local data...
    [Client 10] Round 27 - Training on local data...
    [Client 6] Round 27 - Training on local data...
    [Client 2] System Stats: {'cpu_time': 77.93999999947846, 'ram_used_mb': 8035.110912, 'net_sent_bytes': 38655, 'net_recv_bytes': 54368, 'gpu_mem_used_mb': 38969.0, 'gpu_load': 0.0, 'client_rank': 2, 'round': 27, 'timestamp': '2025-08-13 16:38:52'}
    [Client 1] System Stats: {'cpu_time': 83.08999999985099, 'ram_used_mb': 8165.056512, 'net_sent_bytes': 39956, 'net_recv_bytes': 54726, 'gpu_mem_used_mb': 38969.0, 'gpu_load': 0.0, 'client_rank': 1, 'round': 27, 'timestamp': '2025-08-13 16:38:52'}
    [Client 7] System Stats: {'cpu_time': 37.75, 'ram_used_mb': 7946.40384, 'net_sent_bytes': 28837, 'net_recv_bytes': 40523, 'gpu_mem_used_mb': 38969.0, 'gpu_load': 0.0, 'client_rank': 7, 'round': 27, 'timestamp': '2025-08-13 16:38:52'}
    [Client 3] System Stats: {'cpu_time': 33.83999999985099, 'ram_used_mb': 8022.552576, 'net_sent_bytes': 70413, 'net_recv_bytes': 49789, 'gpu_mem_used_mb': 38969.0, 'gpu_load': 0.0, 'client_rank': 3, 'round': 27, 'timestamp': '2025-08-13 16:38:52'}
    [Client 4] System Stats: {'cpu_time': 33.309999998658895, 'ram_used_mb': 8130.433024, 'net_sent_bytes': 4633, 'net_recv_bytes': 35340, 'gpu_mem_used_mb': 38969.0, 'gpu_load': 0.0, 'client_rank': 4, 'round': 27, 'timestamp': '2025-08-13 16:38:52'}
    [Client 8] System Stats: {'cpu_time': 33.79999999701977, 'ram_used_mb': 7637.737472, 'net_sent_bytes': 52367, 'net_recv_bytes': 50329, 'gpu_mem_used_mb': 38969.0, 'gpu_load': 0.0, 'client_rank': 8, 'round': 27, 'timestamp': '2025-08-13 16:38:52'}
    [Client 5] System Stats: {'cpu_time': 54.52999999374151, 'ram_used_mb': 8039.358464, 'net_sent_bytes': 42964, 'net_recv_bytes': 55227, 'gpu_mem_used_mb': 38969.0, 'gpu_load': 0.0, 'client_rank': 5, 'round': 27, 'timestamp': '2025-08-13 16:38:52'}
    [Client 9] System Stats: {'cpu_time': 121.66000000014901, 'ram_used_mb': 8150.884352, 'net_sent_bytes': 686, 'net_recv_bytes': 36128, 'gpu_mem_used_mb': 38969.0, 'gpu_load': 0.0, 'client_rank': 9, 'round': 27, 'timestamp': '2025-08-13 16:38:52'}
    [Client 10] System Stats: {'cpu_time': 66.35999999940395, 'ram_used_mb': 8205.713408, 'net_sent_bytes': 3520, 'net_recv_bytes': 38507, 'gpu_mem_used_mb': 38969.0, 'gpu_load': 0.0, 'client_rank': 10, 'round': 27, 'timestamp': '2025-08-13 16:38:52'}
    [Client 2] Statistical Utility: {'client_rank': 2, 'round': 27, 'data_size': 2866, 'data_variance': 0.06469513475894928, 'local_loss': 0.3769204020500183, 'local_accuracy': 87.78785467147827}
    [Client 1] Statistical Utility: {'client_rank': 1, 'round': 27, 'data_size': 3640, 'data_variance': 0.06330215185880661, 'local_loss': 0.3538218140602112, 'local_accuracy': 88.48901391029358}
    [Client 7] Statistical Utility: {'client_rank': 7, 'round': 27, 'data_size': 1414, 'data_variance': 0.06267841905355453, 'local_loss': 0.30518677830696106, 'local_accuracy': 90.8769428730011}
    [Client 3] Statistical Utility: {'client_rank': 3, 'round': 27, 'data_size': 2739, 'data_variance': 0.06390785425901413, 'local_loss': 0.3756648898124695, 'local_accuracy': 87.84227967262268}
    [Client 8] Statistical Utility: {'client_rank': 8, 'round': 27, 'data_size': 525, 'data_variance': 0.06366205960512161, 'local_loss': 0.4568008780479431, 'local_accuracy': 84.95237827301025}
    [Client 4] Statistical Utility: {'client_rank': 4, 'round': 27, 'data_size': 4459, 'data_variance': 0.06270676851272583, 'local_loss': 0.3884825110435486, 'local_accuracy': 86.49921417236328}
    [Client 5] Statistical Utility: {'client_rank': 5, 'round': 27, 'data_size': 3467, 'data_variance': 0.06352055072784424, 'local_loss': 0.3936610817909241, 'local_accuracy': 86.50130033493042}
    [Client 10] Statistical Utility: {'client_rank': 10, 'round': 27, 'data_size': 5942, 'data_variance': 0.0627174898982048, 'local_loss': 0.39664363861083984, 'local_accuracy': 86.65432333946228}
    [Client 9] Statistical Utility: {'client_rank': 9, 'round': 27, 'data_size': 7110, 'data_variance': 0.06292970478534698, 'local_loss': 0.4601922035217285, 'local_accuracy': 83.99437665939331}
    [Client 4] Round 27 - Sending updated weights to server...
    [Client 7] Round 27 - Sending updated weights to server...
    [Client 5] Round 27 - Sending updated weights to server...
    [Client 3] Round 27 - Sending updated weights to server...
    [Client 6] System Stats: {'cpu_time': 59.63000000268221, 'ram_used_mb': 8240.336896, 'net_sent_bytes': 42717, 'net_recv_bytes': 46208, 'gpu_mem_used_mb': 38971.0, 'gpu_load': 0.0, 'client_rank': 6, 'round': 27, 'timestamp': '2025-08-13 16:38:54'}
    [Client 1] Round 27 - Sending updated weights to server...
Received weights from client 1
Waiting for model weights from client 2...
    [Client 9] Round 27 - Sending updated weights to server...
    [Client 1] Round 28 - Waiting for global weights...
    [Client 10] Round 27 - Sending updated weights to server...
    [Client 2] Round 27 - Sending updated weights to server...
Received weights from client 2
Waiting for model weights from client 3...
Received weights from client 3
Waiting for model weights from client 4...
Received weights from client 4
Waiting for model weights from client 5...
Received weights from client 5
Waiting for model weights from client 6...
    [Client 6] Statistical Utility: {'client_rank': 6, 'round': 27, 'data_size': 17837, 'data_variance': 0.06342285126447678, 'local_loss': 0.5227939486503601, 'local_accuracy': 81.77945017814636}
    [Client 2] Round 28 - Waiting for global weights...
    [Client 4] Round 28 - Waiting for global weights...
    [Client 5] Round 28 - Waiting for global weights...
    [Client 3] Round 28 - Waiting for global weights...
    [Client 6] Round 27 - Sending updated weights to server...
Received weights from client 6
Waiting for model weights from client 7...
Received weights from client 7
Waiting for model weights from client 8...
    [Client 7] Round 28 - Waiting for global weights...
    [Client 6] Round 28 - Waiting for global weights...
    [Client 8] Round 27 - Sending updated weights to server...
Received weights from client 8
Waiting for model weights from client 9...
    [Client 8] Round 28 - Waiting for global weights...
Received weights from client 9
Waiting for model weights from client 10...
    [Client 9] Round 28 - Waiting for global weights...
    [Client 10] Round 28 - Waiting for global weights...
Received weights from client 10
Received system metrics from client 1: {'cpu_time': 83.08999999985099, 'ram_used_mb': 8165.056512, 'net_sent_bytes': 39956, 'net_recv_bytes': 54726, 'gpu_mem_used_mb': 38969.0, 'gpu_load': 0.0, 'client_rank': 1, 'round': 27, 'timestamp': '2025-08-13 16:38:52'}
Received system metrics from client 2: {'cpu_time': 77.93999999947846, 'ram_used_mb': 8035.110912, 'net_sent_bytes': 38655, 'net_recv_bytes': 54368, 'gpu_mem_used_mb': 38969.0, 'gpu_load': 0.0, 'client_rank': 2, 'round': 27, 'timestamp': '2025-08-13 16:38:52'}
Received system metrics from client 3: {'cpu_time': 33.83999999985099, 'ram_used_mb': 8022.552576, 'net_sent_bytes': 70413, 'net_recv_bytes': 49789, 'gpu_mem_used_mb': 38969.0, 'gpu_load': 0.0, 'client_rank': 3, 'round': 27, 'timestamp': '2025-08-13 16:38:52'}
Received system metrics from client 4: {'cpu_time': 33.309999998658895, 'ram_used_mb': 8130.433024, 'net_sent_bytes': 4633, 'net_recv_bytes': 35340, 'gpu_mem_used_mb': 38969.0, 'gpu_load': 0.0, 'client_rank': 4, 'round': 27, 'timestamp': '2025-08-13 16:38:52'}
Received system metrics from client 5: {'cpu_time': 54.52999999374151, 'ram_used_mb': 8039.358464, 'net_sent_bytes': 42964, 'net_recv_bytes': 55227, 'gpu_mem_used_mb': 38969.0, 'gpu_load': 0.0, 'client_rank': 5, 'round': 27, 'timestamp': '2025-08-13 16:38:52'}
Received system metrics from client 6: {'cpu_time': 59.63000000268221, 'ram_used_mb': 8240.336896, 'net_sent_bytes': 42717, 'net_recv_bytes': 46208, 'gpu_mem_used_mb': 38971.0, 'gpu_load': 0.0, 'client_rank': 6, 'round': 27, 'timestamp': '2025-08-13 16:38:54'}
Received system metrics from client 7: {'cpu_time': 37.75, 'ram_used_mb': 7946.40384, 'net_sent_bytes': 28837, 'net_recv_bytes': 40523, 'gpu_mem_used_mb': 38969.0, 'gpu_load': 0.0, 'client_rank': 7, 'round': 27, 'timestamp': '2025-08-13 16:38:52'}
Received system metrics from client 8: {'cpu_time': 33.79999999701977, 'ram_used_mb': 7637.737472, 'net_sent_bytes': 52367, 'net_recv_bytes': 50329, 'gpu_mem_used_mb': 38969.0, 'gpu_load': 0.0, 'client_rank': 8, 'round': 27, 'timestamp': '2025-08-13 16:38:52'}
Received system metrics from client 9: {'cpu_time': 121.66000000014901, 'ram_used_mb': 8150.884352, 'net_sent_bytes': 686, 'net_recv_bytes': 36128, 'gpu_mem_used_mb': 38969.0, 'gpu_load': 0.0, 'client_rank': 9, 'round': 27, 'timestamp': '2025-08-13 16:38:52'}
Received system metrics from client 10: {'cpu_time': 66.35999999940395, 'ram_used_mb': 8205.713408, 'net_sent_bytes': 3520, 'net_recv_bytes': 38507, 'gpu_mem_used_mb': 38969.0, 'gpu_load': 0.0, 'client_rank': 10, 'round': 27, 'timestamp': '2025-08-13 16:38:52'}
Averaging model weights...
Evaluating updated global model on test set...
Round 27 Evaluation - Accuracy: 0.8069, Loss: 0.5665

===== Round 28 =====
Broadcasting global model to all clients...
Waiting for model weights from client 1...
    [Client 2] Round 28 - Training on local data...
    [Client 9] Round 28 - Training on local data...
    [Client 4] Round 28 - Training on local data...
    [Client 7] Round 28 - Training on local data...
    [Client 1] Round 28 - Training on local data...
    [Client 10] Round 28 - Training on local data...
    [Client 8] Round 28 - Training on local data...
    [Client 5] Round 28 - Training on local data...
    [Client 6] Round 28 - Training on local data...
    [Client 3] Round 28 - Training on local data...
    [Client 2] System Stats: {'cpu_time': 77.96000000089407, 'ram_used_mb': 8275.529728, 'net_sent_bytes': 2460, 'net_recv_bytes': 30454, 'gpu_mem_used_mb': 38971.0, 'gpu_load': 0.0, 'client_rank': 2, 'round': 28, 'timestamp': '2025-08-13 16:39:05'}
    [Client 1] System Stats: {'cpu_time': 83.69000000040978, 'ram_used_mb': 8380.317696, 'net_sent_bytes': 32695, 'net_recv_bytes': 31503, 'gpu_mem_used_mb': 38971.0, 'gpu_load': 0.0, 'client_rank': 1, 'round': 28, 'timestamp': '2025-08-13 16:39:06'}
    [Client 4] System Stats: {'cpu_time': 33.32000000402331, 'ram_used_mb': 8377.536512, 'net_sent_bytes': 17066, 'net_recv_bytes': 46032, 'gpu_mem_used_mb': 38971.0, 'gpu_load': 0.0, 'client_rank': 4, 'round': 28, 'timestamp': '2025-08-13 16:39:06'}
    [Client 3] System Stats: {'cpu_time': 33.93999999947846, 'ram_used_mb': 8241.250304, 'net_sent_bytes': 43549, 'net_recv_bytes': 57840, 'gpu_mem_used_mb': 38971.0, 'gpu_load': 0.0, 'client_rank': 3, 'round': 28, 'timestamp': '2025-08-13 16:39:06'}
    [Client 8] System Stats: {'cpu_time': 33.96999999880791, 'ram_used_mb': 7846.752256, 'net_sent_bytes': 109771, 'net_recv_bytes': 108224, 'gpu_mem_used_mb': 38971.0, 'gpu_load': 0.0, 'client_rank': 8, 'round': 28, 'timestamp': '2025-08-13 16:39:06'}
    [Client 5] System Stats: {'cpu_time': 56.15999999642372, 'ram_used_mb': 8268.890112, 'net_sent_bytes': 518, 'net_recv_bytes': 35064, 'gpu_mem_used_mb': 38971.0, 'gpu_load': 0.0, 'client_rank': 5, 'round': 28, 'timestamp': '2025-08-13 16:39:06'}
    [Client 7] System Stats: {'cpu_time': 39.32000000029802, 'ram_used_mb': 8129.478656, 'net_sent_bytes': 36779, 'net_recv_bytes': 34024, 'gpu_mem_used_mb': 38971.0, 'gpu_load': 0.0, 'client_rank': 7, 'round': 28, 'timestamp': '2025-08-13 16:39:06'}
    [Client 9] System Stats: {'cpu_time': 124.5300000011921, 'ram_used_mb': 8392.220672, 'net_sent_bytes': 2851, 'net_recv_bytes': 35552, 'gpu_mem_used_mb': 38971.0, 'gpu_load': 0.0, 'client_rank': 9, 'round': 28, 'timestamp': '2025-08-13 16:39:06'}
    [Client 10] System Stats: {'cpu_time': 66.81000000052154, 'ram_used_mb': 8439.72608, 'net_sent_bytes': 74910, 'net_recv_bytes': 56775, 'gpu_mem_used_mb': 38971.0, 'gpu_load': 0.0, 'client_rank': 10, 'round': 28, 'timestamp': '2025-08-13 16:39:06'}
    [Client 2] Statistical Utility: {'client_rank': 2, 'round': 28, 'data_size': 2866, 'data_variance': 0.06469513475894928, 'local_loss': 0.4613109230995178, 'local_accuracy': 83.21702480316162}
    [Client 1] Statistical Utility: {'client_rank': 1, 'round': 28, 'data_size': 3640, 'data_variance': 0.06330215185880661, 'local_loss': 0.4017196595668793, 'local_accuracy': 86.51098608970642}
    [Client 8] Statistical Utility: {'client_rank': 8, 'round': 28, 'data_size': 525, 'data_variance': 0.06366205960512161, 'local_loss': 0.3414328992366791, 'local_accuracy': 89.52381014823914}
    [Client 4] Statistical Utility: {'client_rank': 4, 'round': 28, 'data_size': 4459, 'data_variance': 0.06270676851272583, 'local_loss': 0.3665536940097809, 'local_accuracy': 88.38304281234741}
    [Client 7] Statistical Utility: {'client_rank': 7, 'round': 28, 'data_size': 1414, 'data_variance': 0.06267841905355453, 'local_loss': 0.2973777949810028, 'local_accuracy': 91.65487885475159}
    [Client 5] Statistical Utility: {'client_rank': 5, 'round': 28, 'data_size': 3467, 'data_variance': 0.06352055072784424, 'local_loss': 0.3916356861591339, 'local_accuracy': 86.47245168685913}
    [Client 9] Statistical Utility: {'client_rank': 9, 'round': 28, 'data_size': 7110, 'data_variance': 0.06292970478534698, 'local_loss': 0.421377032995224, 'local_accuracy': 84.88044738769531}
    [Client 10] Statistical Utility: {'client_rank': 10, 'round': 28, 'data_size': 5942, 'data_variance': 0.0627174898982048, 'local_loss': 0.39792004227638245, 'local_accuracy': 86.63749694824219}
    [Client 1] Round 28 - Sending updated weights to server...
Received weights from client 1
Waiting for model weights from client 2...
    [Client 6] System Stats: {'cpu_time': 58.74000000208616, 'ram_used_mb': 8427.032576, 'net_sent_bytes': 30458, 'net_recv_bytes': 52686, 'gpu_mem_used_mb': 38971.0, 'gpu_load': 0.0, 'client_rank': 6, 'round': 28, 'timestamp': '2025-08-13 16:39:07'}
    [Client 4] Round 28 - Sending updated weights to server...
    [Client 7] Round 28 - Sending updated weights to server...
    [Client 2] Round 28 - Sending updated weights to server...
Received weights from client 2
Waiting for model weights from client 3...
    [Client 5] Round 28 - Sending updated weights to server...
    [Client 2] Round 29 - Waiting for global weights...
    [Client 3] Statistical Utility: {'client_rank': 3, 'round': 28, 'data_size': 2739, 'data_variance': 0.06390785425901413, 'local_loss': 0.3466191291809082, 'local_accuracy': 89.30266499519348}
    [Client 8] Round 28 - Sending updated weights to server...
    [Client 10] Round 28 - Sending updated weights to server...
    [Client 3] Round 28 - Sending updated weights to server...
Received weights from client 3
Waiting for model weights from client 4...
Received weights from client 4
Waiting for model weights from client 5...
Received weights from client 5
Waiting for model weights from client 6...
    [Client 1] Round 29 - Waiting for global weights...
    [Client 3] Round 29 - Waiting for global weights...
    [Client 6] Statistical Utility: {'client_rank': 6, 'round': 28, 'data_size': 17837, 'data_variance': 0.06342285126447678, 'local_loss': 0.48432233929634094, 'local_accuracy': 83.5566520690918}
    [Client 9] Round 28 - Sending updated weights to server...
    [Client 4] Round 29 - Waiting for global weights...
    [Client 5] Round 29 - Waiting for global weights...
    [Client 6] Round 28 - Sending updated weights to server...
Received weights from client 6
Waiting for model weights from client 7...
Received weights from client 7
Waiting for model weights from client 8...
Received weights from client 8
Waiting for model weights from client 9...
Received weights from client 9
Waiting for model weights from client 10...
Received weights from client 10
Received system metrics from client 1: {'cpu_time': 83.69000000040978, 'ram_used_mb': 8380.317696, 'net_sent_bytes': 32695, 'net_recv_bytes': 31503, 'gpu_mem_used_mb': 38971.0, 'gpu_load': 0.0, 'client_rank': 1, 'round': 28, 'timestamp': '2025-08-13 16:39:06'}
Received system metrics from client 2: {'cpu_time': 77.96000000089407, 'ram_used_mb': 8275.529728, 'net_sent_bytes': 2460, 'net_recv_bytes': 30454, 'gpu_mem_used_mb': 38971.0, 'gpu_load': 0.0, 'client_rank': 2, 'round': 28, 'timestamp': '2025-08-13 16:39:05'}
Received system metrics from client 3: {'cpu_time': 33.93999999947846, 'ram_used_mb': 8241.250304, 'net_sent_bytes': 43549, 'net_recv_bytes': 57840, 'gpu_mem_used_mb': 38971.0, 'gpu_load': 0.0, 'client_rank': 3, 'round': 28, 'timestamp': '2025-08-13 16:39:06'}
Received system metrics from client 4: {'cpu_time': 33.32000000402331, 'ram_used_mb': 8377.536512, 'net_sent_bytes': 17066, 'net_recv_bytes': 46032, 'gpu_mem_used_mb': 38971.0, 'gpu_load': 0.0, 'client_rank': 4, 'round': 28, 'timestamp': '2025-08-13 16:39:06'}
Received system metrics from client 5: {'cpu_time': 56.15999999642372, 'ram_used_mb': 8268.890112, 'net_sent_bytes': 518, 'net_recv_bytes': 35064, 'gpu_mem_used_mb': 38971.0, 'gpu_load': 0.0, 'client_rank': 5, 'round': 28, 'timestamp': '2025-08-13 16:39:06'}
Received system metrics from client 6: {'cpu_time': 58.74000000208616, 'ram_used_mb': 8427.032576, 'net_sent_bytes': 30458, 'net_recv_bytes': 52686, 'gpu_mem_used_mb': 38971.0, 'gpu_load': 0.0, 'client_rank': 6, 'round': 28, 'timestamp': '2025-08-13 16:39:07'}
Received system metrics from client 7: {'cpu_time': 39.32000000029802, 'ram_used_mb': 8129.478656, 'net_sent_bytes': 36779, 'net_recv_bytes': 34024, 'gpu_mem_used_mb': 38971.0, 'gpu_load': 0.0, 'client_rank': 7, 'round': 28, 'timestamp': '2025-08-13 16:39:06'}
Received system metrics from client 8: {'cpu_time': 33.96999999880791, 'ram_used_mb': 7846.752256, 'net_sent_bytes': 109771, 'net_recv_bytes': 108224, 'gpu_mem_used_mb': 38971.0, 'gpu_load': 0.0, 'client_rank': 8, 'round': 28, 'timestamp': '2025-08-13 16:39:06'}
Received system metrics from client 9: {'cpu_time': 124.5300000011921, 'ram_used_mb': 8392.220672, 'net_sent_bytes': 2851, 'net_recv_bytes': 35552, 'gpu_mem_used_mb': 38971.0, 'gpu_load': 0.0, 'client_rank': 9, 'round': 28, 'timestamp': '2025-08-13 16:39:06'}
Received system metrics from client 10: {'cpu_time': 66.81000000052154, 'ram_used_mb': 8439.72608, 'net_sent_bytes': 74910, 'net_recv_bytes': 56775, 'gpu_mem_used_mb': 38971.0, 'gpu_load': 0.0, 'client_rank': 10, 'round': 28, 'timestamp': '2025-08-13 16:39:06'}
Averaging model weights...
Evaluating updated global model on test set...
    [Client 8] Round 29 - Waiting for global weights...
    [Client 9] Round 29 - Waiting for global weights...
Round 28 Evaluation - Accuracy: 0.8091, Loss: 0.5620

===== Round 29 =====
Broadcasting global model to all clients...
    [Client 8] Round 29 - Training on local data...
    [Client 2] Round 29 - Training on local data...
    [Client 9] Round 29 - Training on local data...
    [Client 1] Round 29 - Training on local data...
    [Client 4] Round 29 - Training on local data...
    [Client 3] Round 29 - Training on local data...
    [Client 5] Round 29 - Training on local data...
    [Client 6] Round 29 - Waiting for global weights...
    [Client 7] Round 29 - Waiting for global weights...
Waiting for model weights from client 1...
    [Client 10] Round 29 - Waiting for global weights...
    [Client 6] Round 29 - Training on local data...
    [Client 7] Round 29 - Training on local data...
    [Client 10] Round 29 - Training on local data...
    [Client 1] System Stats: {'cpu_time': 85.25999999977648, 'ram_used_mb': 8430.46912, 'net_sent_bytes': 68778, 'net_recv_bytes': 72977, 'gpu_mem_used_mb': 38971.0, 'gpu_load': 0.0, 'client_rank': 1, 'round': 29, 'timestamp': '2025-08-13 16:39:18'}
    [Client 4] System Stats: {'cpu_time': 33.96000000089407, 'ram_used_mb': 8450.84672, 'net_sent_bytes': 79452, 'net_recv_bytes': 59467, 'gpu_mem_used_mb': 38973.0, 'gpu_load': 0.01, 'client_rank': 4, 'round': 29, 'timestamp': '2025-08-13 16:39:18'}
    [Client 3] System Stats: {'cpu_time': 35.04999999888241, 'ram_used_mb': 8299.58144, 'net_sent_bytes': 14173, 'net_recv_bytes': 35844, 'gpu_mem_used_mb': 38973.0, 'gpu_load': 0.0, 'client_rank': 3, 'round': 29, 'timestamp': '2025-08-13 16:39:18'}
    [Client 5] System Stats: {'cpu_time': 58.07000000029802, 'ram_used_mb': 8337.186816, 'net_sent_bytes': 38493, 'net_recv_bytes': 48164, 'gpu_mem_used_mb': 38973.0, 'gpu_load': 0.0, 'client_rank': 5, 'round': 29, 'timestamp': '2025-08-13 16:39:18'}
    [Client 9] System Stats: {'cpu_time': 123.12999999895692, 'ram_used_mb': 8444.776448, 'net_sent_bytes': 266, 'net_recv_bytes': 30254, 'gpu_mem_used_mb': 38971.0, 'gpu_load': 0.0, 'client_rank': 9, 'round': 29, 'timestamp': '2025-08-13 16:39:18'}
    [Client 7] System Stats: {'cpu_time': 39.37999999895692, 'ram_used_mb': 8202.825728, 'net_sent_bytes': 46969, 'net_recv_bytes': 61460, 'gpu_mem_used_mb': 38971.0, 'gpu_load': 0.0, 'client_rank': 7, 'round': 29, 'timestamp': '2025-08-13 16:39:19'}
    [Client 2] System Stats: {'cpu_time': 88.52000000141561, 'ram_used_mb': 8299.270144, 'net_sent_bytes': 75244, 'net_recv_bytes': 56360, 'gpu_mem_used_mb': 38973.0, 'gpu_load': 0.0, 'client_rank': 2, 'round': 29, 'timestamp': '2025-08-13 16:39:19'}
    [Client 1] Statistical Utility: {'client_rank': 1, 'round': 29, 'data_size': 3640, 'data_variance': 0.06330215185880661, 'local_loss': 0.36065995693206787, 'local_accuracy': 87.22527623176575}
    [Client 8] System Stats: {'cpu_time': 37.89000000059605, 'ram_used_mb': 7904.968704, 'net_sent_bytes': 134440, 'net_recv_bytes': 141944, 'gpu_mem_used_mb': 38973.0, 'gpu_load': 0.0, 'client_rank': 8, 'round': 29, 'timestamp': '2025-08-13 16:39:19'}
    [Client 4] Statistical Utility: {'client_rank': 4, 'round': 29, 'data_size': 4459, 'data_variance': 0.06270676851272583, 'local_loss': 0.36247095465660095, 'local_accuracy': 87.53083944320679}
    [Client 3] Statistical Utility: {'client_rank': 3, 'round': 29, 'data_size': 2739, 'data_variance': 0.06390785425901413, 'local_loss': 0.34624746441841125, 'local_accuracy': 89.41219449043274}
    [Client 10] System Stats: {'cpu_time': 66.85000000149012, 'ram_used_mb': 8472.911872, 'net_sent_bytes': 6452, 'net_recv_bytes': 76417, 'gpu_mem_used_mb': 38971.0, 'gpu_load': 0.0, 'client_rank': 10, 'round': 29, 'timestamp': '2025-08-13 16:39:19'}
    [Client 5] Statistical Utility: {'client_rank': 5, 'round': 29, 'data_size': 3467, 'data_variance': 0.06352055072784424, 'local_loss': 0.35692355036735535, 'local_accuracy': 88.40495944023132}
    [Client 9] Statistical Utility: {'client_rank': 9, 'round': 29, 'data_size': 7110, 'data_variance': 0.06292970478534698, 'local_loss': 0.4618716537952423, 'local_accuracy': 83.68495106697083}
    [Client 1] Round 29 - Sending updated weights to server...
Received weights from client 1
Waiting for model weights from client 2...
    [Client 7] Statistical Utility: {'client_rank': 7, 'round': 29, 'data_size': 1414, 'data_variance': 0.06267841905355453, 'local_loss': 0.2834278643131256, 'local_accuracy': 91.79632067680359}
    [Client 2] Statistical Utility: {'client_rank': 2, 'round': 29, 'data_size': 2866, 'data_variance': 0.06469513475894928, 'local_loss': 0.3361949026584625, 'local_accuracy': 88.79972100257874}
    [Client 8] Statistical Utility: {'client_rank': 8, 'round': 29, 'data_size': 525, 'data_variance': 0.06366205960512161, 'local_loss': 0.367777556180954, 'local_accuracy': 87.61904835700989}
    [Client 3] Round 29 - Sending updated weights to server...
    [Client 1] Round 30 - Waiting for global weights...
    [Client 4] Round 29 - Sending updated weights to server...
    [Client 5] Round 29 - Sending updated weights to server...
    [Client 10] Statistical Utility: {'client_rank': 10, 'round': 29, 'data_size': 5942, 'data_variance': 0.0627174898982048, 'local_loss': 0.3547777831554413, 'local_accuracy': 87.79872059822083}
    [Client 9] Round 29 - Sending updated weights to server...
    [Client 6] System Stats: {'cpu_time': 60.08999999985099, 'ram_used_mb': 8482.074624, 'net_sent_bytes': 35469, 'net_recv_bytes': 79779, 'gpu_mem_used_mb': 38973.0, 'gpu_load': 0.0, 'client_rank': 6, 'round': 29, 'timestamp': '2025-08-13 16:39:20'}
    [Client 2] Round 29 - Sending updated weights to server...
Received weights from client 2
Waiting for model weights from client 3...
Received weights from client 3
Waiting for model weights from client 4...
Received weights from client 4
Waiting for model weights from client 5...
Received weights from client 5
Waiting for model weights from client 6...
    [Client 7] Round 29 - Sending updated weights to server...
    [Client 2] Round 30 - Waiting for global weights...
    [Client 4] Round 30 - Waiting for global weights...
    [Client 3] Round 30 - Waiting for global weights...
    [Client 5] Round 30 - Waiting for global weights...
    [Client 10] Round 29 - Sending updated weights to server...
    [Client 8] Round 29 - Sending updated weights to server...
    [Client 6] Statistical Utility: {'client_rank': 6, 'round': 29, 'data_size': 17837, 'data_variance': 0.06342285126447678, 'local_loss': 0.48129022121429443, 'local_accuracy': 83.33800435066223}
    [Client 6] Round 29 - Sending updated weights to server...
Received weights from client 6
Waiting for model weights from client 7...
Received weights from client 7
Waiting for model weights from client 8...
Received weights from client 8
Waiting for model weights from client 9...
Received weights from client 9
Waiting for model weights from client 10...
Received weights from client 10
Received system metrics from client 1: {'cpu_time': 85.25999999977648, 'ram_used_mb': 8430.46912, 'net_sent_bytes': 68778, 'net_recv_bytes': 72977, 'gpu_mem_used_mb': 38971.0, 'gpu_load': 0.0, 'client_rank': 1, 'round': 29, 'timestamp': '2025-08-13 16:39:18'}
Received system metrics from client 2: {'cpu_time': 88.52000000141561, 'ram_used_mb': 8299.270144, 'net_sent_bytes': 75244, 'net_recv_bytes': 56360, 'gpu_mem_used_mb': 38973.0, 'gpu_load': 0.0, 'client_rank': 2, 'round': 29, 'timestamp': '2025-08-13 16:39:19'}
Received system metrics from client 3: {'cpu_time': 35.04999999888241, 'ram_used_mb': 8299.58144, 'net_sent_bytes': 14173, 'net_recv_bytes': 35844, 'gpu_mem_used_mb': 38973.0, 'gpu_load': 0.0, 'client_rank': 3, 'round': 29, 'timestamp': '2025-08-13 16:39:18'}
Received system metrics from client 4: {'cpu_time': 33.96000000089407, 'ram_used_mb': 8450.84672, 'net_sent_bytes': 79452, 'net_recv_bytes': 59467, 'gpu_mem_used_mb': 38973.0, 'gpu_load': 0.01, 'client_rank': 4, 'round': 29, 'timestamp': '2025-08-13 16:39:18'}
Received system metrics from client 5: {'cpu_time': 58.07000000029802, 'ram_used_mb': 8337.186816, 'net_sent_bytes': 38493, 'net_recv_bytes': 48164, 'gpu_mem_used_mb': 38973.0, 'gpu_load': 0.0, 'client_rank': 5, 'round': 29, 'timestamp': '2025-08-13 16:39:18'}
Received system metrics from client 6: {'cpu_time': 60.08999999985099, 'ram_used_mb': 8482.074624, 'net_sent_bytes': 35469, 'net_recv_bytes': 79779, 'gpu_mem_used_mb': 38973.0, 'gpu_load': 0.0, 'client_rank': 6, 'round': 29, 'timestamp': '2025-08-13 16:39:20'}
Received system metrics from client 7: {'cpu_time': 39.37999999895692, 'ram_used_mb': 8202.825728, 'net_sent_bytes': 46969, 'net_recv_bytes': 61460, 'gpu_mem_used_mb': 38971.0, 'gpu_load': 0.0, 'client_rank': 7, 'round': 29, 'timestamp': '2025-08-13 16:39:19'}
Received system metrics from client 8: {'cpu_time': 37.89000000059605, 'ram_used_mb': 7904.968704, 'net_sent_bytes': 134440, 'net_recv_bytes': 141944, 'gpu_mem_used_mb': 38973.0, 'gpu_load': 0.0, 'client_rank': 8, 'round': 29, 'timestamp': '2025-08-13 16:39:19'}
Received system metrics from client 9: {'cpu_time': 123.12999999895692, 'ram_used_mb': 8444.776448, 'net_sent_bytes': 266, 'net_recv_bytes': 30254, 'gpu_mem_used_mb': 38971.0, 'gpu_load': 0.0, 'client_rank': 9, 'round': 29, 'timestamp': '2025-08-13 16:39:18'}
Received system metrics from client 10: {'cpu_time': 66.85000000149012, 'ram_used_mb': 8472.911872, 'net_sent_bytes': 6452, 'net_recv_bytes': 76417, 'gpu_mem_used_mb': 38971.0, 'gpu_load': 0.0, 'client_rank': 10, 'round': 29, 'timestamp': '2025-08-13 16:39:19'}
Averaging model weights...
Evaluating updated global model on test set...
    [Client 9] Round 30 - Waiting for global weights...
    [Client 7] Round 30 - Waiting for global weights...
    [Client 8] Round 30 - Waiting for global weights...
    [Client 10] Round 30 - Waiting for global weights...
    [Client 6] Round 30 - Waiting for global weights...
Round 29 Evaluation - Accuracy: 0.8120, Loss: 0.5518

===== Round 30 =====
Broadcasting global model to all clients...
    [Client 3] Round 30 - Training on local data...
    [Client 8] Round 30 - Training on local data...
    [Client 7] Round 30 - Training on local data...
    [Client 5] Round 30 - Training on local data...
    [Client 1] Round 30 - Training on local data...
    [Client 2] Round 30 - Training on local data...
    [Client 4] Round 30 - Training on local data...
Waiting for model weights from client 1...
    [Client 9] Round 30 - Training on local data...
    [Client 10] Round 30 - Training on local data...
    [Client 6] Round 30 - Training on local data...
    [Client 8] System Stats: {'cpu_time': 32.21999999880791, 'ram_used_mb': 8115.777536, 'net_sent_bytes': 113038, 'net_recv_bytes': 106692, 'gpu_mem_used_mb': 38973.0, 'gpu_load': 0.0, 'client_rank': 8, 'round': 30, 'timestamp': '2025-08-13 16:39:31'}
    [Client 2] System Stats: {'cpu_time': 78.55000000074506, 'ram_used_mb': 8487.108608, 'net_sent_bytes': 1193, 'net_recv_bytes': 35993, 'gpu_mem_used_mb': 38973.0, 'gpu_load': 0.0, 'client_rank': 2, 'round': 30, 'timestamp': '2025-08-13 16:39:31'}
    [Client 4] System Stats: {'cpu_time': 33.99000000208616, 'ram_used_mb': 8578.379776, 'net_sent_bytes': 32573, 'net_recv_bytes': 73125, 'gpu_mem_used_mb': 38973.0, 'gpu_load': 0.0, 'client_rank': 4, 'round': 30, 'timestamp': '2025-08-13 16:39:31'}
    [Client 1] System Stats: {'cpu_time': 83.63999999966472, 'ram_used_mb': 8609.337344, 'net_sent_bytes': 32154, 'net_recv_bytes': 36836, 'gpu_mem_used_mb': 38973.0, 'gpu_load': 0.0, 'client_rank': 1, 'round': 30, 'timestamp': '2025-08-13 16:39:31'}
    [Client 7] System Stats: {'cpu_time': 38.73999999836087, 'ram_used_mb': 8363.7248, 'net_sent_bytes': 39505, 'net_recv_bytes': 46639, 'gpu_mem_used_mb': 38973.0, 'gpu_load': 0.01, 'client_rank': 7, 'round': 30, 'timestamp': '2025-08-13 16:39:31'}
    [Client 3] System Stats: {'cpu_time': 34.269999999552965, 'ram_used_mb': 8477.708288, 'net_sent_bytes': 29204, 'net_recv_bytes': 64426, 'gpu_mem_used_mb': 38973.0, 'gpu_load': 0.0, 'client_rank': 3, 'round': 30, 'timestamp': '2025-08-13 16:39:31'}
    [Client 5] System Stats: {'cpu_time': 54.61999999731779, 'ram_used_mb': 8516.739072, 'net_sent_bytes': 43180, 'net_recv_bytes': 75173, 'gpu_mem_used_mb': 38973.0, 'gpu_load': 0.0, 'client_rank': 5, 'round': 30, 'timestamp': '2025-08-13 16:39:32'}
    [Client 9] System Stats: {'cpu_time': 121.92000000178814, 'ram_used_mb': 8634.200064, 'net_sent_bytes': 40800, 'net_recv_bytes': 60383, 'gpu_mem_used_mb': 38973.0, 'gpu_load': 0.0, 'client_rank': 9, 'round': 30, 'timestamp': '2025-08-13 16:39:32'}
    [Client 10] System Stats: {'cpu_time': 66.99000000022352, 'ram_used_mb': 8686.739456, 'net_sent_bytes': 40107, 'net_recv_bytes': 56664, 'gpu_mem_used_mb': 38973.0, 'gpu_load': 0.0, 'client_rank': 10, 'round': 30, 'timestamp': '2025-08-13 16:39:32'}
    [Client 8] Statistical Utility: {'client_rank': 8, 'round': 30, 'data_size': 525, 'data_variance': 0.06366205960512161, 'local_loss': 0.4702766239643097, 'local_accuracy': 83.99999737739563}
    [Client 2] Statistical Utility: {'client_rank': 2, 'round': 30, 'data_size': 2866, 'data_variance': 0.06469513475894928, 'local_loss': 0.38919293880462646, 'local_accuracy': 87.05512881278992}
    [Client 1] Statistical Utility: {'client_rank': 1, 'round': 30, 'data_size': 3640, 'data_variance': 0.06330215185880661, 'local_loss': 0.3350900113582611, 'local_accuracy': 88.98351788520813}
    [Client 4] Statistical Utility: {'client_rank': 4, 'round': 30, 'data_size': 4459, 'data_variance': 0.06270676851272583, 'local_loss': 0.3727852702140808, 'local_accuracy': 87.41870522499084}
    [Client 7] Statistical Utility: {'client_rank': 7, 'round': 30, 'data_size': 1414, 'data_variance': 0.06267841905355453, 'local_loss': 0.3386007249355316, 'local_accuracy': 88.40169906616211}
    [Client 3] Statistical Utility: {'client_rank': 3, 'round': 30, 'data_size': 2739, 'data_variance': 0.06390785425901413, 'local_loss': 0.35511061549186707, 'local_accuracy': 88.7915313243866}
    [Client 5] Statistical Utility: {'client_rank': 5, 'round': 30, 'data_size': 3467, 'data_variance': 0.06352055072784424, 'local_loss': 0.3518927991390228, 'local_accuracy': 88.37611675262451}
    [Client 10] Statistical Utility: {'client_rank': 10, 'round': 30, 'data_size': 5942, 'data_variance': 0.0627174898982048, 'local_loss': 0.3796858787536621, 'local_accuracy': 86.73847317695618}
    [Client 9] Statistical Utility: {'client_rank': 9, 'round': 30, 'data_size': 7110, 'data_variance': 0.06292970478534698, 'local_loss': 0.3937392830848694, 'local_accuracy': 86.11814379692078}
    [Client 1] Round 30 - Sending updated weights to server...
    [Client 6] System Stats: {'cpu_time': 56.74000000208616, 'ram_used_mb': 8695.422976, 'net_sent_bytes': 75867, 'net_recv_bytes': 132284, 'gpu_mem_used_mb': 38973.0, 'gpu_load': 0.0, 'client_rank': 6, 'round': 30, 'timestamp': '2025-08-13 16:39:33'}
Received weights from client 1
Waiting for model weights from client 2...
    [Client 7] Round 30 - Sending updated weights to server...
    [Client 1] Round 31 - Waiting for global weights...
    [Client 5] Round 30 - Sending updated weights to server...
    [Client 4] Round 30 - Sending updated weights to server...
    [Client 10] Round 30 - Sending updated weights to server...
    [Client 9] Round 30 - Sending updated weights to server...
    [Client 3] Round 30 - Sending updated weights to server...
    [Client 6] Statistical Utility: {'client_rank': 6, 'round': 30, 'data_size': 17837, 'data_variance': 0.06342285126447678, 'local_loss': 0.5141065120697021, 'local_accuracy': 82.05976486206055}
    [Client 6] Round 30 - Sending updated weights to server...
    [Client 8] Round 30 - Sending updated weights to server...
    [Client 2] Round 30 - Sending updated weights to server...
Received weights from client 2
Waiting for model weights from client 3...
Received weights from client 3
Waiting for model weights from client 4...
Received weights from client 4
Waiting for model weights from client 5...
Received weights from client 5
Waiting for model weights from client 6...
Received weights from client 6
Waiting for model weights from client 7...
Received weights from client 7
Waiting for model weights from client 8...
Received weights from client 8
Waiting for model weights from client 9...
Received weights from client 9
Waiting for model weights from client 10...
Received weights from client 10
Received system metrics from client 1: {'cpu_time': 83.63999999966472, 'ram_used_mb': 8609.337344, 'net_sent_bytes': 32154, 'net_recv_bytes': 36836, 'gpu_mem_used_mb': 38973.0, 'gpu_load': 0.0, 'client_rank': 1, 'round': 30, 'timestamp': '2025-08-13 16:39:31'}
Received system metrics from client 2: {'cpu_time': 78.55000000074506, 'ram_used_mb': 8487.108608, 'net_sent_bytes': 1193, 'net_recv_bytes': 35993, 'gpu_mem_used_mb': 38973.0, 'gpu_load': 0.0, 'client_rank': 2, 'round': 30, 'timestamp': '2025-08-13 16:39:31'}
Received system metrics from client 3: {'cpu_time': 34.269999999552965, 'ram_used_mb': 8477.708288, 'net_sent_bytes': 29204, 'net_recv_bytes': 64426, 'gpu_mem_used_mb': 38973.0, 'gpu_load': 0.0, 'client_rank': 3, 'round': 30, 'timestamp': '2025-08-13 16:39:31'}
Received system metrics from client 4: {'cpu_time': 33.99000000208616, 'ram_used_mb': 8578.379776, 'net_sent_bytes': 32573, 'net_recv_bytes': 73125, 'gpu_mem_used_mb': 38973.0, 'gpu_load': 0.0, 'client_rank': 4, 'round': 30, 'timestamp': '2025-08-13 16:39:31'}
Received system metrics from client 5: {'cpu_time': 54.61999999731779, 'ram_used_mb': 8516.739072, 'net_sent_bytes': 43180, 'net_recv_bytes': 75173, 'gpu_mem_used_mb': 38973.0, 'gpu_load': 0.0, 'client_rank': 5, 'round': 30, 'timestamp': '2025-08-13 16:39:32'}
Received system metrics from client 6: {'cpu_time': 56.74000000208616, 'ram_used_mb': 8695.422976, 'net_sent_bytes': 75867, 'net_recv_bytes': 132284, 'gpu_mem_used_mb': 38973.0, 'gpu_load': 0.0, 'client_rank': 6, 'round': 30, 'timestamp': '2025-08-13 16:39:33'}
Received system metrics from client 7: {'cpu_time': 38.73999999836087, 'ram_used_mb': 8363.7248, 'net_sent_bytes': 39505, 'net_recv_bytes': 46639, 'gpu_mem_used_mb': 38973.0, 'gpu_load': 0.01, 'client_rank': 7, 'round': 30, 'timestamp': '2025-08-13 16:39:31'}
Received system metrics from client 8: {'cpu_time': 32.21999999880791, 'ram_used_mb': 8115.777536, 'net_sent_bytes': 113038, 'net_recv_bytes': 106692, 'gpu_mem_used_mb': 38973.0, 'gpu_load': 0.0, 'client_rank': 8, 'round': 30, 'timestamp': '2025-08-13 16:39:31'}
Received system metrics from client 9: {'cpu_time': 121.92000000178814, 'ram_used_mb': 8634.200064, 'net_sent_bytes': 40800, 'net_recv_bytes': 60383, 'gpu_mem_used_mb': 38973.0, 'gpu_load': 0.0, 'client_rank': 9, 'round': 30, 'timestamp': '2025-08-13 16:39:32'}
Received system metrics from client 10: {'cpu_time': 66.99000000022352, 'ram_used_mb': 8686.739456, 'net_sent_bytes': 40107, 'net_recv_bytes': 56664, 'gpu_mem_used_mb': 38973.0, 'gpu_load': 0.0, 'client_rank': 10, 'round': 30, 'timestamp': '2025-08-13 16:39:32'}
Averaging model weights...
Evaluating updated global model on test set...
    [Client 2] Round 31 - Waiting for global weights...
    [Client 8] Round 31 - Waiting for global weights...
    [Client 4] Round 31 - Waiting for global weights...
    [Client 7] Round 31 - Waiting for global weights...
    [Client 3] Round 31 - Waiting for global weights...
    [Client 9] Round 31 - Waiting for global weights...
    [Client 5] Round 31 - Waiting for global weights...
    [Client 10] Round 31 - Waiting for global weights...
    [Client 6] Round 31 - Waiting for global weights...
Round 30 Evaluation - Accuracy: 0.8090, Loss: 0.5609

===== Round 31 =====
Broadcasting global model to all clients...
Waiting for model weights from client 1...
    [Client 9] Round 31 - Training on local data...
    [Client 7] Round 31 - Training on local data...
    [Client 8] Round 31 - Training on local data...
    [Client 2] Round 31 - Training on local data...
    [Client 10] Round 31 - Training on local data...
    [Client 6] Round 31 - Training on local data...
    [Client 5] Round 31 - Training on local data...
    [Client 3] Round 31 - Training on local data...
    [Client 4] Round 31 - Training on local data...
    [Client 1] Round 31 - Training on local data...
    [Client 8] System Stats: {'cpu_time': 32.37000000104308, 'ram_used_mb': 8302.125056, 'net_sent_bytes': 111988, 'net_recv_bytes': 102147, 'gpu_mem_used_mb': 38975.0, 'gpu_load': 0.0, 'client_rank': 8, 'round': 31, 'timestamp': '2025-08-13 16:40:01'}
    [Client 2] System Stats: {'cpu_time': 78.51000000163913, 'ram_used_mb': 8739.672064, 'net_sent_bytes': 15085, 'net_recv_bytes': 37005, 'gpu_mem_used_mb': 38975.0, 'gpu_load': 0.0, 'client_rank': 2, 'round': 31, 'timestamp': '2025-08-13 16:40:01'}
    [Client 1] System Stats: {'cpu_time': 83.96999999973923, 'ram_used_mb': 8842.604544, 'net_sent_bytes': 45804, 'net_recv_bytes': 41749, 'gpu_mem_used_mb': 38973.0, 'gpu_load': 0.0, 'client_rank': 1, 'round': 31, 'timestamp': '2025-08-13 16:40:01'}
    [Client 3] System Stats: {'cpu_time': 33.28999999910593, 'ram_used_mb': 8724.72576, 'net_sent_bytes': 786, 'net_recv_bytes': 31036, 'gpu_mem_used_mb': 38975.0, 'gpu_load': 0.0, 'client_rank': 3, 'round': 31, 'timestamp': '2025-08-13 16:40:01'}
    [Client 4] System Stats: {'cpu_time': 33.43000000342727, 'ram_used_mb': 8841.203712, 'net_sent_bytes': 9054, 'net_recv_bytes': 40941, 'gpu_mem_used_mb': 38975.0, 'gpu_load': 0.0, 'client_rank': 4, 'round': 31, 'timestamp': '2025-08-13 16:40:01'}
    [Client 7] System Stats: {'cpu_time': 38.13000000268221, 'ram_used_mb': 8610.680832, 'net_sent_bytes': 76781, 'net_recv_bytes': 48498, 'gpu_mem_used_mb': 38973.0, 'gpu_load': 0.0, 'client_rank': 7, 'round': 31, 'timestamp': '2025-08-13 16:40:01'}
    [Client 5] System Stats: {'cpu_time': 55.439999997615814, 'ram_used_mb': 8733.343744, 'net_sent_bytes': 25864, 'net_recv_bytes': 39646, 'gpu_mem_used_mb': 38975.0, 'gpu_load': 0.0, 'client_rank': 5, 'round': 31, 'timestamp': '2025-08-13 16:40:01'}
    [Client 9] System Stats: {'cpu_time': 121.7799999974668, 'ram_used_mb': 8894.902272, 'net_sent_bytes': 43581, 'net_recv_bytes': 50595, 'gpu_mem_used_mb': 38973.0, 'gpu_load': 0.0, 'client_rank': 9, 'round': 31, 'timestamp': '2025-08-13 16:40:02'}
    [Client 10] System Stats: {'cpu_time': 66.22999999672174, 'ram_used_mb': 8905.371648, 'net_sent_bytes': 3506, 'net_recv_bytes': 38417, 'gpu_mem_used_mb': 38975.0, 'gpu_load': 0.01, 'client_rank': 10, 'round': 31, 'timestamp': '2025-08-13 16:40:02'}
    [Client 8] Statistical Utility: {'client_rank': 8, 'round': 31, 'data_size': 525, 'data_variance': 0.06366205960512161, 'local_loss': 0.28222984075546265, 'local_accuracy': 91.80952310562134}
    [Client 2] Statistical Utility: {'client_rank': 2, 'round': 31, 'data_size': 2866, 'data_variance': 0.06469513475894928, 'local_loss': 0.29901477694511414, 'local_accuracy': 90.43963551521301}
    [Client 1] Statistical Utility: {'client_rank': 1, 'round': 31, 'data_size': 3640, 'data_variance': 0.06330215185880661, 'local_loss': 0.34266066551208496, 'local_accuracy': 89.56043720245361}
    [Client 3] Statistical Utility: {'client_rank': 3, 'round': 31, 'data_size': 2739, 'data_variance': 0.06390785425901413, 'local_loss': 0.3928082585334778, 'local_accuracy': 86.7834985256195}
    [Client 7] Statistical Utility: {'client_rank': 7, 'round': 31, 'data_size': 1414, 'data_variance': 0.06267841905355453, 'local_loss': 0.2654851973056793, 'local_accuracy': 91.72559976577759}
    [Client 4] Statistical Utility: {'client_rank': 4, 'round': 31, 'data_size': 4459, 'data_variance': 0.06270676851272583, 'local_loss': 0.35585975646972656, 'local_accuracy': 87.59811520576477}
    [Client 5] Statistical Utility: {'client_rank': 5, 'round': 31, 'data_size': 3467, 'data_variance': 0.06352055072784424, 'local_loss': 0.3155513107776642, 'local_accuracy': 90.13556241989136}
    [Client 2] Round 31 - Sending updated weights to server...
    [Client 10] Statistical Utility: {'client_rank': 10, 'round': 31, 'data_size': 5942, 'data_variance': 0.0627174898982048, 'local_loss': 0.38504859805107117, 'local_accuracy': 86.7216408252716}
    [Client 8] Round 31 - Sending updated weights to server...
    [Client 9] Statistical Utility: {'client_rank': 9, 'round': 31, 'data_size': 7110, 'data_variance': 0.06292970478534698, 'local_loss': 0.40665948390960693, 'local_accuracy': 86.04782223701477}
    [Client 3] Round 31 - Sending updated weights to server...
    [Client 4] Round 31 - Sending updated weights to server...
    [Client 5] Round 31 - Sending updated weights to server...
    [Client 6] System Stats: {'cpu_time': 69.22999999672174, 'ram_used_mb': 8966.51264, 'net_sent_bytes': 38124, 'net_recv_bytes': 58127, 'gpu_mem_used_mb': 38975.0, 'gpu_load': 0.0, 'client_rank': 6, 'round': 31, 'timestamp': '2025-08-13 16:40:03'}
    [Client 10] Round 31 - Sending updated weights to server...
    [Client 1] Round 31 - Sending updated weights to server...
Received weights from client 1
Waiting for model weights from client 2...
Received weights from client 2
Waiting for model weights from client 3...
Received weights from client 3
Waiting for model weights from client 4...
Received weights from client 4
Waiting for model weights from client 5...
Received weights from client 5
Waiting for model weights from client 6...
    [Client 2] Round 32 - Waiting for global weights...
    [Client 1] Round 32 - Waiting for global weights...
    [Client 4] Round 32 - Waiting for global weights...
    [Client 3] Round 32 - Waiting for global weights...
    [Client 5] Round 32 - Waiting for global weights...
    [Client 7] Round 31 - Sending updated weights to server...
    [Client 6] Statistical Utility: {'client_rank': 6, 'round': 31, 'data_size': 17837, 'data_variance': 0.06342285126447678, 'local_loss': 0.44557884335517883, 'local_accuracy': 84.45926904678345}
    [Client 6] Round 31 - Sending updated weights to server...
Received weights from client 6
Waiting for model weights from client 7...
Received weights from client 7
Waiting for model weights from client 8...
Received weights from client 8
Waiting for model weights from client 9...
    [Client 7] Round 32 - Waiting for global weights...
    [Client 8] Round 32 - Waiting for global weights...
    [Client 6] Round 32 - Waiting for global weights...
    [Client 9] Round 31 - Sending updated weights to server...
Received weights from client 9
Waiting for model weights from client 10...
Received weights from client 10
Received system metrics from client 1: {'cpu_time': 83.96999999973923, 'ram_used_mb': 8842.604544, 'net_sent_bytes': 45804, 'net_recv_bytes': 41749, 'gpu_mem_used_mb': 38973.0, 'gpu_load': 0.0, 'client_rank': 1, 'round': 31, 'timestamp': '2025-08-13 16:40:01'}
Received system metrics from client 2: {'cpu_time': 78.51000000163913, 'ram_used_mb': 8739.672064, 'net_sent_bytes': 15085, 'net_recv_bytes': 37005, 'gpu_mem_used_mb': 38975.0, 'gpu_load': 0.0, 'client_rank': 2, 'round': 31, 'timestamp': '2025-08-13 16:40:01'}
Received system metrics from client 3: {'cpu_time': 33.28999999910593, 'ram_used_mb': 8724.72576, 'net_sent_bytes': 786, 'net_recv_bytes': 31036, 'gpu_mem_used_mb': 38975.0, 'gpu_load': 0.0, 'client_rank': 3, 'round': 31, 'timestamp': '2025-08-13 16:40:01'}
Received system metrics from client 4: {'cpu_time': 33.43000000342727, 'ram_used_mb': 8841.203712, 'net_sent_bytes': 9054, 'net_recv_bytes': 40941, 'gpu_mem_used_mb': 38975.0, 'gpu_load': 0.0, 'client_rank': 4, 'round': 31, 'timestamp': '2025-08-13 16:40:01'}
Received system metrics from client 5: {'cpu_time': 55.439999997615814, 'ram_used_mb': 8733.343744, 'net_sent_bytes': 25864, 'net_recv_bytes': 39646, 'gpu_mem_used_mb': 38975.0, 'gpu_load': 0.0, 'client_rank': 5, 'round': 31, 'timestamp': '2025-08-13 16:40:01'}
Received system metrics from client 6: {'cpu_time': 69.22999999672174, 'ram_used_mb': 8966.51264, 'net_sent_bytes': 38124, 'net_recv_bytes': 58127, 'gpu_mem_used_mb': 38975.0, 'gpu_load': 0.0, 'client_rank': 6, 'round': 31, 'timestamp': '2025-08-13 16:40:03'}
Received system metrics from client 7: {'cpu_time': 38.13000000268221, 'ram_used_mb': 8610.680832, 'net_sent_bytes': 76781, 'net_recv_bytes': 48498, 'gpu_mem_used_mb': 38973.0, 'gpu_load': 0.0, 'client_rank': 7, 'round': 31, 'timestamp': '2025-08-13 16:40:01'}
Received system metrics from client 8: {'cpu_time': 32.37000000104308, 'ram_used_mb': 8302.125056, 'net_sent_bytes': 111988, 'net_recv_bytes': 102147, 'gpu_mem_used_mb': 38975.0, 'gpu_load': 0.0, 'client_rank': 8, 'round': 31, 'timestamp': '2025-08-13 16:40:01'}
Received system metrics from client 9: {'cpu_time': 121.7799999974668, 'ram_used_mb': 8894.902272, 'net_sent_bytes': 43581, 'net_recv_bytes': 50595, 'gpu_mem_used_mb': 38973.0, 'gpu_load': 0.0, 'client_rank': 9, 'round': 31, 'timestamp': '2025-08-13 16:40:02'}
Received system metrics from client 10: {'cpu_time': 66.22999999672174, 'ram_used_mb': 8905.371648, 'net_sent_bytes': 3506, 'net_recv_bytes': 38417, 'gpu_mem_used_mb': 38975.0, 'gpu_load': 0.01, 'client_rank': 10, 'round': 31, 'timestamp': '2025-08-13 16:40:02'}
Averaging model weights...
Evaluating updated global model on test set...
    [Client 9] Round 32 - Waiting for global weights...
    [Client 10] Round 32 - Waiting for global weights...
Round 31 Evaluation - Accuracy: 0.8188, Loss: 0.5300

===== Round 32 =====
Broadcasting global model to all clients...
Waiting for model weights from client 1...
    [Client 9] Round 32 - Training on local data...
    [Client 1] Round 32 - Training on local data...
    [Client 2] Round 32 - Training on local data...
    [Client 7] Round 32 - Training on local data...
    [Client 8] Round 32 - Training on local data...
    [Client 4] Round 32 - Training on local data...
    [Client 10] Round 32 - Training on local data...
    [Client 6] Round 32 - Training on local data...
    [Client 5] Round 32 - Training on local data...
    [Client 3] Round 32 - Training on local data...
    [Client 8] System Stats: {'cpu_time': 31.890000000596046, 'ram_used_mb': 8552.525824, 'net_sent_bytes': 68974, 'net_recv_bytes': 76511, 'gpu_mem_used_mb': 38977.0, 'gpu_load': 0.0, 'client_rank': 8, 'round': 32, 'timestamp': '2025-08-13 16:40:16'}
    [Client 2] System Stats: {'cpu_time': 77.65000000037253, 'ram_used_mb': 8952.119296, 'net_sent_bytes': 33475, 'net_recv_bytes': 32198, 'gpu_mem_used_mb': 38977.0, 'gpu_load': 0.0, 'client_rank': 2, 'round': 32, 'timestamp': '2025-08-13 16:40:16'}
    [Client 1] System Stats: {'cpu_time': 83.84000000078231, 'ram_used_mb': 9070.98112, 'net_sent_bytes': 30571, 'net_recv_bytes': 59466, 'gpu_mem_used_mb': 38975.0, 'gpu_load': 0.01, 'client_rank': 1, 'round': 32, 'timestamp': '2025-08-13 16:40:16'}
    [Client 3] System Stats: {'cpu_time': 33.14000000059605, 'ram_used_mb': 8956.776448, 'net_sent_bytes': 910, 'net_recv_bytes': 34404, 'gpu_mem_used_mb': 38975.0, 'gpu_load': 0.0, 'client_rank': 3, 'round': 32, 'timestamp': '2025-08-13 16:40:16'}
    [Client 4] System Stats: {'cpu_time': 34.23999999836087, 'ram_used_mb': 9049.55904, 'net_sent_bytes': 89818, 'net_recv_bytes': 63268, 'gpu_mem_used_mb': 38975.0, 'gpu_load': 0.0, 'client_rank': 4, 'round': 32, 'timestamp': '2025-08-13 16:40:16'}
    [Client 5] System Stats: {'cpu_time': 45.53000000119209, 'ram_used_mb': 8964.612096, 'net_sent_bytes': 37528, 'net_recv_bytes': 40755, 'gpu_mem_used_mb': 38975.0, 'gpu_load': 0.0, 'client_rank': 5, 'round': 32, 'timestamp': '2025-08-13 16:40:16'}
    [Client 7] System Stats: {'cpu_time': 38.70000000298023, 'ram_used_mb': 8843.247616, 'net_sent_bytes': 83630, 'net_recv_bytes': 68543, 'gpu_mem_used_mb': 38975.0, 'gpu_load': 0.0, 'client_rank': 7, 'round': 32, 'timestamp': '2025-08-13 16:40:16'}
    [Client 9] System Stats: {'cpu_time': 121.26999999955297, 'ram_used_mb': 9133.93664, 'net_sent_bytes': 1532, 'net_recv_bytes': 34790, 'gpu_mem_used_mb': 38975.0, 'gpu_load': 0.0, 'client_rank': 9, 'round': 32, 'timestamp': '2025-08-13 16:40:17'}
    [Client 8] Statistical Utility: {'client_rank': 8, 'round': 32, 'data_size': 525, 'data_variance': 0.06366205960512161, 'local_loss': 0.42724165320396423, 'local_accuracy': 86.47618889808655}
    [Client 10] System Stats: {'cpu_time': 68.1699999999255, 'ram_used_mb': 9166.426112, 'net_sent_bytes': 4230, 'net_recv_bytes': 38323, 'gpu_mem_used_mb': 38975.0, 'gpu_load': 0.0, 'client_rank': 10, 'round': 32, 'timestamp': '2025-08-13 16:40:17'}
    [Client 2] Statistical Utility: {'client_rank': 2, 'round': 32, 'data_size': 2866, 'data_variance': 0.06469513475894928, 'local_loss': 0.33714428544044495, 'local_accuracy': 87.96231746673584}
    [Client 1] Statistical Utility: {'client_rank': 1, 'round': 32, 'data_size': 3640, 'data_variance': 0.06330215185880661, 'local_loss': 0.4703245759010315, 'local_accuracy': 84.28571224212646}
    [Client 3] Statistical Utility: {'client_rank': 3, 'round': 32, 'data_size': 2739, 'data_variance': 0.06390785425901413, 'local_loss': 0.32866722345352173, 'local_accuracy': 89.63125348091125}
    [Client 4] Statistical Utility: {'client_rank': 4, 'round': 32, 'data_size': 4459, 'data_variance': 0.06270676851272583, 'local_loss': 0.37060219049453735, 'local_accuracy': 87.91208863258362}
    [Client 7] Statistical Utility: {'client_rank': 7, 'round': 32, 'data_size': 1414, 'data_variance': 0.06267841905355453, 'local_loss': 0.2780158221721649, 'local_accuracy': 92.22065210342407}
    [Client 5] Statistical Utility: {'client_rank': 5, 'round': 32, 'data_size': 3467, 'data_variance': 0.06352055072784424, 'local_loss': 0.2923143804073334, 'local_accuracy': 90.16440510749817}
    [Client 9] Statistical Utility: {'client_rank': 9, 'round': 32, 'data_size': 7110, 'data_variance': 0.06292970478534698, 'local_loss': 0.3352842330932617, 'local_accuracy': 88.50914239883423}
    [Client 8] Round 32 - Sending updated weights to server...
    [Client 3] Round 32 - Sending updated weights to server...
    [Client 10] Statistical Utility: {'client_rank': 10, 'round': 32, 'data_size': 5942, 'data_variance': 0.0627174898982048, 'local_loss': 0.38292282819747925, 'local_accuracy': 86.46920323371887}
    [Client 1] Round 32 - Sending updated weights to server...
Received weights from client 1
Waiting for model weights from client 2...
    [Client 2] Round 32 - Sending updated weights to server...
Received weights from client 2
Waiting for model weights from client 3...
Received weights from client 3
Waiting for model weights from client 4...
    [Client 7] Round 32 - Sending updated weights to server...
    [Client 1] Round 33 - Waiting for global weights...
    [Client 2] Round 33 - Waiting for global weights...
    [Client 3] Round 33 - Waiting for global weights...
    [Client 6] System Stats: {'cpu_time': 70.45000000298023, 'ram_used_mb': 9124.171776, 'net_sent_bytes': 49017, 'net_recv_bytes': 51359, 'gpu_mem_used_mb': 38977.0, 'gpu_load': 0.0, 'client_rank': 6, 'round': 32, 'timestamp': '2025-08-13 16:40:18'}
    [Client 9] Round 32 - Sending updated weights to server...
    [Client 10] Round 32 - Sending updated weights to server...
    [Client 6] Statistical Utility: {'client_rank': 6, 'round': 32, 'data_size': 17837, 'data_variance': 0.06342285126447678, 'local_loss': 0.44681113958358765, 'local_accuracy': 84.49290990829468}
    [Client 6] Round 32 - Sending updated weights to server...
    [Client 4] Round 32 - Sending updated weights to server...
    [Client 3] Round 33 - Training on local data...
    [Client 5] Round 32 - Sending updated weights to server...
    [Client 1] Round 33 - Training on local data...
    [Client 2] Round 33 - Training on local data...
Received weights from client 4
Waiting for model weights from client 5...
    [Client 8] Round 33 - Waiting for global weights...
    [Client 7] Round 33 - Waiting for global weights...
    [Client 4] Round 33 - Waiting for global weights...
Received weights from client 5
Waiting for model weights from client 6...
    [Client 9] Round 33 - Waiting for global weights...
    [Client 10] Round 33 - Waiting for global weights...
    [Client 6] Round 33 - Waiting for global weights...
    [Client 8] Round 33 - Training on local data...
    [Client 7] Round 33 - Training on local data...
    [Client 5] Round 33 - Waiting for global weights...
    [Client 4] Round 33 - Training on local data...
Received weights from client 6
Waiting for model weights from client 7...
    [Client 9] Round 33 - Training on local data...
    [Client 10] Round 33 - Training on local data...
    [Client 6] Round 33 - Training on local data...
    [Client 5] Round 33 - Training on local data...
Received weights from client 7
Waiting for model weights from client 8...
Received weights from client 8
Waiting for model weights from client 9...
Received weights from client 9
Waiting for model weights from client 10...
Received weights from client 10
Received system metrics from client 1: {'cpu_time': 83.84000000078231, 'ram_used_mb': 9070.98112, 'net_sent_bytes': 30571, 'net_recv_bytes': 59466, 'gpu_mem_used_mb': 38975.0, 'gpu_load': 0.01, 'client_rank': 1, 'round': 32, 'timestamp': '2025-08-13 16:40:16'}
Received system metrics from client 2: {'cpu_time': 77.65000000037253, 'ram_used_mb': 8952.119296, 'net_sent_bytes': 33475, 'net_recv_bytes': 32198, 'gpu_mem_used_mb': 38977.0, 'gpu_load': 0.0, 'client_rank': 2, 'round': 32, 'timestamp': '2025-08-13 16:40:16'}
Received system metrics from client 3: {'cpu_time': 33.14000000059605, 'ram_used_mb': 8956.776448, 'net_sent_bytes': 910, 'net_recv_bytes': 34404, 'gpu_mem_used_mb': 38975.0, 'gpu_load': 0.0, 'client_rank': 3, 'round': 32, 'timestamp': '2025-08-13 16:40:16'}
Received system metrics from client 4: {'cpu_time': 34.23999999836087, 'ram_used_mb': 9049.55904, 'net_sent_bytes': 89818, 'net_recv_bytes': 63268, 'gpu_mem_used_mb': 38975.0, 'gpu_load': 0.0, 'client_rank': 4, 'round': 32, 'timestamp': '2025-08-13 16:40:16'}
Received system metrics from client 5: {'cpu_time': 45.53000000119209, 'ram_used_mb': 8964.612096, 'net_sent_bytes': 37528, 'net_recv_bytes': 40755, 'gpu_mem_used_mb': 38975.0, 'gpu_load': 0.0, 'client_rank': 5, 'round': 32, 'timestamp': '2025-08-13 16:40:16'}
Received system metrics from client 6: {'cpu_time': 70.45000000298023, 'ram_used_mb': 9124.171776, 'net_sent_bytes': 49017, 'net_recv_bytes': 51359, 'gpu_mem_used_mb': 38977.0, 'gpu_load': 0.0, 'client_rank': 6, 'round': 32, 'timestamp': '2025-08-13 16:40:18'}
Received system metrics from client 7: {'cpu_time': 38.70000000298023, 'ram_used_mb': 8843.247616, 'net_sent_bytes': 83630, 'net_recv_bytes': 68543, 'gpu_mem_used_mb': 38975.0, 'gpu_load': 0.0, 'client_rank': 7, 'round': 32, 'timestamp': '2025-08-13 16:40:16'}
Received system metrics from client 8: {'cpu_time': 31.890000000596046, 'ram_used_mb': 8552.525824, 'net_sent_bytes': 68974, 'net_recv_bytes': 76511, 'gpu_mem_used_mb': 38977.0, 'gpu_load': 0.0, 'client_rank': 8, 'round': 32, 'timestamp': '2025-08-13 16:40:16'}
Received system metrics from client 9: {'cpu_time': 121.26999999955297, 'ram_used_mb': 9133.93664, 'net_sent_bytes': 1532, 'net_recv_bytes': 34790, 'gpu_mem_used_mb': 38975.0, 'gpu_load': 0.0, 'client_rank': 9, 'round': 32, 'timestamp': '2025-08-13 16:40:17'}
Received system metrics from client 10: {'cpu_time': 68.1699999999255, 'ram_used_mb': 9166.426112, 'net_sent_bytes': 4230, 'net_recv_bytes': 38323, 'gpu_mem_used_mb': 38975.0, 'gpu_load': 0.0, 'client_rank': 10, 'round': 32, 'timestamp': '2025-08-13 16:40:17'}
Averaging model weights...
Evaluating updated global model on test set...
Round 32 Evaluation - Accuracy: 0.8190, Loss: 0.5362

===== Round 33 =====
Broadcasting global model to all clients...
Waiting for model weights from client 1...
    [Client 8] System Stats: {'cpu_time': 33.19999999925494, 'ram_used_mb': 8755.9168, 'net_sent_bytes': 83092, 'net_recv_bytes': 83646, 'gpu_mem_used_mb': 38977.0, 'gpu_load': 0.0, 'client_rank': 8, 'round': 33, 'timestamp': '2025-08-13 16:40:45'}
    [Client 2] System Stats: {'cpu_time': 77.6399999987334, 'ram_used_mb': 9129.095168, 'net_sent_bytes': 32394, 'net_recv_bytes': 35587, 'gpu_mem_used_mb': 38977.0, 'gpu_load': 0.0, 'client_rank': 2, 'round': 33, 'timestamp': '2025-08-13 16:40:45'}
    [Client 4] System Stats: {'cpu_time': 33.67000000178814, 'ram_used_mb': 9232.130048, 'net_sent_bytes': 82041, 'net_recv_bytes': 56154, 'gpu_mem_used_mb': 38977.0, 'gpu_load': 0.0, 'client_rank': 4, 'round': 33, 'timestamp': '2025-08-13 16:40:46'}
    [Client 1] System Stats: {'cpu_time': 83.44999999925494, 'ram_used_mb': 9242.484736, 'net_sent_bytes': 43712, 'net_recv_bytes': 55185, 'gpu_mem_used_mb': 38977.0, 'gpu_load': 0.0, 'client_rank': 1, 'round': 33, 'timestamp': '2025-08-13 16:40:46'}
    [Client 7] System Stats: {'cpu_time': 38.67999999970198, 'ram_used_mb': 9046.269952, 'net_sent_bytes': 35773, 'net_recv_bytes': 70655, 'gpu_mem_used_mb': 38977.0, 'gpu_load': 0.01, 'client_rank': 7, 'round': 33, 'timestamp': '2025-08-13 16:40:46'}
    [Client 5] System Stats: {'cpu_time': 50.83000000566244, 'ram_used_mb': 9136.218112, 'net_sent_bytes': 32862, 'net_recv_bytes': 35775, 'gpu_mem_used_mb': 38977.0, 'gpu_load': 0.0, 'client_rank': 5, 'round': 33, 'timestamp': '2025-08-13 16:40:46'}
    [Client 9] System Stats: {'cpu_time': 121.63000000268221, 'ram_used_mb': 9333.530624, 'net_sent_bytes': 805, 'net_recv_bytes': 34891, 'gpu_mem_used_mb': 38977.0, 'gpu_load': 0.0, 'client_rank': 9, 'round': 33, 'timestamp': '2025-08-13 16:40:46'}
    [Client 3] System Stats: {'cpu_time': 35.08999999985099, 'ram_used_mb': 9168.744448, 'net_sent_bytes': 14224, 'net_recv_bytes': 40360, 'gpu_mem_used_mb': 38977.0, 'gpu_load': 0.0, 'client_rank': 3, 'round': 33, 'timestamp': '2025-08-13 16:40:46'}
    [Client 10] System Stats: {'cpu_time': 66.26999999955297, 'ram_used_mb': 9312.886784, 'net_sent_bytes': 4540, 'net_recv_bytes': 36515, 'gpu_mem_used_mb': 38977.0, 'gpu_load': 0.0, 'client_rank': 10, 'round': 33, 'timestamp': '2025-08-13 16:40:46'}
    [Client 8] Statistical Utility: {'client_rank': 8, 'round': 33, 'data_size': 525, 'data_variance': 0.06366205960512161, 'local_loss': 0.4165876805782318, 'local_accuracy': 85.71428656578064}
    [Client 2] Statistical Utility: {'client_rank': 2, 'round': 33, 'data_size': 2866, 'data_variance': 0.06469513475894928, 'local_loss': 0.3872063457965851, 'local_accuracy': 86.77599430084229}
    [Client 1] Statistical Utility: {'client_rank': 1, 'round': 33, 'data_size': 3640, 'data_variance': 0.06330215185880661, 'local_loss': 0.29770833253860474, 'local_accuracy': 90.24725556373596}
    [Client 7] Statistical Utility: {'client_rank': 7, 'round': 33, 'data_size': 1414, 'data_variance': 0.06267841905355453, 'local_loss': 0.22897116839885712, 'local_accuracy': 93.70579719543457}
    [Client 4] Statistical Utility: {'client_rank': 4, 'round': 33, 'data_size': 4459, 'data_variance': 0.06270676851272583, 'local_loss': 0.3453196585178375, 'local_accuracy': 88.09149861335754}
    [Client 5] Statistical Utility: {'client_rank': 5, 'round': 33, 'data_size': 3467, 'data_variance': 0.06352055072784424, 'local_loss': 0.34545087814331055, 'local_accuracy': 88.17421197891235}
    [Client 3] Statistical Utility: {'client_rank': 3, 'round': 33, 'data_size': 2739, 'data_variance': 0.06390785425901413, 'local_loss': 0.39493873715400696, 'local_accuracy': 87.11208701133728}
    [Client 8] Round 33 - Sending updated weights to server...
    [Client 2] Round 33 - Sending updated weights to server...
    [Client 1] Round 33 - Sending updated weights to server...
Received weights from client 1
Waiting for model weights from client 2...
Received weights from client 2
Waiting for model weights from client 3...
    [Client 4] Round 33 - Sending updated weights to server...
    [Client 2] Round 34 - Waiting for global weights...
    [Client 1] Round 34 - Waiting for global weights...
    [Client 6] System Stats: {'cpu_time': 69.25000000372529, 'ram_used_mb': 9336.803328, 'net_sent_bytes': 420, 'net_recv_bytes': 39100, 'gpu_mem_used_mb': 38977.0, 'gpu_load': 0.0, 'client_rank': 6, 'round': 33, 'timestamp': '2025-08-13 16:40:47'}
    [Client 7] Round 33 - Sending updated weights to server...
    [Client 5] Round 33 - Sending updated weights to server...
    [Client 10] Statistical Utility: {'client_rank': 10, 'round': 33, 'data_size': 5942, 'data_variance': 0.0627174898982048, 'local_loss': 0.38003790378570557, 'local_accuracy': 87.42847442626953}
    [Client 9] Statistical Utility: {'client_rank': 9, 'round': 33, 'data_size': 7110, 'data_variance': 0.06292970478534698, 'local_loss': 0.4041987955570221, 'local_accuracy': 85.79465746879578}
    [Client 6] Statistical Utility: {'client_rank': 6, 'round': 33, 'data_size': 17837, 'data_variance': 0.06342285126447678, 'local_loss': 0.44890883564949036, 'local_accuracy': 84.40881371498108}
    [Client 6] Round 33 - Sending updated weights to server...
    [Client 9] Round 33 - Sending updated weights to server...
    [Client 10] Round 33 - Sending updated weights to server...
    [Client 3] Round 33 - Sending updated weights to server...
Received weights from client 3
Waiting for model weights from client 4...
Received weights from client 4
Waiting for model weights from client 5...
Received weights from client 5
Waiting for model weights from client 6...
Received weights from client 6
Waiting for model weights from client 7...
Received weights from client 7
Waiting for model weights from client 8...
Received weights from client 8
Waiting for model weights from client 9...
Received weights from client 9
Waiting for model weights from client 10...
Received weights from client 10
Received system metrics from client 1: {'cpu_time': 83.44999999925494, 'ram_used_mb': 9242.484736, 'net_sent_bytes': 43712, 'net_recv_bytes': 55185, 'gpu_mem_used_mb': 38977.0, 'gpu_load': 0.0, 'client_rank': 1, 'round': 33, 'timestamp': '2025-08-13 16:40:46'}
Received system metrics from client 2: {'cpu_time': 77.6399999987334, 'ram_used_mb': 9129.095168, 'net_sent_bytes': 32394, 'net_recv_bytes': 35587, 'gpu_mem_used_mb': 38977.0, 'gpu_load': 0.0, 'client_rank': 2, 'round': 33, 'timestamp': '2025-08-13 16:40:45'}
Received system metrics from client 3: {'cpu_time': 35.08999999985099, 'ram_used_mb': 9168.744448, 'net_sent_bytes': 14224, 'net_recv_bytes': 40360, 'gpu_mem_used_mb': 38977.0, 'gpu_load': 0.0, 'client_rank': 3, 'round': 33, 'timestamp': '2025-08-13 16:40:46'}
Received system metrics from client 4: {'cpu_time': 33.67000000178814, 'ram_used_mb': 9232.130048, 'net_sent_bytes': 82041, 'net_recv_bytes': 56154, 'gpu_mem_used_mb': 38977.0, 'gpu_load': 0.0, 'client_rank': 4, 'round': 33, 'timestamp': '2025-08-13 16:40:46'}
Received system metrics from client 5: {'cpu_time': 50.83000000566244, 'ram_used_mb': 9136.218112, 'net_sent_bytes': 32862, 'net_recv_bytes': 35775, 'gpu_mem_used_mb': 38977.0, 'gpu_load': 0.0, 'client_rank': 5, 'round': 33, 'timestamp': '2025-08-13 16:40:46'}
Received system metrics from client 6: {'cpu_time': 69.25000000372529, 'ram_used_mb': 9336.803328, 'net_sent_bytes': 420, 'net_recv_bytes': 39100, 'gpu_mem_used_mb': 38977.0, 'gpu_load': 0.0, 'client_rank': 6, 'round': 33, 'timestamp': '2025-08-13 16:40:47'}
Received system metrics from client 7: {'cpu_time': 38.67999999970198, 'ram_used_mb': 9046.269952, 'net_sent_bytes': 35773, 'net_recv_bytes': 70655, 'gpu_mem_used_mb': 38977.0, 'gpu_load': 0.01, 'client_rank': 7, 'round': 33, 'timestamp': '2025-08-13 16:40:46'}
Received system metrics from client 8: {'cpu_time': 33.19999999925494, 'ram_used_mb': 8755.9168, 'net_sent_bytes': 83092, 'net_recv_bytes': 83646, 'gpu_mem_used_mb': 38977.0, 'gpu_load': 0.0, 'client_rank': 8, 'round': 33, 'timestamp': '2025-08-13 16:40:45'}
Received system metrics from client 9: {'cpu_time': 121.63000000268221, 'ram_used_mb': 9333.530624, 'net_sent_bytes': 805, 'net_recv_bytes': 34891, 'gpu_mem_used_mb': 38977.0, 'gpu_load': 0.0, 'client_rank': 9, 'round': 33, 'timestamp': '2025-08-13 16:40:46'}
Received system metrics from client 10: {'cpu_time': 66.26999999955297, 'ram_used_mb': 9312.886784, 'net_sent_bytes': 4540, 'net_recv_bytes': 36515, 'gpu_mem_used_mb': 38977.0, 'gpu_load': 0.0, 'client_rank': 10, 'round': 33, 'timestamp': '2025-08-13 16:40:46'}
Averaging model weights...
Evaluating updated global model on test set...
    [Client 3] Round 34 - Waiting for global weights...
    [Client 4] Round 34 - Waiting for global weights...
    [Client 9] Round 34 - Waiting for global weights...
    [Client 10] Round 34 - Waiting for global weights...
    [Client 8] Round 34 - Waiting for global weights...
    [Client 5] Round 34 - Waiting for global weights...
    [Client 7] Round 34 - Waiting for global weights...
    [Client 6] Round 34 - Waiting for global weights...
Round 33 Evaluation - Accuracy: 0.8180, Loss: 0.5326

===== Round 34 =====
Broadcasting global model to all clients...
Waiting for model weights from client 1...
    [Client 4] Round 34 - Training on local data...
    [Client 9] Round 34 - Training on local data...
    [Client 6] Round 34 - Training on local data...
    [Client 1] Round 34 - Training on local data...
    [Client 3] Round 34 - Training on local data...
    [Client 8] Round 34 - Training on local data...
    [Client 2] Round 34 - Training on local data...
    [Client 10] Round 34 - Training on local data...
    [Client 7] Round 34 - Training on local data...
    [Client 5] Round 34 - Training on local data...
    [Client 8] System Stats: {'cpu_time': 32.36999999731779, 'ram_used_mb': 8990.810112, 'net_sent_bytes': 108720, 'net_recv_bytes': 97199, 'gpu_mem_used_mb': 38979.0, 'gpu_load': 0.0, 'client_rank': 8, 'round': 34, 'timestamp': '2025-08-13 16:41:00'}
    [Client 2] System Stats: {'cpu_time': 78.12999999895692, 'ram_used_mb': 9388.158976, 'net_sent_bytes': 679, 'net_recv_bytes': 30938, 'gpu_mem_used_mb': 38979.0, 'gpu_load': 0.01, 'client_rank': 2, 'round': 34, 'timestamp': '2025-08-13 16:41:00'}
    [Client 1] System Stats: {'cpu_time': 83.02999999932945, 'ram_used_mb': 9497.489408, 'net_sent_bytes': 32605, 'net_recv_bytes': 33313, 'gpu_mem_used_mb': 38977.0, 'gpu_load': 0.0, 'client_rank': 1, 'round': 34, 'timestamp': '2025-08-13 16:41:00'}
    [Client 4] System Stats: {'cpu_time': 33.4700000025332, 'ram_used_mb': 9474.338816, 'net_sent_bytes': 6355, 'net_recv_bytes': 40759, 'gpu_mem_used_mb': 38979.0, 'gpu_load': 0.0, 'client_rank': 4, 'round': 34, 'timestamp': '2025-08-13 16:41:00'}
    [Client 5] System Stats: {'cpu_time': 44.729999996721745, 'ram_used_mb': 9357.811712, 'net_sent_bytes': 15255, 'net_recv_bytes': 41546, 'gpu_mem_used_mb': 38979.0, 'gpu_load': 0.0, 'client_rank': 5, 'round': 34, 'timestamp': '2025-08-13 16:41:00'}
    [Client 7] System Stats: {'cpu_time': 38.810000002384186, 'ram_used_mb': 9270.21056, 'net_sent_bytes': 39097, 'net_recv_bytes': 44479, 'gpu_mem_used_mb': 38977.0, 'gpu_load': 0.0, 'client_rank': 7, 'round': 34, 'timestamp': '2025-08-13 16:41:00'}
    [Client 10] System Stats: {'cpu_time': 65.26999999955297, 'ram_used_mb': 9552.945152, 'net_sent_bytes': 39067, 'net_recv_bytes': 48462, 'gpu_mem_used_mb': 38977.0, 'gpu_load': 0.0, 'client_rank': 10, 'round': 34, 'timestamp': '2025-08-13 16:41:01'}
    [Client 8] Statistical Utility: {'client_rank': 8, 'round': 34, 'data_size': 525, 'data_variance': 0.06366205960512161, 'local_loss': 0.28103071451187134, 'local_accuracy': 91.6190505027771}
    [Client 2] Statistical Utility: {'client_rank': 2, 'round': 34, 'data_size': 2866, 'data_variance': 0.06469513475894928, 'local_loss': 0.31168779730796814, 'local_accuracy': 89.21842575073242}
    [Client 1] Statistical Utility: {'client_rank': 1, 'round': 34, 'data_size': 3640, 'data_variance': 0.06330215185880661, 'local_loss': 0.278988242149353, 'local_accuracy': 91.34615659713745}
    [Client 5] Statistical Utility: {'client_rank': 5, 'round': 34, 'data_size': 3467, 'data_variance': 0.06352055072784424, 'local_loss': 0.3209591507911682, 'local_accuracy': 89.47216868400574}
    [Client 7] Statistical Utility: {'client_rank': 7, 'round': 34, 'data_size': 1414, 'data_variance': 0.06267841905355453, 'local_loss': 0.25633081793785095, 'local_accuracy': 91.23055338859558}
    [Client 3] System Stats: {'cpu_time': 38.1100000012666, 'ram_used_mb': 9187.938304, 'net_sent_bytes': 1251, 'net_recv_bytes': 39742, 'gpu_mem_used_mb': 38979.0, 'gpu_load': 0.0, 'client_rank': 3, 'round': 34, 'timestamp': '2025-08-13 16:41:01'}
    [Client 10] Statistical Utility: {'client_rank': 10, 'round': 34, 'data_size': 5942, 'data_variance': 0.0627174898982048, 'local_loss': 0.3096359968185425, 'local_accuracy': 89.98653888702393}
    [Client 9] System Stats: {'cpu_time': 139.67999999970198, 'ram_used_mb': 9400.131584, 'net_sent_bytes': 77382, 'net_recv_bytes': 61022, 'gpu_mem_used_mb': 38977.0, 'gpu_load': 0.0, 'client_rank': 9, 'round': 34, 'timestamp': '2025-08-13 16:41:02'}
    [Client 7] Round 34 - Sending updated weights to server...
    [Client 5] Round 34 - Sending updated weights to server...
    [Client 6] System Stats: {'cpu_time': 68.18000000342727, 'ram_used_mb': 9604.395008, 'net_sent_bytes': 18702, 'net_recv_bytes': 56978, 'gpu_mem_used_mb': 38979.0, 'gpu_load': 0.0, 'client_rank': 6, 'round': 34, 'timestamp': '2025-08-13 16:41:02'}
    [Client 2] Round 34 - Sending updated weights to server...
    [Client 4] Statistical Utility: {'client_rank': 4, 'round': 34, 'data_size': 4459, 'data_variance': 0.06270676851272583, 'local_loss': 0.30396610498428345, 'local_accuracy': 89.77349400520325}
    [Client 3] Statistical Utility: {'client_rank': 3, 'round': 34, 'data_size': 2739, 'data_variance': 0.06390785425901413, 'local_loss': 0.32141637802124023, 'local_accuracy': 89.37568664550781}
    [Client 9] Statistical Utility: {'client_rank': 9, 'round': 34, 'data_size': 7110, 'data_variance': 0.06292970478534698, 'local_loss': 0.3277793228626251, 'local_accuracy': 88.81856799125671}
    [Client 4] Round 34 - Sending updated weights to server...
    [Client 3] Round 34 - Sending updated weights to server...
    [Client 1] Round 34 - Sending updated weights to server...
Received weights from client 1
Waiting for model weights from client 2...
Received weights from client 2
Waiting for model weights from client 3...
Received weights from client 3
Waiting for model weights from client 4...
Received weights from client 4
Waiting for model weights from client 5...
Received weights from client 5
Waiting for model weights from client 6...
    [Client 4] Round 35 - Waiting for global weights...
    [Client 3] Round 35 - Waiting for global weights...
    [Client 9] Round 34 - Sending updated weights to server...
    [Client 2] Round 35 - Waiting for global weights...
    [Client 1] Round 35 - Waiting for global weights...
    [Client 5] Round 35 - Waiting for global weights...
    [Client 6] Statistical Utility: {'client_rank': 6, 'round': 34, 'data_size': 17837, 'data_variance': 0.06342285126447678, 'local_loss': 0.40914109349250793, 'local_accuracy': 86.24207973480225}
    [Client 8] Round 34 - Sending updated weights to server...
    [Client 3] Round 35 - Training on local data...
    [Client 5] Round 35 - Training on local data...
    [Client 1] Round 35 - Training on local data...
    [Client 2] Round 35 - Training on local data...
    [Client 4] Round 35 - Training on local data...
Received weights from client 6
Waiting for model weights from client 7...
    [Client 10] Round 34 - Sending updated weights to server...
    [Client 6] Round 34 - Sending updated weights to server...
Received weights from client 7
Waiting for model weights from client 8...
    [Client 9] Round 35 - Waiting for global weights...
Received weights from client 8
Waiting for model weights from client 9...
    [Client 9] Round 35 - Training on local data...
    [Client 6] Round 35 - Waiting for global weights...
Received weights from client 9
Waiting for model weights from client 10...
    [Client 6] Round 35 - Training on local data...
Received weights from client 10
Received system metrics from client 1: {'cpu_time': 83.02999999932945, 'ram_used_mb': 9497.489408, 'net_sent_bytes': 32605, 'net_recv_bytes': 33313, 'gpu_mem_used_mb': 38977.0, 'gpu_load': 0.0, 'client_rank': 1, 'round': 34, 'timestamp': '2025-08-13 16:41:00'}
Received system metrics from client 2: {'cpu_time': 78.12999999895692, 'ram_used_mb': 9388.158976, 'net_sent_bytes': 679, 'net_recv_bytes': 30938, 'gpu_mem_used_mb': 38979.0, 'gpu_load': 0.01, 'client_rank': 2, 'round': 34, 'timestamp': '2025-08-13 16:41:00'}
Received system metrics from client 3: {'cpu_time': 38.1100000012666, 'ram_used_mb': 9187.938304, 'net_sent_bytes': 1251, 'net_recv_bytes': 39742, 'gpu_mem_used_mb': 38979.0, 'gpu_load': 0.0, 'client_rank': 3, 'round': 34, 'timestamp': '2025-08-13 16:41:01'}
Received system metrics from client 4: {'cpu_time': 33.4700000025332, 'ram_used_mb': 9474.338816, 'net_sent_bytes': 6355, 'net_recv_bytes': 40759, 'gpu_mem_used_mb': 38979.0, 'gpu_load': 0.0, 'client_rank': 4, 'round': 34, 'timestamp': '2025-08-13 16:41:00'}
Received system metrics from client 5: {'cpu_time': 44.729999996721745, 'ram_used_mb': 9357.811712, 'net_sent_bytes': 15255, 'net_recv_bytes': 41546, 'gpu_mem_used_mb': 38979.0, 'gpu_load': 0.0, 'client_rank': 5, 'round': 34, 'timestamp': '2025-08-13 16:41:00'}
Received system metrics from client 6: {'cpu_time': 68.18000000342727, 'ram_used_mb': 9604.395008, 'net_sent_bytes': 18702, 'net_recv_bytes': 56978, 'gpu_mem_used_mb': 38979.0, 'gpu_load': 0.0, 'client_rank': 6, 'round': 34, 'timestamp': '2025-08-13 16:41:02'}
Received system metrics from client 7: {'cpu_time': 38.810000002384186, 'ram_used_mb': 9270.21056, 'net_sent_bytes': 39097, 'net_recv_bytes': 44479, 'gpu_mem_used_mb': 38977.0, 'gpu_load': 0.0, 'client_rank': 7, 'round': 34, 'timestamp': '2025-08-13 16:41:00'}
Received system metrics from client 8: {'cpu_time': 32.36999999731779, 'ram_used_mb': 8990.810112, 'net_sent_bytes': 108720, 'net_recv_bytes': 97199, 'gpu_mem_used_mb': 38979.0, 'gpu_load': 0.0, 'client_rank': 8, 'round': 34, 'timestamp': '2025-08-13 16:41:00'}
Received system metrics from client 9: {'cpu_time': 139.67999999970198, 'ram_used_mb': 9400.131584, 'net_sent_bytes': 77382, 'net_recv_bytes': 61022, 'gpu_mem_used_mb': 38977.0, 'gpu_load': 0.0, 'client_rank': 9, 'round': 34, 'timestamp': '2025-08-13 16:41:02'}
Received system metrics from client 10: {'cpu_time': 65.26999999955297, 'ram_used_mb': 9552.945152, 'net_sent_bytes': 39067, 'net_recv_bytes': 48462, 'gpu_mem_used_mb': 38977.0, 'gpu_load': 0.0, 'client_rank': 10, 'round': 34, 'timestamp': '2025-08-13 16:41:01'}
Averaging model weights...
Evaluating updated global model on test set...
Round 34 Evaluation - Accuracy: 0.8252, Loss: 0.5219

===== Round 35 =====
Broadcasting global model to all clients...
    [Client 10] Round 35 - Waiting for global weights...
    [Client 8] Round 35 - Waiting for global weights...
    [Client 10] Round 35 - Training on local data...
    [Client 8] Round 35 - Training on local data...
    [Client 7] Round 35 - Waiting for global weights...
Waiting for model weights from client 1...
    [Client 7] Round 35 - Training on local data...
    [Client 2] System Stats: {'cpu_time': 79.26999999955297, 'ram_used_mb': 9443.749888, 'net_sent_bytes': 37372, 'net_recv_bytes': 31795, 'gpu_mem_used_mb': 38979.0, 'gpu_load': 0.0, 'client_rank': 2, 'round': 35, 'timestamp': '2025-08-13 16:41:15'}
    [Client 1] System Stats: {'cpu_time': 84.04999999981374, 'ram_used_mb': 9523.4048, 'net_sent_bytes': 35729, 'net_recv_bytes': 62073, 'gpu_mem_used_mb': 38979.0, 'gpu_load': 0.0, 'client_rank': 1, 'round': 35, 'timestamp': '2025-08-13 16:41:15'}
    [Client 4] System Stats: {'cpu_time': 33.480000000447035, 'ram_used_mb': 9456.136192, 'net_sent_bytes': 77290, 'net_recv_bytes': 52506, 'gpu_mem_used_mb': 38979.0, 'gpu_load': 0.0, 'client_rank': 4, 'round': 35, 'timestamp': '2025-08-13 16:41:16'}
    [Client 3] System Stats: {'cpu_time': 33.69999999925494, 'ram_used_mb': 9343.0784, 'net_sent_bytes': 290, 'net_recv_bytes': 32367, 'gpu_mem_used_mb': 38979.0, 'gpu_load': 0.0, 'client_rank': 3, 'round': 35, 'timestamp': '2025-08-13 16:41:16'}
    [Client 5] System Stats: {'cpu_time': 54.78000000119209, 'ram_used_mb': 9388.87168, 'net_sent_bytes': 33206, 'net_recv_bytes': 34073, 'gpu_mem_used_mb': 38979.0, 'gpu_load': 0.0, 'client_rank': 5, 'round': 35, 'timestamp': '2025-08-13 16:41:16'}
    [Client 9] System Stats: {'cpu_time': 121.66000000014901, 'ram_used_mb': 9531.232256, 'net_sent_bytes': 3385, 'net_recv_bytes': 32907, 'gpu_mem_used_mb': 38979.0, 'gpu_load': 0.0, 'client_rank': 9, 'round': 35, 'timestamp': '2025-08-13 16:41:16'}
    [Client 8] System Stats: {'cpu_time': 32.08000000193715, 'ram_used_mb': 9024.086016, 'net_sent_bytes': 74778, 'net_recv_bytes': 207576, 'gpu_mem_used_mb': 38979.0, 'gpu_load': 0.0, 'client_rank': 8, 'round': 35, 'timestamp': '2025-08-13 16:41:16'}
    [Client 2] Statistical Utility: {'client_rank': 2, 'round': 35, 'data_size': 2866, 'data_variance': 0.06469513475894928, 'local_loss': 0.34320327639579773, 'local_accuracy': 88.97417783737183}
    [Client 1] Statistical Utility: {'client_rank': 1, 'round': 35, 'data_size': 3640, 'data_variance': 0.06330215185880661, 'local_loss': 0.3520854711532593, 'local_accuracy': 88.24175596237183}
    [Client 3] Statistical Utility: {'client_rank': 3, 'round': 35, 'data_size': 2739, 'data_variance': 0.06390785425901413, 'local_loss': 0.3127687871456146, 'local_accuracy': 89.70426917076111}
    [Client 4] Statistical Utility: {'client_rank': 4, 'round': 35, 'data_size': 4459, 'data_variance': 0.06270676851272583, 'local_loss': 0.3089955449104309, 'local_accuracy': 89.72864151000977}
    [Client 5] Statistical Utility: {'client_rank': 5, 'round': 35, 'data_size': 3467, 'data_variance': 0.06352055072784424, 'local_loss': 0.296955406665802, 'local_accuracy': 90.39515256881714}
    [Client 10] System Stats: {'cpu_time': 66.42000000178814, 'ram_used_mb': 9543.22944, 'net_sent_bytes': 2235, 'net_recv_bytes': 33295, 'gpu_mem_used_mb': 38979.0, 'gpu_load': 0.0, 'client_rank': 10, 'round': 35, 'timestamp': '2025-08-13 16:41:17'}
    [Client 7] System Stats: {'cpu_time': 40.15999999642372, 'ram_used_mb': 9289.003008, 'net_sent_bytes': 66373, 'net_recv_bytes': 65243, 'gpu_mem_used_mb': 38979.0, 'gpu_load': 0.0, 'client_rank': 7, 'round': 35, 'timestamp': '2025-08-13 16:41:17'}
    [Client 8] Statistical Utility: {'client_rank': 8, 'round': 35, 'data_size': 525, 'data_variance': 0.06366205960512161, 'local_loss': 0.2815183401107788, 'local_accuracy': 91.80952310562134}
    [Client 9] Statistical Utility: {'client_rank': 9, 'round': 35, 'data_size': 7110, 'data_variance': 0.06292970478534698, 'local_loss': 0.3119870722293854, 'local_accuracy': 89.39521908760071}
    [Client 2] Round 35 - Sending updated weights to server...
    [Client 4] Round 35 - Sending updated weights to server...
    [Client 5] Round 35 - Sending updated weights to server...
    [Client 6] System Stats: {'cpu_time': 69.2200000025332, 'ram_used_mb': 9564.667904, 'net_sent_bytes': 2608, 'net_recv_bytes': 36964, 'gpu_mem_used_mb': 38979.0, 'gpu_load': 0.0, 'client_rank': 6, 'round': 35, 'timestamp': '2025-08-13 16:41:17'}
    [Client 7] Statistical Utility: {'client_rank': 7, 'round': 35, 'data_size': 1414, 'data_variance': 0.06267841905355453, 'local_loss': 0.22382517158985138, 'local_accuracy': 93.28147172927856}
    [Client 9] Round 35 - Sending updated weights to server...
    [Client 10] Statistical Utility: {'client_rank': 10, 'round': 35, 'data_size': 5942, 'data_variance': 0.0627174898982048, 'local_loss': 0.32462090253829956, 'local_accuracy': 89.04409408569336}
    [Client 8] Round 35 - Sending updated weights to server...
    [Client 3] Round 35 - Sending updated weights to server...
    [Client 7] Round 35 - Sending updated weights to server...
    [Client 1] Round 35 - Sending updated weights to server...
Received weights from client 1
Waiting for model weights from client 2...
Received weights from client 2
Waiting for model weights from client 3...
Received weights from client 3
Waiting for model weights from client 4...
Received weights from client 4
Waiting for model weights from client 5...
Received weights from client 5
Waiting for model weights from client 6...
    [Client 2] Round 36 - Waiting for global weights...
    [Client 1] Round 36 - Waiting for global weights...
    [Client 3] Round 36 - Waiting for global weights...
    [Client 4] Round 36 - Waiting for global weights...
    [Client 5] Round 36 - Waiting for global weights...
    [Client 10] Round 35 - Sending updated weights to server...
    [Client 6] Statistical Utility: {'client_rank': 6, 'round': 35, 'data_size': 17837, 'data_variance': 0.06342285126447678, 'local_loss': 0.5324152708053589, 'local_accuracy': 81.20760321617126}
    [Client 6] Round 35 - Sending updated weights to server...
Received weights from client 6
Waiting for model weights from client 7...
Received weights from client 7
Waiting for model weights from client 8...
Received weights from client 8
Waiting for model weights from client 9...
Received weights from client 9
Waiting for model weights from client 10...
Received weights from client 10
Received system metrics from client 1: {'cpu_time': 84.04999999981374, 'ram_used_mb': 9523.4048, 'net_sent_bytes': 35729, 'net_recv_bytes': 62073, 'gpu_mem_used_mb': 38979.0, 'gpu_load': 0.0, 'client_rank': 1, 'round': 35, 'timestamp': '2025-08-13 16:41:15'}
Received system metrics from client 2: {'cpu_time': 79.26999999955297, 'ram_used_mb': 9443.749888, 'net_sent_bytes': 37372, 'net_recv_bytes': 31795, 'gpu_mem_used_mb': 38979.0, 'gpu_load': 0.0, 'client_rank': 2, 'round': 35, 'timestamp': '2025-08-13 16:41:15'}
Received system metrics from client 3: {'cpu_time': 33.69999999925494, 'ram_used_mb': 9343.0784, 'net_sent_bytes': 290, 'net_recv_bytes': 32367, 'gpu_mem_used_mb': 38979.0, 'gpu_load': 0.0, 'client_rank': 3, 'round': 35, 'timestamp': '2025-08-13 16:41:16'}
Received system metrics from client 4: {'cpu_time': 33.480000000447035, 'ram_used_mb': 9456.136192, 'net_sent_bytes': 77290, 'net_recv_bytes': 52506, 'gpu_mem_used_mb': 38979.0, 'gpu_load': 0.0, 'client_rank': 4, 'round': 35, 'timestamp': '2025-08-13 16:41:16'}
Received system metrics from client 5: {'cpu_time': 54.78000000119209, 'ram_used_mb': 9388.87168, 'net_sent_bytes': 33206, 'net_recv_bytes': 34073, 'gpu_mem_used_mb': 38979.0, 'gpu_load': 0.0, 'client_rank': 5, 'round': 35, 'timestamp': '2025-08-13 16:41:16'}
Received system metrics from client 6: {'cpu_time': 69.2200000025332, 'ram_used_mb': 9564.667904, 'net_sent_bytes': 2608, 'net_recv_bytes': 36964, 'gpu_mem_used_mb': 38979.0, 'gpu_load': 0.0, 'client_rank': 6, 'round': 35, 'timestamp': '2025-08-13 16:41:17'}
Received system metrics from client 7: {'cpu_time': 40.15999999642372, 'ram_used_mb': 9289.003008, 'net_sent_bytes': 66373, 'net_recv_bytes': 65243, 'gpu_mem_used_mb': 38979.0, 'gpu_load': 0.0, 'client_rank': 7, 'round': 35, 'timestamp': '2025-08-13 16:41:17'}
Received system metrics from client 8: {'cpu_time': 32.08000000193715, 'ram_used_mb': 9024.086016, 'net_sent_bytes': 74778, 'net_recv_bytes': 207576, 'gpu_mem_used_mb': 38979.0, 'gpu_load': 0.0, 'client_rank': 8, 'round': 35, 'timestamp': '2025-08-13 16:41:16'}
Received system metrics from client 9: {'cpu_time': 121.66000000014901, 'ram_used_mb': 9531.232256, 'net_sent_bytes': 3385, 'net_recv_bytes': 32907, 'gpu_mem_used_mb': 38979.0, 'gpu_load': 0.0, 'client_rank': 9, 'round': 35, 'timestamp': '2025-08-13 16:41:16'}
Received system metrics from client 10: {'cpu_time': 66.42000000178814, 'ram_used_mb': 9543.22944, 'net_sent_bytes': 2235, 'net_recv_bytes': 33295, 'gpu_mem_used_mb': 38979.0, 'gpu_load': 0.0, 'client_rank': 10, 'round': 35, 'timestamp': '2025-08-13 16:41:17'}
Averaging model weights...
Evaluating updated global model on test set...
    [Client 9] Round 36 - Waiting for global weights...
    [Client 8] Round 36 - Waiting for global weights...
    [Client 7] Round 36 - Waiting for global weights...
    [Client 10] Round 36 - Waiting for global weights...
    [Client 6] Round 36 - Waiting for global weights...
Round 35 Evaluation - Accuracy: 0.8256, Loss: 0.5203

===== Round 36 =====
Broadcasting global model to all clients...
Waiting for model weights from client 1...
    [Client 2] Round 36 - Training on local data...
    [Client 9] Round 36 - Training on local data...
    [Client 6] Round 36 - Training on local data...
    [Client 7] Round 36 - Training on local data...
    [Client 10] Round 36 - Training on local data...
    [Client 8] Round 36 - Training on local data...
    [Client 4] Round 36 - Training on local data...
    [Client 3] Round 36 - Training on local data...
    [Client 5] Round 36 - Training on local data...
    [Client 1] Round 36 - Training on local data...
    [Client 8] System Stats: {'cpu_time': 32.440000001341105, 'ram_used_mb': 9233.989632, 'net_sent_bytes': 114240, 'net_recv_bytes': 100969, 'gpu_mem_used_mb': 38981.0, 'gpu_load': 0.0, 'client_rank': 8, 'round': 36, 'timestamp': '2025-08-13 16:41:29'}
    [Client 2] System Stats: {'cpu_time': 78.42999999970198, 'ram_used_mb': 9656.283136, 'net_sent_bytes': 2299, 'net_recv_bytes': 32130, 'gpu_mem_used_mb': 38981.0, 'gpu_load': 0.0, 'client_rank': 2, 'round': 36, 'timestamp': '2025-08-13 16:41:29'}
    [Client 1] System Stats: {'cpu_time': 84.07000000029802, 'ram_used_mb': 9719.3984, 'net_sent_bytes': 16319, 'net_recv_bytes': 38738, 'gpu_mem_used_mb': 38979.0, 'gpu_load': 0.0, 'client_rank': 1, 'round': 36, 'timestamp': '2025-08-13 16:41:29'}
    [Client 3] System Stats: {'cpu_time': 34.03999999910593, 'ram_used_mb': 9602.338816, 'net_sent_bytes': 29814, 'net_recv_bytes': 64009, 'gpu_mem_used_mb': 38981.0, 'gpu_load': 0.0, 'client_rank': 3, 'round': 36, 'timestamp': '2025-08-13 16:41:29'}
    [Client 7] System Stats: {'cpu_time': 38.059999998658895, 'ram_used_mb': 9492.979712, 'net_sent_bytes': 6187, 'net_recv_bytes': 42875, 'gpu_mem_used_mb': 38979.0, 'gpu_load': 0.01, 'client_rank': 7, 'round': 36, 'timestamp': '2025-08-13 16:41:29'}
    [Client 4] System Stats: {'cpu_time': 34.12000000476837, 'ram_used_mb': 9656.225792, 'net_sent_bytes': 47855, 'net_recv_bytes': 67208, 'gpu_mem_used_mb': 38981.0, 'gpu_load': 0.0, 'client_rank': 4, 'round': 36, 'timestamp': '2025-08-13 16:41:29'}
    [Client 5] System Stats: {'cpu_time': 56.11999999731779, 'ram_used_mb': 9616.080896, 'net_sent_bytes': 1178, 'net_recv_bytes': 36662, 'gpu_mem_used_mb': 38981.0, 'gpu_load': 0.0, 'client_rank': 5, 'round': 36, 'timestamp': '2025-08-13 16:41:29'}
    [Client 9] System Stats: {'cpu_time': 122.82000000029802, 'ram_used_mb': 9812.615168, 'net_sent_bytes': 87373, 'net_recv_bytes': 61618, 'gpu_mem_used_mb': 38979.0, 'gpu_load': 0.0, 'client_rank': 9, 'round': 36, 'timestamp': '2025-08-13 16:41:29'}
    [Client 10] System Stats: {'cpu_time': 66.85999999940395, 'ram_used_mb': 9770.160128, 'net_sent_bytes': 5263, 'net_recv_bytes': 38694, 'gpu_mem_used_mb': 38981.0, 'gpu_load': 0.0, 'client_rank': 10, 'round': 36, 'timestamp': '2025-08-13 16:41:29'}
    [Client 8] Statistical Utility: {'client_rank': 8, 'round': 36, 'data_size': 525, 'data_variance': 0.06366205960512161, 'local_loss': 0.2439056932926178, 'local_accuracy': 92.57143139839172}
    [Client 2] Statistical Utility: {'client_rank': 2, 'round': 36, 'data_size': 2866, 'data_variance': 0.06469513475894928, 'local_loss': 0.2602766454219818, 'local_accuracy': 91.76552891731262}
    [Client 1] Statistical Utility: {'client_rank': 1, 'round': 36, 'data_size': 3640, 'data_variance': 0.06330215185880661, 'local_loss': 0.26442429423332214, 'local_accuracy': 92.22527742385864}
    [Client 3] Statistical Utility: {'client_rank': 3, 'round': 36, 'data_size': 2739, 'data_variance': 0.06390785425901413, 'local_loss': 0.3086074888706207, 'local_accuracy': 90.10587930679321}
    [Client 7] Statistical Utility: {'client_rank': 7, 'round': 36, 'data_size': 1414, 'data_variance': 0.06267841905355453, 'local_loss': 0.26738402247428894, 'local_accuracy': 91.72559976577759}
    [Client 5] Statistical Utility: {'client_rank': 5, 'round': 36, 'data_size': 3467, 'data_variance': 0.06352055072784424, 'local_loss': 0.30102241039276123, 'local_accuracy': 90.27978181838989}
    [Client 4] Statistical Utility: {'client_rank': 4, 'round': 36, 'data_size': 4459, 'data_variance': 0.06270676851272583, 'local_loss': 0.3429314196109772, 'local_accuracy': 88.27091455459595}
    [Client 8] Round 36 - Sending updated weights to server...
    [Client 2] Round 36 - Sending updated weights to server...
    [Client 10] Statistical Utility: {'client_rank': 10, 'round': 36, 'data_size': 5942, 'data_variance': 0.0627174898982048, 'local_loss': 0.2959105968475342, 'local_accuracy': 89.70043659210205}
    [Client 9] Statistical Utility: {'client_rank': 9, 'round': 36, 'data_size': 7110, 'data_variance': 0.06292970478534698, 'local_loss': 0.3340003192424774, 'local_accuracy': 88.49507570266724}
    [Client 1] Round 36 - Sending updated weights to server...
Received weights from client 1
Waiting for model weights from client 2...
Received weights from client 2
Waiting for model weights from client 3...
    [Client 2] Round 37 - Waiting for global weights...
    [Client 1] Round 37 - Waiting for global weights...
    [Client 5] Round 36 - Sending updated weights to server...
    [Client 6] System Stats: {'cpu_time': 69.7800000011921, 'ram_used_mb': 9811.10784, 'net_sent_bytes': 69245, 'net_recv_bytes': 78922, 'gpu_mem_used_mb': 38981.0, 'gpu_load': 0.0, 'client_rank': 6, 'round': 36, 'timestamp': '2025-08-13 16:41:31'}
    [Client 10] Round 36 - Sending updated weights to server...
    [Client 9] Round 36 - Sending updated weights to server...
    [Client 4] Round 36 - Sending updated weights to server...
    [Client 7] Round 36 - Sending updated weights to server...
    [Client 6] Statistical Utility: {'client_rank': 6, 'round': 36, 'data_size': 17837, 'data_variance': 0.06342285126447678, 'local_loss': 0.38883525133132935, 'local_accuracy': 87.03257441520691}
    [Client 3] Round 36 - Sending updated weights to server...
    [Client 1] Round 37 - Training on local data...
    [Client 2] Round 37 - Training on local data...
Received weights from client 3
Waiting for model weights from client 4...
    [Client 6] Round 36 - Sending updated weights to server...
    [Client 3] Round 37 - Waiting for global weights...
    [Client 8] Round 37 - Waiting for global weights...
    [Client 7] Round 37 - Waiting for global weights...
    [Client 5] Round 37 - Waiting for global weights...
    [Client 1] System Stats: {'cpu_time': 83.59999999962747, 'ram_used_mb': 9963.114496, 'net_sent_bytes': 19817, 'net_recv_bytes': 52918, 'gpu_mem_used_mb': 38981.0, 'gpu_load': 0.0, 'client_rank': 1, 'round': 37, 'timestamp': '2025-08-13 16:41:45'}
    [Client 2] System Stats: {'cpu_time': 78.00999999977648, 'ram_used_mb': 9882.812416, 'net_sent_bytes': 32612, 'net_recv_bytes': 30685, 'gpu_mem_used_mb': 38983.0, 'gpu_load': 0.0, 'client_rank': 2, 'round': 37, 'timestamp': '2025-08-13 16:41:45'}
    [Client 4] Round 37 - Waiting for global weights...
Received weights from client 4
Waiting for model weights from client 5...
    [Client 9] Round 37 - Waiting for global weights...
    [Client 10] Round 37 - Waiting for global weights...
    [Client 3] Round 37 - Training on local data...
    [Client 8] Round 37 - Training on local data...
    [Client 7] Round 37 - Training on local data...
    [Client 5] Round 37 - Training on local data...
    [Client 1] Statistical Utility: {'client_rank': 1, 'round': 37, 'data_size': 3640, 'data_variance': 0.06330215185880661, 'local_loss': 0.27849411964416504, 'local_accuracy': 91.0988986492157}
    [Client 2] Statistical Utility: {'client_rank': 2, 'round': 37, 'data_size': 2866, 'data_variance': 0.06469513475894928, 'local_loss': 0.25464415550231934, 'local_accuracy': 92.04466342926025}
    [Client 4] Round 37 - Training on local data...
Received weights from client 5
Waiting for model weights from client 6...
    [Client 9] Round 37 - Training on local data...
    [Client 10] Round 37 - Training on local data...
    [Client 6] Round 37 - Waiting for global weights...
    [Client 3] System Stats: {'cpu_time': 33.09999999962747, 'ram_used_mb': 9804.337152, 'net_sent_bytes': 786, 'net_recv_bytes': 29969, 'gpu_mem_used_mb': 38983.0, 'gpu_load': 0.0, 'client_rank': 3, 'round': 37, 'timestamp': '2025-08-13 16:41:45'}
    [Client 8] System Stats: {'cpu_time': 32.5, 'ram_used_mb': 9447.432192, 'net_sent_bytes': 74212, 'net_recv_bytes': 82134, 'gpu_mem_used_mb': 38983.0, 'gpu_load': 0.0, 'client_rank': 8, 'round': 37, 'timestamp': '2025-08-13 16:41:45'}
    [Client 7] System Stats: {'cpu_time': 38.480000000447035, 'ram_used_mb': 9727.1808, 'net_sent_bytes': 72883, 'net_recv_bytes': 76666, 'gpu_mem_used_mb': 38981.0, 'gpu_load': 0.0, 'client_rank': 7, 'round': 37, 'timestamp': '2025-08-13 16:41:45'}
    [Client 5] System Stats: {'cpu_time': 41.82999999821186, 'ram_used_mb': 9852.370944, 'net_sent_bytes': 32577, 'net_recv_bytes': 30846, 'gpu_mem_used_mb': 38981.0, 'gpu_load': 0.0, 'client_rank': 5, 'round': 37, 'timestamp': '2025-08-13 16:41:45'}
    [Client 1] Round 37 - Sending updated weights to server...
    [Client 2] Round 37 - Sending updated weights to server...
    [Client 4] System Stats: {'cpu_time': 34.389999996870756, 'ram_used_mb': 9857.437696, 'net_sent_bytes': 92972, 'net_recv_bytes': 63196, 'gpu_mem_used_mb': 38981.0, 'gpu_load': 0.0, 'client_rank': 4, 'round': 37, 'timestamp': '2025-08-13 16:41:45'}
Received weights from client 6
Waiting for model weights from client 7...
    [Client 9] System Stats: {'cpu_time': 122.05000000074506, 'ram_used_mb': 10036.61312, 'net_sent_bytes': 757, 'net_recv_bytes': 29820, 'gpu_mem_used_mb': 38981.0, 'gpu_load': 0.0, 'client_rank': 9, 'round': 37, 'timestamp': '2025-08-13 16:41:45'}
    [Client 10] System Stats: {'cpu_time': 65.76999999769032, 'ram_used_mb': 9974.239232, 'net_sent_bytes': 2003, 'net_recv_bytes': 35066, 'gpu_mem_used_mb': 38981.0, 'gpu_load': 0.0, 'client_rank': 10, 'round': 37, 'timestamp': '2025-08-13 16:41:45'}
    [Client 6] Round 37 - Training on local data...
    [Client 3] Statistical Utility: {'client_rank': 3, 'round': 37, 'data_size': 2739, 'data_variance': 0.06390785425901413, 'local_loss': 0.28569546341896057, 'local_accuracy': 91.23767614364624}
    [Client 8] Statistical Utility: {'client_rank': 8, 'round': 37, 'data_size': 525, 'data_variance': 0.06366205960512161, 'local_loss': 0.2307467758655548, 'local_accuracy': 92.57143139839172}
    [Client 7] Statistical Utility: {'client_rank': 7, 'round': 37, 'data_size': 1414, 'data_variance': 0.06267841905355453, 'local_loss': 0.21788781881332397, 'local_accuracy': 93.56435537338257}
    [Client 5] Statistical Utility: {'client_rank': 5, 'round': 37, 'data_size': 3467, 'data_variance': 0.06352055072784424, 'local_loss': 0.3991718292236328, 'local_accuracy': 86.24171018600464}
    [Client 4] Statistical Utility: {'client_rank': 4, 'round': 37, 'data_size': 4459, 'data_variance': 0.06270676851272583, 'local_loss': 0.3485640287399292, 'local_accuracy': 88.20363283157349}
Received weights from client 7
Waiting for model weights from client 8...
    [Client 9] Statistical Utility: {'client_rank': 9, 'round': 37, 'data_size': 7110, 'data_variance': 0.06292970478534698, 'local_loss': 0.35749855637550354, 'local_accuracy': 87.73558139801025}
    [Client 10] Statistical Utility: {'client_rank': 10, 'round': 37, 'data_size': 5942, 'data_variance': 0.0627174898982048, 'local_loss': 0.3114382326602936, 'local_accuracy': 89.61629271507263}
    [Client 6] System Stats: {'cpu_time': 70.84999999776483, 'ram_used_mb': 10041.909248, 'net_sent_bytes': 15454, 'net_recv_bytes': 46032, 'gpu_mem_used_mb': 38983.0, 'gpu_load': 0.0, 'client_rank': 6, 'round': 37, 'timestamp': '2025-08-13 16:41:47'}
    [Client 3] Round 37 - Sending updated weights to server...
    [Client 8] Round 37 - Sending updated weights to server...
    [Client 5] Round 37 - Sending updated weights to server...
    [Client 1] Round 38 - Waiting for global weights...
    [Client 2] Round 38 - Waiting for global weights...
    [Client 4] Round 37 - Sending updated weights to server...
Received weights from client 8
Waiting for model weights from client 9...
    [Client 9] Round 37 - Sending updated weights to server...
    [Client 10] Round 37 - Sending updated weights to server...
    [Client 6] Statistical Utility: {'client_rank': 6, 'round': 37, 'data_size': 17837, 'data_variance': 0.06342285126447678, 'local_loss': 0.38521718978881836, 'local_accuracy': 86.6120994091034}
Received weights from client 9
Waiting for model weights from client 10...
    [Client 6] Round 37 - Sending updated weights to server...
    [Client 3] Round 38 - Waiting for global weights...
    [Client 5] Round 38 - Waiting for global weights...
    [Client 4] Round 38 - Waiting for global weights...
Received weights from client 10
Received system metrics from client 1: {'cpu_time': 84.07000000029802, 'ram_used_mb': 9719.3984, 'net_sent_bytes': 16319, 'net_recv_bytes': 38738, 'gpu_mem_used_mb': 38979.0, 'gpu_load': 0.0, 'client_rank': 1, 'round': 36, 'timestamp': '2025-08-13 16:41:29'}
Received system metrics from client 2: {'cpu_time': 78.42999999970198, 'ram_used_mb': 9656.283136, 'net_sent_bytes': 2299, 'net_recv_bytes': 32130, 'gpu_mem_used_mb': 38981.0, 'gpu_load': 0.0, 'client_rank': 2, 'round': 36, 'timestamp': '2025-08-13 16:41:29'}
Received system metrics from client 3: {'cpu_time': 34.03999999910593, 'ram_used_mb': 9602.338816, 'net_sent_bytes': 29814, 'net_recv_bytes': 64009, 'gpu_mem_used_mb': 38981.0, 'gpu_load': 0.0, 'client_rank': 3, 'round': 36, 'timestamp': '2025-08-13 16:41:29'}
    [Client 6] Round 38 - Waiting for global weights...
Received system metrics from client 4: {'cpu_time': 34.12000000476837, 'ram_used_mb': 9656.225792, 'net_sent_bytes': 47855, 'net_recv_bytes': 67208, 'gpu_mem_used_mb': 38981.0, 'gpu_load': 0.0, 'client_rank': 4, 'round': 36, 'timestamp': '2025-08-13 16:41:29'}
Received system metrics from client 5: {'cpu_time': 56.11999999731779, 'ram_used_mb': 9616.080896, 'net_sent_bytes': 1178, 'net_recv_bytes': 36662, 'gpu_mem_used_mb': 38981.0, 'gpu_load': 0.0, 'client_rank': 5, 'round': 36, 'timestamp': '2025-08-13 16:41:29'}
Received system metrics from client 6: {'cpu_time': 69.7800000011921, 'ram_used_mb': 9811.10784, 'net_sent_bytes': 69245, 'net_recv_bytes': 78922, 'gpu_mem_used_mb': 38981.0, 'gpu_load': 0.0, 'client_rank': 6, 'round': 36, 'timestamp': '2025-08-13 16:41:31'}
Received system metrics from client 7: {'cpu_time': 38.059999998658895, 'ram_used_mb': 9492.979712, 'net_sent_bytes': 6187, 'net_recv_bytes': 42875, 'gpu_mem_used_mb': 38979.0, 'gpu_load': 0.01, 'client_rank': 7, 'round': 36, 'timestamp': '2025-08-13 16:41:29'}
Received system metrics from client 8: {'cpu_time': 32.440000001341105, 'ram_used_mb': 9233.989632, 'net_sent_bytes': 114240, 'net_recv_bytes': 100969, 'gpu_mem_used_mb': 38981.0, 'gpu_load': 0.0, 'client_rank': 8, 'round': 36, 'timestamp': '2025-08-13 16:41:29'}
Received system metrics from client 9: {'cpu_time': 122.82000000029802, 'ram_used_mb': 9812.615168, 'net_sent_bytes': 87373, 'net_recv_bytes': 61618, 'gpu_mem_used_mb': 38979.0, 'gpu_load': 0.0, 'client_rank': 9, 'round': 36, 'timestamp': '2025-08-13 16:41:29'}
Received system metrics from client 10: {'cpu_time': 66.85999999940395, 'ram_used_mb': 9770.160128, 'net_sent_bytes': 5263, 'net_recv_bytes': 38694, 'gpu_mem_used_mb': 38981.0, 'gpu_load': 0.0, 'client_rank': 10, 'round': 36, 'timestamp': '2025-08-13 16:41:29'}
Averaging model weights...
Evaluating updated global model on test set...
Round 36 Evaluation - Accuracy: 0.8271, Loss: 0.5116

===== Round 37 =====
Broadcasting global model to all clients...
Waiting for model weights from client 1...
Received weights from client 1
Waiting for model weights from client 2...
Received weights from client 2
Waiting for model weights from client 3...
Received weights from client 3
Waiting for model weights from client 4...
Received weights from client 4
Waiting for model weights from client 5...
Received weights from client 5
Waiting for model weights from client 6...
Received weights from client 6
Waiting for model weights from client 7...
    [Client 7] Round 37 - Sending updated weights to server...
    [Client 3] Round 38 - Training on local data...
    [Client 5] Round 38 - Training on local data...
    [Client 1] Round 38 - Training on local data...
    [Client 2] Round 38 - Training on local data...
    [Client 4] Round 38 - Training on local data...
Received weights from client 7
    [Client 6] Round 38 - Training on local data...
    [Client 8] Round 38 - Waiting for global weights...
    [Client 7] Round 38 - Waiting for global weights...
Waiting for model weights from client 8...
    [Client 9] Round 38 - Waiting for global weights...
    [Client 10] Round 38 - Waiting for global weights...
    [Client 8] Round 38 - Training on local data...
    [Client 7] Round 38 - Training on local data...
Received weights from client 8
Waiting for model weights from client 9...
    [Client 9] Round 38 - Training on local data...
    [Client 10] Round 38 - Training on local data...
Received weights from client 9
Waiting for model weights from client 10...
Received weights from client 10
Received system metrics from client 1: {'cpu_time': 83.59999999962747, 'ram_used_mb': 9963.114496, 'net_sent_bytes': 19817, 'net_recv_bytes': 52918, 'gpu_mem_used_mb': 38981.0, 'gpu_load': 0.0, 'client_rank': 1, 'round': 37, 'timestamp': '2025-08-13 16:41:45'}
Received system metrics from client 2: {'cpu_time': 78.00999999977648, 'ram_used_mb': 9882.812416, 'net_sent_bytes': 32612, 'net_recv_bytes': 30685, 'gpu_mem_used_mb': 38983.0, 'gpu_load': 0.0, 'client_rank': 2, 'round': 37, 'timestamp': '2025-08-13 16:41:45'}
Received system metrics from client 3: {'cpu_time': 33.09999999962747, 'ram_used_mb': 9804.337152, 'net_sent_bytes': 786, 'net_recv_bytes': 29969, 'gpu_mem_used_mb': 38983.0, 'gpu_load': 0.0, 'client_rank': 3, 'round': 37, 'timestamp': '2025-08-13 16:41:45'}
Received system metrics from client 4: {'cpu_time': 34.389999996870756, 'ram_used_mb': 9857.437696, 'net_sent_bytes': 92972, 'net_recv_bytes': 63196, 'gpu_mem_used_mb': 38981.0, 'gpu_load': 0.0, 'client_rank': 4, 'round': 37, 'timestamp': '2025-08-13 16:41:45'}
Received system metrics from client 5: {'cpu_time': 41.82999999821186, 'ram_used_mb': 9852.370944, 'net_sent_bytes': 32577, 'net_recv_bytes': 30846, 'gpu_mem_used_mb': 38981.0, 'gpu_load': 0.0, 'client_rank': 5, 'round': 37, 'timestamp': '2025-08-13 16:41:45'}
Received system metrics from client 6: {'cpu_time': 70.84999999776483, 'ram_used_mb': 10041.909248, 'net_sent_bytes': 15454, 'net_recv_bytes': 46032, 'gpu_mem_used_mb': 38983.0, 'gpu_load': 0.0, 'client_rank': 6, 'round': 37, 'timestamp': '2025-08-13 16:41:47'}
Received system metrics from client 7: {'cpu_time': 38.480000000447035, 'ram_used_mb': 9727.1808, 'net_sent_bytes': 72883, 'net_recv_bytes': 76666, 'gpu_mem_used_mb': 38981.0, 'gpu_load': 0.0, 'client_rank': 7, 'round': 37, 'timestamp': '2025-08-13 16:41:45'}
Received system metrics from client 8: {'cpu_time': 32.5, 'ram_used_mb': 9447.432192, 'net_sent_bytes': 74212, 'net_recv_bytes': 82134, 'gpu_mem_used_mb': 38983.0, 'gpu_load': 0.0, 'client_rank': 8, 'round': 37, 'timestamp': '2025-08-13 16:41:45'}
Received system metrics from client 9: {'cpu_time': 122.05000000074506, 'ram_used_mb': 10036.61312, 'net_sent_bytes': 757, 'net_recv_bytes': 29820, 'gpu_mem_used_mb': 38981.0, 'gpu_load': 0.0, 'client_rank': 9, 'round': 37, 'timestamp': '2025-08-13 16:41:45'}
Received system metrics from client 10: {'cpu_time': 65.76999999769032, 'ram_used_mb': 9974.239232, 'net_sent_bytes': 2003, 'net_recv_bytes': 35066, 'gpu_mem_used_mb': 38981.0, 'gpu_load': 0.0, 'client_rank': 10, 'round': 37, 'timestamp': '2025-08-13 16:41:45'}
Averaging model weights...
Evaluating updated global model on test set...
Round 37 Evaluation - Accuracy: 0.8238, Loss: 0.5240

===== Round 38 =====
Broadcasting global model to all clients...
Waiting for model weights from client 1...
    [Client 8] System Stats: {'cpu_time': 33.46000000461936, 'ram_used_mb': 9682.345984, 'net_sent_bytes': 109593, 'net_recv_bytes': 120973, 'gpu_mem_used_mb': 38983.0, 'gpu_load': 0.0, 'client_rank': 8, 'round': 38, 'timestamp': '2025-08-13 16:42:09'}
    [Client 1] System Stats: {'cpu_time': 83.50000000093132, 'ram_used_mb': 10135.302144, 'net_sent_bytes': 4950, 'net_recv_bytes': 33958, 'gpu_mem_used_mb': 38983.0, 'gpu_load': 0.0, 'client_rank': 1, 'round': 38, 'timestamp': '2025-08-13 16:42:09'}
    [Client 2] System Stats: {'cpu_time': 79.75, 'ram_used_mb': 10096.152576, 'net_sent_bytes': 29191, 'net_recv_bytes': 60107, 'gpu_mem_used_mb': 38983.0, 'gpu_load': 0.0, 'client_rank': 2, 'round': 38, 'timestamp': '2025-08-13 16:42:09'}
    [Client 4] System Stats: {'cpu_time': 33.25, 'ram_used_mb': 10017.44384, 'net_sent_bytes': 13451, 'net_recv_bytes': 47033, 'gpu_mem_used_mb': 38983.0, 'gpu_load': 0.0, 'client_rank': 4, 'round': 38, 'timestamp': '2025-08-13 16:42:09'}
    [Client 3] System Stats: {'cpu_time': 33.980000000447035, 'ram_used_mb': 10023.174144, 'net_sent_bytes': 41931, 'net_recv_bytes': 54594, 'gpu_mem_used_mb': 38983.0, 'gpu_load': 0.0, 'client_rank': 3, 'round': 38, 'timestamp': '2025-08-13 16:42:09'}
    [Client 7] System Stats: {'cpu_time': 38.55000000074506, 'ram_used_mb': 9932.869632, 'net_sent_bytes': 1015, 'net_recv_bytes': 32549, 'gpu_mem_used_mb': 38983.0, 'gpu_load': 0.0, 'client_rank': 7, 'round': 38, 'timestamp': '2025-08-13 16:42:09'}
    [Client 5] System Stats: {'cpu_time': 51.50999999046326, 'ram_used_mb': 10040.909824, 'net_sent_bytes': 1294, 'net_recv_bytes': 37454, 'gpu_mem_used_mb': 38983.0, 'gpu_load': 0.0, 'client_rank': 5, 'round': 38, 'timestamp': '2025-08-13 16:42:09'}
    [Client 9] System Stats: {'cpu_time': 123.05000000074506, 'ram_used_mb': 10166.673408, 'net_sent_bytes': 39236, 'net_recv_bytes': 48822, 'gpu_mem_used_mb': 38983.0, 'gpu_load': 0.0, 'client_rank': 9, 'round': 38, 'timestamp': '2025-08-13 16:42:09'}
    [Client 10] System Stats: {'cpu_time': 66.27000000141561, 'ram_used_mb': 10174.857216, 'net_sent_bytes': 78612, 'net_recv_bytes': 58926, 'gpu_mem_used_mb': 38983.0, 'gpu_load': 0.0, 'client_rank': 10, 'round': 38, 'timestamp': '2025-08-13 16:42:09'}
    [Client 8] Statistical Utility: {'client_rank': 8, 'round': 38, 'data_size': 525, 'data_variance': 0.06366205960512161, 'local_loss': 0.2950504422187805, 'local_accuracy': 89.90476131439209}
    [Client 2] Statistical Utility: {'client_rank': 2, 'round': 38, 'data_size': 2866, 'data_variance': 0.06469513475894928, 'local_loss': 0.28072893619537354, 'local_accuracy': 90.78855514526367}
    [Client 1] Statistical Utility: {'client_rank': 1, 'round': 38, 'data_size': 3640, 'data_variance': 0.06330215185880661, 'local_loss': 0.3667784333229065, 'local_accuracy': 86.67582273483276}
    [Client 3] Statistical Utility: {'client_rank': 3, 'round': 38, 'data_size': 2739, 'data_variance': 0.06390785425901413, 'local_loss': 0.3316051959991455, 'local_accuracy': 89.59473967552185}
    [Client 4] Statistical Utility: {'client_rank': 4, 'round': 38, 'data_size': 4459, 'data_variance': 0.06270676851272583, 'local_loss': 0.3426996171474457, 'local_accuracy': 88.56245875358582}
    [Client 7] Statistical Utility: {'client_rank': 7, 'round': 38, 'data_size': 1414, 'data_variance': 0.06267841905355453, 'local_loss': 0.24411286413669586, 'local_accuracy': 92.29137301445007}
    [Client 5] Statistical Utility: {'client_rank': 5, 'round': 38, 'data_size': 3467, 'data_variance': 0.06352055072784424, 'local_loss': 0.2879740297794342, 'local_accuracy': 90.13556241989136}
    [Client 10] Statistical Utility: {'client_rank': 10, 'round': 38, 'data_size': 5942, 'data_variance': 0.0627174898982048, 'local_loss': 0.289813369512558, 'local_accuracy': 90.30629396438599}
    [Client 9] Statistical Utility: {'client_rank': 9, 'round': 38, 'data_size': 7110, 'data_variance': 0.06292970478534698, 'local_loss': 0.3639634847640991, 'local_accuracy': 87.00422048568726}
    [Client 3] Round 38 - Sending updated weights to server...
    [Client 7] Round 38 - Sending updated weights to server...
    [Client 4] Round 38 - Sending updated weights to server...
    [Client 5] Round 38 - Sending updated weights to server...
    [Client 6] System Stats: {'cpu_time': 70.69999999925494, 'ram_used_mb': 10232.938496, 'net_sent_bytes': 38375, 'net_recv_bytes': 62955, 'gpu_mem_used_mb': 38983.0, 'gpu_load': 0.0, 'client_rank': 6, 'round': 38, 'timestamp': '2025-08-13 16:42:11'}
    [Client 9] Round 38 - Sending updated weights to server...
    [Client 8] Round 38 - Sending updated weights to server...
    [Client 10] Round 38 - Sending updated weights to server...
    [Client 2] Round 38 - Sending updated weights to server...
    [Client 6] Statistical Utility: {'client_rank': 6, 'round': 38, 'data_size': 17837, 'data_variance': 0.06342285126447678, 'local_loss': 0.4016043245792389, 'local_accuracy': 86.27011179924011}
    [Client 6] Round 38 - Sending updated weights to server...
    [Client 1] Round 38 - Sending updated weights to server...
Received weights from client 1
Waiting for model weights from client 2...
Received weights from client 2
Waiting for model weights from client 3...
Received weights from client 3
Waiting for model weights from client 4...
Received weights from client 4
Waiting for model weights from client 5...
Received weights from client 5
Waiting for model weights from client 6...
Received weights from client 6
Waiting for model weights from client 7...
Received weights from client 7
Waiting for model weights from client 8...
Received weights from client 8
Waiting for model weights from client 9...
Received weights from client 9
Waiting for model weights from client 10...
Received weights from client 10
Received system metrics from client 1: {'cpu_time': 83.50000000093132, 'ram_used_mb': 10135.302144, 'net_sent_bytes': 4950, 'net_recv_bytes': 33958, 'gpu_mem_used_mb': 38983.0, 'gpu_load': 0.0, 'client_rank': 1, 'round': 38, 'timestamp': '2025-08-13 16:42:09'}
Received system metrics from client 2: {'cpu_time': 79.75, 'ram_used_mb': 10096.152576, 'net_sent_bytes': 29191, 'net_recv_bytes': 60107, 'gpu_mem_used_mb': 38983.0, 'gpu_load': 0.0, 'client_rank': 2, 'round': 38, 'timestamp': '2025-08-13 16:42:09'}
Received system metrics from client 3: {'cpu_time': 33.980000000447035, 'ram_used_mb': 10023.174144, 'net_sent_bytes': 41931, 'net_recv_bytes': 54594, 'gpu_mem_used_mb': 38983.0, 'gpu_load': 0.0, 'client_rank': 3, 'round': 38, 'timestamp': '2025-08-13 16:42:09'}
Received system metrics from client 4: {'cpu_time': 33.25, 'ram_used_mb': 10017.44384, 'net_sent_bytes': 13451, 'net_recv_bytes': 47033, 'gpu_mem_used_mb': 38983.0, 'gpu_load': 0.0, 'client_rank': 4, 'round': 38, 'timestamp': '2025-08-13 16:42:09'}
Received system metrics from client 5: {'cpu_time': 51.50999999046326, 'ram_used_mb': 10040.909824, 'net_sent_bytes': 1294, 'net_recv_bytes': 37454, 'gpu_mem_used_mb': 38983.0, 'gpu_load': 0.0, 'client_rank': 5, 'round': 38, 'timestamp': '2025-08-13 16:42:09'}
Received system metrics from client 6: {'cpu_time': 70.69999999925494, 'ram_used_mb': 10232.938496, 'net_sent_bytes': 38375, 'net_recv_bytes': 62955, 'gpu_mem_used_mb': 38983.0, 'gpu_load': 0.0, 'client_rank': 6, 'round': 38, 'timestamp': '2025-08-13 16:42:11'}
Received system metrics from client 7: {'cpu_time': 38.55000000074506, 'ram_used_mb': 9932.869632, 'net_sent_bytes': 1015, 'net_recv_bytes': 32549, 'gpu_mem_used_mb': 38983.0, 'gpu_load': 0.0, 'client_rank': 7, 'round': 38, 'timestamp': '2025-08-13 16:42:09'}
Received system metrics from client 8: {'cpu_time': 33.46000000461936, 'ram_used_mb': 9682.345984, 'net_sent_bytes': 109593, 'net_recv_bytes': 120973, 'gpu_mem_used_mb': 38983.0, 'gpu_load': 0.0, 'client_rank': 8, 'round': 38, 'timestamp': '2025-08-13 16:42:09'}
Received system metrics from client 9: {'cpu_time': 123.05000000074506, 'ram_used_mb': 10166.673408, 'net_sent_bytes': 39236, 'net_recv_bytes': 48822, 'gpu_mem_used_mb': 38983.0, 'gpu_load': 0.0, 'client_rank': 9, 'round': 38, 'timestamp': '2025-08-13 16:42:09'}
Received system metrics from client 10: {'cpu_time': 66.27000000141561, 'ram_used_mb': 10174.857216, 'net_sent_bytes': 78612, 'net_recv_bytes': 58926, 'gpu_mem_used_mb': 38983.0, 'gpu_load': 0.0, 'client_rank': 10, 'round': 38, 'timestamp': '2025-08-13 16:42:09'}
Averaging model weights...
Evaluating updated global model on test set...
    [Client 1] Round 39 - Waiting for global weights...
    [Client 2] Round 39 - Waiting for global weights...
    [Client 8] Round 39 - Waiting for global weights...
    [Client 4] Round 39 - Waiting for global weights...
    [Client 9] Round 39 - Waiting for global weights...
    [Client 5] Round 39 - Waiting for global weights...
    [Client 3] Round 39 - Waiting for global weights...
    [Client 7] Round 39 - Waiting for global weights...
    [Client 6] Round 39 - Waiting for global weights...
    [Client 10] Round 39 - Waiting for global weights...
Round 38 Evaluation - Accuracy: 0.8279, Loss: 0.5133

===== Round 39 =====
Broadcasting global model to all clients...
Waiting for model weights from client 1...
    [Client 1] Round 39 - Training on local data...
    [Client 4] Round 39 - Training on local data...
    [Client 6] Round 39 - Training on local data...
    [Client 2] Round 39 - Training on local data...
    [Client 9] Round 39 - Training on local data...
    [Client 8] Round 39 - Training on local data...
    [Client 7] Round 39 - Training on local data...
    [Client 3] Round 39 - Training on local data...
    [Client 5] Round 39 - Training on local data...
    [Client 10] Round 39 - Training on local data...
    [Client 8] System Stats: {'cpu_time': 31.800000000745058, 'ram_used_mb': 9895.329792, 'net_sent_bytes': 110890, 'net_recv_bytes': 95453, 'gpu_mem_used_mb': 38985.0, 'gpu_load': 0.0, 'client_rank': 8, 'round': 39, 'timestamp': '2025-08-13 16:42:39'}
    [Client 3] System Stats: {'cpu_time': 33.619999999180436, 'ram_used_mb': 10248.839168, 'net_sent_bytes': 44386, 'net_recv_bytes': 47772, 'gpu_mem_used_mb': 38985.0, 'gpu_load': 0.0, 'client_rank': 3, 'round': 39, 'timestamp': '2025-08-13 16:42:40'}
    [Client 8] Statistical Utility: {'client_rank': 8, 'round': 39, 'data_size': 525, 'data_variance': 0.06366205960512161, 'local_loss': 0.30006465315818787, 'local_accuracy': 89.52381014823914}
    [Client 7] System Stats: {'cpu_time': 38.10999999940395, 'ram_used_mb': 10135.785472, 'net_sent_bytes': 2746, 'net_recv_bytes': 31693, 'gpu_mem_used_mb': 38983.0, 'gpu_load': 0.0, 'client_rank': 7, 'round': 39, 'timestamp': '2025-08-13 16:42:40'}
    [Client 5] System Stats: {'cpu_time': 51.98999999463558, 'ram_used_mb': 10252.22656, 'net_sent_bytes': 2906, 'net_recv_bytes': 33550, 'gpu_mem_used_mb': 38985.0, 'gpu_load': 0.0, 'client_rank': 5, 'round': 39, 'timestamp': '2025-08-13 16:42:40'}
    [Client 1] System Stats: {'cpu_time': 83.1499999994412, 'ram_used_mb': 10383.085568, 'net_sent_bytes': 23235, 'net_recv_bytes': 35922, 'gpu_mem_used_mb': 38983.0, 'gpu_load': 0.0, 'client_rank': 1, 'round': 39, 'timestamp': '2025-08-13 16:42:40'}
    [Client 2] System Stats: {'cpu_time': 78.69999999925494, 'ram_used_mb': 10315.071488, 'net_sent_bytes': 37976, 'net_recv_bytes': 41161, 'gpu_mem_used_mb': 38985.0, 'gpu_load': 0.0, 'client_rank': 2, 'round': 39, 'timestamp': '2025-08-13 16:42:40'}
    [Client 4] System Stats: {'cpu_time': 33.17999999970198, 'ram_used_mb': 10292.703232, 'net_sent_bytes': 12011, 'net_recv_bytes': 41523, 'gpu_mem_used_mb': 38985.0, 'gpu_load': 0.0, 'client_rank': 4, 'round': 39, 'timestamp': '2025-08-13 16:42:40'}
    [Client 9] System Stats: {'cpu_time': 121.9700000025332, 'ram_used_mb': 10431.029248, 'net_sent_bytes': 30259, 'net_recv_bytes': 61172, 'gpu_mem_used_mb': 38983.0, 'gpu_load': 0.0, 'client_rank': 9, 'round': 39, 'timestamp': '2025-08-13 16:42:40'}
    [Client 10] System Stats: {'cpu_time': 68.90000000037253, 'ram_used_mb': 10440.298496, 'net_sent_bytes': 82556, 'net_recv_bytes': 76895, 'gpu_mem_used_mb': 38983.0, 'gpu_load': 0.0, 'client_rank': 10, 'round': 39, 'timestamp': '2025-08-13 16:42:40'}
    [Client 6] System Stats: {'cpu_time': 68.0, 'ram_used_mb': 10478.813184, 'net_sent_bytes': 27125, 'net_recv_bytes': 38586, 'gpu_mem_used_mb': 38985.0, 'gpu_load': 0.0, 'client_rank': 6, 'round': 39, 'timestamp': '2025-08-13 16:42:41'}
    [Client 3] Statistical Utility: {'client_rank': 3, 'round': 39, 'data_size': 2739, 'data_variance': 0.06390785425901413, 'local_loss': 0.23121377825737, 'local_accuracy': 92.69806742668152}
    [Client 8] Round 39 - Sending updated weights to server...
    [Client 7] Statistical Utility: {'client_rank': 7, 'round': 39, 'data_size': 1414, 'data_variance': 0.06267841905355453, 'local_loss': 0.18089289963245392, 'local_accuracy': 95.40311098098755}
    [Client 5] Statistical Utility: {'client_rank': 5, 'round': 39, 'data_size': 3467, 'data_variance': 0.06352055072784424, 'local_loss': 0.29373762011528015, 'local_accuracy': 89.9913489818573}
    [Client 1] Statistical Utility: {'client_rank': 1, 'round': 39, 'data_size': 3640, 'data_variance': 0.06330215185880661, 'local_loss': 0.2550375461578369, 'local_accuracy': 92.47252941131592}
    [Client 2] Statistical Utility: {'client_rank': 2, 'round': 39, 'data_size': 2866, 'data_variance': 0.06469513475894928, 'local_loss': 0.24640998244285583, 'local_accuracy': 91.76552891731262}
    [Client 4] Statistical Utility: {'client_rank': 4, 'round': 39, 'data_size': 4459, 'data_variance': 0.06270676851272583, 'local_loss': 0.3069659471511841, 'local_accuracy': 89.41466808319092}
    [Client 9] Statistical Utility: {'client_rank': 9, 'round': 39, 'data_size': 7110, 'data_variance': 0.06292970478534698, 'local_loss': 0.27589982748031616, 'local_accuracy': 90.5907154083252}
    [Client 10] Statistical Utility: {'client_rank': 10, 'round': 39, 'data_size': 5942, 'data_variance': 0.0627174898982048, 'local_loss': 0.2901838421821594, 'local_accuracy': 90.25580883026123}
    [Client 6] Statistical Utility: {'client_rank': 6, 'round': 39, 'data_size': 17837, 'data_variance': 0.06342285126447678, 'local_loss': 0.39388781785964966, 'local_accuracy': 86.02343201637268}
    [Client 3] Round 39 - Sending updated weights to server...
    [Client 7] Round 39 - Sending updated weights to server...
    [Client 5] Round 39 - Sending updated weights to server...
    [Client 2] Round 39 - Sending updated weights to server...
    [Client 4] Round 39 - Sending updated weights to server...
    [Client 9] Round 39 - Sending updated weights to server...
    [Client 1] Round 39 - Sending updated weights to server...
Received weights from client 1
Waiting for model weights from client 2...
Received weights from client 2
Waiting for model weights from client 3...
Received weights from client 3
Waiting for model weights from client 4...
Received weights from client 4
Waiting for model weights from client 5...
Received weights from client 5
Waiting for model weights from client 6...
    [Client 2] Round 40 - Waiting for global weights...
    [Client 3] Round 40 - Waiting for global weights...
    [Client 1] Round 40 - Waiting for global weights...
    [Client 4] Round 40 - Waiting for global weights...
    [Client 5] Round 40 - Waiting for global weights...
    [Client 10] Round 39 - Sending updated weights to server...
    [Client 6] Round 39 - Sending updated weights to server...
Received weights from client 6
Waiting for model weights from client 7...
Received weights from client 7
Waiting for model weights from client 8...
Received weights from client 8
Waiting for model weights from client 9...
Received weights from client 9
Waiting for model weights from client 10...
Received weights from client 10
Received system metrics from client 1: {'cpu_time': 83.1499999994412, 'ram_used_mb': 10383.085568, 'net_sent_bytes': 23235, 'net_recv_bytes': 35922, 'gpu_mem_used_mb': 38983.0, 'gpu_load': 0.0, 'client_rank': 1, 'round': 39, 'timestamp': '2025-08-13 16:42:40'}
Received system metrics from client 2: {'cpu_time': 78.69999999925494, 'ram_used_mb': 10315.071488, 'net_sent_bytes': 37976, 'net_recv_bytes': 41161, 'gpu_mem_used_mb': 38985.0, 'gpu_load': 0.0, 'client_rank': 2, 'round': 39, 'timestamp': '2025-08-13 16:42:40'}
Received system metrics from client 3: {'cpu_time': 33.619999999180436, 'ram_used_mb': 10248.839168, 'net_sent_bytes': 44386, 'net_recv_bytes': 47772, 'gpu_mem_used_mb': 38985.0, 'gpu_load': 0.0, 'client_rank': 3, 'round': 39, 'timestamp': '2025-08-13 16:42:40'}
Received system metrics from client 4: {'cpu_time': 33.17999999970198, 'ram_used_mb': 10292.703232, 'net_sent_bytes': 12011, 'net_recv_bytes': 41523, 'gpu_mem_used_mb': 38985.0, 'gpu_load': 0.0, 'client_rank': 4, 'round': 39, 'timestamp': '2025-08-13 16:42:40'}
Received system metrics from client 5: {'cpu_time': 51.98999999463558, 'ram_used_mb': 10252.22656, 'net_sent_bytes': 2906, 'net_recv_bytes': 33550, 'gpu_mem_used_mb': 38985.0, 'gpu_load': 0.0, 'client_rank': 5, 'round': 39, 'timestamp': '2025-08-13 16:42:40'}
Received system metrics from client 6: {'cpu_time': 68.0, 'ram_used_mb': 10478.813184, 'net_sent_bytes': 27125, 'net_recv_bytes': 38586, 'gpu_mem_used_mb': 38985.0, 'gpu_load': 0.0, 'client_rank': 6, 'round': 39, 'timestamp': '2025-08-13 16:42:41'}
Received system metrics from client 7: {'cpu_time': 38.10999999940395, 'ram_used_mb': 10135.785472, 'net_sent_bytes': 2746, 'net_recv_bytes': 31693, 'gpu_mem_used_mb': 38983.0, 'gpu_load': 0.0, 'client_rank': 7, 'round': 39, 'timestamp': '2025-08-13 16:42:40'}
Received system metrics from client 8: {'cpu_time': 31.800000000745058, 'ram_used_mb': 9895.329792, 'net_sent_bytes': 110890, 'net_recv_bytes': 95453, 'gpu_mem_used_mb': 38985.0, 'gpu_load': 0.0, 'client_rank': 8, 'round': 39, 'timestamp': '2025-08-13 16:42:39'}
Received system metrics from client 9: {'cpu_time': 121.9700000025332, 'ram_used_mb': 10431.029248, 'net_sent_bytes': 30259, 'net_recv_bytes': 61172, 'gpu_mem_used_mb': 38983.0, 'gpu_load': 0.0, 'client_rank': 9, 'round': 39, 'timestamp': '2025-08-13 16:42:40'}
Received system metrics from client 10: {'cpu_time': 68.90000000037253, 'ram_used_mb': 10440.298496, 'net_sent_bytes': 82556, 'net_recv_bytes': 76895, 'gpu_mem_used_mb': 38983.0, 'gpu_load': 0.0, 'client_rank': 10, 'round': 39, 'timestamp': '2025-08-13 16:42:40'}
Averaging model weights...
Evaluating updated global model on test set...
    [Client 9] Round 40 - Waiting for global weights...
    [Client 8] Round 40 - Waiting for global weights...
    [Client 10] Round 40 - Waiting for global weights...
    [Client 7] Round 40 - Waiting for global weights...
    [Client 6] Round 40 - Waiting for global weights...
Round 39 Evaluation - Accuracy: 0.8331, Loss: 0.4970

===== Round 40 =====
Broadcasting global model to all clients...
Waiting for model weights from client 1...
    [Client 1] Round 40 - Training on local data...
    [Client 9] Round 40 - Training on local data...
    [Client 5] Round 40 - Training on local data...
    [Client 2] Round 40 - Training on local data...
    [Client 8] Round 40 - Training on local data...
    [Client 4] Round 40 - Training on local data...
    [Client 3] Round 40 - Training on local data...
    [Client 7] Round 40 - Training on local data...
    [Client 10] Round 40 - Training on local data...
    [Client 6] Round 40 - Training on local data...
    [Client 2] System Stats: {'cpu_time': 79.33999999985099, 'ram_used_mb': 10551.566336, 'net_sent_bytes': 38631, 'net_recv_bytes': 46502, 'gpu_mem_used_mb': 38985.0, 'gpu_load': 0.0, 'client_rank': 2, 'round': 40, 'timestamp': '2025-08-13 16:42:55'}
    [Client 8] System Stats: {'cpu_time': 30.75, 'ram_used_mb': 10124.562432, 'net_sent_bytes': 91382, 'net_recv_bytes': 75487, 'gpu_mem_used_mb': 38985.0, 'gpu_load': 0.0, 'client_rank': 8, 'round': 40, 'timestamp': '2025-08-13 16:42:55'}
    [Client 1] System Stats: {'cpu_time': 84.98000000044703, 'ram_used_mb': 10623.42656, 'net_sent_bytes': 3497, 'net_recv_bytes': 29424, 'gpu_mem_used_mb': 38985.0, 'gpu_load': 0.0, 'client_rank': 1, 'round': 40, 'timestamp': '2025-08-13 16:42:55'}
    [Client 4] System Stats: {'cpu_time': 33.53999999910593, 'ram_used_mb': 10534.985728, 'net_sent_bytes': 40852, 'net_recv_bytes': 47177, 'gpu_mem_used_mb': 38985.0, 'gpu_load': 0.0, 'client_rank': 4, 'round': 40, 'timestamp': '2025-08-13 16:42:55'}
    [Client 5] System Stats: {'cpu_time': 52.11999999731779, 'ram_used_mb': 10513.088512, 'net_sent_bytes': 23517, 'net_recv_bytes': 33329, 'gpu_mem_used_mb': 38985.0, 'gpu_load': 0.0, 'client_rank': 5, 'round': 40, 'timestamp': '2025-08-13 16:42:55'}
    [Client 7] System Stats: {'cpu_time': 38.44999999925494, 'ram_used_mb': 10363.61728, 'net_sent_bytes': 2159, 'net_recv_bytes': 30156, 'gpu_mem_used_mb': 38985.0, 'gpu_load': 0.0, 'client_rank': 7, 'round': 40, 'timestamp': '2025-08-13 16:42:55'}
    [Client 3] System Stats: {'cpu_time': 34.25999999791384, 'ram_used_mb': 10473.857024, 'net_sent_bytes': 32474, 'net_recv_bytes': 33699, 'gpu_mem_used_mb': 38985.0, 'gpu_load': 0.0, 'client_rank': 3, 'round': 40, 'timestamp': '2025-08-13 16:42:55'}
    [Client 10] System Stats: {'cpu_time': 66.1900000013411, 'ram_used_mb': 10680.119296, 'net_sent_bytes': 3557, 'net_recv_bytes': 34018, 'gpu_mem_used_mb': 38985.0, 'gpu_load': 0.0, 'client_rank': 10, 'round': 40, 'timestamp': '2025-08-13 16:42:55'}
    [Client 9] System Stats: {'cpu_time': 124.09999999776483, 'ram_used_mb': 10596.077568, 'net_sent_bytes': 78875, 'net_recv_bytes': 62778, 'gpu_mem_used_mb': 38985.0, 'gpu_load': 0.0, 'client_rank': 9, 'round': 40, 'timestamp': '2025-08-13 16:42:55'}
    [Client 8] Statistical Utility: {'client_rank': 8, 'round': 40, 'data_size': 525, 'data_variance': 0.06366205960512161, 'local_loss': 0.27360352873802185, 'local_accuracy': 92.19047427177429}
    [Client 2] Statistical Utility: {'client_rank': 2, 'round': 40, 'data_size': 2866, 'data_variance': 0.06469513475894928, 'local_loss': 0.24915261566638947, 'local_accuracy': 91.93998575210571}
    [Client 1] Statistical Utility: {'client_rank': 1, 'round': 40, 'data_size': 3640, 'data_variance': 0.06330215185880661, 'local_loss': 0.25210440158843994, 'local_accuracy': 92.03296899795532}
    [Client 5] Statistical Utility: {'client_rank': 5, 'round': 40, 'data_size': 3467, 'data_variance': 0.06352055072784424, 'local_loss': 0.3081691861152649, 'local_accuracy': 89.81828689575195}
    [Client 7] Statistical Utility: {'client_rank': 7, 'round': 40, 'data_size': 1414, 'data_variance': 0.06267841905355453, 'local_loss': 0.1867893934249878, 'local_accuracy': 94.13012862205505}
    [Client 3] Statistical Utility: {'client_rank': 3, 'round': 40, 'data_size': 2739, 'data_variance': 0.06390785425901413, 'local_loss': 0.24125799536705017, 'local_accuracy': 92.04089045524597}
    [Client 4] Statistical Utility: {'client_rank': 4, 'round': 40, 'data_size': 4459, 'data_variance': 0.06270676851272583, 'local_loss': 0.340051531791687, 'local_accuracy': 87.82238364219666}
    [Client 10] Statistical Utility: {'client_rank': 10, 'round': 40, 'data_size': 5942, 'data_variance': 0.0627174898982048, 'local_loss': 0.2769223749637604, 'local_accuracy': 91.04678630828857}
    [Client 2] Round 40 - Sending updated weights to server...
    [Client 9] Statistical Utility: {'client_rank': 9, 'round': 40, 'data_size': 7110, 'data_variance': 0.06292970478534698, 'local_loss': 0.3485143482685089, 'local_accuracy': 87.73558139801025}
    [Client 8] Round 40 - Sending updated weights to server...
    [Client 1] Round 40 - Sending updated weights to server...
Received weights from client 1
Waiting for model weights from client 2...
Received weights from client 2
Waiting for model weights from client 3...
    [Client 1] Round 41 - Waiting for global weights...
    [Client 2] Round 41 - Waiting for global weights...
    [Client 4] Round 40 - Sending updated weights to server...
    [Client 7] Round 40 - Sending updated weights to server...
    [Client 5] Round 40 - Sending updated weights to server...
    [Client 6] System Stats: {'cpu_time': 70.47999999672174, 'ram_used_mb': 10688.49152, 'net_sent_bytes': 34394, 'net_recv_bytes': 43089, 'gpu_mem_used_mb': 38987.0, 'gpu_load': 0.0, 'client_rank': 6, 'round': 40, 'timestamp': '2025-08-13 16:42:57'}
    [Client 10] Round 40 - Sending updated weights to server...
    [Client 3] Round 40 - Sending updated weights to server...
Received weights from client 3
Waiting for model weights from client 4...
Received weights from client 4
Waiting for model weights from client 5...
Received weights from client 5
Waiting for model weights from client 6...
    [Client 3] Round 41 - Waiting for global weights...
    [Client 4] Round 41 - Waiting for global weights...
    [Client 5] Round 41 - Waiting for global weights...
    [Client 6] Statistical Utility: {'client_rank': 6, 'round': 40, 'data_size': 17837, 'data_variance': 0.06342285126447678, 'local_loss': 0.38192257285118103, 'local_accuracy': 86.83074712753296}
    [Client 6] Round 40 - Sending updated weights to server...
Received weights from client 6
Waiting for model weights from client 7...
Received weights from client 7
Waiting for model weights from client 8...
Received weights from client 8
Waiting for model weights from client 9...
    [Client 8] Round 41 - Waiting for global weights...
    [Client 7] Round 41 - Waiting for global weights...
    [Client 6] Round 41 - Waiting for global weights...
    [Client 9] Round 40 - Sending updated weights to server...
Received weights from client 9
Waiting for model weights from client 10...
Received weights from client 10
Received system metrics from client 1: {'cpu_time': 84.98000000044703, 'ram_used_mb': 10623.42656, 'net_sent_bytes': 3497, 'net_recv_bytes': 29424, 'gpu_mem_used_mb': 38985.0, 'gpu_load': 0.0, 'client_rank': 1, 'round': 40, 'timestamp': '2025-08-13 16:42:55'}
Received system metrics from client 2: {'cpu_time': 79.33999999985099, 'ram_used_mb': 10551.566336, 'net_sent_bytes': 38631, 'net_recv_bytes': 46502, 'gpu_mem_used_mb': 38985.0, 'gpu_load': 0.0, 'client_rank': 2, 'round': 40, 'timestamp': '2025-08-13 16:42:55'}
Received system metrics from client 3: {'cpu_time': 34.25999999791384, 'ram_used_mb': 10473.857024, 'net_sent_bytes': 32474, 'net_recv_bytes': 33699, 'gpu_mem_used_mb': 38985.0, 'gpu_load': 0.0, 'client_rank': 3, 'round': 40, 'timestamp': '2025-08-13 16:42:55'}
Received system metrics from client 4: {'cpu_time': 33.53999999910593, 'ram_used_mb': 10534.985728, 'net_sent_bytes': 40852, 'net_recv_bytes': 47177, 'gpu_mem_used_mb': 38985.0, 'gpu_load': 0.0, 'client_rank': 4, 'round': 40, 'timestamp': '2025-08-13 16:42:55'}
Received system metrics from client 5: {'cpu_time': 52.11999999731779, 'ram_used_mb': 10513.088512, 'net_sent_bytes': 23517, 'net_recv_bytes': 33329, 'gpu_mem_used_mb': 38985.0, 'gpu_load': 0.0, 'client_rank': 5, 'round': 40, 'timestamp': '2025-08-13 16:42:55'}
Received system metrics from client 6: {'cpu_time': 70.47999999672174, 'ram_used_mb': 10688.49152, 'net_sent_bytes': 34394, 'net_recv_bytes': 43089, 'gpu_mem_used_mb': 38987.0, 'gpu_load': 0.0, 'client_rank': 6, 'round': 40, 'timestamp': '2025-08-13 16:42:57'}
Received system metrics from client 7: {'cpu_time': 38.44999999925494, 'ram_used_mb': 10363.61728, 'net_sent_bytes': 2159, 'net_recv_bytes': 30156, 'gpu_mem_used_mb': 38985.0, 'gpu_load': 0.0, 'client_rank': 7, 'round': 40, 'timestamp': '2025-08-13 16:42:55'}
Received system metrics from client 8: {'cpu_time': 30.75, 'ram_used_mb': 10124.562432, 'net_sent_bytes': 91382, 'net_recv_bytes': 75487, 'gpu_mem_used_mb': 38985.0, 'gpu_load': 0.0, 'client_rank': 8, 'round': 40, 'timestamp': '2025-08-13 16:42:55'}
Received system metrics from client 9: {'cpu_time': 124.09999999776483, 'ram_used_mb': 10596.077568, 'net_sent_bytes': 78875, 'net_recv_bytes': 62778, 'gpu_mem_used_mb': 38985.0, 'gpu_load': 0.0, 'client_rank': 9, 'round': 40, 'timestamp': '2025-08-13 16:42:55'}
Received system metrics from client 10: {'cpu_time': 66.1900000013411, 'ram_used_mb': 10680.119296, 'net_sent_bytes': 3557, 'net_recv_bytes': 34018, 'gpu_mem_used_mb': 38985.0, 'gpu_load': 0.0, 'client_rank': 10, 'round': 40, 'timestamp': '2025-08-13 16:42:55'}
Averaging model weights...
Evaluating updated global model on test set...
    [Client 9] Round 41 - Waiting for global weights...
    [Client 10] Round 41 - Waiting for global weights...
Round 40 Evaluation - Accuracy: 0.8315, Loss: 0.5048

===== Round 41 =====
Broadcasting global model to all clients...
Waiting for model weights from client 1...
    [Client 9] Round 41 - Training on local data...
    [Client 6] Round 41 - Training on local data...
    [Client 7] Round 41 - Training on local data...
    [Client 2] Round 41 - Training on local data...
    [Client 4] Round 41 - Training on local data...
    [Client 5] Round 41 - Training on local data...
    [Client 8] Round 41 - Training on local data...
    [Client 1] Round 41 - Training on local data...
    [Client 10] Round 41 - Training on local data...
    [Client 3] Round 41 - Training on local data...
    [Client 8] System Stats: {'cpu_time': 31.610000003129244, 'ram_used_mb': 10356.0192, 'net_sent_bytes': 1577388, 'net_recv_bytes': 1059830, 'gpu_mem_used_mb': 38987.0, 'gpu_load': 0.0, 'client_rank': 8, 'round': 41, 'timestamp': '2025-08-13 16:43:11'}
    [Client 3] System Stats: {'cpu_time': 39.619999999180436, 'ram_used_mb': 10478.854144, 'net_sent_bytes': 43770, 'net_recv_bytes': 59289, 'gpu_mem_used_mb': 38987.0, 'gpu_load': 0.0, 'client_rank': 3, 'round': 41, 'timestamp': '2025-08-13 16:43:13'}
    [Client 8] Statistical Utility: {'client_rank': 8, 'round': 41, 'data_size': 525, 'data_variance': 0.06366205960512161, 'local_loss': 0.21680264174938202, 'local_accuracy': 93.71428489685059}
    [Client 7] System Stats: {'cpu_time': 38.91999999806285, 'ram_used_mb': 10584.162304, 'net_sent_bytes': 32303, 'net_recv_bytes': 43845, 'gpu_mem_used_mb': 38985.0, 'gpu_load': 0.01, 'client_rank': 7, 'round': 41, 'timestamp': '2025-08-13 16:43:12'}
    [Client 5] System Stats: {'cpu_time': 63.68000000715256, 'ram_used_mb': 10674.87232, 'net_sent_bytes': 32695, 'net_recv_bytes': 41326, 'gpu_mem_used_mb': 38987.0, 'gpu_load': 0.0, 'client_rank': 5, 'round': 41, 'timestamp': '2025-08-13 16:43:13'}
    [Client 1] System Stats: {'cpu_time': 97.92999999970198, 'ram_used_mb': 10796.25728, 'net_sent_bytes': 2702, 'net_recv_bytes': 42233, 'gpu_mem_used_mb': 38985.0, 'gpu_load': 0.0, 'client_rank': 1, 'round': 41, 'timestamp': '2025-08-13 16:43:13'}
    [Client 2] System Stats: {'cpu_time': 79.75, 'ram_used_mb': 10742.444032, 'net_sent_bytes': 30047, 'net_recv_bytes': 60951, 'gpu_mem_used_mb': 38987.0, 'gpu_load': 0.0, 'client_rank': 2, 'round': 41, 'timestamp': '2025-08-13 16:43:11'}
    [Client 4] System Stats: {'cpu_time': 40.2200000025332, 'ram_used_mb': 10705.395712, 'net_sent_bytes': 39083, 'net_recv_bytes': 48123, 'gpu_mem_used_mb': 38987.0, 'gpu_load': 0.0, 'client_rank': 4, 'round': 41, 'timestamp': '2025-08-13 16:43:13'}
Received weights from client 1
Waiting for model weights from client 2...
    [Client 9] System Stats: {'cpu_time': 143.839999999851, 'ram_used_mb': 10612.391936, 'net_sent_bytes': 1376, 'net_recv_bytes': 44255, 'gpu_mem_used_mb': 38985.0, 'gpu_load': 0.0, 'client_rank': 9, 'round': 41, 'timestamp': '2025-08-13 16:43:13'}
    [Client 10] System Stats: {'cpu_time': 67.25, 'ram_used_mb': 10868.334592, 'net_sent_bytes': 75102, 'net_recv_bytes': 50353, 'gpu_mem_used_mb': 38987.0, 'gpu_load': 0.0, 'client_rank': 10, 'round': 41, 'timestamp': '2025-08-13 16:43:12'}
    [Client 6] System Stats: {'cpu_time': 81.94999999925494, 'ram_used_mb': 10781.626368, 'net_sent_bytes': 14937, 'net_recv_bytes': 54073, 'gpu_mem_used_mb': 38987.0, 'gpu_load': 0.0, 'client_rank': 6, 'round': 41, 'timestamp': '2025-08-13 16:43:15'}
    [Client 3] Statistical Utility: {'client_rank': 3, 'round': 41, 'data_size': 2739, 'data_variance': 0.06390785425901413, 'local_loss': 0.31404322385787964, 'local_accuracy': 90.21540880203247}
    [Client 8] Round 41 - Sending updated weights to server...
    [Client 7] Statistical Utility: {'client_rank': 7, 'round': 41, 'data_size': 1414, 'data_variance': 0.06267841905355453, 'local_loss': 0.23504485189914703, 'local_accuracy': 92.64497756958008}
    [Client 5] Statistical Utility: {'client_rank': 5, 'round': 41, 'data_size': 3467, 'data_variance': 0.06352055072784424, 'local_loss': 0.254403293132782, 'local_accuracy': 91.92385077476501}
    [Client 1] Statistical Utility: {'client_rank': 1, 'round': 41, 'data_size': 3640, 'data_variance': 0.06330215185880661, 'local_loss': 0.23545880615711212, 'local_accuracy': 93.07692050933838}
    [Client 2] Statistical Utility: {'client_rank': 2, 'round': 41, 'data_size': 2866, 'data_variance': 0.06469513475894928, 'local_loss': 0.23257187008857727, 'local_accuracy': 92.84717440605164}
    [Client 4] Statistical Utility: {'client_rank': 4, 'round': 41, 'data_size': 4459, 'data_variance': 0.06270676851272583, 'local_loss': 0.2691601514816284, 'local_accuracy': 91.38820171356201}
Received weights from client 2
Waiting for model weights from client 3...
    [Client 9] Statistical Utility: {'client_rank': 9, 'round': 41, 'data_size': 7110, 'data_variance': 0.06292970478534698, 'local_loss': 0.2690459191799164, 'local_accuracy': 91.23769402503967}
    [Client 10] Statistical Utility: {'client_rank': 10, 'round': 41, 'data_size': 5942, 'data_variance': 0.0627174898982048, 'local_loss': 0.27275779843330383, 'local_accuracy': 90.96263647079468}
    [Client 6] Statistical Utility: {'client_rank': 6, 'round': 41, 'data_size': 17837, 'data_variance': 0.06342285126447678, 'local_loss': 0.36415258049964905, 'local_accuracy': 87.17272877693176}
    [Client 3] Round 41 - Sending updated weights to server...
    [Client 7] Round 41 - Sending updated weights to server...
    [Client 5] Round 41 - Sending updated weights to server...
    [Client 1] Round 41 - Sending updated weights to server...
    [Client 2] Round 41 - Sending updated weights to server...
    [Client 4] Round 41 - Sending updated weights to server...
Received weights from client 3
Waiting for model weights from client 4...
    [Client 9] Round 41 - Sending updated weights to server...
    [Client 10] Round 41 - Sending updated weights to server...
    [Client 6] Round 41 - Sending updated weights to server...
Received weights from client 4
    [Client 3] Round 42 - Waiting for global weights...
    [Client 7] Round 42 - Waiting for global weights...
    [Client 5] Round 42 - Waiting for global weights...
    [Client 1] Round 42 - Waiting for global weights...
    [Client 2] Round 42 - Waiting for global weights...
    [Client 4] Round 42 - Waiting for global weights...
Waiting for model weights from client 5...
    [Client 9] Round 42 - Waiting for global weights...
    [Client 6] Round 42 - Waiting for global weights...
Received weights from client 5
Waiting for model weights from client 6...
Received weights from client 6
Waiting for model weights from client 7...
Received weights from client 7
Waiting for model weights from client 8...
Received weights from client 8
Waiting for model weights from client 9...
Received weights from client 9
Waiting for model weights from client 10...
Received weights from client 10
Received system metrics from client 1: {'cpu_time': 97.92999999970198, 'ram_used_mb': 10796.25728, 'net_sent_bytes': 2702, 'net_recv_bytes': 42233, 'gpu_mem_used_mb': 38985.0, 'gpu_load': 0.0, 'client_rank': 1, 'round': 41, 'timestamp': '2025-08-13 16:43:13'}
Received system metrics from client 2: {'cpu_time': 79.75, 'ram_used_mb': 10742.444032, 'net_sent_bytes': 30047, 'net_recv_bytes': 60951, 'gpu_mem_used_mb': 38987.0, 'gpu_load': 0.0, 'client_rank': 2, 'round': 41, 'timestamp': '2025-08-13 16:43:11'}
Received system metrics from client 3: {'cpu_time': 39.619999999180436, 'ram_used_mb': 10478.854144, 'net_sent_bytes': 43770, 'net_recv_bytes': 59289, 'gpu_mem_used_mb': 38987.0, 'gpu_load': 0.0, 'client_rank': 3, 'round': 41, 'timestamp': '2025-08-13 16:43:13'}
Received system metrics from client 4: {'cpu_time': 40.2200000025332, 'ram_used_mb': 10705.395712, 'net_sent_bytes': 39083, 'net_recv_bytes': 48123, 'gpu_mem_used_mb': 38987.0, 'gpu_load': 0.0, 'client_rank': 4, 'round': 41, 'timestamp': '2025-08-13 16:43:13'}
Received system metrics from client 5: {'cpu_time': 63.68000000715256, 'ram_used_mb': 10674.87232, 'net_sent_bytes': 32695, 'net_recv_bytes': 41326, 'gpu_mem_used_mb': 38987.0, 'gpu_load': 0.0, 'client_rank': 5, 'round': 41, 'timestamp': '2025-08-13 16:43:13'}
Received system metrics from client 6: {'cpu_time': 81.94999999925494, 'ram_used_mb': 10781.626368, 'net_sent_bytes': 14937, 'net_recv_bytes': 54073, 'gpu_mem_used_mb': 38987.0, 'gpu_load': 0.0, 'client_rank': 6, 'round': 41, 'timestamp': '2025-08-13 16:43:15'}
Received system metrics from client 7: {'cpu_time': 38.91999999806285, 'ram_used_mb': 10584.162304, 'net_sent_bytes': 32303, 'net_recv_bytes': 43845, 'gpu_mem_used_mb': 38985.0, 'gpu_load': 0.01, 'client_rank': 7, 'round': 41, 'timestamp': '2025-08-13 16:43:12'}
Received system metrics from client 8: {'cpu_time': 31.610000003129244, 'ram_used_mb': 10356.0192, 'net_sent_bytes': 1577388, 'net_recv_bytes': 1059830, 'gpu_mem_used_mb': 38987.0, 'gpu_load': 0.0, 'client_rank': 8, 'round': 41, 'timestamp': '2025-08-13 16:43:11'}
Received system metrics from client 9: {'cpu_time': 143.839999999851, 'ram_used_mb': 10612.391936, 'net_sent_bytes': 1376, 'net_recv_bytes': 44255, 'gpu_mem_used_mb': 38985.0, 'gpu_load': 0.0, 'client_rank': 9, 'round': 41, 'timestamp': '2025-08-13 16:43:13'}
Received system metrics from client 10: {'cpu_time': 67.25, 'ram_used_mb': 10868.334592, 'net_sent_bytes': 75102, 'net_recv_bytes': 50353, 'gpu_mem_used_mb': 38987.0, 'gpu_load': 0.0, 'client_rank': 10, 'round': 41, 'timestamp': '2025-08-13 16:43:12'}
Averaging model weights...
Evaluating updated global model on test set...
Round 41 Evaluation - Accuracy: 0.8325, Loss: 0.4913

===== Round 42 =====
Broadcasting global model to all clients...
    [Client 4] Round 42 - Training on local data...
    [Client 6] Round 42 - Training on local data...
    [Client 9] Round 42 - Training on local data...
    [Client 7] Round 42 - Training on local data...
    [Client 5] Round 42 - Training on local data...
    [Client 2] Round 42 - Training on local data...
    [Client 1] Round 42 - Training on local data...
    [Client 3] Round 42 - Training on local data...
    [Client 10] Round 42 - Waiting for global weights...
    [Client 10] Round 42 - Training on local data...
    [Client 8] Round 42 - Waiting for global weights...
Waiting for model weights from client 1...
    [Client 8] Round 42 - Training on local data...
    [Client 2] System Stats: {'cpu_time': 79.64000000059605, 'ram_used_mb': 10704.347136, 'net_sent_bytes': 424, 'net_recv_bytes': 32397, 'gpu_mem_used_mb': 38989.0, 'gpu_load': 0.0, 'client_rank': 2, 'round': 42, 'timestamp': '2025-08-13 16:43:41'}
    [Client 4] System Stats: {'cpu_time': 33.41000000014901, 'ram_used_mb': 10753.200128, 'net_sent_bytes': 3665, 'net_recv_bytes': 31858, 'gpu_mem_used_mb': 38989.0, 'gpu_load': 0.0, 'client_rank': 4, 'round': 42, 'timestamp': '2025-08-13 16:43:41'}
    [Client 1] System Stats: {'cpu_time': 83.9899999992922, 'ram_used_mb': 10758.295552, 'net_sent_bytes': 3310, 'net_recv_bytes': 33844, 'gpu_mem_used_mb': 38987.0, 'gpu_load': 0.0, 'client_rank': 1, 'round': 42, 'timestamp': '2025-08-13 16:43:41'}
    [Client 3] System Stats: {'cpu_time': 30.830000000074506, 'ram_used_mb': 10666.201088, 'net_sent_bytes': 46164, 'net_recv_bytes': 52446, 'gpu_mem_used_mb': 38989.0, 'gpu_load': 0.0, 'client_rank': 3, 'round': 42, 'timestamp': '2025-08-13 16:43:41'}
    [Client 7] System Stats: {'cpu_time': 30.849999997764826, 'ram_used_mb': 10575.720448, 'net_sent_bytes': 27089, 'net_recv_bytes': 58419, 'gpu_mem_used_mb': 38987.0, 'gpu_load': 0.0, 'client_rank': 7, 'round': 42, 'timestamp': '2025-08-13 16:43:41'}
    [Client 5] System Stats: {'cpu_time': 47.64000000059605, 'ram_used_mb': 10688.45056, 'net_sent_bytes': 33405, 'net_recv_bytes': 34983, 'gpu_mem_used_mb': 38989.0, 'gpu_load': 0.0, 'client_rank': 5, 'round': 42, 'timestamp': '2025-08-13 16:43:41'}
    [Client 9] System Stats: {'cpu_time': 124.00000000372529, 'ram_used_mb': 10858.98752, 'net_sent_bytes': 67169, 'net_recv_bytes': 72334, 'gpu_mem_used_mb': 38987.0, 'gpu_load': 0.0, 'client_rank': 9, 'round': 42, 'timestamp': '2025-08-13 16:43:41'}
    [Client 2] Statistical Utility: {'client_rank': 2, 'round': 42, 'data_size': 2866, 'data_variance': 0.06469513475894928, 'local_loss': 0.21375282108783722, 'local_accuracy': 92.98673868179321}
    [Client 1] Statistical Utility: {'client_rank': 1, 'round': 42, 'data_size': 3640, 'data_variance': 0.06330215185880661, 'local_loss': 0.22509688138961792, 'local_accuracy': 92.41757988929749}
    [Client 3] Statistical Utility: {'client_rank': 3, 'round': 42, 'data_size': 2739, 'data_variance': 0.06390785425901413, 'local_loss': 0.2056668996810913, 'local_accuracy': 93.79335641860962}
    [Client 7] Statistical Utility: {'client_rank': 7, 'round': 42, 'data_size': 1414, 'data_variance': 0.06267841905355453, 'local_loss': 0.16224399209022522, 'local_accuracy': 95.40311098098755}
    [Client 8] System Stats: {'cpu_time': 32.940000001341105, 'ram_used_mb': 10343.71072, 'net_sent_bytes': 1549064, 'net_recv_bytes': 1108034, 'gpu_mem_used_mb': 38989.0, 'gpu_load': 0.0, 'client_rank': 8, 'round': 42, 'timestamp': '2025-08-13 16:43:42'}
    [Client 4] Statistical Utility: {'client_rank': 4, 'round': 42, 'data_size': 4459, 'data_variance': 0.06270676851272583, 'local_loss': 0.2933867275714874, 'local_accuracy': 89.9304747581482}
    [Client 5] Statistical Utility: {'client_rank': 5, 'round': 42, 'data_size': 3467, 'data_variance': 0.06352055072784424, 'local_loss': 0.2661921977996826, 'local_accuracy': 91.37582778930664}
    [Client 9] Statistical Utility: {'client_rank': 9, 'round': 42, 'data_size': 7110, 'data_variance': 0.06292970478534698, 'local_loss': 0.32103440165519714, 'local_accuracy': 88.91701698303223}
    [Client 10] System Stats: {'cpu_time': 66.95999999716878, 'ram_used_mb': 10875.625472, 'net_sent_bytes': 37729, 'net_recv_bytes': 36941, 'gpu_mem_used_mb': 38987.0, 'gpu_load': 0.0, 'client_rank': 10, 'round': 42, 'timestamp': '2025-08-13 16:43:42'}
    [Client 8] Statistical Utility: {'client_rank': 8, 'round': 42, 'data_size': 525, 'data_variance': 0.06366205960512161, 'local_loss': 0.24620160460472107, 'local_accuracy': 92.38095283508301}
    [Client 3] Round 42 - Sending updated weights to server...
    [Client 5] Round 42 - Sending updated weights to server...
    [Client 4] Round 42 - Sending updated weights to server...
    [Client 6] System Stats: {'cpu_time': 70.41999999806285, 'ram_used_mb': 10881.630208, 'net_sent_bytes': 1023, 'net_recv_bytes': 36717, 'gpu_mem_used_mb': 38989.0, 'gpu_load': 0.0, 'client_rank': 6, 'round': 42, 'timestamp': '2025-08-13 16:43:43'}
    [Client 1] Round 42 - Sending updated weights to server...
Received weights from client 1
Waiting for model weights from client 2...
    [Client 7] Round 42 - Sending updated weights to server...
    [Client 1] Round 43 - Waiting for global weights...
    [Client 2] Round 42 - Sending updated weights to server...
Received weights from client 2
Waiting for model weights from client 3...
Received weights from client 3
Waiting for model weights from client 4...
Received weights from client 4
Waiting for model weights from client 5...
Received weights from client 5
Waiting for model weights from client 6...
    [Client 8] Round 42 - Sending updated weights to server...
    [Client 2] Round 43 - Waiting for global weights...
    [Client 3] Round 43 - Waiting for global weights...
    [Client 4] Round 43 - Waiting for global weights...
    [Client 5] Round 43 - Waiting for global weights...
    [Client 10] Statistical Utility: {'client_rank': 10, 'round': 42, 'data_size': 5942, 'data_variance': 0.0627174898982048, 'local_loss': 0.24868084490299225, 'local_accuracy': 91.93874001502991}
    [Client 6] Statistical Utility: {'client_rank': 6, 'round': 42, 'data_size': 17837, 'data_variance': 0.06342285126447678, 'local_loss': 0.3559598922729492, 'local_accuracy': 88.13140988349915}
    [Client 10] Round 42 - Sending updated weights to server...
    [Client 6] Round 42 - Sending updated weights to server...
Received weights from client 6
Waiting for model weights from client 7...
Received weights from client 7
Waiting for model weights from client 8...
Received weights from client 8
Waiting for model weights from client 9...
    [Client 8] Round 43 - Waiting for global weights...
    [Client 7] Round 43 - Waiting for global weights...
    [Client 6] Round 43 - Waiting for global weights...
    [Client 9] Round 42 - Sending updated weights to server...
Received weights from client 9
Waiting for model weights from client 10...
Received weights from client 10
Received system metrics from client 1: {'cpu_time': 83.9899999992922, 'ram_used_mb': 10758.295552, 'net_sent_bytes': 3310, 'net_recv_bytes': 33844, 'gpu_mem_used_mb': 38987.0, 'gpu_load': 0.0, 'client_rank': 1, 'round': 42, 'timestamp': '2025-08-13 16:43:41'}
Received system metrics from client 2: {'cpu_time': 79.64000000059605, 'ram_used_mb': 10704.347136, 'net_sent_bytes': 424, 'net_recv_bytes': 32397, 'gpu_mem_used_mb': 38989.0, 'gpu_load': 0.0, 'client_rank': 2, 'round': 42, 'timestamp': '2025-08-13 16:43:41'}
Received system metrics from client 3: {'cpu_time': 30.830000000074506, 'ram_used_mb': 10666.201088, 'net_sent_bytes': 46164, 'net_recv_bytes': 52446, 'gpu_mem_used_mb': 38989.0, 'gpu_load': 0.0, 'client_rank': 3, 'round': 42, 'timestamp': '2025-08-13 16:43:41'}
Received system metrics from client 4: {'cpu_time': 33.41000000014901, 'ram_used_mb': 10753.200128, 'net_sent_bytes': 3665, 'net_recv_bytes': 31858, 'gpu_mem_used_mb': 38989.0, 'gpu_load': 0.0, 'client_rank': 4, 'round': 42, 'timestamp': '2025-08-13 16:43:41'}
Received system metrics from client 5: {'cpu_time': 47.64000000059605, 'ram_used_mb': 10688.45056, 'net_sent_bytes': 33405, 'net_recv_bytes': 34983, 'gpu_mem_used_mb': 38989.0, 'gpu_load': 0.0, 'client_rank': 5, 'round': 42, 'timestamp': '2025-08-13 16:43:41'}
Received system metrics from client 6: {'cpu_time': 70.41999999806285, 'ram_used_mb': 10881.630208, 'net_sent_bytes': 1023, 'net_recv_bytes': 36717, 'gpu_mem_used_mb': 38989.0, 'gpu_load': 0.0, 'client_rank': 6, 'round': 42, 'timestamp': '2025-08-13 16:43:43'}
Received system metrics from client 7: {'cpu_time': 30.849999997764826, 'ram_used_mb': 10575.720448, 'net_sent_bytes': 27089, 'net_recv_bytes': 58419, 'gpu_mem_used_mb': 38987.0, 'gpu_load': 0.0, 'client_rank': 7, 'round': 42, 'timestamp': '2025-08-13 16:43:41'}
Received system metrics from client 8: {'cpu_time': 32.940000001341105, 'ram_used_mb': 10343.71072, 'net_sent_bytes': 1549064, 'net_recv_bytes': 1108034, 'gpu_mem_used_mb': 38989.0, 'gpu_load': 0.0, 'client_rank': 8, 'round': 42, 'timestamp': '2025-08-13 16:43:42'}
Received system metrics from client 9: {'cpu_time': 124.00000000372529, 'ram_used_mb': 10858.98752, 'net_sent_bytes': 67169, 'net_recv_bytes': 72334, 'gpu_mem_used_mb': 38987.0, 'gpu_load': 0.0, 'client_rank': 9, 'round': 42, 'timestamp': '2025-08-13 16:43:41'}
Received system metrics from client 10: {'cpu_time': 66.95999999716878, 'ram_used_mb': 10875.625472, 'net_sent_bytes': 37729, 'net_recv_bytes': 36941, 'gpu_mem_used_mb': 38987.0, 'gpu_load': 0.0, 'client_rank': 10, 'round': 42, 'timestamp': '2025-08-13 16:43:42'}
Averaging model weights...
Evaluating updated global model on test set...
    [Client 9] Round 43 - Waiting for global weights...
    [Client 10] Round 43 - Waiting for global weights...
Round 42 Evaluation - Accuracy: 0.8374, Loss: 0.4841

===== Round 43 =====
Broadcasting global model to all clients...
Waiting for model weights from client 1...
    [Client 9] Round 43 - Training on local data...
    [Client 2] Round 43 - Training on local data...
    [Client 10] Round 43 - Training on local data...
    [Client 6] Round 43 - Training on local data...
    [Client 3] Round 43 - Training on local data...
    [Client 5] Round 43 - Training on local data...
    [Client 1] Round 43 - Training on local data...
    [Client 4] Round 43 - Training on local data...
    [Client 8] Round 43 - Training on local data...
    [Client 7] Round 43 - Training on local data...
    [Client 2] System Stats: {'cpu_time': 77.7800000011921, 'ram_used_mb': 10898.41152, 'net_sent_bytes': 296, 'net_recv_bytes': 28294, 'gpu_mem_used_mb': 38989.0, 'gpu_load': 0.0, 'client_rank': 2, 'round': 43, 'timestamp': '2025-08-13 16:43:57'}
    [Client 3] System Stats: {'cpu_time': 33.19999999925494, 'ram_used_mb': 10852.122624, 'net_sent_bytes': 1364, 'net_recv_bytes': 28877, 'gpu_mem_used_mb': 38989.0, 'gpu_load': 0.01, 'client_rank': 3, 'round': 43, 'timestamp': '2025-08-13 16:43:58'}
    [Client 8] System Stats: {'cpu_time': 32.230000000447035, 'ram_used_mb': 10509.381632, 'net_sent_bytes': 1562407, 'net_recv_bytes': 1018916, 'gpu_mem_used_mb': 38989.0, 'gpu_load': 0.01, 'client_rank': 8, 'round': 43, 'timestamp': '2025-08-13 16:43:58'}
    [Client 7] System Stats: {'cpu_time': 37.82000000029802, 'ram_used_mb': 10768.859136, 'net_sent_bytes': 1260, 'net_recv_bytes': 29521, 'gpu_mem_used_mb': 38989.0, 'gpu_load': 0.0, 'client_rank': 7, 'round': 43, 'timestamp': '2025-08-13 16:43:58'}
    [Client 5] System Stats: {'cpu_time': 45.809999994933605, 'ram_used_mb': 10861.924352, 'net_sent_bytes': 14157, 'net_recv_bytes': 33790, 'gpu_mem_used_mb': 38989.0, 'gpu_load': 0.0, 'client_rank': 5, 'round': 43, 'timestamp': '2025-08-13 16:43:58'}
    [Client 1] System Stats: {'cpu_time': 83.13000000081956, 'ram_used_mb': 10931.560448, 'net_sent_bytes': 1480, 'net_recv_bytes': 29147, 'gpu_mem_used_mb': 38989.0, 'gpu_load': 0.0, 'client_rank': 1, 'round': 43, 'timestamp': '2025-08-13 16:43:58'}
    [Client 2] Statistical Utility: {'client_rank': 2, 'round': 43, 'data_size': 2866, 'data_variance': 0.06469513475894928, 'local_loss': 0.21469655632972717, 'local_accuracy': 92.70760416984558}
    [Client 4] System Stats: {'cpu_time': 32.80000000074506, 'ram_used_mb': 10945.69984, 'net_sent_bytes': 8630, 'net_recv_bytes': 39610, 'gpu_mem_used_mb': 38989.0, 'gpu_load': 0.0, 'client_rank': 4, 'round': 43, 'timestamp': '2025-08-13 16:43:58'}
Received weights from client 1
    [Client 9] System Stats: {'cpu_time': 121.80000000074506, 'ram_used_mb': 10970.599424, 'net_sent_bytes': 77721, 'net_recv_bytes': 56452, 'gpu_mem_used_mb': 38989.0, 'gpu_load': 0.0, 'client_rank': 9, 'round': 43, 'timestamp': '2025-08-13 16:43:58'}
    [Client 10] System Stats: {'cpu_time': 65.98000000044703, 'ram_used_mb': 11061.198848, 'net_sent_bytes': 3996, 'net_recv_bytes': 36246, 'gpu_mem_used_mb': 38989.0, 'gpu_load': 0.01, 'client_rank': 10, 'round': 43, 'timestamp': '2025-08-13 16:43:58'}
    [Client 6] System Stats: {'cpu_time': 68.67000000178814, 'ram_used_mb': 11030.87616, 'net_sent_bytes': 390, 'net_recv_bytes': 40216, 'gpu_mem_used_mb': 38989.0, 'gpu_load': 0.0, 'client_rank': 6, 'round': 43, 'timestamp': '2025-08-13 16:43:59'}
    [Client 3] Statistical Utility: {'client_rank': 3, 'round': 43, 'data_size': 2739, 'data_variance': 0.06390785425901413, 'local_loss': 0.2224906086921692, 'local_accuracy': 92.62504577636719}
    [Client 8] Statistical Utility: {'client_rank': 8, 'round': 43, 'data_size': 525, 'data_variance': 0.06366205960512161, 'local_loss': 0.28184184432029724, 'local_accuracy': 89.14285898208618}
    [Client 7] Statistical Utility: {'client_rank': 7, 'round': 43, 'data_size': 1414, 'data_variance': 0.06267841905355453, 'local_loss': 0.1842784732580185, 'local_accuracy': 95.04950642585754}
    [Client 5] Statistical Utility: {'client_rank': 5, 'round': 43, 'data_size': 3467, 'data_variance': 0.06352055072784424, 'local_loss': 0.23072873055934906, 'local_accuracy': 92.81799793243408}
    [Client 1] Statistical Utility: {'client_rank': 1, 'round': 43, 'data_size': 3640, 'data_variance': 0.06330215185880661, 'local_loss': 0.25302091240882874, 'local_accuracy': 91.73076748847961}
    [Client 4] Statistical Utility: {'client_rank': 4, 'round': 43, 'data_size': 4459, 'data_variance': 0.06270676851272583, 'local_loss': 0.277099609375, 'local_accuracy': 91.4330542087555}
Waiting for model weights from client 2...
    [Client 9] Statistical Utility: {'client_rank': 9, 'round': 43, 'data_size': 7110, 'data_variance': 0.06292970478534698, 'local_loss': 0.5026432871818542, 'local_accuracy': 82.78480768203735}
    [Client 10] Statistical Utility: {'client_rank': 10, 'round': 43, 'data_size': 5942, 'data_variance': 0.0627174898982048, 'local_loss': 0.32039234042167664, 'local_accuracy': 88.60653042793274}
    [Client 6] Statistical Utility: {'client_rank': 6, 'round': 43, 'data_size': 17837, 'data_variance': 0.06342285126447678, 'local_loss': 0.4017736613750458, 'local_accuracy': 86.07949614524841}
    [Client 8] Round 43 - Sending updated weights to server...
    [Client 7] Round 43 - Sending updated weights to server...
    [Client 1] Round 43 - Sending updated weights to server...
    [Client 9] Round 43 - Sending updated weights to server...
    [Client 10] Round 43 - Sending updated weights to server...
    [Client 1] Round 44 - Waiting for global weights...
    [Client 2] Round 43 - Sending updated weights to server...
    [Client 4] Round 43 - Sending updated weights to server...
Received weights from client 2
Waiting for model weights from client 3...
    [Client 5] Round 43 - Sending updated weights to server...
    [Client 2] Round 44 - Waiting for global weights...
    [Client 6] Round 43 - Sending updated weights to server...
    [Client 3] Round 43 - Sending updated weights to server...
Received weights from client 3
Waiting for model weights from client 4...
Received weights from client 4
Waiting for model weights from client 5...
Received weights from client 5
Waiting for model weights from client 6...
Received weights from client 6
Waiting for model weights from client 7...
Received weights from client 7
Waiting for model weights from client 8...
Received weights from client 8
Waiting for model weights from client 9...
Received weights from client 9
Waiting for model weights from client 10...
Received weights from client 10
Received system metrics from client 1: {'cpu_time': 83.13000000081956, 'ram_used_mb': 10931.560448, 'net_sent_bytes': 1480, 'net_recv_bytes': 29147, 'gpu_mem_used_mb': 38989.0, 'gpu_load': 0.0, 'client_rank': 1, 'round': 43, 'timestamp': '2025-08-13 16:43:58'}
Received system metrics from client 2: {'cpu_time': 77.7800000011921, 'ram_used_mb': 10898.41152, 'net_sent_bytes': 296, 'net_recv_bytes': 28294, 'gpu_mem_used_mb': 38989.0, 'gpu_load': 0.0, 'client_rank': 2, 'round': 43, 'timestamp': '2025-08-13 16:43:57'}
Received system metrics from client 3: {'cpu_time': 33.19999999925494, 'ram_used_mb': 10852.122624, 'net_sent_bytes': 1364, 'net_recv_bytes': 28877, 'gpu_mem_used_mb': 38989.0, 'gpu_load': 0.01, 'client_rank': 3, 'round': 43, 'timestamp': '2025-08-13 16:43:58'}
Received system metrics from client 4: {'cpu_time': 32.80000000074506, 'ram_used_mb': 10945.69984, 'net_sent_bytes': 8630, 'net_recv_bytes': 39610, 'gpu_mem_used_mb': 38989.0, 'gpu_load': 0.0, 'client_rank': 4, 'round': 43, 'timestamp': '2025-08-13 16:43:58'}
Received system metrics from client 5: {'cpu_time': 45.809999994933605, 'ram_used_mb': 10861.924352, 'net_sent_bytes': 14157, 'net_recv_bytes': 33790, 'gpu_mem_used_mb': 38989.0, 'gpu_load': 0.0, 'client_rank': 5, 'round': 43, 'timestamp': '2025-08-13 16:43:58'}
Received system metrics from client 6: {'cpu_time': 68.67000000178814, 'ram_used_mb': 11030.87616, 'net_sent_bytes': 390, 'net_recv_bytes': 40216, 'gpu_mem_used_mb': 38989.0, 'gpu_load': 0.0, 'client_rank': 6, 'round': 43, 'timestamp': '2025-08-13 16:43:59'}
Received system metrics from client 7: {'cpu_time': 37.82000000029802, 'ram_used_mb': 10768.859136, 'net_sent_bytes': 1260, 'net_recv_bytes': 29521, 'gpu_mem_used_mb': 38989.0, 'gpu_load': 0.0, 'client_rank': 7, 'round': 43, 'timestamp': '2025-08-13 16:43:58'}
Received system metrics from client 8: {'cpu_time': 32.230000000447035, 'ram_used_mb': 10509.381632, 'net_sent_bytes': 1562407, 'net_recv_bytes': 1018916, 'gpu_mem_used_mb': 38989.0, 'gpu_load': 0.01, 'client_rank': 8, 'round': 43, 'timestamp': '2025-08-13 16:43:58'}
Received system metrics from client 9: {'cpu_time': 121.80000000074506, 'ram_used_mb': 10970.599424, 'net_sent_bytes': 77721, 'net_recv_bytes': 56452, 'gpu_mem_used_mb': 38989.0, 'gpu_load': 0.0, 'client_rank': 9, 'round': 43, 'timestamp': '2025-08-13 16:43:58'}
Received system metrics from client 10: {'cpu_time': 65.98000000044703, 'ram_used_mb': 11061.198848, 'net_sent_bytes': 3996, 'net_recv_bytes': 36246, 'gpu_mem_used_mb': 38989.0, 'gpu_load': 0.01, 'client_rank': 10, 'round': 43, 'timestamp': '2025-08-13 16:43:58'}
Averaging model weights...
Evaluating updated global model on test set...
    [Client 3] Round 44 - Waiting for global weights...
    [Client 4] Round 44 - Waiting for global weights...
    [Client 5] Round 44 - Waiting for global weights...
    [Client 8] Round 44 - Waiting for global weights...
    [Client 9] Round 44 - Waiting for global weights...
    [Client 10] Round 44 - Waiting for global weights...
    [Client 7] Round 44 - Waiting for global weights...
    [Client 6] Round 44 - Waiting for global weights...
Round 43 Evaluation - Accuracy: 0.8368, Loss: 0.4949

===== Round 44 =====
Broadcasting global model to all clients...
Waiting for model weights from client 1...
    [Client 4] Round 44 - Training on local data...
    [Client 3] Round 44 - Training on local data...
    [Client 2] Round 44 - Training on local data...
    [Client 5] Round 44 - Training on local data...
    [Client 6] Round 44 - Training on local data...
    [Client 9] Round 44 - Training on local data...
    [Client 1] Round 44 - Training on local data...
    [Client 10] Round 44 - Training on local data...
    [Client 8] Round 44 - Training on local data...
    [Client 7] Round 44 - Training on local data...
    [Client 8] System Stats: {'cpu_time': 24.800000000745058, 'ram_used_mb': 10748.698624, 'net_sent_bytes': 40328, 'net_recv_bytes': 40737, 'gpu_mem_used_mb': 38991.0, 'gpu_load': 0.0, 'client_rank': 8, 'round': 44, 'timestamp': '2025-08-13 16:44:14'}
    [Client 2] System Stats: {'cpu_time': 79.22999999858439, 'ram_used_mb': 11097.235456, 'net_sent_bytes': 65543, 'net_recv_bytes': 59445, 'gpu_mem_used_mb': 38991.0, 'gpu_load': 0.0, 'client_rank': 2, 'round': 44, 'timestamp': '2025-08-13 16:44:14'}
    [Client 1] System Stats: {'cpu_time': 83.27999999932945, 'ram_used_mb': 11161.718784, 'net_sent_bytes': 39087, 'net_recv_bytes': 36941, 'gpu_mem_used_mb': 38989.0, 'gpu_load': 0.0, 'client_rank': 1, 'round': 44, 'timestamp': '2025-08-13 16:44:14'}
    [Client 3] System Stats: {'cpu_time': 33.37999999895692, 'ram_used_mb': 11065.48736, 'net_sent_bytes': 1043, 'net_recv_bytes': 33560, 'gpu_mem_used_mb': 38991.0, 'gpu_load': 0.0, 'client_rank': 3, 'round': 44, 'timestamp': '2025-08-13 16:44:14'}
    [Client 4] System Stats: {'cpu_time': 33.33000000193715, 'ram_used_mb': 11185.135616, 'net_sent_bytes': 77779, 'net_recv_bytes': 57335, 'gpu_mem_used_mb': 38991.0, 'gpu_load': 0.0, 'client_rank': 4, 'round': 44, 'timestamp': '2025-08-13 16:44:14'}
    [Client 5] System Stats: {'cpu_time': 54.57000000029802, 'ram_used_mb': 11081.695232, 'net_sent_bytes': 33100, 'net_recv_bytes': 34518, 'gpu_mem_used_mb': 38991.0, 'gpu_load': 0.0, 'client_rank': 5, 'round': 44, 'timestamp': '2025-08-13 16:44:14'}
    [Client 7] System Stats: {'cpu_time': 39.07000000029802, 'ram_used_mb': 10982.408192, 'net_sent_bytes': 23132, 'net_recv_bytes': 52644, 'gpu_mem_used_mb': 38989.0, 'gpu_load': 0.0, 'client_rank': 7, 'round': 44, 'timestamp': '2025-08-13 16:44:14'}
    [Client 10] System Stats: {'cpu_time': 61.709999999031425, 'ram_used_mb': 11299.213312, 'net_sent_bytes': 4623, 'net_recv_bytes': 35917, 'gpu_mem_used_mb': 38989.0, 'gpu_load': 0.0, 'client_rank': 10, 'round': 44, 'timestamp': '2025-08-13 16:44:14'}
    [Client 9] System Stats: {'cpu_time': 122.03999999910593, 'ram_used_mb': 11249.750016, 'net_sent_bytes': 1303, 'net_recv_bytes': 33508, 'gpu_mem_used_mb': 38989.0, 'gpu_load': 0.0, 'client_rank': 9, 'round': 44, 'timestamp': '2025-08-13 16:44:14'}
    [Client 8] Statistical Utility: {'client_rank': 8, 'round': 44, 'data_size': 525, 'data_variance': 0.06366205960512161, 'local_loss': 0.23875543475151062, 'local_accuracy': 93.52381229400635}
    [Client 2] Statistical Utility: {'client_rank': 2, 'round': 44, 'data_size': 2866, 'data_variance': 0.06469513475894928, 'local_loss': 0.22336648404598236, 'local_accuracy': 92.98673868179321}
    [Client 1] Statistical Utility: {'client_rank': 1, 'round': 44, 'data_size': 3640, 'data_variance': 0.06330215185880661, 'local_loss': 0.20087969303131104, 'local_accuracy': 93.46153736114502}
    [Client 3] Statistical Utility: {'client_rank': 3, 'round': 44, 'data_size': 2739, 'data_variance': 0.06390785425901413, 'local_loss': 0.21127302944660187, 'local_accuracy': 93.64731907844543}
    [Client 4] Statistical Utility: {'client_rank': 4, 'round': 44, 'data_size': 4459, 'data_variance': 0.06270676851272583, 'local_loss': 0.25628840923309326, 'local_accuracy': 91.29849672317505}
    [Client 7] Statistical Utility: {'client_rank': 7, 'round': 44, 'data_size': 1414, 'data_variance': 0.06267841905355453, 'local_loss': 0.17928928136825562, 'local_accuracy': 94.83734369277954}
    [Client 5] Statistical Utility: {'client_rank': 5, 'round': 44, 'data_size': 3467, 'data_variance': 0.06352055072784424, 'local_loss': 0.2849675714969635, 'local_accuracy': 89.81828689575195}
    [Client 10] Statistical Utility: {'client_rank': 10, 'round': 44, 'data_size': 5942, 'data_variance': 0.0627174898982048, 'local_loss': 0.243433877825737, 'local_accuracy': 91.90508127212524}
    [Client 9] Statistical Utility: {'client_rank': 9, 'round': 44, 'data_size': 7110, 'data_variance': 0.06292970478534698, 'local_loss': 0.3012440800666809, 'local_accuracy': 89.70463871955872}
    [Client 1] Round 44 - Sending updated weights to server...
Received weights from client 1
Waiting for model weights from client 2...
    [Client 8] Round 44 - Sending updated weights to server...
    [Client 1] Round 45 - Waiting for global weights...
    [Client 6] System Stats: {'cpu_time': 68.4100000038743, 'ram_used_mb': 11252.396032, 'net_sent_bytes': 3175, 'net_recv_bytes': 38195, 'gpu_mem_used_mb': 38991.0, 'gpu_load': 0.0, 'client_rank': 6, 'round': 44, 'timestamp': '2025-08-13 16:44:16'}
    [Client 10] Round 44 - Sending updated weights to server...
    [Client 9] Round 44 - Sending updated weights to server...
    [Client 4] Round 44 - Sending updated weights to server...
    [Client 5] Round 44 - Sending updated weights to server...
    [Client 6] Statistical Utility: {'client_rank': 6, 'round': 44, 'data_size': 17837, 'data_variance': 0.06342285126447678, 'local_loss': 0.4589594304561615, 'local_accuracy': 83.4277093410492}
    [Client 3] Round 44 - Sending updated weights to server...
    [Client 2] Round 44 - Sending updated weights to server...
    [Client 7] Round 44 - Sending updated weights to server...
    [Client 1] Round 45 - Training on local data...
Received weights from client 2
Waiting for model weights from client 3...
    [Client 6] Round 44 - Sending updated weights to server...
    [Client 3] Round 45 - Waiting for global weights...
    [Client 8] Round 45 - Waiting for global weights...
    [Client 5] Round 45 - Waiting for global weights...
    [Client 2] Round 45 - Waiting for global weights...
    [Client 4] Round 45 - Waiting for global weights...
Received weights from client 3
Waiting for model weights from client 4...
    [Client 9] Round 45 - Waiting for global weights...
    [Client 10] Round 45 - Waiting for global weights...
    [Client 3] Round 45 - Training on local data...
    [Client 8] Round 45 - Training on local data...
    [Client 7] Round 45 - Waiting for global weights...
    [Client 5] Round 45 - Training on local data...
    [Client 2] Round 45 - Training on local data...
    [Client 4] Round 45 - Training on local data...
Received weights from client 4
Waiting for model weights from client 5...
    [Client 9] Round 45 - Training on local data...
    [Client 10] Round 45 - Training on local data...
    [Client 6] Round 45 - Waiting for global weights...
    [Client 7] Round 45 - Training on local data...
Received weights from client 5
Waiting for model weights from client 6...
    [Client 6] Round 45 - Training on local data...
Received weights from client 6
Waiting for model weights from client 7...
Received weights from client 7
Waiting for model weights from client 8...
Received weights from client 8
Waiting for model weights from client 9...
Received weights from client 9
Waiting for model weights from client 10...
Received weights from client 10
Received system metrics from client 1: {'cpu_time': 83.27999999932945, 'ram_used_mb': 11161.718784, 'net_sent_bytes': 39087, 'net_recv_bytes': 36941, 'gpu_mem_used_mb': 38989.0, 'gpu_load': 0.0, 'client_rank': 1, 'round': 44, 'timestamp': '2025-08-13 16:44:14'}
Received system metrics from client 2: {'cpu_time': 79.22999999858439, 'ram_used_mb': 11097.235456, 'net_sent_bytes': 65543, 'net_recv_bytes': 59445, 'gpu_mem_used_mb': 38991.0, 'gpu_load': 0.0, 'client_rank': 2, 'round': 44, 'timestamp': '2025-08-13 16:44:14'}
Received system metrics from client 3: {'cpu_time': 33.37999999895692, 'ram_used_mb': 11065.48736, 'net_sent_bytes': 1043, 'net_recv_bytes': 33560, 'gpu_mem_used_mb': 38991.0, 'gpu_load': 0.0, 'client_rank': 3, 'round': 44, 'timestamp': '2025-08-13 16:44:14'}
Received system metrics from client 4: {'cpu_time': 33.33000000193715, 'ram_used_mb': 11185.135616, 'net_sent_bytes': 77779, 'net_recv_bytes': 57335, 'gpu_mem_used_mb': 38991.0, 'gpu_load': 0.0, 'client_rank': 4, 'round': 44, 'timestamp': '2025-08-13 16:44:14'}
Received system metrics from client 5: {'cpu_time': 54.57000000029802, 'ram_used_mb': 11081.695232, 'net_sent_bytes': 33100, 'net_recv_bytes': 34518, 'gpu_mem_used_mb': 38991.0, 'gpu_load': 0.0, 'client_rank': 5, 'round': 44, 'timestamp': '2025-08-13 16:44:14'}
Received system metrics from client 6: {'cpu_time': 68.4100000038743, 'ram_used_mb': 11252.396032, 'net_sent_bytes': 3175, 'net_recv_bytes': 38195, 'gpu_mem_used_mb': 38991.0, 'gpu_load': 0.0, 'client_rank': 6, 'round': 44, 'timestamp': '2025-08-13 16:44:16'}
Received system metrics from client 7: {'cpu_time': 39.07000000029802, 'ram_used_mb': 10982.408192, 'net_sent_bytes': 23132, 'net_recv_bytes': 52644, 'gpu_mem_used_mb': 38989.0, 'gpu_load': 0.0, 'client_rank': 7, 'round': 44, 'timestamp': '2025-08-13 16:44:14'}
Received system metrics from client 8: {'cpu_time': 24.800000000745058, 'ram_used_mb': 10748.698624, 'net_sent_bytes': 40328, 'net_recv_bytes': 40737, 'gpu_mem_used_mb': 38991.0, 'gpu_load': 0.0, 'client_rank': 8, 'round': 44, 'timestamp': '2025-08-13 16:44:14'}
Received system metrics from client 9: {'cpu_time': 122.03999999910593, 'ram_used_mb': 11249.750016, 'net_sent_bytes': 1303, 'net_recv_bytes': 33508, 'gpu_mem_used_mb': 38989.0, 'gpu_load': 0.0, 'client_rank': 9, 'round': 44, 'timestamp': '2025-08-13 16:44:14'}
Received system metrics from client 10: {'cpu_time': 61.709999999031425, 'ram_used_mb': 11299.213312, 'net_sent_bytes': 4623, 'net_recv_bytes': 35917, 'gpu_mem_used_mb': 38989.0, 'gpu_load': 0.0, 'client_rank': 10, 'round': 44, 'timestamp': '2025-08-13 16:44:14'}
Averaging model weights...
Evaluating updated global model on test set...
Round 44 Evaluation - Accuracy: 0.8346, Loss: 0.4952

===== Round 45 =====
Broadcasting global model to all clients...
Waiting for model weights from client 1...
    [Client 8] System Stats: {'cpu_time': 24.520000003278255, 'ram_used_mb': 10986.84416, 'net_sent_bytes': 2316, 'net_recv_bytes': 33709, 'gpu_mem_used_mb': 38991.0, 'gpu_load': 0.0, 'client_rank': 8, 'round': 45, 'timestamp': '2025-08-13 16:44:44'}
    [Client 2] System Stats: {'cpu_time': 78.59999999962747, 'ram_used_mb': 11339.952128, 'net_sent_bytes': 32387, 'net_recv_bytes': 33446, 'gpu_mem_used_mb': 38993.0, 'gpu_load': 0.0, 'client_rank': 2, 'round': 45, 'timestamp': '2025-08-13 16:44:44'}
    [Client 1] System Stats: {'cpu_time': 83.23000000044703, 'ram_used_mb': 11369.619456, 'net_sent_bytes': 1217, 'net_recv_bytes': 33465, 'gpu_mem_used_mb': 38991.0, 'gpu_load': 0.0, 'client_rank': 1, 'round': 45, 'timestamp': '2025-08-13 16:44:44'}
    [Client 4] System Stats: {'cpu_time': 34.39000000059605, 'ram_used_mb': 11377.401856, 'net_sent_bytes': 72165, 'net_recv_bytes': 63041, 'gpu_mem_used_mb': 38991.0, 'gpu_load': 0.01, 'client_rank': 4, 'round': 45, 'timestamp': '2025-08-13 16:44:44'}
    [Client 3] System Stats: {'cpu_time': 33.230000000447035, 'ram_used_mb': 11302.416384, 'net_sent_bytes': 936, 'net_recv_bytes': 29098, 'gpu_mem_used_mb': 38991.0, 'gpu_load': 0.0, 'client_rank': 3, 'round': 45, 'timestamp': '2025-08-13 16:44:44'}
    [Client 5] System Stats: {'cpu_time': 45.75999999791384, 'ram_used_mb': 11324.063744, 'net_sent_bytes': 32536, 'net_recv_bytes': 29586, 'gpu_mem_used_mb': 38991.0, 'gpu_load': 0.0, 'client_rank': 5, 'round': 45, 'timestamp': '2025-08-13 16:44:44'}
    [Client 7] System Stats: {'cpu_time': 39.28999999910593, 'ram_used_mb': 11204.38272, 'net_sent_bytes': 83299, 'net_recv_bytes': 71179, 'gpu_mem_used_mb': 38991.0, 'gpu_load': 0.0, 'client_rank': 7, 'round': 45, 'timestamp': '2025-08-13 16:44:44'}
    [Client 9] System Stats: {'cpu_time': 122.2200000025332, 'ram_used_mb': 11484.020736, 'net_sent_bytes': 3695, 'net_recv_bytes': 64965, 'gpu_mem_used_mb': 38991.0, 'gpu_load': 0.0, 'client_rank': 9, 'round': 45, 'timestamp': '2025-08-13 16:44:44'}
    [Client 10] System Stats: {'cpu_time': 66.01000000163913, 'ram_used_mb': 11542.310912, 'net_sent_bytes': 3064, 'net_recv_bytes': 34710, 'gpu_mem_used_mb': 38991.0, 'gpu_load': 0.0, 'client_rank': 10, 'round': 45, 'timestamp': '2025-08-13 16:44:44'}
    [Client 8] Statistical Utility: {'client_rank': 8, 'round': 45, 'data_size': 525, 'data_variance': 0.06366205960512161, 'local_loss': 0.217161625623703, 'local_accuracy': 92.57143139839172}
    [Client 2] Statistical Utility: {'client_rank': 2, 'round': 45, 'data_size': 2866, 'data_variance': 0.06469513475894928, 'local_loss': 0.24968817830085754, 'local_accuracy': 91.13747477531433}
    [Client 8] Round 45 - Sending updated weights to server...
    [Client 2] Round 45 - Sending updated weights to server...
    [Client 6] System Stats: {'cpu_time': 69.5300000011921, 'ram_used_mb': 11503.824896, 'net_sent_bytes': 15030, 'net_recv_bytes': 42610, 'gpu_mem_used_mb': 38993.0, 'gpu_load': 0.0, 'client_rank': 6, 'round': 45, 'timestamp': '2025-08-13 16:44:46'}
    [Client 1] Statistical Utility: {'client_rank': 1, 'round': 45, 'data_size': 3640, 'data_variance': 0.06330215185880661, 'local_loss': 0.21437740325927734, 'local_accuracy': 93.90109777450562}
    [Client 3] Statistical Utility: {'client_rank': 3, 'round': 45, 'data_size': 2739, 'data_variance': 0.06390785425901413, 'local_loss': 0.25273391604423523, 'local_accuracy': 92.22344160079956}
    [Client 4] Statistical Utility: {'client_rank': 4, 'round': 45, 'data_size': 4459, 'data_variance': 0.06270676851272583, 'local_loss': 0.31437981128692627, 'local_accuracy': 89.05584216117859}
    [Client 5] Statistical Utility: {'client_rank': 5, 'round': 45, 'data_size': 3467, 'data_variance': 0.06352055072784424, 'local_loss': 0.3253883719444275, 'local_accuracy': 88.77992630004883}
    [Client 7] Statistical Utility: {'client_rank': 7, 'round': 45, 'data_size': 1414, 'data_variance': 0.06267841905355453, 'local_loss': 0.15614460408687592, 'local_accuracy': 95.75672149658203}
    [Client 10] Statistical Utility: {'client_rank': 10, 'round': 45, 'data_size': 5942, 'data_variance': 0.0627174898982048, 'local_loss': 0.2881109416484833, 'local_accuracy': 90.35678505897522}
    [Client 9] Statistical Utility: {'client_rank': 9, 'round': 45, 'data_size': 7110, 'data_variance': 0.06292970478534698, 'local_loss': 0.34927287697792053, 'local_accuracy': 88.00281286239624}
    [Client 6] Statistical Utility: {'client_rank': 6, 'round': 45, 'data_size': 17837, 'data_variance': 0.06342285126447678, 'local_loss': 0.34750303626060486, 'local_accuracy': 87.86791563034058}
    [Client 7] Round 45 - Sending updated weights to server...
    [Client 3] Round 45 - Sending updated weights to server...
    [Client 5] Round 45 - Sending updated weights to server...
    [Client 4] Round 45 - Sending updated weights to server...
    [Client 10] Round 45 - Sending updated weights to server...
    [Client 9] Round 45 - Sending updated weights to server...
    [Client 6] Round 45 - Sending updated weights to server...
    [Client 1] Round 45 - Sending updated weights to server...
Received weights from client 1
Waiting for model weights from client 2...
Received weights from client 2
Waiting for model weights from client 3...
Received weights from client 3
Waiting for model weights from client 4...
Received weights from client 4
Waiting for model weights from client 5...
Received weights from client 5
Waiting for model weights from client 6...
Received weights from client 6
Waiting for model weights from client 7...
Received weights from client 7
Waiting for model weights from client 8...
Received weights from client 8
Waiting for model weights from client 9...
Received weights from client 9
Waiting for model weights from client 10...
Received weights from client 10
Received system metrics from client 1: {'cpu_time': 83.23000000044703, 'ram_used_mb': 11369.619456, 'net_sent_bytes': 1217, 'net_recv_bytes': 33465, 'gpu_mem_used_mb': 38991.0, 'gpu_load': 0.0, 'client_rank': 1, 'round': 45, 'timestamp': '2025-08-13 16:44:44'}
Received system metrics from client 2: {'cpu_time': 78.59999999962747, 'ram_used_mb': 11339.952128, 'net_sent_bytes': 32387, 'net_recv_bytes': 33446, 'gpu_mem_used_mb': 38993.0, 'gpu_load': 0.0, 'client_rank': 2, 'round': 45, 'timestamp': '2025-08-13 16:44:44'}
Received system metrics from client 3: {'cpu_time': 33.230000000447035, 'ram_used_mb': 11302.416384, 'net_sent_bytes': 936, 'net_recv_bytes': 29098, 'gpu_mem_used_mb': 38991.0, 'gpu_load': 0.0, 'client_rank': 3, 'round': 45, 'timestamp': '2025-08-13 16:44:44'}
Received system metrics from client 4: {'cpu_time': 34.39000000059605, 'ram_used_mb': 11377.401856, 'net_sent_bytes': 72165, 'net_recv_bytes': 63041, 'gpu_mem_used_mb': 38991.0, 'gpu_load': 0.01, 'client_rank': 4, 'round': 45, 'timestamp': '2025-08-13 16:44:44'}
Received system metrics from client 5: {'cpu_time': 45.75999999791384, 'ram_used_mb': 11324.063744, 'net_sent_bytes': 32536, 'net_recv_bytes': 29586, 'gpu_mem_used_mb': 38991.0, 'gpu_load': 0.0, 'client_rank': 5, 'round': 45, 'timestamp': '2025-08-13 16:44:44'}
Received system metrics from client 6: {'cpu_time': 69.5300000011921, 'ram_used_mb': 11503.824896, 'net_sent_bytes': 15030, 'net_recv_bytes': 42610, 'gpu_mem_used_mb': 38993.0, 'gpu_load': 0.0, 'client_rank': 6, 'round': 45, 'timestamp': '2025-08-13 16:44:46'}
Received system metrics from client 7: {'cpu_time': 39.28999999910593, 'ram_used_mb': 11204.38272, 'net_sent_bytes': 83299, 'net_recv_bytes': 71179, 'gpu_mem_used_mb': 38991.0, 'gpu_load': 0.0, 'client_rank': 7, 'round': 45, 'timestamp': '2025-08-13 16:44:44'}
Received system metrics from client 8: {'cpu_time': 24.520000003278255, 'ram_used_mb': 10986.84416, 'net_sent_bytes': 2316, 'net_recv_bytes': 33709, 'gpu_mem_used_mb': 38991.0, 'gpu_load': 0.0, 'client_rank': 8, 'round': 45, 'timestamp': '2025-08-13 16:44:44'}
Received system metrics from client 9: {'cpu_time': 122.2200000025332, 'ram_used_mb': 11484.020736, 'net_sent_bytes': 3695, 'net_recv_bytes': 64965, 'gpu_mem_used_mb': 38991.0, 'gpu_load': 0.0, 'client_rank': 9, 'round': 45, 'timestamp': '2025-08-13 16:44:44'}
Received system metrics from client 10: {'cpu_time': 66.01000000163913, 'ram_used_mb': 11542.310912, 'net_sent_bytes': 3064, 'net_recv_bytes': 34710, 'gpu_mem_used_mb': 38991.0, 'gpu_load': 0.0, 'client_rank': 10, 'round': 45, 'timestamp': '2025-08-13 16:44:44'}
Averaging model weights...
Evaluating updated global model on test set...
    [Client 3] Round 46 - Waiting for global weights...
    [Client 2] Round 46 - Waiting for global weights...
    [Client 1] Round 46 - Waiting for global weights...
    [Client 4] Round 46 - Waiting for global weights...
    [Client 5] Round 46 - Waiting for global weights...
    [Client 9] Round 46 - Waiting for global weights...
    [Client 8] Round 46 - Waiting for global weights...
    [Client 10] Round 46 - Waiting for global weights...
    [Client 7] Round 46 - Waiting for global weights...
    [Client 6] Round 46 - Waiting for global weights...
Round 45 Evaluation - Accuracy: 0.8345, Loss: 0.4978

===== Round 46 =====
Broadcasting global model to all clients...
Waiting for model weights from client 1...
    [Client 9] Round 46 - Training on local data...
    [Client 2] Round 46 - Training on local data...
    [Client 4] Round 46 - Training on local data...
    [Client 1] Round 46 - Training on local data...
    [Client 3] Round 46 - Training on local data...
    [Client 10] Round 46 - Training on local data...
    [Client 8] Round 46 - Training on local data...
    [Client 5] Round 46 - Training on local data...
    [Client 7] Round 46 - Training on local data...
    [Client 6] Round 46 - Training on local data...
    [Client 8] System Stats: {'cpu_time': 24.78999999910593, 'ram_used_mb': 11190.870016, 'net_sent_bytes': 40345, 'net_recv_bytes': 52393, 'gpu_mem_used_mb': 38993.0, 'gpu_load': 0.0, 'client_rank': 8, 'round': 46, 'timestamp': '2025-08-13 16:44:58'}
    [Client 3] System Stats: {'cpu_time': 33.380000000819564, 'ram_used_mb': 11498.53696, 'net_sent_bytes': 25710, 'net_recv_bytes': 36382, 'gpu_mem_used_mb': 38993.0, 'gpu_load': 0.0, 'client_rank': 3, 'round': 46, 'timestamp': '2025-08-13 16:44:58'}
    [Client 8] Statistical Utility: {'client_rank': 8, 'round': 46, 'data_size': 525, 'data_variance': 0.06366205960512161, 'local_loss': 0.1922195851802826, 'local_accuracy': 95.4285740852356}
    [Client 7] System Stats: {'cpu_time': 38.12999999895692, 'ram_used_mb': 11383.3984, 'net_sent_bytes': 42932, 'net_recv_bytes': 48607, 'gpu_mem_used_mb': 38991.0, 'gpu_load': 0.0, 'client_rank': 7, 'round': 46, 'timestamp': '2025-08-13 16:44:58'}
    [Client 5] System Stats: {'cpu_time': 49.75, 'ram_used_mb': 11515.793408, 'net_sent_bytes': 342, 'net_recv_bytes': 29388, 'gpu_mem_used_mb': 38993.0, 'gpu_load': 0.0, 'client_rank': 5, 'round': 46, 'timestamp': '2025-08-13 16:44:58'}
    [Client 1] System Stats: {'cpu_time': 83.4300000006333, 'ram_used_mb': 11579.904, 'net_sent_bytes': 2473, 'net_recv_bytes': 34698, 'gpu_mem_used_mb': 38991.0, 'gpu_load': 0.0, 'client_rank': 1, 'round': 46, 'timestamp': '2025-08-13 16:44:58'}
    [Client 2] System Stats: {'cpu_time': 78.00999999977648, 'ram_used_mb': 11540.897792, 'net_sent_bytes': 763, 'net_recv_bytes': 29175, 'gpu_mem_used_mb': 38993.0, 'gpu_load': 0.0, 'client_rank': 2, 'round': 46, 'timestamp': '2025-08-13 16:44:58'}
    [Client 4] System Stats: {'cpu_time': 33.10999999567866, 'ram_used_mb': 11580.932096, 'net_sent_bytes': 7630, 'net_recv_bytes': 39305, 'gpu_mem_used_mb': 38993.0, 'gpu_load': 0.0, 'client_rank': 4, 'round': 46, 'timestamp': '2025-08-13 16:44:58'}
Received weights from client 1
Waiting for model weights from client 2...
    [Client 9] System Stats: {'cpu_time': 121.32000000029802, 'ram_used_mb': 11690.541056, 'net_sent_bytes': 76804, 'net_recv_bytes': 50373, 'gpu_mem_used_mb': 38991.0, 'gpu_load': 0.0, 'client_rank': 9, 'round': 46, 'timestamp': '2025-08-13 16:44:58'}
    [Client 10] System Stats: {'cpu_time': 65.2199999988079, 'ram_used_mb': 11717.443584, 'net_sent_bytes': 2809, 'net_recv_bytes': 35388, 'gpu_mem_used_mb': 38993.0, 'gpu_load': 0.0, 'client_rank': 10, 'round': 46, 'timestamp': '2025-08-13 16:44:58'}
    [Client 6] System Stats: {'cpu_time': 69.60999999940395, 'ram_used_mb': 11663.044608, 'net_sent_bytes': 40077, 'net_recv_bytes': 50176, 'gpu_mem_used_mb': 38993.0, 'gpu_load': 0.0, 'client_rank': 6, 'round': 46, 'timestamp': '2025-08-13 16:45:00'}
    [Client 3] Statistical Utility: {'client_rank': 3, 'round': 46, 'data_size': 2739, 'data_variance': 0.06390785425901413, 'local_loss': 0.1992766410112381, 'local_accuracy': 94.23146843910217}
    [Client 8] Round 46 - Sending updated weights to server...
    [Client 7] Statistical Utility: {'client_rank': 7, 'round': 46, 'data_size': 1414, 'data_variance': 0.06267841905355453, 'local_loss': 0.15430948138237, 'local_accuracy': 96.03960514068604}
    [Client 5] Statistical Utility: {'client_rank': 5, 'round': 46, 'data_size': 3467, 'data_variance': 0.06352055072784424, 'local_loss': 0.22624173760414124, 'local_accuracy': 92.90452599525452}
    [Client 1] Statistical Utility: {'client_rank': 1, 'round': 46, 'data_size': 3640, 'data_variance': 0.06330215185880661, 'local_loss': 0.25072139501571655, 'local_accuracy': 91.75823926925659}
    [Client 2] Statistical Utility: {'client_rank': 2, 'round': 46, 'data_size': 2866, 'data_variance': 0.06469513475894928, 'local_loss': 0.23076142370700836, 'local_accuracy': 92.32379794120789}
    [Client 4] Statistical Utility: {'client_rank': 4, 'round': 46, 'data_size': 4459, 'data_variance': 0.06270676851272583, 'local_loss': 0.2986507713794708, 'local_accuracy': 89.61650729179382}
Received weights from client 2
Waiting for model weights from client 3...
    [Client 9] Statistical Utility: {'client_rank': 9, 'round': 46, 'data_size': 7110, 'data_variance': 0.06292970478534698, 'local_loss': 0.2617458403110504, 'local_accuracy': 90.85794687271118}
    [Client 10] Statistical Utility: {'client_rank': 10, 'round': 46, 'data_size': 5942, 'data_variance': 0.0627174898982048, 'local_loss': 0.2541711926460266, 'local_accuracy': 91.46751761436462}
    [Client 6] Statistical Utility: {'client_rank': 6, 'round': 46, 'data_size': 17837, 'data_variance': 0.06342285126447678, 'local_loss': 0.3854213356971741, 'local_accuracy': 86.67376637458801}
    [Client 3] Round 46 - Sending updated weights to server...
    [Client 7] Round 46 - Sending updated weights to server...
    [Client 1] Round 46 - Sending updated weights to server...
    [Client 2] Round 46 - Sending updated weights to server...
    [Client 4] Round 46 - Sending updated weights to server...
Received weights from client 3
Waiting for model weights from client 4...
    [Client 9] Round 46 - Sending updated weights to server...
    [Client 10] Round 46 - Sending updated weights to server...
    [Client 6] Round 46 - Sending updated weights to server...
Received weights from client 4
Waiting for model weights from client 5...
    [Client 3] Round 47 - Waiting for global weights...
    [Client 1] Round 47 - Waiting for global weights...
    [Client 2] Round 47 - Waiting for global weights...
    [Client 4] Round 47 - Waiting for global weights...
    [Client 5] Round 46 - Sending updated weights to server...
Received weights from client 5
Waiting for model weights from client 6...
Received weights from client 6
Waiting for model weights from client 7...
Received weights from client 7
Waiting for model weights from client 8...
Received weights from client 8
Waiting for model weights from client 9...
Received weights from client 9
Waiting for model weights from client 10...
Received weights from client 10
Received system metrics from client 1: {'cpu_time': 83.4300000006333, 'ram_used_mb': 11579.904, 'net_sent_bytes': 2473, 'net_recv_bytes': 34698, 'gpu_mem_used_mb': 38991.0, 'gpu_load': 0.0, 'client_rank': 1, 'round': 46, 'timestamp': '2025-08-13 16:44:58'}
Received system metrics from client 2: {'cpu_time': 78.00999999977648, 'ram_used_mb': 11540.897792, 'net_sent_bytes': 763, 'net_recv_bytes': 29175, 'gpu_mem_used_mb': 38993.0, 'gpu_load': 0.0, 'client_rank': 2, 'round': 46, 'timestamp': '2025-08-13 16:44:58'}
Received system metrics from client 3: {'cpu_time': 33.380000000819564, 'ram_used_mb': 11498.53696, 'net_sent_bytes': 25710, 'net_recv_bytes': 36382, 'gpu_mem_used_mb': 38993.0, 'gpu_load': 0.0, 'client_rank': 3, 'round': 46, 'timestamp': '2025-08-13 16:44:58'}
Received system metrics from client 4: {'cpu_time': 33.10999999567866, 'ram_used_mb': 11580.932096, 'net_sent_bytes': 7630, 'net_recv_bytes': 39305, 'gpu_mem_used_mb': 38993.0, 'gpu_load': 0.0, 'client_rank': 4, 'round': 46, 'timestamp': '2025-08-13 16:44:58'}
Received system metrics from client 5: {'cpu_time': 49.75, 'ram_used_mb': 11515.793408, 'net_sent_bytes': 342, 'net_recv_bytes': 29388, 'gpu_mem_used_mb': 38993.0, 'gpu_load': 0.0, 'client_rank': 5, 'round': 46, 'timestamp': '2025-08-13 16:44:58'}
Received system metrics from client 6: {'cpu_time': 69.60999999940395, 'ram_used_mb': 11663.044608, 'net_sent_bytes': 40077, 'net_recv_bytes': 50176, 'gpu_mem_used_mb': 38993.0, 'gpu_load': 0.0, 'client_rank': 6, 'round': 46, 'timestamp': '2025-08-13 16:45:00'}
Received system metrics from client 7: {'cpu_time': 38.12999999895692, 'ram_used_mb': 11383.3984, 'net_sent_bytes': 42932, 'net_recv_bytes': 48607, 'gpu_mem_used_mb': 38991.0, 'gpu_load': 0.0, 'client_rank': 7, 'round': 46, 'timestamp': '2025-08-13 16:44:58'}
Received system metrics from client 8: {'cpu_time': 24.78999999910593, 'ram_used_mb': 11190.870016, 'net_sent_bytes': 40345, 'net_recv_bytes': 52393, 'gpu_mem_used_mb': 38993.0, 'gpu_load': 0.0, 'client_rank': 8, 'round': 46, 'timestamp': '2025-08-13 16:44:58'}
Received system metrics from client 9: {'cpu_time': 121.32000000029802, 'ram_used_mb': 11690.541056, 'net_sent_bytes': 76804, 'net_recv_bytes': 50373, 'gpu_mem_used_mb': 38991.0, 'gpu_load': 0.0, 'client_rank': 9, 'round': 46, 'timestamp': '2025-08-13 16:44:58'}
Received system metrics from client 10: {'cpu_time': 65.2199999988079, 'ram_used_mb': 11717.443584, 'net_sent_bytes': 2809, 'net_recv_bytes': 35388, 'gpu_mem_used_mb': 38993.0, 'gpu_load': 0.0, 'client_rank': 10, 'round': 46, 'timestamp': '2025-08-13 16:44:58'}
Averaging model weights...
Evaluating updated global model on test set...
    [Client 5] Round 47 - Waiting for global weights...
    [Client 8] Round 47 - Waiting for global weights...
    [Client 9] Round 47 - Waiting for global weights...
    [Client 10] Round 47 - Waiting for global weights...
    [Client 7] Round 47 - Waiting for global weights...
    [Client 6] Round 47 - Waiting for global weights...
Round 46 Evaluation - Accuracy: 0.8384, Loss: 0.4805

===== Round 47 =====
Broadcasting global model to all clients...
Waiting for model weights from client 1...
    [Client 5] Round 47 - Training on local data...
    [Client 9] Round 47 - Training on local data...
    [Client 10] Round 47 - Training on local data...
    [Client 1] Round 47 - Training on local data...
    [Client 4] Round 47 - Training on local data...
    [Client 8] Round 47 - Training on local data...
    [Client 2] Round 47 - Training on local data...
    [Client 7] Round 47 - Training on local data...
    [Client 6] Round 47 - Training on local data...
    [Client 3] Round 47 - Training on local data...
    [Client 8] System Stats: {'cpu_time': 25.530000001192093, 'ram_used_mb': 11377.143808, 'net_sent_bytes': 81513, 'net_recv_bytes': 4717873, 'gpu_mem_used_mb': 38995.0, 'gpu_load': 0.0, 'client_rank': 8, 'round': 47, 'timestamp': '2025-08-13 16:45:20'}
    [Client 2] System Stats: {'cpu_time': 78.81000000052154, 'ram_used_mb': 11783.901184, 'net_sent_bytes': 74923, 'net_recv_bytes': 51962, 'gpu_mem_used_mb': 38995.0, 'gpu_load': 0.0, 'client_rank': 2, 'round': 47, 'timestamp': '2025-08-13 16:45:20'}
    [Client 1] System Stats: {'cpu_time': 83.63999999966472, 'ram_used_mb': 11797.843968, 'net_sent_bytes': 68593, 'net_recv_bytes': 77919, 'gpu_mem_used_mb': 38993.0, 'gpu_load': 0.01, 'client_rank': 1, 'round': 47, 'timestamp': '2025-08-13 16:45:20'}
    [Client 3] System Stats: {'cpu_time': 34.39000000059605, 'ram_used_mb': 11743.752192, 'net_sent_bytes': 48322, 'net_recv_bytes': 42954, 'gpu_mem_used_mb': 38995.0, 'gpu_load': 0.0, 'client_rank': 3, 'round': 47, 'timestamp': '2025-08-13 16:45:20'}
    [Client 4] System Stats: {'cpu_time': 33.62999999895692, 'ram_used_mb': 11823.49312, 'net_sent_bytes': 52140, 'net_recv_bytes': 62457, 'gpu_mem_used_mb': 38995.0, 'gpu_load': 0.0, 'client_rank': 4, 'round': 47, 'timestamp': '2025-08-13 16:45:20'}
    [Client 7] System Stats: {'cpu_time': 38.50999999791384, 'ram_used_mb': 11632.623616, 'net_sent_bytes': 52240, 'net_recv_bytes': 63803, 'gpu_mem_used_mb': 38993.0, 'gpu_load': 0.0, 'client_rank': 7, 'round': 47, 'timestamp': '2025-08-13 16:45:20'}
    [Client 5] System Stats: {'cpu_time': 51.269999995827675, 'ram_used_mb': 11738.8288, 'net_sent_bytes': 53812, 'net_recv_bytes': 59418, 'gpu_mem_used_mb': 38995.0, 'gpu_load': 0.0, 'client_rank': 5, 'round': 47, 'timestamp': '2025-08-13 16:45:20'}
    [Client 9] System Stats: {'cpu_time': 123.44999999552965, 'ram_used_mb': 11910.746112, 'net_sent_bytes': 986, 'net_recv_bytes': 35124, 'gpu_mem_used_mb': 38993.0, 'gpu_load': 0.0, 'client_rank': 9, 'round': 47, 'timestamp': '2025-08-13 16:45:21'}
    [Client 10] System Stats: {'cpu_time': 66.05000000074506, 'ram_used_mb': 11951.16544, 'net_sent_bytes': 1959, 'net_recv_bytes': 36563, 'gpu_mem_used_mb': 38993.0, 'gpu_load': 0.0, 'client_rank': 10, 'round': 47, 'timestamp': '2025-08-13 16:45:21'}
    [Client 8] Statistical Utility: {'client_rank': 8, 'round': 47, 'data_size': 525, 'data_variance': 0.06366205960512161, 'local_loss': 0.2189384549856186, 'local_accuracy': 92.19047427177429}
    [Client 2] Statistical Utility: {'client_rank': 2, 'round': 47, 'data_size': 2866, 'data_variance': 0.06469513475894928, 'local_loss': 0.18607762455940247, 'local_accuracy': 94.2428469657898}
    [Client 1] Statistical Utility: {'client_rank': 1, 'round': 47, 'data_size': 3640, 'data_variance': 0.06330215185880661, 'local_loss': 0.21842078864574432, 'local_accuracy': 93.35165023803711}
    [Client 3] Statistical Utility: {'client_rank': 3, 'round': 47, 'data_size': 2739, 'data_variance': 0.06390785425901413, 'local_loss': 0.20407313108444214, 'local_accuracy': 93.90288591384888}
    [Client 7] Statistical Utility: {'client_rank': 7, 'round': 47, 'data_size': 1414, 'data_variance': 0.06267841905355453, 'local_loss': 0.14053593575954437, 'local_accuracy': 96.53465151786804}
    [Client 4] Statistical Utility: {'client_rank': 4, 'round': 47, 'data_size': 4459, 'data_variance': 0.06270676851272583, 'local_loss': 0.2296907752752304, 'local_accuracy': 93.04776787757874}
    [Client 5] Statistical Utility: {'client_rank': 5, 'round': 47, 'data_size': 3467, 'data_variance': 0.06352055072784424, 'local_loss': 0.32833874225616455, 'local_accuracy': 89.12604451179504}
    [Client 8] Round 47 - Sending updated weights to server...
    [Client 2] Round 47 - Sending updated weights to server...
    [Client 10] Statistical Utility: {'client_rank': 10, 'round': 47, 'data_size': 5942, 'data_variance': 0.0627174898982048, 'local_loss': 0.26078343391418457, 'local_accuracy': 91.71996116638184}
    [Client 3] Round 47 - Sending updated weights to server...
    [Client 9] Statistical Utility: {'client_rank': 9, 'round': 47, 'data_size': 7110, 'data_variance': 0.06292970478534698, 'local_loss': 0.24093306064605713, 'local_accuracy': 92.02531576156616}
    [Client 7] Round 47 - Sending updated weights to server...
    [Client 4] Round 47 - Sending updated weights to server...
    [Client 5] Round 47 - Sending updated weights to server...
    [Client 6] System Stats: {'cpu_time': 70.04000000283122, 'ram_used_mb': 11929.710592, 'net_sent_bytes': 32988, 'net_recv_bytes': 44325, 'gpu_mem_used_mb': 38995.0, 'gpu_load': 0.0, 'client_rank': 6, 'round': 47, 'timestamp': '2025-08-13 16:45:22'}
    [Client 10] Round 47 - Sending updated weights to server...
    [Client 1] Round 47 - Sending updated weights to server...
Received weights from client 1
Waiting for model weights from client 2...
Received weights from client 2
Waiting for model weights from client 3...
Received weights from client 3
Waiting for model weights from client 4...
Received weights from client 4
Waiting for model weights from client 5...
Received weights from client 5
Waiting for model weights from client 6...
    [Client 9] Round 47 - Sending updated weights to server...
    [Client 2] Round 48 - Waiting for global weights...
    [Client 1] Round 48 - Waiting for global weights...
    [Client 3] Round 48 - Waiting for global weights...
    [Client 4] Round 48 - Waiting for global weights...
    [Client 5] Round 48 - Waiting for global weights...
    [Client 6] Statistical Utility: {'client_rank': 6, 'round': 47, 'data_size': 17837, 'data_variance': 0.06342285126447678, 'local_loss': 0.34792765974998474, 'local_accuracy': 87.93519139289856}
    [Client 6] Round 47 - Sending updated weights to server...
Received weights from client 6
Waiting for model weights from client 7...
Received weights from client 7
Waiting for model weights from client 8...
Received weights from client 8
Waiting for model weights from client 9...
Received weights from client 9
Waiting for model weights from client 10...
Received weights from client 10
Received system metrics from client 1: {'cpu_time': 83.63999999966472, 'ram_used_mb': 11797.843968, 'net_sent_bytes': 68593, 'net_recv_bytes': 77919, 'gpu_mem_used_mb': 38993.0, 'gpu_load': 0.01, 'client_rank': 1, 'round': 47, 'timestamp': '2025-08-13 16:45:20'}
Received system metrics from client 2: {'cpu_time': 78.81000000052154, 'ram_used_mb': 11783.901184, 'net_sent_bytes': 74923, 'net_recv_bytes': 51962, 'gpu_mem_used_mb': 38995.0, 'gpu_load': 0.0, 'client_rank': 2, 'round': 47, 'timestamp': '2025-08-13 16:45:20'}
Received system metrics from client 3: {'cpu_time': 34.39000000059605, 'ram_used_mb': 11743.752192, 'net_sent_bytes': 48322, 'net_recv_bytes': 42954, 'gpu_mem_used_mb': 38995.0, 'gpu_load': 0.0, 'client_rank': 3, 'round': 47, 'timestamp': '2025-08-13 16:45:20'}
Received system metrics from client 4: {'cpu_time': 33.62999999895692, 'ram_used_mb': 11823.49312, 'net_sent_bytes': 52140, 'net_recv_bytes': 62457, 'gpu_mem_used_mb': 38995.0, 'gpu_load': 0.0, 'client_rank': 4, 'round': 47, 'timestamp': '2025-08-13 16:45:20'}
Received system metrics from client 5: {'cpu_time': 51.269999995827675, 'ram_used_mb': 11738.8288, 'net_sent_bytes': 53812, 'net_recv_bytes': 59418, 'gpu_mem_used_mb': 38995.0, 'gpu_load': 0.0, 'client_rank': 5, 'round': 47, 'timestamp': '2025-08-13 16:45:20'}
Received system metrics from client 6: {'cpu_time': 70.04000000283122, 'ram_used_mb': 11929.710592, 'net_sent_bytes': 32988, 'net_recv_bytes': 44325, 'gpu_mem_used_mb': 38995.0, 'gpu_load': 0.0, 'client_rank': 6, 'round': 47, 'timestamp': '2025-08-13 16:45:22'}
Received system metrics from client 7: {'cpu_time': 38.50999999791384, 'ram_used_mb': 11632.623616, 'net_sent_bytes': 52240, 'net_recv_bytes': 63803, 'gpu_mem_used_mb': 38993.0, 'gpu_load': 0.0, 'client_rank': 7, 'round': 47, 'timestamp': '2025-08-13 16:45:20'}
Received system metrics from client 8: {'cpu_time': 25.530000001192093, 'ram_used_mb': 11377.143808, 'net_sent_bytes': 81513, 'net_recv_bytes': 4717873, 'gpu_mem_used_mb': 38995.0, 'gpu_load': 0.0, 'client_rank': 8, 'round': 47, 'timestamp': '2025-08-13 16:45:20'}
Received system metrics from client 9: {'cpu_time': 123.44999999552965, 'ram_used_mb': 11910.746112, 'net_sent_bytes': 986, 'net_recv_bytes': 35124, 'gpu_mem_used_mb': 38993.0, 'gpu_load': 0.0, 'client_rank': 9, 'round': 47, 'timestamp': '2025-08-13 16:45:21'}
Received system metrics from client 10: {'cpu_time': 66.05000000074506, 'ram_used_mb': 11951.16544, 'net_sent_bytes': 1959, 'net_recv_bytes': 36563, 'gpu_mem_used_mb': 38993.0, 'gpu_load': 0.0, 'client_rank': 10, 'round': 47, 'timestamp': '2025-08-13 16:45:21'}
Averaging model weights...
Evaluating updated global model on test set...
    [Client 9] Round 48 - Waiting for global weights...
    [Client 10] Round 48 - Waiting for global weights...
    [Client 8] Round 48 - Waiting for global weights...
    [Client 7] Round 48 - Waiting for global weights...
    [Client 6] Round 48 - Waiting for global weights...
Round 47 Evaluation - Accuracy: 0.8411, Loss: 0.4701

===== Round 48 =====
Broadcasting global model to all clients...
    [Client 3] Round 48 - Training on local data...
    [Client 8] Round 48 - Training on local data...
    [Client 7] Round 48 - Training on local data...
    [Client 5] Round 48 - Training on local data...
    [Client 1] Round 48 - Training on local data...
    [Client 2] Round 48 - Training on local data...
    [Client 4] Round 48 - Training on local data...
Waiting for model weights from client 1...
    [Client 9] Round 48 - Training on local data...
    [Client 10] Round 48 - Training on local data...
    [Client 6] Round 48 - Training on local data...
    [Client 8] System Stats: {'cpu_time': 25.400000002235174, 'ram_used_mb': 11603.406848, 'net_sent_bytes': 48481, 'net_recv_bytes': 56515, 'gpu_mem_used_mb': 38995.0, 'gpu_load': 0.01, 'client_rank': 8, 'round': 48, 'timestamp': '2025-08-13 16:45:34'}
    [Client 2] System Stats: {'cpu_time': 78.4199999999255, 'ram_used_mb': 12026.699776, 'net_sent_bytes': 679, 'net_recv_bytes': 29527, 'gpu_mem_used_mb': 38995.0, 'gpu_load': 0.0, 'client_rank': 2, 'round': 48, 'timestamp': '2025-08-13 16:45:34'}
    [Client 1] System Stats: {'cpu_time': 83.29999999888241, 'ram_used_mb': 12070.166528, 'net_sent_bytes': 70600, 'net_recv_bytes': 43242, 'gpu_mem_used_mb': 38995.0, 'gpu_load': 0.0, 'client_rank': 1, 'round': 48, 'timestamp': '2025-08-13 16:45:34'}
    [Client 3] System Stats: {'cpu_time': 34.49000000022352, 'ram_used_mb': 11948.60544, 'net_sent_bytes': 29066, 'net_recv_bytes': 60970, 'gpu_mem_used_mb': 38995.0, 'gpu_load': 0.01, 'client_rank': 3, 'round': 48, 'timestamp': '2025-08-13 16:45:34'}
    [Client 4] System Stats: {'cpu_time': 34.12999999895692, 'ram_used_mb': 12030.754816, 'net_sent_bytes': 35107, 'net_recv_bytes': 66659, 'gpu_mem_used_mb': 38995.0, 'gpu_load': 0.0, 'client_rank': 4, 'round': 48, 'timestamp': '2025-08-13 16:45:34'}
    [Client 5] System Stats: {'cpu_time': 55.399999998509884, 'ram_used_mb': 11976.00768, 'net_sent_bytes': 28926, 'net_recv_bytes': 60834, 'gpu_mem_used_mb': 38995.0, 'gpu_load': 0.0, 'client_rank': 5, 'round': 48, 'timestamp': '2025-08-13 16:45:34'}
    [Client 10] System Stats: {'cpu_time': 73.85000000149012, 'ram_used_mb': 12193.77152, 'net_sent_bytes': 107963, 'net_recv_bytes': 89422, 'gpu_mem_used_mb': 38995.0, 'gpu_load': 0.0, 'client_rank': 10, 'round': 48, 'timestamp': '2025-08-13 16:45:34'}
    [Client 9] System Stats: {'cpu_time': 121.98999999836087, 'ram_used_mb': 12172.22656, 'net_sent_bytes': 24772, 'net_recv_bytes': 34788, 'gpu_mem_used_mb': 38995.0, 'gpu_load': 0.0, 'client_rank': 9, 'round': 48, 'timestamp': '2025-08-13 16:45:34'}
    [Client 7] System Stats: {'cpu_time': 39.41000000014901, 'ram_used_mb': 11837.149184, 'net_sent_bytes': 38960, 'net_recv_bytes': 41940, 'gpu_mem_used_mb': 38995.0, 'gpu_load': 0.01, 'client_rank': 7, 'round': 48, 'timestamp': '2025-08-13 16:45:34'}
    [Client 8] Statistical Utility: {'client_rank': 8, 'round': 48, 'data_size': 525, 'data_variance': 0.06366205960512161, 'local_loss': 0.2908095419406891, 'local_accuracy': 90.85714221000671}
    [Client 2] Statistical Utility: {'client_rank': 2, 'round': 48, 'data_size': 2866, 'data_variance': 0.06469513475894928, 'local_loss': 0.21412689983844757, 'local_accuracy': 93.26587319374084}
    [Client 1] Statistical Utility: {'client_rank': 1, 'round': 48, 'data_size': 3640, 'data_variance': 0.06330215185880661, 'local_loss': 0.2086438685655594, 'local_accuracy': 93.43406558036804}
    [Client 3] Statistical Utility: {'client_rank': 3, 'round': 48, 'data_size': 2739, 'data_variance': 0.06390785425901413, 'local_loss': 0.18358327448368073, 'local_accuracy': 94.34099793434143}
    [Client 5] Statistical Utility: {'client_rank': 5, 'round': 48, 'data_size': 3467, 'data_variance': 0.06352055072784424, 'local_loss': 0.2362591028213501, 'local_accuracy': 92.1834409236908}
    [Client 4] Statistical Utility: {'client_rank': 4, 'round': 48, 'data_size': 4459, 'data_variance': 0.06270676851272583, 'local_loss': 0.243032306432724, 'local_accuracy': 91.8367326259613}
    [Client 10] Statistical Utility: {'client_rank': 10, 'round': 48, 'data_size': 5942, 'data_variance': 0.0627174898982048, 'local_loss': 0.22536897659301758, 'local_accuracy': 92.78020858764648}
    [Client 7] Statistical Utility: {'client_rank': 7, 'round': 48, 'data_size': 1414, 'data_variance': 0.06267841905355453, 'local_loss': 0.1723131537437439, 'local_accuracy': 94.69589591026306}
    [Client 9] Statistical Utility: {'client_rank': 9, 'round': 48, 'data_size': 7110, 'data_variance': 0.06292970478534698, 'local_loss': 0.23081862926483154, 'local_accuracy': 92.58790612220764}
    [Client 4] Round 48 - Sending updated weights to server...
    [Client 10] Round 48 - Sending updated weights to server...
    [Client 9] Round 48 - Sending updated weights to server...
    [Client 6] System Stats: {'cpu_time': 71.4700000025332, 'ram_used_mb': 12151.959552, 'net_sent_bytes': 42507, 'net_recv_bytes': 61084, 'gpu_mem_used_mb': 38995.0, 'gpu_load': 0.0, 'client_rank': 6, 'round': 48, 'timestamp': '2025-08-13 16:45:36'}
    [Client 2] Round 48 - Sending updated weights to server...
    [Client 5] Round 48 - Sending updated weights to server...
    [Client 8] Round 48 - Sending updated weights to server...
    [Client 6] Statistical Utility: {'client_rank': 6, 'round': 48, 'data_size': 17837, 'data_variance': 0.06342285126447678, 'local_loss': 0.3978996276855469, 'local_accuracy': 85.765540599823}
    [Client 6] Round 48 - Sending updated weights to server...
    [Client 3] Round 48 - Sending updated weights to server...
    [Client 7] Round 48 - Sending updated weights to server...
    [Client 1] Round 48 - Sending updated weights to server...
Received weights from client 1
Waiting for model weights from client 2...
    [Client 3] Round 49 - Waiting for global weights...
    [Client 8] Round 49 - Waiting for global weights...
    [Client 5] Round 49 - Waiting for global weights...
    [Client 2] Round 49 - Waiting for global weights...
    [Client 4] Round 49 - Waiting for global weights...
Received weights from client 2
Waiting for model weights from client 3...
    [Client 9] Round 49 - Waiting for global weights...
    [Client 10] Round 49 - Waiting for global weights...
    [Client 6] Round 49 - Waiting for global weights...
    [Client 3] Round 49 - Training on local data...
    [Client 8] Round 49 - Training on local data...
    [Client 7] Round 49 - Waiting for global weights...
    [Client 5] Round 49 - Training on local data...
    [Client 1] Round 49 - Waiting for global weights...
    [Client 2] Round 49 - Training on local data...
    [Client 4] Round 49 - Training on local data...
Received weights from client 3
Waiting for model weights from client 4...
    [Client 9] Round 49 - Training on local data...
    [Client 10] Round 49 - Training on local data...
    [Client 6] Round 49 - Training on local data...
    [Client 7] Round 49 - Training on local data...
    [Client 1] Round 49 - Training on local data...
Received weights from client 4
Waiting for model weights from client 5...
Received weights from client 5
Waiting for model weights from client 6...
Received weights from client 6
Waiting for model weights from client 7...
Received weights from client 7
Waiting for model weights from client 8...
Received weights from client 8
Waiting for model weights from client 9...
Received weights from client 9
Waiting for model weights from client 10...
Received weights from client 10
Received system metrics from client 1: {'cpu_time': 83.29999999888241, 'ram_used_mb': 12070.166528, 'net_sent_bytes': 70600, 'net_recv_bytes': 43242, 'gpu_mem_used_mb': 38995.0, 'gpu_load': 0.0, 'client_rank': 1, 'round': 48, 'timestamp': '2025-08-13 16:45:34'}
Received system metrics from client 2: {'cpu_time': 78.4199999999255, 'ram_used_mb': 12026.699776, 'net_sent_bytes': 679, 'net_recv_bytes': 29527, 'gpu_mem_used_mb': 38995.0, 'gpu_load': 0.0, 'client_rank': 2, 'round': 48, 'timestamp': '2025-08-13 16:45:34'}
Received system metrics from client 3: {'cpu_time': 34.49000000022352, 'ram_used_mb': 11948.60544, 'net_sent_bytes': 29066, 'net_recv_bytes': 60970, 'gpu_mem_used_mb': 38995.0, 'gpu_load': 0.01, 'client_rank': 3, 'round': 48, 'timestamp': '2025-08-13 16:45:34'}
Received system metrics from client 4: {'cpu_time': 34.12999999895692, 'ram_used_mb': 12030.754816, 'net_sent_bytes': 35107, 'net_recv_bytes': 66659, 'gpu_mem_used_mb': 38995.0, 'gpu_load': 0.0, 'client_rank': 4, 'round': 48, 'timestamp': '2025-08-13 16:45:34'}
Received system metrics from client 5: {'cpu_time': 55.399999998509884, 'ram_used_mb': 11976.00768, 'net_sent_bytes': 28926, 'net_recv_bytes': 60834, 'gpu_mem_used_mb': 38995.0, 'gpu_load': 0.0, 'client_rank': 5, 'round': 48, 'timestamp': '2025-08-13 16:45:34'}
Received system metrics from client 6: {'cpu_time': 71.4700000025332, 'ram_used_mb': 12151.959552, 'net_sent_bytes': 42507, 'net_recv_bytes': 61084, 'gpu_mem_used_mb': 38995.0, 'gpu_load': 0.0, 'client_rank': 6, 'round': 48, 'timestamp': '2025-08-13 16:45:36'}
Received system metrics from client 7: {'cpu_time': 39.41000000014901, 'ram_used_mb': 11837.149184, 'net_sent_bytes': 38960, 'net_recv_bytes': 41940, 'gpu_mem_used_mb': 38995.0, 'gpu_load': 0.01, 'client_rank': 7, 'round': 48, 'timestamp': '2025-08-13 16:45:34'}
Received system metrics from client 8: {'cpu_time': 25.400000002235174, 'ram_used_mb': 11603.406848, 'net_sent_bytes': 48481, 'net_recv_bytes': 56515, 'gpu_mem_used_mb': 38995.0, 'gpu_load': 0.01, 'client_rank': 8, 'round': 48, 'timestamp': '2025-08-13 16:45:34'}
Received system metrics from client 9: {'cpu_time': 121.98999999836087, 'ram_used_mb': 12172.22656, 'net_sent_bytes': 24772, 'net_recv_bytes': 34788, 'gpu_mem_used_mb': 38995.0, 'gpu_load': 0.0, 'client_rank': 9, 'round': 48, 'timestamp': '2025-08-13 16:45:34'}
Received system metrics from client 10: {'cpu_time': 73.85000000149012, 'ram_used_mb': 12193.77152, 'net_sent_bytes': 107963, 'net_recv_bytes': 89422, 'gpu_mem_used_mb': 38995.0, 'gpu_load': 0.0, 'client_rank': 10, 'round': 48, 'timestamp': '2025-08-13 16:45:34'}
Averaging model weights...
Evaluating updated global model on test set...
Round 48 Evaluation - Accuracy: 0.8411, Loss: 0.4803

===== Round 49 =====
Broadcasting global model to all clients...
Waiting for model weights from client 1...
    [Client 8] System Stats: {'cpu_time': 24.69999999552965, 'ram_used_mb': 11834.712064, 'net_sent_bytes': 35218, 'net_recv_bytes': 36275, 'gpu_mem_used_mb': 38997.0, 'gpu_load': 0.01, 'client_rank': 8, 'round': 49, 'timestamp': '2025-08-13 16:45:56'}
    [Client 3] System Stats: {'cpu_time': 40.37999999895692, 'ram_used_mb': 11931.959296, 'net_sent_bytes': 528, 'net_recv_bytes': 40105, 'gpu_mem_used_mb': 38997.0, 'gpu_load': 0.0, 'client_rank': 3, 'round': 49, 'timestamp': '2025-08-13 16:45:58'}
    [Client 8] Statistical Utility: {'client_rank': 8, 'round': 49, 'data_size': 525, 'data_variance': 0.06366205960512161, 'local_loss': 0.18640835583209991, 'local_accuracy': 93.9047634601593}
    [Client 7] System Stats: {'cpu_time': 38.55000000074506, 'ram_used_mb': 12072.148992, 'net_sent_bytes': 1982, 'net_recv_bytes': 29876, 'gpu_mem_used_mb': 38995.0, 'gpu_load': 0.0, 'client_rank': 7, 'round': 49, 'timestamp': '2025-08-13 16:45:56'}
    [Client 1] System Stats: {'cpu_time': 84.83999999985099, 'ram_used_mb': 12275.130368, 'net_sent_bytes': 17542, 'net_recv_bytes': 35560, 'gpu_mem_used_mb': 38995.0, 'gpu_load': 0.0, 'client_rank': 1, 'round': 49, 'timestamp': '2025-08-13 16:45:56'}
    [Client 2] System Stats: {'cpu_time': 78.83999999798834, 'ram_used_mb': 12219.547648, 'net_sent_bytes': 332, 'net_recv_bytes': 28165, 'gpu_mem_used_mb': 38997.0, 'gpu_load': 0.0, 'client_rank': 2, 'round': 49, 'timestamp': '2025-08-13 16:45:56'}
    [Client 4] System Stats: {'cpu_time': 40.48999999836087, 'ram_used_mb': 12000.182272, 'net_sent_bytes': 38771, 'net_recv_bytes': 51066, 'gpu_mem_used_mb': 38997.0, 'gpu_load': 0.01, 'client_rank': 4, 'round': 49, 'timestamp': '2025-08-13 16:45:58'}
    [Client 10] System Stats: {'cpu_time': 71.31000000052154, 'ram_used_mb': 12357.357568, 'net_sent_bytes': 3705, 'net_recv_bytes': 34021, 'gpu_mem_used_mb': 38995.0, 'gpu_load': 0.0, 'client_rank': 10, 'round': 49, 'timestamp': '2025-08-13 16:45:57'}
    [Client 8] Round 49 - Sending updated weights to server...
    [Client 7] Statistical Utility: {'client_rank': 7, 'round': 49, 'data_size': 1414, 'data_variance': 0.06267841905355453, 'local_loss': 0.13360626995563507, 'local_accuracy': 96.53465151786804}
    [Client 2] Statistical Utility: {'client_rank': 2, 'round': 49, 'data_size': 2866, 'data_variance': 0.06469513475894928, 'local_loss': 0.18496902287006378, 'local_accuracy': 94.83600854873657}
    [Client 10] Statistical Utility: {'client_rank': 10, 'round': 49, 'data_size': 5942, 'data_variance': 0.0627174898982048, 'local_loss': 0.2224852293729782, 'local_accuracy': 92.56142973899841}
    [Client 5] System Stats: {'cpu_time': 49.96999999880791, 'ram_used_mb': 11948.527616, 'net_sent_bytes': 1010, 'net_recv_bytes': 40944, 'gpu_mem_used_mb': 38997.0, 'gpu_load': 0.0, 'client_rank': 5, 'round': 49, 'timestamp': '2025-08-13 16:45:58'}
    [Client 9] System Stats: {'cpu_time': 148.0599999986589, 'ram_used_mb': 12143.865856, 'net_sent_bytes': 90315, 'net_recv_bytes': 67009, 'gpu_mem_used_mb': 38995.0, 'gpu_load': 0.0, 'client_rank': 9, 'round': 49, 'timestamp': '2025-08-13 16:45:58'}
    [Client 1] Statistical Utility: {'client_rank': 1, 'round': 49, 'data_size': 3640, 'data_variance': 0.06330215185880661, 'local_loss': 0.19179141521453857, 'local_accuracy': 94.50549483299255}
    [Client 3] Statistical Utility: {'client_rank': 3, 'round': 49, 'data_size': 2739, 'data_variance': 0.06390785425901413, 'local_loss': 0.17013508081436157, 'local_accuracy': 94.8521375656128}
    [Client 4] Statistical Utility: {'client_rank': 4, 'round': 49, 'data_size': 4459, 'data_variance': 0.06270676851272583, 'local_loss': 0.2374851554632187, 'local_accuracy': 91.8143093585968}
    [Client 5] Statistical Utility: {'client_rank': 5, 'round': 49, 'data_size': 3467, 'data_variance': 0.06352055072784424, 'local_loss': 0.23599934577941895, 'local_accuracy': 92.21228957176208}
    [Client 10] Round 49 - Sending updated weights to server...
    [Client 9] Statistical Utility: {'client_rank': 9, 'round': 49, 'data_size': 7110, 'data_variance': 0.06292970478534698, 'local_loss': 0.2521909773349762, 'local_accuracy': 91.57524704933167}
    [Client 4] Round 49 - Sending updated weights to server...
    [Client 7] Round 49 - Sending updated weights to server...
    [Client 5] Round 49 - Sending updated weights to server...
    [Client 2] Round 49 - Sending updated weights to server...
    [Client 6] System Stats: {'cpu_time': 82.60000000149012, 'ram_used_mb': 12123.168768, 'net_sent_bytes': 484, 'net_recv_bytes': 43893, 'gpu_mem_used_mb': 38997.0, 'gpu_load': 0.0, 'client_rank': 6, 'round': 49, 'timestamp': '2025-08-13 16:46:00'}
    [Client 3] Round 49 - Sending updated weights to server...
    [Client 1] Round 49 - Sending updated weights to server...
Received weights from client 1
Waiting for model weights from client 2...
Received weights from client 2
Waiting for model weights from client 3...
Received weights from client 3
Waiting for model weights from client 4...
Received weights from client 4
Waiting for model weights from client 5...
Received weights from client 5
Waiting for model weights from client 6...
    [Client 3] Round 50 - Waiting for global weights...
    [Client 2] Round 50 - Waiting for global weights...
    [Client 4] Round 50 - Waiting for global weights...
    [Client 1] Round 50 - Waiting for global weights...
    [Client 5] Round 50 - Waiting for global weights...
    [Client 9] Round 49 - Sending updated weights to server...
    [Client 6] Statistical Utility: {'client_rank': 6, 'round': 49, 'data_size': 17837, 'data_variance': 0.06342285126447678, 'local_loss': 0.34039434790611267, 'local_accuracy': 88.16505074501038}
    [Client 6] Round 49 - Sending updated weights to server...
Received weights from client 6
Waiting for model weights from client 7...
Received weights from client 7
Waiting for model weights from client 8...
Received weights from client 8
Waiting for model weights from client 9...
Received weights from client 9
Waiting for model weights from client 10...
Received weights from client 10
Received system metrics from client 1: {'cpu_time': 84.83999999985099, 'ram_used_mb': 12275.130368, 'net_sent_bytes': 17542, 'net_recv_bytes': 35560, 'gpu_mem_used_mb': 38995.0, 'gpu_load': 0.0, 'client_rank': 1, 'round': 49, 'timestamp': '2025-08-13 16:45:56'}
Received system metrics from client 2: {'cpu_time': 78.83999999798834, 'ram_used_mb': 12219.547648, 'net_sent_bytes': 332, 'net_recv_bytes': 28165, 'gpu_mem_used_mb': 38997.0, 'gpu_load': 0.0, 'client_rank': 2, 'round': 49, 'timestamp': '2025-08-13 16:45:56'}
Received system metrics from client 3: {'cpu_time': 40.37999999895692, 'ram_used_mb': 11931.959296, 'net_sent_bytes': 528, 'net_recv_bytes': 40105, 'gpu_mem_used_mb': 38997.0, 'gpu_load': 0.0, 'client_rank': 3, 'round': 49, 'timestamp': '2025-08-13 16:45:58'}
Received system metrics from client 4: {'cpu_time': 40.48999999836087, 'ram_used_mb': 12000.182272, 'net_sent_bytes': 38771, 'net_recv_bytes': 51066, 'gpu_mem_used_mb': 38997.0, 'gpu_load': 0.01, 'client_rank': 4, 'round': 49, 'timestamp': '2025-08-13 16:45:58'}
Received system metrics from client 5: {'cpu_time': 49.96999999880791, 'ram_used_mb': 11948.527616, 'net_sent_bytes': 1010, 'net_recv_bytes': 40944, 'gpu_mem_used_mb': 38997.0, 'gpu_load': 0.0, 'client_rank': 5, 'round': 49, 'timestamp': '2025-08-13 16:45:58'}
Received system metrics from client 6: {'cpu_time': 82.60000000149012, 'ram_used_mb': 12123.168768, 'net_sent_bytes': 484, 'net_recv_bytes': 43893, 'gpu_mem_used_mb': 38997.0, 'gpu_load': 0.0, 'client_rank': 6, 'round': 49, 'timestamp': '2025-08-13 16:46:00'}
Received system metrics from client 7: {'cpu_time': 38.55000000074506, 'ram_used_mb': 12072.148992, 'net_sent_bytes': 1982, 'net_recv_bytes': 29876, 'gpu_mem_used_mb': 38995.0, 'gpu_load': 0.0, 'client_rank': 7, 'round': 49, 'timestamp': '2025-08-13 16:45:56'}
Received system metrics from client 8: {'cpu_time': 24.69999999552965, 'ram_used_mb': 11834.712064, 'net_sent_bytes': 35218, 'net_recv_bytes': 36275, 'gpu_mem_used_mb': 38997.0, 'gpu_load': 0.01, 'client_rank': 8, 'round': 49, 'timestamp': '2025-08-13 16:45:56'}
Received system metrics from client 9: {'cpu_time': 148.0599999986589, 'ram_used_mb': 12143.865856, 'net_sent_bytes': 90315, 'net_recv_bytes': 67009, 'gpu_mem_used_mb': 38995.0, 'gpu_load': 0.0, 'client_rank': 9, 'round': 49, 'timestamp': '2025-08-13 16:45:58'}
Received system metrics from client 10: {'cpu_time': 71.31000000052154, 'ram_used_mb': 12357.357568, 'net_sent_bytes': 3705, 'net_recv_bytes': 34021, 'gpu_mem_used_mb': 38995.0, 'gpu_load': 0.0, 'client_rank': 10, 'round': 49, 'timestamp': '2025-08-13 16:45:57'}
Averaging model weights...
Evaluating updated global model on test set...
    [Client 9] Round 50 - Waiting for global weights...
    [Client 6] Round 50 - Waiting for global weights...
    [Client 7] Round 50 - Waiting for global weights...
Round 49 Evaluation - Accuracy: 0.8411, Loss: 0.4738

===== Round 50 =====
Broadcasting global model to all clients...
    [Client 9] Round 50 - Training on local data...
    [Client 1] Round 50 - Training on local data...
    [Client 2] Round 50 - Training on local data...
    [Client 4] Round 50 - Training on local data...
    [Client 7] Round 50 - Training on local data...
    [Client 6] Round 50 - Training on local data...
    [Client 5] Round 50 - Training on local data...
    [Client 3] Round 50 - Training on local data...
    [Client 10] Round 50 - Waiting for global weights...
    [Client 10] Round 50 - Training on local data...
    [Client 8] Round 50 - Waiting for global weights...
Waiting for model weights from client 1...
    [Client 8] Round 50 - Training on local data...
    [Client 2] System Stats: {'cpu_time': 80.43000000156462, 'ram_used_mb': 12188.81536, 'net_sent_bytes': 29057, 'net_recv_bytes': 64371, 'gpu_mem_used_mb': 38999.0, 'gpu_load': 0.0, 'client_rank': 2, 'round': 50, 'timestamp': '2025-08-13 16:46:11'}
    [Client 1] System Stats: {'cpu_time': 84.84000000078231, 'ram_used_mb': 12204.306432, 'net_sent_bytes': 2210, 'net_recv_bytes': 37621, 'gpu_mem_used_mb': 38997.0, 'gpu_load': 0.0, 'client_rank': 1, 'round': 50, 'timestamp': '2025-08-13 16:46:11'}
    [Client 4] System Stats: {'cpu_time': 34.89000000059605, 'ram_used_mb': 12140.265472, 'net_sent_bytes': 39574, 'net_recv_bytes': 47938, 'gpu_mem_used_mb': 38997.0, 'gpu_load': 0.0, 'client_rank': 4, 'round': 50, 'timestamp': '2025-08-13 16:46:11'}
    [Client 3] System Stats: {'cpu_time': 34.32000000029802, 'ram_used_mb': 12123.439104, 'net_sent_bytes': 69940, 'net_recv_bytes': 58926, 'gpu_mem_used_mb': 38997.0, 'gpu_load': 0.0, 'client_rank': 3, 'round': 50, 'timestamp': '2025-08-13 16:46:11'}
    [Client 5] System Stats: {'cpu_time': 50.07000000029802, 'ram_used_mb': 12100.571136, 'net_sent_bytes': 33610, 'net_recv_bytes': 38663, 'gpu_mem_used_mb': 38997.0, 'gpu_load': 0.0, 'client_rank': 5, 'round': 50, 'timestamp': '2025-08-13 16:46:11'}
    [Client 7] System Stats: {'cpu_time': 39.24000000208616, 'ram_used_mb': 12003.467264, 'net_sent_bytes': 38597, 'net_recv_bytes': 49847, 'gpu_mem_used_mb': 38997.0, 'gpu_load': 0.0, 'client_rank': 7, 'round': 50, 'timestamp': '2025-08-13 16:46:11'}
    [Client 9] System Stats: {'cpu_time': 123.12000000104308, 'ram_used_mb': 12406.243328, 'net_sent_bytes': 1133, 'net_recv_bytes': 36997, 'gpu_mem_used_mb': 38997.0, 'gpu_load': 0.0, 'client_rank': 9, 'round': 50, 'timestamp': '2025-08-13 16:46:11'}
    [Client 2] Statistical Utility: {'client_rank': 2, 'round': 50, 'data_size': 2866, 'data_variance': 0.06469513475894928, 'local_loss': 0.179193913936615, 'local_accuracy': 94.2428469657898}
    [Client 1] Statistical Utility: {'client_rank': 1, 'round': 50, 'data_size': 3640, 'data_variance': 0.06330215185880661, 'local_loss': 0.20392879843711853, 'local_accuracy': 93.02197694778442}
    [Client 3] Statistical Utility: {'client_rank': 3, 'round': 50, 'data_size': 2739, 'data_variance': 0.06390785425901413, 'local_loss': 0.2209962010383606, 'local_accuracy': 93.24570894241333}
    [Client 4] Statistical Utility: {'client_rank': 4, 'round': 50, 'data_size': 4459, 'data_variance': 0.06270676851272583, 'local_loss': 0.19393570721149445, 'local_accuracy': 93.89997720718384}
    [Client 5] Statistical Utility: {'client_rank': 5, 'round': 50, 'data_size': 3467, 'data_variance': 0.06352055072784424, 'local_loss': 0.22383473813533783, 'local_accuracy': 92.50072240829468}
    [Client 7] Statistical Utility: {'client_rank': 7, 'round': 50, 'data_size': 1414, 'data_variance': 0.06267841905355453, 'local_loss': 0.13359488546848297, 'local_accuracy': 95.96888422966003}
    [Client 8] System Stats: {'cpu_time': 24.810000002384186, 'ram_used_mb': 11794.231296, 'net_sent_bytes': 3609, 'net_recv_bytes': 34462, 'gpu_mem_used_mb': 38999.0, 'gpu_load': 0.0, 'client_rank': 8, 'round': 50, 'timestamp': '2025-08-13 16:46:12'}
    [Client 9] Statistical Utility: {'client_rank': 9, 'round': 50, 'data_size': 7110, 'data_variance': 0.06292970478534698, 'local_loss': 0.2912033498287201, 'local_accuracy': 89.8874819278717}
    [Client 10] System Stats: {'cpu_time': 72.74000000208616, 'ram_used_mb': 12389.453824, 'net_sent_bytes': 35985, 'net_recv_bytes': 41588, 'gpu_mem_used_mb': 38997.0, 'gpu_load': 0.0, 'client_rank': 10, 'round': 50, 'timestamp': '2025-08-13 16:46:13'}
    [Client 2] Round 50 - Sending updated weights to server...
    [Client 5] Round 50 - Sending updated weights to server...
    [Client 4] Round 50 - Sending updated weights to server...
    [Client 7] Round 50 - Sending updated weights to server...
    [Client 8] Statistical Utility: {'client_rank': 8, 'round': 50, 'data_size': 525, 'data_variance': 0.06366205960512161, 'local_loss': 0.17095345258712769, 'local_accuracy': 95.61904668807983}
    [Client 6] System Stats: {'cpu_time': 70.89999999850988, 'ram_used_mb': 12310.4256, 'net_sent_bytes': 14709, 'net_recv_bytes': 47261, 'gpu_mem_used_mb': 38999.0, 'gpu_load': 0.0, 'client_rank': 6, 'round': 50, 'timestamp': '2025-08-13 16:46:13'}
    [Client 3] Round 50 - Sending updated weights to server...
    [Client 10] Statistical Utility: {'client_rank': 10, 'round': 50, 'data_size': 5942, 'data_variance': 0.0627174898982048, 'local_loss': 0.22855716943740845, 'local_accuracy': 92.56142973899841}
    [Client 8] Round 50 - Sending updated weights to server...
    [Client 10] Round 50 - Sending updated weights to server...
    [Client 6] Statistical Utility: {'client_rank': 6, 'round': 50, 'data_size': 17837, 'data_variance': 0.06342285126447678, 'local_loss': 0.3043884336948395, 'local_accuracy': 89.98710513114929}
    [Client 9] Round 50 - Sending updated weights to server...
    [Client 6] Round 50 - Sending updated weights to server...
    [Client 1] Round 50 - Sending updated weights to server...
    [Client 3] Training complete. Waiting for others...
    [Client 3] Exiting.
    [Client 8] Training complete. Waiting for others...
    [Client 8] Exiting.
    [Client 7] Training complete. Waiting for others...
    [Client 7] Exiting.
    [Client 5] Training complete. Waiting for others...
    [Client 5] Exiting.
    [Client 1] Training complete. Waiting for others...
    [Client 1] Exiting.
    [Client 2] Training complete. Waiting for others...
    [Client 2] Exiting.
    [Client 4] Training complete. Waiting for others...
    [Client 4] Exiting.
Received weights from client 1
Waiting for model weights from client 2...
    [Client 9] Training complete. Waiting for others...
    [Client 9] Exiting.
    [Client 10] Training complete. Waiting for others...
    [Client 10] Exiting.
    [Client 6] Training complete. Waiting for others...
    [Client 6] Exiting.
Received weights from client 2
Waiting for model weights from client 3...
Received weights from client 3
Waiting for model weights from client 4...
Received weights from client 4
Waiting for model weights from client 5...
Received weights from client 5
Waiting for model weights from client 6...
Received weights from client 6
Waiting for model weights from client 7...
Received weights from client 7
Waiting for model weights from client 8...
Received weights from client 8
Waiting for model weights from client 9...
Received weights from client 9
Waiting for model weights from client 10...
Received weights from client 10
Received system metrics from client 1: {'cpu_time': 84.84000000078231, 'ram_used_mb': 12204.306432, 'net_sent_bytes': 2210, 'net_recv_bytes': 37621, 'gpu_mem_used_mb': 38997.0, 'gpu_load': 0.0, 'client_rank': 1, 'round': 50, 'timestamp': '2025-08-13 16:46:11'}
Received system metrics from client 2: {'cpu_time': 80.43000000156462, 'ram_used_mb': 12188.81536, 'net_sent_bytes': 29057, 'net_recv_bytes': 64371, 'gpu_mem_used_mb': 38999.0, 'gpu_load': 0.0, 'client_rank': 2, 'round': 50, 'timestamp': '2025-08-13 16:46:11'}
Received system metrics from client 3: {'cpu_time': 34.32000000029802, 'ram_used_mb': 12123.439104, 'net_sent_bytes': 69940, 'net_recv_bytes': 58926, 'gpu_mem_used_mb': 38997.0, 'gpu_load': 0.0, 'client_rank': 3, 'round': 50, 'timestamp': '2025-08-13 16:46:11'}
Received system metrics from client 4: {'cpu_time': 34.89000000059605, 'ram_used_mb': 12140.265472, 'net_sent_bytes': 39574, 'net_recv_bytes': 47938, 'gpu_mem_used_mb': 38997.0, 'gpu_load': 0.0, 'client_rank': 4, 'round': 50, 'timestamp': '2025-08-13 16:46:11'}
Received system metrics from client 5: {'cpu_time': 50.07000000029802, 'ram_used_mb': 12100.571136, 'net_sent_bytes': 33610, 'net_recv_bytes': 38663, 'gpu_mem_used_mb': 38997.0, 'gpu_load': 0.0, 'client_rank': 5, 'round': 50, 'timestamp': '2025-08-13 16:46:11'}
Received system metrics from client 6: {'cpu_time': 70.89999999850988, 'ram_used_mb': 12310.4256, 'net_sent_bytes': 14709, 'net_recv_bytes': 47261, 'gpu_mem_used_mb': 38999.0, 'gpu_load': 0.0, 'client_rank': 6, 'round': 50, 'timestamp': '2025-08-13 16:46:13'}
Received system metrics from client 7: {'cpu_time': 39.24000000208616, 'ram_used_mb': 12003.467264, 'net_sent_bytes': 38597, 'net_recv_bytes': 49847, 'gpu_mem_used_mb': 38997.0, 'gpu_load': 0.0, 'client_rank': 7, 'round': 50, 'timestamp': '2025-08-13 16:46:11'}
Received system metrics from client 8: {'cpu_time': 24.810000002384186, 'ram_used_mb': 11794.231296, 'net_sent_bytes': 3609, 'net_recv_bytes': 34462, 'gpu_mem_used_mb': 38999.0, 'gpu_load': 0.0, 'client_rank': 8, 'round': 50, 'timestamp': '2025-08-13 16:46:12'}
Received system metrics from client 9: {'cpu_time': 123.12000000104308, 'ram_used_mb': 12406.243328, 'net_sent_bytes': 1133, 'net_recv_bytes': 36997, 'gpu_mem_used_mb': 38997.0, 'gpu_load': 0.0, 'client_rank': 9, 'round': 50, 'timestamp': '2025-08-13 16:46:11'}
Received system metrics from client 10: {'cpu_time': 72.74000000208616, 'ram_used_mb': 12389.453824, 'net_sent_bytes': 35985, 'net_recv_bytes': 41588, 'gpu_mem_used_mb': 38997.0, 'gpu_load': 0.0, 'client_rank': 10, 'round': 50, 'timestamp': '2025-08-13 16:46:13'}
Averaging model weights...
Evaluating updated global model on test set...
Round 50 Evaluation - Accuracy: 0.8414, Loss: 0.4743

=== Federated Training Complete ===
Generating training metrics plot...
[1755117978.625445] [ng10610:2006870:0]       tag_match.c:62   UCX  WARN  unexpected tag-receive descriptor 0x5603120d3f80 was not matched
[1755117978.625453] [ng10610:2006870:0]       tag_match.c:62   UCX  WARN  unexpected tag-receive descriptor 0x14b803df8a52 was not matched
