    [Client 37] Initializing...
    [Client 37] Starting on host: ng30710
    [Client 42] Initializing...
    [Client 42] Starting on host: ng31003
    [Client 21] Initializing...
    [Client 21] Starting on host: ng10805
    [Client 33] Initializing...
    [Client 33] Starting on host: ng20104
    [Client 23] Initializing...
    [Client 23] Starting on host: ng10807
    [Client 1] Initializing...
    [Client 1] Starting on host: ng10102
    [Client 9] Initializing...
    [Client 9] Starting on host: ng10304
    [Client 11] Initializing...
    [Client 11] Starting on host: ng10607
    [Client 17] Initializing...
    [Client 17] Starting on host: ng10710
    [Client 3] Initializing...
    [Client 3] Starting on host: ng10104
    [Client 4] Initializing...
    [Client 4] Starting on host: ng10201
    [Client 32] Initializing...
    [Client 32] Starting on host: ng20102
    [Client 39] Initializing...
    [Client 39] Starting on host: ng30712
    [Client 16] Initializing...
    [Client 16] Starting on host: ng10706
    [Client 34] Initializing...
    [Client 34] Starting on host: ng30702
    [Client 50] Initializing...
    [Client 50] Starting on host: ng31304
    [Client 48] Initializing...
    [Client 48] Starting on host: ng31205
    [Client 7] Initializing...
    [Client 7] Starting on host: ng10302
    [Client 46] Initializing...
    [Client 46] Starting on host: ng31203
    [Client 27] Initializing...
    [Client 27] Starting on host: ng10904
    [Client 30] Initializing...
    [Client 30] Starting on host: ng11106
    [Client 29] Initializing...
    [Client 29] Starting on host: ng11102
    [Client 40] Initializing...
    [Client 40] Starting on host: ng31001
    [Client 19] Initializing...
    [Client 19] Starting on host: ng10801
Loading data from .npy files...
Training set: (50000, 32, 32, 3), Labels: (50000, 1)
Test set:     (10000, 32, 32, 3), Labels: (10000, 1)
[Client 1] Generated proportions: [2.13905486e-03 7.65758603e-02 3.88611049e-03 3.03848915e-03
 3.70056209e-02 1.07710273e-02 3.53445644e-03 1.73870223e-02
 1.70065415e-02 2.20303963e-03 5.83210597e-02 4.64272123e-03
 1.16734455e-02 1.59285208e-02 1.05270550e-04 2.05645221e-03
 9.54246089e-04 4.06025914e-03 5.02114325e-03 3.23602940e-02
 1.20850959e-03 1.01786436e-01 4.40301206e-03 1.35015051e-04
 3.28268223e-02 1.38764407e-02 2.82621308e-02 4.60421258e-02
 1.17041676e-02 4.48135652e-02 1.47730842e-02 1.28134313e-05
 1.56179193e-02 9.37222010e-03 2.02950937e-02 3.73115538e-02
 1.97984197e-02 6.18274196e-02 3.86172996e-02 5.06747557e-02
 7.30351473e-03 1.30946466e-02 6.27902093e-02 2.02074558e-04
 1.02719053e-02 2.03499471e-02 7.10664519e-03 3.41213524e-03
 1.22035751e-02 1.23590764e-03]
[Client 1] Assigned 106 samples (from 0 to 106)
Loading data from .npy files...
Training set: (50000, 32, 32, 3), Labels: (50000, 1)
Test set:     (10000, 32, 32, 3), Labels: (10000, 1)
[Client 33] Assigned 781 samples (from 30425 to 31206)
Loading data from .npy files...
Training set: (50000, 32, 32, 3), Labels: (50000, 1)
Test set:     (10000, 32, 32, 3), Labels: (10000, 1)
[Client 23] Assigned 220 samples (from 20583 to 20803)
Loading data from .npy files...
Training set: (50000, 32, 32, 3), Labels: (50000, 1)
Test set:     (10000, 32, 32, 3), Labels: (10000, 1)
[Client 17] Assigned 48 samples (from 13313 to 13361)
Loading data from .npy files...
Training set: (50000, 32, 32, 3), Labels: (50000, 1)
Test set:     (10000, 32, 32, 3), Labels: (10000, 1)
[Client 3] Assigned 195 samples (from 3935 to 4130)
Loading data from .npy files...
Training set: (50000, 32, 32, 3), Labels: (50000, 1)
Test set:     (10000, 32, 32, 3), Labels: (10000, 1)
[Client 7] Assigned 177 samples (from 6670 to 6847)
Loading data from .npy files...
Training set: (50000, 32, 32, 3), Labels: (50000, 1)
Test set:     (10000, 32, 32, 3), Labels: (10000, 1)
[Client 9] Assigned 851 samples (from 7716 to 8567)
Loading data from .npy files...
Training set: (50000, 32, 32, 3), Labels: (50000, 1)
Test set:     (10000, 32, 32, 3), Labels: (10000, 1)
[Client 27] Assigned 1413 samples (from 23145 to 24558)
Loading data from .npy files...
Training set: (50000, 32, 32, 3), Labels: (50000, 1)
Test set:     (10000, 32, 32, 3), Labels: (10000, 1)
[Client 39] Assigned 1931 samples (from 38636 to 40567)
Loading data from .npy files...
Training set: (50000, 32, 32, 3), Labels: (50000, 1)
Test set:     (10000, 32, 32, 3), Labels: (10000, 1)
[Client 11] Assigned 2916 samples (from 8677 to 11593)
Loading data from .npy files...
Training set: (50000, 32, 32, 3), Labels: (50000, 1)
Test set:     (10000, 32, 32, 3), Labels: (10000, 1)
[Client 19] Assigned 251 samples (from 13564 to 13815)
    [Client 1] Round 1 - Waiting for global weights...
    [Client 17] Round 1 - Waiting for global weights...
    [Client 23] Round 1 - Waiting for global weights...
    [Client 9] Round 1 - Waiting for global weights...
    [Client 7] Round 1 - Waiting for global weights...
    [Client 11] Round 1 - Waiting for global weights...
    [Client 27] Round 1 - Waiting for global weights...
    [Client 3] Round 1 - Waiting for global weights...
    [Client 19] Round 1 - Waiting for global weights...
    [Client 33] Round 1 - Waiting for global weights...
    [Client 35] Initializing...
    [Client 35] Starting on host: ng30707
    [Client 41] Initializing...
    [Client 41] Starting on host: ng31002
    [Client 26] Initializing...
    [Client 26] Starting on host: ng10903
    [Client 8] Initializing...
    [Client 8] Starting on host: ng10303
    [Client 44] Initializing...
    [Client 44] Starting on host: ng31006
    [Client 49] Initializing...
    [Client 49] Starting on host: ng31301
    [Client 20] Initializing...
    [Client 20] Starting on host: ng10804
    [Client 22] Initializing...
    [Client 22] Starting on host: ng10806
    [Client 10] Initializing...
    [Client 10] Starting on host: ng10602
    [Client 5] Initializing...
    [Client 5] Starting on host: ng10202
    [Client 36] Initializing...
    [Client 36] Starting on host: ng30709
    [Client 6] Initializing...
    [Client 6] Starting on host: ng10204
    [Client 14] Initializing...
    [Client 14] Starting on host: ng10701
    [Client 2] Initializing...
    [Client 2] Starting on host: ng10103
    [Client 12] Initializing...
    [Client 12] Starting on host: ng10608
    [Client 15] Initializing...
    [Client 15] Starting on host: ng10705
    [Client 13] Initializing...
    [Client 13] Starting on host: ng10610
    [Client 25] Initializing...
    [Client 25] Starting on host: ng10901
    [Client 31] Initializing...
    [Client 31] Starting on host: ng20101
    [Client 28] Initializing...
    [Client 28] Starting on host: ng11101
    [Client 18] Initializing...
    [Client 18] Starting on host: ng10711
    [Client 43] Initializing...
    [Client 43] Starting on host: ng31004
    [Client 45] Initializing...
    [Client 45] Starting on host: ng31202
    [Client 47] Initializing...
    [Client 47] Starting on host: ng31204
    [Client 38] Initializing...
    [Client 38] Starting on host: ng30711
    [Client 39] Round 1 - Waiting for global weights...
Loading data from .npy files...
Training set: (50000, 32, 32, 3), Labels: (50000, 1)
Test set:     (10000, 32, 32, 3), Labels: (10000, 1)
[Client 41] Assigned 365 samples (from 43101 to 43466)
Loading data from .npy files...
Training set: (50000, 32, 32, 3), Labels: (50000, 1)
Test set:     (10000, 32, 32, 3), Labels: (10000, 1)
[Client 15] Assigned 5 samples (from 13205 to 13210)
Loading data from .npy files...
Training set: (50000, 32, 32, 3), Labels: (50000, 1)
Test set:     (10000, 32, 32, 3), Labels: (10000, 1)
[Client 34] Assigned 469 samples (from 31206 to 31675)
Loading data from .npy files...
Training set: (50000, 32, 32, 3), Labels: (50000, 1)
Test set:     (10000, 32, 32, 3), Labels: (10000, 1)
[Client 13] Assigned 584 samples (from 11825 to 12409)
Loading data from .npy files...
Training set: (50000, 32, 32, 3), Labels: (50000, 1)
Test set:     (10000, 32, 32, 3), Labels: (10000, 1)
[Client 4] Assigned 151 samples (from 4130 to 4281)
Loading data from .npy files...
Training set: (50000, 32, 32, 3), Labels: (50000, 1)
Test set:     (10000, 32, 32, 3), Labels: (10000, 1)
[Client 18] Assigned 203 samples (from 13361 to 13564)
Loading data from .npy files...
Training set: (50000, 32, 32, 3), Labels: (50000, 1)
Test set:     (10000, 32, 32, 3), Labels: (10000, 1)
[Client 10] Assigned 110 samples (from 8567 to 8677)
Loading data from .npy files...
Training set: (50000, 32, 32, 3), Labels: (50000, 1)
Test set:     (10000, 32, 32, 3), Labels: (10000, 1)
[Client 44] Assigned 10 samples (from 47260 to 47270)
Loading data from .npy files...
Training set: (50000, 32, 32, 3), Labels: (50000, 1)
Test set:     (10000, 32, 32, 3), Labels: (10000, 1)
[Client 12] Assigned 232 samples (from 11593 to 11825)
Loading data from .npy files...
Training set: (50000, 32, 32, 3), Labels: (50000, 1)
Test set:     (10000, 32, 32, 3), Labels: (10000, 1)
[Client 14] Assigned 796 samples (from 12409 to 13205)
Loading data from .npy files...
Training set: (50000, 32, 32, 3), Labels: (50000, 1)
Test set:     (10000, 32, 32, 3), Labels: (10000, 1)
[Client 47] Assigned 355 samples (from 48802 to 49157)
Loading data from .npy files...
Training set: (50000, 32, 32, 3), Labels: (50000, 1)
Test set:     (10000, 32, 32, 3), Labels: (10000, 1)
[Client 42] Assigned 655 samples (from 43466 to 44121)
Loading data from .npy files...
Training set: (50000, 32, 32, 3), Labels: (50000, 1)
Test set:     (10000, 32, 32, 3), Labels: (10000, 1)
[Client 45] Assigned 514 samples (from 47270 to 47784)
Loading data from .npy files...
Training set: (50000, 32, 32, 3), Labels: (50000, 1)
Test set:     (10000, 32, 32, 3), Labels: (10000, 1)
[Client 21] Assigned 60 samples (from 15433 to 15493)
Loading data from .npy files...
Training set: (50000, 32, 32, 3), Labels: (50000, 1)
Test set:     (10000, 32, 32, 3), Labels: (10000, 1)
[Client 2] Assigned 3829 samples (from 106 to 3935)
Loading data from .npy files...
Training set: (50000, 32, 32, 3), Labels: (50000, 1)
Test set:     (10000, 32, 32, 3), Labels: (10000, 1)
[Client 50] Assigned 61 samples (from 49938 to 49999)
Loading data from .npy files...
Training set: (50000, 32, 32, 3), Labels: (50000, 1)
Test set:     (10000, 32, 32, 3), Labels: (10000, 1)
[Client 26] Assigned 694 samples (from 22451 to 23145)
Loading data from .npy files...
Training set: (50000, 32, 32, 3), Labels: (50000, 1)
Test set:     (10000, 32, 32, 3), Labels: (10000, 1)
[Client 29] Assigned 585 samples (from 26860 to 27445)
Loading data from .npy files...
Training set: (50000, 32, 32, 3), Labels: (50000, 1)
Test set:     (10000, 32, 32, 3), Labels: (10000, 1)
[Client 35] Assigned 1014 samples (from 31675 to 32689)
Loading data from .npy files...
Training set: (50000, 32, 32, 3), Labels: (50000, 1)
Test set:     (10000, 32, 32, 3), Labels: (10000, 1)
[Client 31] Assigned 739 samples (from 29686 to 30425)
Loading data from .npy files...
Training set: (50000, 32, 32, 3), Labels: (50000, 1)
Test set:     (10000, 32, 32, 3), Labels: (10000, 1)
[Client 49] Assigned 610 samples (from 49328 to 49938)
Loading data from .npy files...
Training set: (50000, 32, 32, 3), Labels: (50000, 1)
Test set:     (10000, 32, 32, 3), Labels: (10000, 1)
[Client 5] Assigned 1851 samples (from 4281 to 6132)
Loading data from .npy files...
Training set: (50000, 32, 32, 3), Labels: (50000, 1)
Test set:     (10000, 32, 32, 3), Labels: (10000, 1)
[Client 46] Assigned 1018 samples (from 47784 to 48802)
Loading data from .npy files...
Training set: (50000, 32, 32, 3), Labels: (50000, 1)
Test set:     (10000, 32, 32, 3), Labels: (10000, 1)
[Client 6] Assigned 538 samples (from 6132 to 6670)
Loading data from .npy files...
Training set: (50000, 32, 32, 3), Labels: (50000, 1)
Test set:     (10000, 32, 32, 3), Labels: (10000, 1)
[Client 25] Assigned 1641 samples (from 20810 to 22451)
Loading data from .npy files...
Training set: (50000, 32, 32, 3), Labels: (50000, 1)
Test set:     (10000, 32, 32, 3), Labels: (10000, 1)
[Client 20] Assigned 1618 samples (from 13815 to 15433)
Loading data from .npy files...
Training set: (50000, 32, 32, 3), Labels: (50000, 1)
Test set:     (10000, 32, 32, 3), Labels: (10000, 1)
[Client 36] Assigned 1866 samples (from 32689 to 34555)
Loading data from .npy files...
Training set: (50000, 32, 32, 3), Labels: (50000, 1)
Test set:     (10000, 32, 32, 3), Labels: (10000, 1)
[Client 37] Assigned 990 samples (from 34555 to 35545)
Loading data from .npy files...
Training set: (50000, 32, 32, 3), Labels: (50000, 1)
Test set:     (10000, 32, 32, 3), Labels: (10000, 1)
[Client 28] Assigned 2302 samples (from 24558 to 26860)
Loading data from .npy files...
Training set: (50000, 32, 32, 3), Labels: (50000, 1)
Test set:     (10000, 32, 32, 3), Labels: (10000, 1)
[Client 43] Assigned 3139 samples (from 44121 to 47260)
Loading data from .npy files...
Training set: (50000, 32, 32, 3), Labels: (50000, 1)
Test set:     (10000, 32, 32, 3), Labels: (10000, 1)
[Client 38] Assigned 3091 samples (from 35545 to 38636)
Loading data from .npy files...
Training set: (50000, 32, 32, 3), Labels: (50000, 1)
Test set:     (10000, 32, 32, 3), Labels: (10000, 1)
[Client 30] Assigned 2241 samples (from 27445 to 29686)
Loading data from .npy files...
Training set: (50000, 32, 32, 3), Labels: (50000, 1)
Test set:     (10000, 32, 32, 3), Labels: (10000, 1)
[Client 22] Assigned 5090 samples (from 15493 to 20583)
Loading data from .npy files...
Training set: (50000, 32, 32, 3), Labels: (50000, 1)
Test set:     (10000, 32, 32, 3), Labels: (10000, 1)
[Client 32] Assigned 0 samples (from 30425 to 30425)
Loading data from .npy files...
Training set: (50000, 32, 32, 3), Labels: (50000, 1)
Test set:     (10000, 32, 32, 3), Labels: (10000, 1)
[Client 16] Assigned 103 samples (from 13210 to 13313)
Loading data from .npy files...
Training set: (50000, 32, 32, 3), Labels: (50000, 1)
Test set:     (10000, 32, 32, 3), Labels: (10000, 1)
[Client 48] Assigned 171 samples (from 49157 to 49328)
Loading data from .npy files...
Training set: (50000, 32, 32, 3), Labels: (50000, 1)
Test set:     (10000, 32, 32, 3), Labels: (10000, 1)
[Client 8] Assigned 869 samples (from 6847 to 7716)
Loading data from .npy files...
Training set: (50000, 32, 32, 3), Labels: (50000, 1)
Test set:     (10000, 32, 32, 3), Labels: (10000, 1)
[Client 40] Assigned 2534 samples (from 40567 to 43101)
    [Client 10] Round 1 - Waiting for global weights...
    [Client 34] Round 1 - Waiting for global weights...
    [Client 18] Round 1 - Waiting for global weights...
    [Client 14] Round 1 - Waiting for global weights...
    [Client 15] Round 1 - Waiting for global weights...
    [Client 44] Round 1 - Waiting for global weights...
    [Client 45] Round 1 - Waiting for global weights...
    [Client 21] Round 1 - Waiting for global weights...
    [Client 2] Round 1 - Waiting for global weights...
    [Client 12] Round 1 - Waiting for global weights...
    [Client 4] Round 1 - Waiting for global weights...
    [Client 5] Round 1 - Waiting for global weights...
    [Client 13] Round 1 - Waiting for global weights...
    [Client 35] Round 1 - Waiting for global weights...
    [Client 47] Round 1 - Waiting for global weights...
    [Client 6] Round 1 - Waiting for global weights...
    [Client 41] Round 1 - Waiting for global weights...
    [Client 46] Round 1 - Waiting for global weights...
    [Client 50] Round 1 - Waiting for global weights...
    [Client 43] Round 1 - Waiting for global weights...
    [Client 49] Round 1 - Waiting for global weights...
    [Client 25] Round 1 - Waiting for global weights...
    [Client 29] Round 1 - Waiting for global weights...
    [Client 20] Round 1 - Waiting for global weights...
    [Client 28] Round 1 - Waiting for global weights...
    [Client 31] Round 1 - Waiting for global weights...
    [Client 36] Round 1 - Waiting for global weights...
    [Client 42] Round 1 - Waiting for global weights...
    [Client 37] Round 1 - Waiting for global weights...
    [Client 16] Round 1 - Waiting for global weights...
    [Client 32] Round 1 - Waiting for global weights...
    [Client 26] Round 1 - Waiting for global weights...
    [Client 8] Round 1 - Waiting for global weights...
    [Client 22] Round 1 - Waiting for global weights...
    [Client 30] Round 1 - Waiting for global weights...
    [Client 40] Round 1 - Waiting for global weights...
    [Client 48] Round 1 - Waiting for global weights...
    [Client 38] Round 1 - Waiting for global weights...
    [Client 24] Initializing...
    [Client 24] Starting on host: ng10808
Loading data from .npy files...
Training set: (50000, 32, 32, 3), Labels: (50000, 1)
Test set:     (10000, 32, 32, 3), Labels: (10000, 1)
[Client 24] Assigned 7 samples (from 20803 to 20810)
=== Federated Server Started ===
Total processes: 51 (1 server + 50 clients)

    [Client 24] Round 1 - Waiting for global weights...
Loading data from .npy files...
Training set: (50000, 32, 32, 3), Labels: (50000, 10)
Test set:     (10000, 32, 32, 3), Labels: (10000, 10)

===== Round 1 =====
Broadcasting global model to all clients...
Waiting for model weights from client 1...
    [Client 1] Round 1 - Training on local data...
    [Client 2] Round 1 - Training on local data...
    [Client 5] Round 1 - Training on local data...
    [Client 3] Round 1 - Training on local data...
    [Client 11] Round 1 - Training on local data...
    [Client 9] Round 1 - Training on local data...
    [Client 18] Round 1 - Training on local data...
    [Client 7] Round 1 - Training on local data...
    [Client 16] Round 1 - Training on local data...
    [Client 33] Round 1 - Training on local data...
    [Client 10] Round 1 - Training on local data...
    [Client 6] Round 1 - Training on local data...
    [Client 8] Round 1 - Training on local data...
    [Client 19] Round 1 - Training on local data...
    [Client 17] Round 1 - Training on local data...
    [Client 32] No local samples for this client — skipping training.
    [Client 4] Round 1 - Training on local data...
    [Client 37] Round 1 - Training on local data...
    [Client 50] Round 1 - Training on local data...
    [Client 49] Round 1 - Training on local data...
    [Client 14] Round 1 - Training on local data...
    [Client 13] Round 1 - Training on local data...
    [Client 12] Round 1 - Training on local data...
    [Client 15] Round 1 - Training on local data...
    [Client 38] Round 1 - Training on local data...
    [Client 23] Round 1 - Training on local data...
    [Client 36] Round 1 - Training on local data...
    [Client 43] Round 1 - Training on local data...
    [Client 45] Round 1 - Training on local data...
    [Client 25] Round 1 - Training on local data...
    [Client 48] Round 1 - Training on local data...
    [Client 21] Round 1 - Training on local data...
    [Client 20] Round 1 - Training on local data...
    [Client 46] Round 1 - Training on local data...
    [Client 31] Round 1 - Training on local data...
    [Client 27] Round 1 - Training on local data...
    [Client 40] Round 1 - Training on local data...
    [Client 42] Round 1 - Training on local data...
    [Client 39] Round 1 - Training on local data...
    [Client 44] Round 1 - Training on local data...
    [Client 47] Round 1 - Training on local data...
    [Client 28] Round 1 - Training on local data...
    [Client 26] Round 1 - Training on local data...
    [Client 30] Round 1 - Training on local data...
    [Client 29] Round 1 - Training on local data...
    [Client 41] Round 1 - Training on local data...
    [Client 32] Round 1 - Sending updated weights to server...
    [Client 34] Round 1 - Training on local data...
    [Client 35] Round 1 - Training on local data...
    [Client 22] Round 1 - Training on local data...
    [Client 24] Round 1 - Training on local data...
    [Client 5] System Stats: {'cpu_time': 47.899999998509884, 'ram_used_mb': 2928.8448, 'net_sent_bytes': 40427, 'net_recv_bytes': 72939, 'gpu_mem_used_mb': 38937.0, 'gpu_load': 0.0, 'client_rank': 5, 'round': 1, 'timestamp': '2025-08-12 04:30:38'}
    [Client 13] System Stats: {'cpu_time': 37.00999999977648, 'ram_used_mb': 2884.665344, 'net_sent_bytes': 146707, 'net_recv_bytes': 146266, 'gpu_mem_used_mb': 38937.0, 'gpu_load': 0.0, 'client_rank': 13, 'round': 1, 'timestamp': '2025-08-12 04:30:38'}
    [Client 33] System Stats: {'cpu_time': 38.09000000078231, 'ram_used_mb': 2873.368576, 'net_sent_bytes': 435279, 'net_recv_bytes': 103326337, 'gpu_mem_used_mb': 38937.0, 'gpu_load': 0.0, 'client_rank': 33, 'round': 1, 'timestamp': '2025-08-12 04:30:40'}
    [Client 29] System Stats: {'cpu_time': 49.54999999701977, 'ram_used_mb': 2842.46016, 'net_sent_bytes': 36108, 'net_recv_bytes': 58875, 'gpu_mem_used_mb': 38937.0, 'gpu_load': 0.0, 'client_rank': 29, 'round': 1, 'timestamp': '2025-08-12 04:30:38'}
    [Client 35] System Stats: {'cpu_time': 53.040000000968575, 'ram_used_mb': 2716.893184, 'net_sent_bytes': 81542, 'net_recv_bytes': 81354, 'gpu_mem_used_mb': 38937.0, 'gpu_load': 0.0, 'client_rank': 35, 'round': 1, 'timestamp': '2025-08-12 04:30:39'}
    [Client 25] System Stats: {'cpu_time': 37.9100000038743, 'ram_used_mb': 2911.510528, 'net_sent_bytes': 40953, 'net_recv_bytes': 66918, 'gpu_mem_used_mb': 38937.0, 'gpu_load': 0.0, 'client_rank': 25, 'round': 1, 'timestamp': '2025-08-12 04:30:38'}
    [Client 21] System Stats: {'cpu_time': 37.21000000089407, 'ram_used_mb': 2826.784768, 'net_sent_bytes': 48782, 'net_recv_bytes': 89185, 'gpu_mem_used_mb': 38937.0, 'gpu_load': 0.01, 'client_rank': 21, 'round': 1, 'timestamp': '2025-08-12 04:30:38'}
    [Client 23] System Stats: {'cpu_time': 36.42999999970198, 'ram_used_mb': 2826.870784, 'net_sent_bytes': 4347, 'net_recv_bytes': 61282, 'gpu_mem_used_mb': 38937.0, 'gpu_load': 0.0, 'client_rank': 23, 'round': 1, 'timestamp': '2025-08-12 04:30:38'}
    [Client 1] System Stats: {'cpu_time': 60.14000000059605, 'ram_used_mb': 2838.17984, 'net_sent_bytes': 83387, 'net_recv_bytes': 84311, 'gpu_mem_used_mb': 38937.0, 'gpu_load': 0.0, 'client_rank': 1, 'round': 1, 'timestamp': '2025-08-12 04:30:38'}
    [Client 9] System Stats: {'cpu_time': 46.76999999769032, 'ram_used_mb': 2898.37056, 'net_sent_bytes': 4695, 'net_recv_bytes': 62944, 'gpu_mem_used_mb': 38937.0, 'gpu_load': 0.0, 'client_rank': 9, 'round': 1, 'timestamp': '2025-08-12 04:30:38'}
    [Client 27] System Stats: {'cpu_time': 38.40999999642372, 'ram_used_mb': 2912.751616, 'net_sent_bytes': 74657, 'net_recv_bytes': 94518, 'gpu_mem_used_mb': 38937.0, 'gpu_load': 0.0, 'client_rank': 27, 'round': 1, 'timestamp': '2025-08-12 04:30:38'}
    [Client 11] System Stats: {'cpu_time': 44.940000001341105, 'ram_used_mb': 2939.867136, 'net_sent_bytes': 2488, 'net_recv_bytes': 56387, 'gpu_mem_used_mb': 38937.0, 'gpu_load': 0.0, 'client_rank': 11, 'round': 1, 'timestamp': '2025-08-12 04:30:38'}
    [Client 31] System Stats: {'cpu_time': 120.08999999985099, 'ram_used_mb': 2887.31136, 'net_sent_bytes': 34087, 'net_recv_bytes': 58322, 'gpu_mem_used_mb': 38937.0, 'gpu_load': 0.0, 'client_rank': 31, 'round': 1, 'timestamp': '2025-08-12 04:30:38'}
    [Client 17] System Stats: {'cpu_time': 32.34000000171363, 'ram_used_mb': 2863.259648, 'net_sent_bytes': 64122, 'net_recv_bytes': 95233, 'gpu_mem_used_mb': 38937.0, 'gpu_load': 0.0, 'client_rank': 17, 'round': 1, 'timestamp': '2025-08-12 04:30:38'}
    [Client 3] System Stats: {'cpu_time': 46.57000000029802, 'ram_used_mb': 2847.387648, 'net_sent_bytes': 101838, 'net_recv_bytes': 103819, 'gpu_mem_used_mb': 38937.0, 'gpu_load': 0.0, 'client_rank': 3, 'round': 1, 'timestamp': '2025-08-12 04:30:38'}
    [Client 14] System Stats: {'cpu_time': 36.6399999987334, 'ram_used_mb': 2894.974976, 'net_sent_bytes': 55301, 'net_recv_bytes': 74468, 'gpu_mem_used_mb': 38937.0, 'gpu_load': 0.0, 'client_rank': 14, 'round': 1, 'timestamp': '2025-08-12 04:30:38'}
    [Client 10] System Stats: {'cpu_time': 47.400000005960464, 'ram_used_mb': 2864.095232, 'net_sent_bytes': 33271, 'net_recv_bytes': 85050, 'gpu_mem_used_mb': 38937.0, 'gpu_load': 0.0, 'client_rank': 10, 'round': 1, 'timestamp': '2025-08-12 04:30:38'}
    [Client 2] System Stats: {'cpu_time': 42.349999997764826, 'ram_used_mb': 2906.013696, 'net_sent_bytes': 18509, 'net_recv_bytes': 67787, 'gpu_mem_used_mb': 38937.0, 'gpu_load': 0.0, 'client_rank': 2, 'round': 1, 'timestamp': '2025-08-12 04:30:38'}
    [Client 40] System Stats: {'cpu_time': 48.76000000163913, 'ram_used_mb': 2958.946304, 'net_sent_bytes': 70024, 'net_recv_bytes': 103851, 'gpu_mem_used_mb': 38937.0, 'gpu_load': 0.0, 'client_rank': 40, 'round': 1, 'timestamp': '2025-08-12 04:30:38'}
    [Client 4] System Stats: {'cpu_time': 47.59000000357628, 'ram_used_mb': 2866.200576, 'net_sent_bytes': 2760, 'net_recv_bytes': 57371, 'gpu_mem_used_mb': 38937.0, 'gpu_load': 0.0, 'client_rank': 4, 'round': 1, 'timestamp': '2025-08-12 04:30:38'}
    [Client 20] System Stats: {'cpu_time': 47.89000000059605, 'ram_used_mb': 2919.919616, 'net_sent_bytes': 62978, 'net_recv_bytes': 85594, 'gpu_mem_used_mb': 38937.0, 'gpu_load': 0.0, 'client_rank': 20, 'round': 1, 'timestamp': '2025-08-12 04:30:38'}
    [Client 18] System Stats: {'cpu_time': 47.22000000067055, 'ram_used_mb': 2864.92672, 'net_sent_bytes': 43354, 'net_recv_bytes': 80517, 'gpu_mem_used_mb': 38937.0, 'gpu_load': 0.0, 'client_rank': 18, 'round': 1, 'timestamp': '2025-08-12 04:30:38'}
    [Client 8] System Stats: {'cpu_time': 46.91000000014901, 'ram_used_mb': 2908.327936, 'net_sent_bytes': 2568, 'net_recv_bytes': 56889, 'gpu_mem_used_mb': 38937.0, 'gpu_load': 0.0, 'client_rank': 8, 'round': 1, 'timestamp': '2025-08-12 04:30:38'}
    [Client 36] System Stats: {'cpu_time': 37.96999999880791, 'ram_used_mb': 2904.3712, 'net_sent_bytes': 105340, 'net_recv_bytes': 108919, 'gpu_mem_used_mb': 38937.0, 'gpu_load': 0.0, 'client_rank': 36, 'round': 1, 'timestamp': '2025-08-12 04:30:38'}
    [Client 30] System Stats: {'cpu_time': 47.33999999985099, 'ram_used_mb': 2954.264576, 'net_sent_bytes': 74940, 'net_recv_bytes': 97803, 'gpu_mem_used_mb': 38937.0, 'gpu_load': 0.0, 'client_rank': 30, 'round': 1, 'timestamp': '2025-08-12 04:30:38'}
    [Client 26] System Stats: {'cpu_time': 143.13000000081956, 'ram_used_mb': 2867.253248, 'net_sent_bytes': 67188, 'net_recv_bytes': 103086, 'gpu_mem_used_mb': 38937.0, 'gpu_load': 0.0, 'client_rank': 26, 'round': 1, 'timestamp': '2025-08-12 04:30:40'}
    [Client 12] System Stats: {'cpu_time': 45.34000000357628, 'ram_used_mb': 2868.08064, 'net_sent_bytes': 76753, 'net_recv_bytes': 77546, 'gpu_mem_used_mb': 38937.0, 'gpu_load': 0.0, 'client_rank': 12, 'round': 1, 'timestamp': '2025-08-12 04:30:38'}
    [Client 19] System Stats: {'cpu_time': 116.3099999986589, 'ram_used_mb': 2845.630464, 'net_sent_bytes': 2566, 'net_recv_bytes': 56529, 'gpu_mem_used_mb': 38937.0, 'gpu_load': 0.0, 'client_rank': 19, 'round': 1, 'timestamp': '2025-08-12 04:30:38'}
    [Client 15] System Stats: {'cpu_time': 68.3300000000745, 'ram_used_mb': 2789.076992, 'net_sent_bytes': 972255, 'net_recv_bytes': 255110729, 'gpu_mem_used_mb': 38937.0, 'gpu_load': 0.0, 'client_rank': 15, 'round': 1, 'timestamp': '2025-08-12 04:30:38'}
    [Client 37] System Stats: {'cpu_time': 48.84000000171363, 'ram_used_mb': 2892.439552, 'net_sent_bytes': 50525, 'net_recv_bytes': 67665, 'gpu_mem_used_mb': 38937.0, 'gpu_load': 0.0, 'client_rank': 37, 'round': 1, 'timestamp': '2025-08-12 04:30:38'}
    [Client 43] System Stats: {'cpu_time': 43.96000000089407, 'ram_used_mb': 2922.418176, 'net_sent_bytes': 44119, 'net_recv_bytes': 62479, 'gpu_mem_used_mb': 38937.0, 'gpu_load': 0.0, 'client_rank': 43, 'round': 1, 'timestamp': '2025-08-12 04:30:38'}
    [Client 41] System Stats: {'cpu_time': 36.46999999880791, 'ram_used_mb': 2866.409472, 'net_sent_bytes': 74188, 'net_recv_bytes': 76035, 'gpu_mem_used_mb': 38937.0, 'gpu_load': 0.0, 'client_rank': 41, 'round': 1, 'timestamp': '2025-08-12 04:30:38'}
    [Client 16] System Stats: {'cpu_time': 46.64000000059605, 'ram_used_mb': 2864.20992, 'net_sent_bytes': 5480, 'net_recv_bytes': 57686, 'gpu_mem_used_mb': 38937.0, 'gpu_load': 0.0, 'client_rank': 16, 'round': 1, 'timestamp': '2025-08-12 04:30:38'}
    [Client 6] System Stats: {'cpu_time': 103.5, 'ram_used_mb': 2888.036352, 'net_sent_bytes': 277472, 'net_recv_bytes': 299570, 'gpu_mem_used_mb': 38937.0, 'gpu_load': 0.0, 'client_rank': 6, 'round': 1, 'timestamp': '2025-08-12 04:30:38'}
    [Client 34] System Stats: {'cpu_time': 52.64000000001397, 'ram_used_mb': 2743.394304, 'net_sent_bytes': 56000, 'net_recv_bytes': 82991, 'gpu_mem_used_mb': 38937.0, 'gpu_load': 0.0, 'client_rank': 34, 'round': 1, 'timestamp': '2025-08-12 04:30:39'}
    [Client 50] System Stats: {'cpu_time': 162.17999999970198, 'ram_used_mb': 2850.340864, 'net_sent_bytes': 39952, 'net_recv_bytes': 62228, 'gpu_mem_used_mb': 38937.0, 'gpu_load': 0.0, 'client_rank': 50, 'round': 1, 'timestamp': '2025-08-12 04:30:39'}
    [Client 28] System Stats: {'cpu_time': 57.03999999910593, 'ram_used_mb': 2940.465152, 'net_sent_bytes': 34717, 'net_recv_bytes': 62340, 'gpu_mem_used_mb': 38937.0, 'gpu_load': 0.0, 'client_rank': 28, 'round': 1, 'timestamp': '2025-08-12 04:30:38'}
    [Client 42] System Stats: {'cpu_time': 58.81000000052154, 'ram_used_mb': 2878.558208, 'net_sent_bytes': 40944, 'net_recv_bytes': 92745, 'gpu_mem_used_mb': 38937.0, 'gpu_load': 0.0, 'client_rank': 42, 'round': 1, 'timestamp': '2025-08-12 04:30:38'}
    [Client 48] System Stats: {'cpu_time': 168.61000000685453, 'ram_used_mb': 2830.491648, 'net_sent_bytes': 30659, 'net_recv_bytes': 89578, 'gpu_mem_used_mb': 38937.0, 'gpu_load': 0.01, 'client_rank': 48, 'round': 1, 'timestamp': '2025-08-12 04:30:39'}
    [Client 45] System Stats: {'cpu_time': 36.08999999985099, 'ram_used_mb': 2898.542592, 'net_sent_bytes': 75903, 'net_recv_bytes': 78521, 'gpu_mem_used_mb': 38937.0, 'gpu_load': 0.0, 'client_rank': 45, 'round': 1, 'timestamp': '2025-08-12 04:30:38'}
    [Client 49] System Stats: {'cpu_time': 57.44999999925494, 'ram_used_mb': 2851.08224, 'net_sent_bytes': 27054, 'net_recv_bytes': 80626, 'gpu_mem_used_mb': 38937.0, 'gpu_load': 0.0, 'client_rank': 49, 'round': 1, 'timestamp': '2025-08-12 04:30:37'}
    [Client 7] System Stats: {'cpu_time': 279.79999999701977, 'ram_used_mb': 2859.753472, 'net_sent_bytes': 57077, 'net_recv_bytes': 84410, 'gpu_mem_used_mb': 38937.0, 'gpu_load': 0.0, 'client_rank': 7, 'round': 1, 'timestamp': '2025-08-12 04:30:38'}
    [Client 47] System Stats: {'cpu_time': 38.51000000536442, 'ram_used_mb': 2875.998208, 'net_sent_bytes': 105498, 'net_recv_bytes': 98465, 'gpu_mem_used_mb': 38937.0, 'gpu_load': 0.01, 'client_rank': 47, 'round': 1, 'timestamp': '2025-08-12 04:30:38'}
    [Client 44] System Stats: {'cpu_time': 29.28999999910593, 'ram_used_mb': 2783.49824, 'net_sent_bytes': 36465, 'net_recv_bytes': 38426, 'gpu_mem_used_mb': 38937.0, 'gpu_load': 0.0, 'client_rank': 44, 'round': 1, 'timestamp': '2025-08-12 04:30:34'}
    [Client 46] System Stats: {'cpu_time': 116.43999999761581, 'ram_used_mb': 2890.153984, 'net_sent_bytes': 40999, 'net_recv_bytes': 58407, 'gpu_mem_used_mb': 38937.0, 'gpu_load': 0.0, 'client_rank': 46, 'round': 1, 'timestamp': '2025-08-12 04:30:38'}
    [Client 3] Statistical Utility: {'client_rank': 3, 'round': 1, 'data_size': 195, 'data_variance': 0.0641740933060646, 'local_loss': 4.054695129394531, 'local_accuracy': 9.23076942563057}
    [Client 39] System Stats: {'cpu_time': 145.54000000096858, 'ram_used_mb': 2881.339392, 'net_sent_bytes': 80858, 'net_recv_bytes': 90424, 'gpu_mem_used_mb': 38937.0, 'gpu_load': 0.01, 'client_rank': 39, 'round': 1, 'timestamp': '2025-08-12 04:30:41'}
    [Client 44] Statistical Utility: {'client_rank': 44, 'round': 1, 'data_size': 10, 'data_variance': 0.06776829808950424, 'local_loss': 2.4429759979248047, 'local_accuracy': 20.000000298023224}
    [Client 3] Round 1 - Sending updated weights to server...
    [Client 44] Round 1 - Sending updated weights to server...
    [Client 12] Statistical Utility: {'client_rank': 12, 'round': 1, 'data_size': 232, 'data_variance': 0.0640404000878334, 'local_loss': 2.9848122596740723, 'local_accuracy': 13.793103396892548}
    [Client 46] Statistical Utility: {'client_rank': 46, 'round': 1, 'data_size': 1018, 'data_variance': 0.0634816437959671, 'local_loss': 2.9812192916870117, 'local_accuracy': 11.886051297187805}
    [Client 17] Statistical Utility: {'client_rank': 17, 'round': 1, 'data_size': 48, 'data_variance': 0.05824858695268631, 'local_loss': 2.991156816482544, 'local_accuracy': 8.33333358168602}
    [Client 49] Statistical Utility: {'client_rank': 49, 'round': 1, 'data_size': 610, 'data_variance': 0.06524641066789627, 'local_loss': 3.0593481063842773, 'local_accuracy': 13.114753365516663}
    [Client 43] Statistical Utility: {'client_rank': 43, 'round': 1, 'data_size': 3139, 'data_variance': 0.06272062659263611, 'local_loss': 2.604720115661621, 'local_accuracy': 19.560369849205017}
    [Client 14] Statistical Utility: {'client_rank': 14, 'round': 1, 'data_size': 796, 'data_variance': 0.063325434923172, 'local_loss': 2.9688515663146973, 'local_accuracy': 10.301507264375687}
    [Client 10] Statistical Utility: {'client_rank': 10, 'round': 1, 'data_size': 110, 'data_variance': 0.06482775509357452, 'local_loss': 2.641503095626831, 'local_accuracy': 12.727272510528564}
    [Client 19] Statistical Utility: {'client_rank': 19, 'round': 1, 'data_size': 251, 'data_variance': 0.06290765851736069, 'local_loss': 3.0596442222595215, 'local_accuracy': 7.569721341133118}
    [Client 11] Statistical Utility: {'client_rank': 11, 'round': 1, 'data_size': 2916, 'data_variance': 0.06301935017108917, 'local_loss': 2.4299049377441406, 'local_accuracy': 20.061728358268738}
    [Client 9] Statistical Utility: {'client_rank': 9, 'round': 1, 'data_size': 851, 'data_variance': 0.06420741230249405, 'local_loss': 2.6205289363861084, 'local_accuracy': 12.808459997177124}
    [Client 15] Statistical Utility: {'client_rank': 15, 'round': 1, 'data_size': 5, 'data_variance': 0.06545884162187576, 'local_loss': 2.5657079219818115, 'local_accuracy': 20.000000298023224}
    [Client 18] Statistical Utility: {'client_rank': 18, 'round': 1, 'data_size': 203, 'data_variance': 0.062376607209444046, 'local_loss': 2.9000942707061768, 'local_accuracy': 11.822660267353058}
    [Client 16] Statistical Utility: {'client_rank': 16, 'round': 1, 'data_size': 103, 'data_variance': 0.06744927167892456, 'local_loss': 2.9469497203826904, 'local_accuracy': 7.76699036359787}
    [Client 23] Statistical Utility: {'client_rank': 23, 'round': 1, 'data_size': 220, 'data_variance': 0.06436336040496826, 'local_loss': 2.9600629806518555, 'local_accuracy': 8.181817829608917}
    [Client 21] Statistical Utility: {'client_rank': 21, 'round': 1, 'data_size': 60, 'data_variance': 0.07171547412872314, 'local_loss': 2.7138845920562744, 'local_accuracy': 11.666666716337204}
    [Client 13] Statistical Utility: {'client_rank': 13, 'round': 1, 'data_size': 584, 'data_variance': 0.06142173707485199, 'local_loss': 3.8829119205474854, 'local_accuracy': 11.301369965076447}
    [Client 31] Statistical Utility: {'client_rank': 31, 'round': 1, 'data_size': 739, 'data_variance': 0.06372059881687164, 'local_loss': 2.744427442550659, 'local_accuracy': 15.426251292228699}
    [Client 4] Statistical Utility: {'client_rank': 4, 'round': 1, 'data_size': 151, 'data_variance': 0.05981486663222313, 'local_loss': 2.85530161857605, 'local_accuracy': 11.258278042078018}
    [Client 1] Statistical Utility: {'client_rank': 1, 'round': 1, 'data_size': 106, 'data_variance': 0.060532305389642715, 'local_loss': 2.987558126449585, 'local_accuracy': 16.03773534297943}
    [Client 7] Statistical Utility: {'client_rank': 7, 'round': 1, 'data_size': 177, 'data_variance': 0.05976519733667374, 'local_loss': 3.0851423740386963, 'local_accuracy': 12.429378181695938}
    [Client 45] Statistical Utility: {'client_rank': 45, 'round': 1, 'data_size': 514, 'data_variance': 0.061238404363393784, 'local_loss': 3.5752172470092773, 'local_accuracy': 12.451361864805222}
    [Client 20] Statistical Utility: {'client_rank': 20, 'round': 1, 'data_size': 1618, 'data_variance': 0.06333921104669571, 'local_loss': 2.5095345973968506, 'local_accuracy': 16.501854360103607}
    [Client 5] Statistical Utility: {'client_rank': 5, 'round': 1, 'data_size': 1851, 'data_variance': 0.06492260843515396, 'local_loss': 2.1556754112243652, 'local_accuracy': 22.798487544059753}
    [Client 8] Statistical Utility: {'client_rank': 8, 'round': 1, 'data_size': 869, 'data_variance': 0.06386084854602814, 'local_loss': 2.6348698139190674, 'local_accuracy': 13.578826189041138}
    [Client 41] Statistical Utility: {'client_rank': 41, 'round': 1, 'data_size': 365, 'data_variance': 0.06258073449134827, 'local_loss': 2.983983039855957, 'local_accuracy': 8.493150770664215}
    [Client 36] Statistical Utility: {'client_rank': 36, 'round': 1, 'data_size': 1866, 'data_variance': 0.06286414712667465, 'local_loss': 2.6367478370666504, 'local_accuracy': 19.346195459365845}
    [Client 37] Statistical Utility: {'client_rank': 37, 'round': 1, 'data_size': 990, 'data_variance': 0.06288761645555496, 'local_loss': 3.228623867034912, 'local_accuracy': 12.222222238779068}
    [Client 30] Statistical Utility: {'client_rank': 30, 'round': 1, 'data_size': 2241, 'data_variance': 0.06377047300338745, 'local_loss': 2.290318250656128, 'local_accuracy': 20.526550710201263}
    [Client 6] Statistical Utility: {'client_rank': 6, 'round': 1, 'data_size': 538, 'data_variance': 0.0634567141532898, 'local_loss': 3.6247916221618652, 'local_accuracy': 9.293680638074875}
    [Client 25] Statistical Utility: {'client_rank': 25, 'round': 1, 'data_size': 1641, 'data_variance': 0.06381169706583023, 'local_loss': 2.349050998687744, 'local_accuracy': 17.48933643102646}
    [Client 27] Statistical Utility: {'client_rank': 27, 'round': 1, 'data_size': 1413, 'data_variance': 0.06384675949811935, 'local_loss': 2.7567944526672363, 'local_accuracy': 12.880396842956543}
    [Client 42] Statistical Utility: {'client_rank': 42, 'round': 1, 'data_size': 655, 'data_variance': 0.06275031715631485, 'local_loss': 5.165902614593506, 'local_accuracy': 11.145038157701492}
    [Client 29] Statistical Utility: {'client_rank': 29, 'round': 1, 'data_size': 585, 'data_variance': 0.06192883104085922, 'local_loss': 3.438271999359131, 'local_accuracy': 11.965811997652054}
    [Client 40] Statistical Utility: {'client_rank': 40, 'round': 1, 'data_size': 2534, 'data_variance': 0.06332460045814514, 'local_loss': 2.4401559829711914, 'local_accuracy': 17.837411165237427}
    [Client 47] Statistical Utility: {'client_rank': 47, 'round': 1, 'data_size': 355, 'data_variance': 0.06091005727648735, 'local_loss': 3.4145615100860596, 'local_accuracy': 9.859155118465424}
    [Client 50] Statistical Utility: {'client_rank': 50, 'round': 1, 'data_size': 61, 'data_variance': 0.062268633395433426, 'local_loss': 2.6175057888031006, 'local_accuracy': 8.196721225976944}
    [Client 2] Statistical Utility: {'client_rank': 2, 'round': 1, 'data_size': 3829, 'data_variance': 0.06370898336172104, 'local_loss': 2.4980416297912598, 'local_accuracy': 21.62444442510605}
    [Client 28] Statistical Utility: {'client_rank': 28, 'round': 1, 'data_size': 2302, 'data_variance': 0.06293399631977081, 'local_loss': 2.3448359966278076, 'local_accuracy': 16.07297956943512}
    [Client 34] Statistical Utility: {'client_rank': 34, 'round': 1, 'data_size': 469, 'data_variance': 0.06394526362419128, 'local_loss': 3.1094868183135986, 'local_accuracy': 11.940298229455948}
    [Client 48] Statistical Utility: {'client_rank': 48, 'round': 1, 'data_size': 171, 'data_variance': 0.05894334241747856, 'local_loss': 3.1497650146484375, 'local_accuracy': 9.941520541906357}
    [Client 35] Statistical Utility: {'client_rank': 35, 'round': 1, 'data_size': 1014, 'data_variance': 0.06343989819288254, 'local_loss': 2.765404462814331, 'local_accuracy': 13.31360936164856}
    [Client 33] Statistical Utility: {'client_rank': 33, 'round': 1, 'data_size': 781, 'data_variance': 0.06399969011545181, 'local_loss': 3.109452724456787, 'local_accuracy': 17.66965389251709}
    [Client 26] Statistical Utility: {'client_rank': 26, 'round': 1, 'data_size': 694, 'data_variance': 0.06427877396345139, 'local_loss': 3.4270055294036865, 'local_accuracy': 13.688760995864868}
    [Client 15] Round 1 - Sending updated weights to server...
    [Client 50] Round 1 - Sending updated weights to server...
    [Client 10] Round 1 - Sending updated weights to server...
    [Client 48] Round 1 - Sending updated weights to server...
    [Client 21] Round 1 - Sending updated weights to server...
    [Client 4] Round 1 - Sending updated weights to server...
    [Client 1] Round 1 - Sending updated weights to server...
Received weights from client 1
Waiting for model weights from client 2...
    [Client 38] System Stats: {'cpu_time': 264.08000000193715, 'ram_used_mb': 2915.086336, 'net_sent_bytes': 118806, 'net_recv_bytes': 101715, 'gpu_mem_used_mb': 38937.0, 'gpu_load': 0.01, 'client_rank': 38, 'round': 1, 'timestamp': '2025-08-12 04:30:42'}
    [Client 19] Round 1 - Sending updated weights to server...
    [Client 6] Round 1 - Sending updated weights to server...
    [Client 39] Statistical Utility: {'client_rank': 39, 'round': 1, 'data_size': 1931, 'data_variance': 0.06222812458872795, 'local_loss': 2.2880306243896484, 'local_accuracy': 17.814603447914124}
    [Client 1] Round 2 - Waiting for global weights...
    [Client 33] Round 1 - Sending updated weights to server...
    [Client 16] Round 1 - Sending updated weights to server...
    [Client 29] Round 1 - Sending updated weights to server...
    [Client 43] Round 1 - Sending updated weights to server...
    [Client 41] Round 1 - Sending updated weights to server...
    [Client 49] Round 1 - Sending updated weights to server...
    [Client 46] Round 1 - Sending updated weights to server...
    [Client 42] Round 1 - Sending updated weights to server...
    [Client 37] Round 1 - Sending updated weights to server...
    [Client 34] Round 1 - Sending updated weights to server...
    [Client 17] Round 1 - Sending updated weights to server...
    [Client 31] Round 1 - Sending updated weights to server...
    [Client 30] Round 1 - Sending updated weights to server...
    [Client 35] Round 1 - Sending updated weights to server...
    [Client 2] Round 1 - Sending updated weights to server...
    [Client 28] Round 1 - Sending updated weights to server...
Received weights from client 2
Waiting for model weights from client 3...
Received weights from client 3
Waiting for model weights from client 4...
Received weights from client 4
Waiting for model weights from client 5...
    [Client 18] Round 1 - Sending updated weights to server...
    [Client 26] Round 1 - Sending updated weights to server...
    [Client 2] Round 2 - Waiting for global weights...
    [Client 3] Round 2 - Waiting for global weights...
    [Client 4] Round 2 - Waiting for global weights...
    [Client 14] Round 1 - Sending updated weights to server...
    [Client 13] Round 1 - Sending updated weights to server...
    [Client 38] Statistical Utility: {'client_rank': 38, 'round': 1, 'data_size': 3091, 'data_variance': 0.06275180727243423, 'local_loss': 2.2969465255737305, 'local_accuracy': 24.911032617092133}
    [Client 40] Round 1 - Sending updated weights to server...
    [Client 12] Round 1 - Sending updated weights to server...
    [Client 8] Round 1 - Sending updated weights to server...
    [Client 11] Round 1 - Sending updated weights to server...
    [Client 9] Round 1 - Sending updated weights to server...
    [Client 47] Round 1 - Sending updated weights to server...
    [Client 36] Round 1 - Sending updated weights to server...
    [Client 7] Round 1 - Sending updated weights to server...
    [Client 45] Round 1 - Sending updated weights to server...
    [Client 25] Round 1 - Sending updated weights to server...
    [Client 38] Round 1 - Sending updated weights to server...
    [Client 23] Round 1 - Sending updated weights to server...
    [Client 5] Round 1 - Sending updated weights to server...
Received weights from client 5
Waiting for model weights from client 6...
Received weights from client 6
Waiting for model weights from client 7...
Received weights from client 7
Waiting for model weights from client 8...
Received weights from client 8
Waiting for model weights from client 9...
Received weights from client 9
Waiting for model weights from client 10...
Received weights from client 10
Waiting for model weights from client 11...
Received weights from client 11
Waiting for model weights from client 12...
Received weights from client 12
Waiting for model weights from client 13...
Received weights from client 13
Waiting for model weights from client 14...
Received weights from client 14
Waiting for model weights from client 15...
Received weights from client 15
Waiting for model weights from client 16...
Received weights from client 16
Waiting for model weights from client 17...
Received weights from client 17
Waiting for model weights from client 18...
Received weights from client 18
Waiting for model weights from client 19...
Received weights from client 19
Waiting for model weights from client 20...
    [Client 5] Round 2 - Waiting for global weights...
    [Client 11] Round 2 - Waiting for global weights...
    [Client 7] Round 2 - Waiting for global weights...
    [Client 6] Round 2 - Waiting for global weights...
    [Client 10] Round 2 - Waiting for global weights...
    [Client 13] Round 2 - Waiting for global weights...
    [Client 14] Round 2 - Waiting for global weights...
    [Client 12] Round 2 - Waiting for global weights...
    [Client 18] Round 2 - Waiting for global weights...
    [Client 15] Round 2 - Waiting for global weights...
    [Client 16] Round 2 - Waiting for global weights...
    [Client 17] Round 2 - Waiting for global weights...
    [Client 19] Round 2 - Waiting for global weights...
    [Client 8] Round 2 - Waiting for global weights...
    [Client 9] Round 2 - Waiting for global weights...
    [Client 22] System Stats: {'cpu_time': 131.5600000023842, 'ram_used_mb': 2766.245888, 'net_sent_bytes': 154294, 'net_recv_bytes': 148121, 'gpu_mem_used_mb': 38937.0, 'gpu_load': 0.01, 'client_rank': 22, 'round': 1, 'timestamp': '2025-08-12 04:30:50'}
    [Client 27] Round 1 - Sending updated weights to server...
    [Client 22] Statistical Utility: {'client_rank': 22, 'round': 1, 'data_size': 5090, 'data_variance': 0.06339983642101288, 'local_loss': 2.470378875732422, 'local_accuracy': 23.850688338279724}
    [Client 20] Round 1 - Sending updated weights to server...
Received weights from client 20
Waiting for model weights from client 21...
Received weights from client 21
Waiting for model weights from client 22...
    [Client 20] Round 2 - Waiting for global weights...
    [Client 21] Round 2 - Waiting for global weights...
    [Client 39] Round 1 - Sending updated weights to server...
    [Client 22] Round 1 - Sending updated weights to server...
Received weights from client 22
Waiting for model weights from client 23...
Received weights from client 23
Waiting for model weights from client 24...
    [Client 23] Round 2 - Waiting for global weights...
    [Client 22] Round 2 - Waiting for global weights...
    [Client 24] System Stats: {'cpu_time': 8544.730000000447, 'ram_used_mb': 2579.914752, 'net_sent_bytes': 9157071, 'net_recv_bytes': 40822230, 'gpu_mem_used_mb': 38937.0, 'gpu_load': 0.0, 'client_rank': 24, 'round': 1, 'timestamp': '2025-08-12 05:10:48'}
    [Client 24] Statistical Utility: {'client_rank': 24, 'round': 1, 'data_size': 7, 'data_variance': 0.05676484853029251, 'local_loss': 2.843092441558838, 'local_accuracy': 14.28571492433548}
    [Client 24] Round 1 - Sending updated weights to server...
Received weights from client 24
Waiting for model weights from client 25...
Received weights from client 25
Waiting for model weights from client 26...
Received weights from client 26
Waiting for model weights from client 27...
Received weights from client 27
Waiting for model weights from client 28...
Received weights from client 28
Waiting for model weights from client 29...
Received weights from client 29
Waiting for model weights from client 30...
Received weights from client 30
Waiting for model weights from client 31...
Received weights from client 31
Waiting for model weights from client 32...
Received weights from client 32
Waiting for model weights from client 33...
Received weights from client 33
Waiting for model weights from client 34...
Received weights from client 34
Waiting for model weights from client 35...
Received weights from client 35
Waiting for model weights from client 36...
Received weights from client 36
Waiting for model weights from client 37...
Received weights from client 37
Waiting for model weights from client 38...
Received weights from client 38
Waiting for model weights from client 39...
Received weights from client 39
Waiting for model weights from client 40...
Received weights from client 40
Waiting for model weights from client 41...
Received weights from client 41
Waiting for model weights from client 42...
Received weights from client 42
Waiting for model weights from client 43...
Received weights from client 43
Waiting for model weights from client 44...
Received weights from client 44
Waiting for model weights from client 45...
Received weights from client 45
Waiting for model weights from client 46...
Received weights from client 46
Waiting for model weights from client 47...
Received weights from client 47
Waiting for model weights from client 48...
Received weights from client 48
Waiting for model weights from client 49...
Received weights from client 49
Waiting for model weights from client 50...
Received weights from client 50
Received system metrics from client 1: {'cpu_time': 60.14000000059605, 'ram_used_mb': 2838.17984, 'net_sent_bytes': 83387, 'net_recv_bytes': 84311, 'gpu_mem_used_mb': 38937.0, 'gpu_load': 0.0, 'client_rank': 1, 'round': 1, 'timestamp': '2025-08-12 04:30:38'}
Received system metrics from client 2: {'cpu_time': 42.349999997764826, 'ram_used_mb': 2906.013696, 'net_sent_bytes': 18509, 'net_recv_bytes': 67787, 'gpu_mem_used_mb': 38937.0, 'gpu_load': 0.0, 'client_rank': 2, 'round': 1, 'timestamp': '2025-08-12 04:30:38'}
Received system metrics from client 3: {'cpu_time': 46.57000000029802, 'ram_used_mb': 2847.387648, 'net_sent_bytes': 101838, 'net_recv_bytes': 103819, 'gpu_mem_used_mb': 38937.0, 'gpu_load': 0.0, 'client_rank': 3, 'round': 1, 'timestamp': '2025-08-12 04:30:38'}
Received system metrics from client 4: {'cpu_time': 47.59000000357628, 'ram_used_mb': 2866.200576, 'net_sent_bytes': 2760, 'net_recv_bytes': 57371, 'gpu_mem_used_mb': 38937.0, 'gpu_load': 0.0, 'client_rank': 4, 'round': 1, 'timestamp': '2025-08-12 04:30:38'}
Received system metrics from client 5: {'cpu_time': 47.899999998509884, 'ram_used_mb': 2928.8448, 'net_sent_bytes': 40427, 'net_recv_bytes': 72939, 'gpu_mem_used_mb': 38937.0, 'gpu_load': 0.0, 'client_rank': 5, 'round': 1, 'timestamp': '2025-08-12 04:30:38'}
Received system metrics from client 6: {'cpu_time': 103.5, 'ram_used_mb': 2888.036352, 'net_sent_bytes': 277472, 'net_recv_bytes': 299570, 'gpu_mem_used_mb': 38937.0, 'gpu_load': 0.0, 'client_rank': 6, 'round': 1, 'timestamp': '2025-08-12 04:30:38'}
Received system metrics from client 7: {'cpu_time': 279.79999999701977, 'ram_used_mb': 2859.753472, 'net_sent_bytes': 57077, 'net_recv_bytes': 84410, 'gpu_mem_used_mb': 38937.0, 'gpu_load': 0.0, 'client_rank': 7, 'round': 1, 'timestamp': '2025-08-12 04:30:38'}
Received system metrics from client 8: {'cpu_time': 46.91000000014901, 'ram_used_mb': 2908.327936, 'net_sent_bytes': 2568, 'net_recv_bytes': 56889, 'gpu_mem_used_mb': 38937.0, 'gpu_load': 0.0, 'client_rank': 8, 'round': 1, 'timestamp': '2025-08-12 04:30:38'}
Received system metrics from client 9: {'cpu_time': 46.76999999769032, 'ram_used_mb': 2898.37056, 'net_sent_bytes': 4695, 'net_recv_bytes': 62944, 'gpu_mem_used_mb': 38937.0, 'gpu_load': 0.0, 'client_rank': 9, 'round': 1, 'timestamp': '2025-08-12 04:30:38'}
Received system metrics from client 10: {'cpu_time': 47.400000005960464, 'ram_used_mb': 2864.095232, 'net_sent_bytes': 33271, 'net_recv_bytes': 85050, 'gpu_mem_used_mb': 38937.0, 'gpu_load': 0.0, 'client_rank': 10, 'round': 1, 'timestamp': '2025-08-12 04:30:38'}
Received system metrics from client 11: {'cpu_time': 44.940000001341105, 'ram_used_mb': 2939.867136, 'net_sent_bytes': 2488, 'net_recv_bytes': 56387, 'gpu_mem_used_mb': 38937.0, 'gpu_load': 0.0, 'client_rank': 11, 'round': 1, 'timestamp': '2025-08-12 04:30:38'}
Received system metrics from client 12: {'cpu_time': 45.34000000357628, 'ram_used_mb': 2868.08064, 'net_sent_bytes': 76753, 'net_recv_bytes': 77546, 'gpu_mem_used_mb': 38937.0, 'gpu_load': 0.0, 'client_rank': 12, 'round': 1, 'timestamp': '2025-08-12 04:30:38'}
Received system metrics from client 13: {'cpu_time': 37.00999999977648, 'ram_used_mb': 2884.665344, 'net_sent_bytes': 146707, 'net_recv_bytes': 146266, 'gpu_mem_used_mb': 38937.0, 'gpu_load': 0.0, 'client_rank': 13, 'round': 1, 'timestamp': '2025-08-12 04:30:38'}
Received system metrics from client 14: {'cpu_time': 36.6399999987334, 'ram_used_mb': 2894.974976, 'net_sent_bytes': 55301, 'net_recv_bytes': 74468, 'gpu_mem_used_mb': 38937.0, 'gpu_load': 0.0, 'client_rank': 14, 'round': 1, 'timestamp': '2025-08-12 04:30:38'}
Received system metrics from client 15: {'cpu_time': 68.3300000000745, 'ram_used_mb': 2789.076992, 'net_sent_bytes': 972255, 'net_recv_bytes': 255110729, 'gpu_mem_used_mb': 38937.0, 'gpu_load': 0.0, 'client_rank': 15, 'round': 1, 'timestamp': '2025-08-12 04:30:38'}
Received system metrics from client 16: {'cpu_time': 46.64000000059605, 'ram_used_mb': 2864.20992, 'net_sent_bytes': 5480, 'net_recv_bytes': 57686, 'gpu_mem_used_mb': 38937.0, 'gpu_load': 0.0, 'client_rank': 16, 'round': 1, 'timestamp': '2025-08-12 04:30:38'}
Received system metrics from client 17: {'cpu_time': 32.34000000171363, 'ram_used_mb': 2863.259648, 'net_sent_bytes': 64122, 'net_recv_bytes': 95233, 'gpu_mem_used_mb': 38937.0, 'gpu_load': 0.0, 'client_rank': 17, 'round': 1, 'timestamp': '2025-08-12 04:30:38'}
Received system metrics from client 18: {'cpu_time': 47.22000000067055, 'ram_used_mb': 2864.92672, 'net_sent_bytes': 43354, 'net_recv_bytes': 80517, 'gpu_mem_used_mb': 38937.0, 'gpu_load': 0.0, 'client_rank': 18, 'round': 1, 'timestamp': '2025-08-12 04:30:38'}
Received system metrics from client 19: {'cpu_time': 116.3099999986589, 'ram_used_mb': 2845.630464, 'net_sent_bytes': 2566, 'net_recv_bytes': 56529, 'gpu_mem_used_mb': 38937.0, 'gpu_load': 0.0, 'client_rank': 19, 'round': 1, 'timestamp': '2025-08-12 04:30:38'}
Received system metrics from client 20: {'cpu_time': 47.89000000059605, 'ram_used_mb': 2919.919616, 'net_sent_bytes': 62978, 'net_recv_bytes': 85594, 'gpu_mem_used_mb': 38937.0, 'gpu_load': 0.0, 'client_rank': 20, 'round': 1, 'timestamp': '2025-08-12 04:30:38'}
Received system metrics from client 21: {'cpu_time': 37.21000000089407, 'ram_used_mb': 2826.784768, 'net_sent_bytes': 48782, 'net_recv_bytes': 89185, 'gpu_mem_used_mb': 38937.0, 'gpu_load': 0.01, 'client_rank': 21, 'round': 1, 'timestamp': '2025-08-12 04:30:38'}
Received system metrics from client 22: {'cpu_time': 131.5600000023842, 'ram_used_mb': 2766.245888, 'net_sent_bytes': 154294, 'net_recv_bytes': 148121, 'gpu_mem_used_mb': 38937.0, 'gpu_load': 0.01, 'client_rank': 22, 'round': 1, 'timestamp': '2025-08-12 04:30:50'}
Received system metrics from client 23: {'cpu_time': 36.42999999970198, 'ram_used_mb': 2826.870784, 'net_sent_bytes': 4347, 'net_recv_bytes': 61282, 'gpu_mem_used_mb': 38937.0, 'gpu_load': 0.0, 'client_rank': 23, 'round': 1, 'timestamp': '2025-08-12 04:30:38'}
Received system metrics from client 24: {'cpu_time': 8544.730000000447, 'ram_used_mb': 2579.914752, 'net_sent_bytes': 9157071, 'net_recv_bytes': 40822230, 'gpu_mem_used_mb': 38937.0, 'gpu_load': 0.0, 'client_rank': 24, 'round': 1, 'timestamp': '2025-08-12 05:10:48'}
Received system metrics from client 25: {'cpu_time': 37.9100000038743, 'ram_used_mb': 2911.510528, 'net_sent_bytes': 40953, 'net_recv_bytes': 66918, 'gpu_mem_used_mb': 38937.0, 'gpu_load': 0.0, 'client_rank': 25, 'round': 1, 'timestamp': '2025-08-12 04:30:38'}
Received system metrics from client 26: {'cpu_time': 143.13000000081956, 'ram_used_mb': 2867.253248, 'net_sent_bytes': 67188, 'net_recv_bytes': 103086, 'gpu_mem_used_mb': 38937.0, 'gpu_load': 0.0, 'client_rank': 26, 'round': 1, 'timestamp': '2025-08-12 04:30:40'}
Received system metrics from client 27: {'cpu_time': 38.40999999642372, 'ram_used_mb': 2912.751616, 'net_sent_bytes': 74657, 'net_recv_bytes': 94518, 'gpu_mem_used_mb': 38937.0, 'gpu_load': 0.0, 'client_rank': 27, 'round': 1, 'timestamp': '2025-08-12 04:30:38'}
Received system metrics from client 28: {'cpu_time': 57.03999999910593, 'ram_used_mb': 2940.465152, 'net_sent_bytes': 34717, 'net_recv_bytes': 62340, 'gpu_mem_used_mb': 38937.0, 'gpu_load': 0.0, 'client_rank': 28, 'round': 1, 'timestamp': '2025-08-12 04:30:38'}
Received system metrics from client 29: {'cpu_time': 49.54999999701977, 'ram_used_mb': 2842.46016, 'net_sent_bytes': 36108, 'net_recv_bytes': 58875, 'gpu_mem_used_mb': 38937.0, 'gpu_load': 0.0, 'client_rank': 29, 'round': 1, 'timestamp': '2025-08-12 04:30:38'}
Received system metrics from client 30: {'cpu_time': 47.33999999985099, 'ram_used_mb': 2954.264576, 'net_sent_bytes': 74940, 'net_recv_bytes': 97803, 'gpu_mem_used_mb': 38937.0, 'gpu_load': 0.0, 'client_rank': 30, 'round': 1, 'timestamp': '2025-08-12 04:30:38'}
Received system metrics from client 31: {'cpu_time': 120.08999999985099, 'ram_used_mb': 2887.31136, 'net_sent_bytes': 34087, 'net_recv_bytes': 58322, 'gpu_mem_used_mb': 38937.0, 'gpu_load': 0.0, 'client_rank': 31, 'round': 1, 'timestamp': '2025-08-12 04:30:38'}
    [Client 32] Round 2 - Waiting for global weights...
    [Client 33] Round 2 - Waiting for global weights...
    [Client 44] Round 2 - Waiting for global weights...
    [Client 31] Round 2 - Waiting for global weights...
    [Client 39] Round 2 - Waiting for global weights...
    [Client 30] Round 2 - Waiting for global weights...
    [Client 25] Round 2 - Waiting for global weights...
    [Client 28] Round 2 - Waiting for global weights...
    [Client 36] Round 2 - Waiting for global weights...
    [Client 40] Round 2 - Waiting for global weights...
    [Client 45] Round 2 - Waiting for global weights...
    [Client 43] Round 2 - Waiting for global weights...
    [Client 46] Round 2 - Waiting for global weights...
    [Client 37] Round 2 - Waiting for global weights...
    [Client 42] Round 2 - Waiting for global weights...
    [Client 29] Round 2 - Waiting for global weights...
    [Client 50] Round 2 - Waiting for global weights...
    [Client 47] Round 2 - Waiting for global weights...
    [Client 26] Round 2 - Waiting for global weights...
    [Client 41] Round 2 - Waiting for global weights...
    [Client 27] Round 2 - Waiting for global weights...
    [Client 38] Round 2 - Waiting for global weights...
    [Client 34] Round 2 - Waiting for global weights...
    [Client 35] Round 2 - Waiting for global weights...
    [Client 48] Round 2 - Waiting for global weights...
    [Client 49] Round 2 - Waiting for global weights...
    [Client 24] Round 2 - Waiting for global weights...
Received system metrics from client 32: {'cpu_time': 0.17999999970197678, 'ram_used_mb': 2171.609088, 'net_sent_bytes': 0, 'net_recv_bytes': 0, 'gpu_mem_used_mb': 38911.0, 'gpu_load': 0.0, 'client_rank': 32, 'round': 1, 'timestamp': '2025-08-12 04:30:27', 'skipped': True}
Received system metrics from client 33: {'cpu_time': 38.09000000078231, 'ram_used_mb': 2873.368576, 'net_sent_bytes': 435279, 'net_recv_bytes': 103326337, 'gpu_mem_used_mb': 38937.0, 'gpu_load': 0.0, 'client_rank': 33, 'round': 1, 'timestamp': '2025-08-12 04:30:40'}
Received system metrics from client 34: {'cpu_time': 52.64000000001397, 'ram_used_mb': 2743.394304, 'net_sent_bytes': 56000, 'net_recv_bytes': 82991, 'gpu_mem_used_mb': 38937.0, 'gpu_load': 0.0, 'client_rank': 34, 'round': 1, 'timestamp': '2025-08-12 04:30:39'}
Received system metrics from client 35: {'cpu_time': 53.040000000968575, 'ram_used_mb': 2716.893184, 'net_sent_bytes': 81542, 'net_recv_bytes': 81354, 'gpu_mem_used_mb': 38937.0, 'gpu_load': 0.0, 'client_rank': 35, 'round': 1, 'timestamp': '2025-08-12 04:30:39'}
Received system metrics from client 36: {'cpu_time': 37.96999999880791, 'ram_used_mb': 2904.3712, 'net_sent_bytes': 105340, 'net_recv_bytes': 108919, 'gpu_mem_used_mb': 38937.0, 'gpu_load': 0.0, 'client_rank': 36, 'round': 1, 'timestamp': '2025-08-12 04:30:38'}
Received system metrics from client 37: {'cpu_time': 48.84000000171363, 'ram_used_mb': 2892.439552, 'net_sent_bytes': 50525, 'net_recv_bytes': 67665, 'gpu_mem_used_mb': 38937.0, 'gpu_load': 0.0, 'client_rank': 37, 'round': 1, 'timestamp': '2025-08-12 04:30:38'}
Received system metrics from client 38: {'cpu_time': 264.08000000193715, 'ram_used_mb': 2915.086336, 'net_sent_bytes': 118806, 'net_recv_bytes': 101715, 'gpu_mem_used_mb': 38937.0, 'gpu_load': 0.01, 'client_rank': 38, 'round': 1, 'timestamp': '2025-08-12 04:30:42'}
Received system metrics from client 39: {'cpu_time': 145.54000000096858, 'ram_used_mb': 2881.339392, 'net_sent_bytes': 80858, 'net_recv_bytes': 90424, 'gpu_mem_used_mb': 38937.0, 'gpu_load': 0.01, 'client_rank': 39, 'round': 1, 'timestamp': '2025-08-12 04:30:41'}
Received system metrics from client 40: {'cpu_time': 48.76000000163913, 'ram_used_mb': 2958.946304, 'net_sent_bytes': 70024, 'net_recv_bytes': 103851, 'gpu_mem_used_mb': 38937.0, 'gpu_load': 0.0, 'client_rank': 40, 'round': 1, 'timestamp': '2025-08-12 04:30:38'}
Received system metrics from client 41: {'cpu_time': 36.46999999880791, 'ram_used_mb': 2866.409472, 'net_sent_bytes': 74188, 'net_recv_bytes': 76035, 'gpu_mem_used_mb': 38937.0, 'gpu_load': 0.0, 'client_rank': 41, 'round': 1, 'timestamp': '2025-08-12 04:30:38'}
Received system metrics from client 42: {'cpu_time': 58.81000000052154, 'ram_used_mb': 2878.558208, 'net_sent_bytes': 40944, 'net_recv_bytes': 92745, 'gpu_mem_used_mb': 38937.0, 'gpu_load': 0.0, 'client_rank': 42, 'round': 1, 'timestamp': '2025-08-12 04:30:38'}
Received system metrics from client 43: {'cpu_time': 43.96000000089407, 'ram_used_mb': 2922.418176, 'net_sent_bytes': 44119, 'net_recv_bytes': 62479, 'gpu_mem_used_mb': 38937.0, 'gpu_load': 0.0, 'client_rank': 43, 'round': 1, 'timestamp': '2025-08-12 04:30:38'}
Received system metrics from client 44: {'cpu_time': 29.28999999910593, 'ram_used_mb': 2783.49824, 'net_sent_bytes': 36465, 'net_recv_bytes': 38426, 'gpu_mem_used_mb': 38937.0, 'gpu_load': 0.0, 'client_rank': 44, 'round': 1, 'timestamp': '2025-08-12 04:30:34'}
Received system metrics from client 45: {'cpu_time': 36.08999999985099, 'ram_used_mb': 2898.542592, 'net_sent_bytes': 75903, 'net_recv_bytes': 78521, 'gpu_mem_used_mb': 38937.0, 'gpu_load': 0.0, 'client_rank': 45, 'round': 1, 'timestamp': '2025-08-12 04:30:38'}
Received system metrics from client 46: {'cpu_time': 116.43999999761581, 'ram_used_mb': 2890.153984, 'net_sent_bytes': 40999, 'net_recv_bytes': 58407, 'gpu_mem_used_mb': 38937.0, 'gpu_load': 0.0, 'client_rank': 46, 'round': 1, 'timestamp': '2025-08-12 04:30:38'}
Received system metrics from client 47: {'cpu_time': 38.51000000536442, 'ram_used_mb': 2875.998208, 'net_sent_bytes': 105498, 'net_recv_bytes': 98465, 'gpu_mem_used_mb': 38937.0, 'gpu_load': 0.01, 'client_rank': 47, 'round': 1, 'timestamp': '2025-08-12 04:30:38'}
Received system metrics from client 48: {'cpu_time': 168.61000000685453, 'ram_used_mb': 2830.491648, 'net_sent_bytes': 30659, 'net_recv_bytes': 89578, 'gpu_mem_used_mb': 38937.0, 'gpu_load': 0.01, 'client_rank': 48, 'round': 1, 'timestamp': '2025-08-12 04:30:39'}
Received system metrics from client 49: {'cpu_time': 57.44999999925494, 'ram_used_mb': 2851.08224, 'net_sent_bytes': 27054, 'net_recv_bytes': 80626, 'gpu_mem_used_mb': 38937.0, 'gpu_load': 0.0, 'client_rank': 49, 'round': 1, 'timestamp': '2025-08-12 04:30:37'}
Received system metrics from client 50: {'cpu_time': 162.17999999970198, 'ram_used_mb': 2850.340864, 'net_sent_bytes': 39952, 'net_recv_bytes': 62228, 'gpu_mem_used_mb': 38937.0, 'gpu_load': 0.0, 'client_rank': 50, 'round': 1, 'timestamp': '2025-08-12 04:30:39'}
Averaging model weights...
Evaluating updated global model on test set...
Round 1 Evaluation - Accuracy: 0.1571, Loss: 2.2895

===== Round 2 =====
Broadcasting global model to all clients...
    [Client 35] Round 2 - Training on local data...
    [Client 27] Round 2 - Training on local data...
    [Client 31] Round 2 - Training on local data...
    [Client 34] Round 2 - Training on local data...
Waiting for model weights from client 1...
    [Client 26] Round 2 - Training on local data...
    [Client 22] Round 2 - Training on local data...
    [Client 19] Round 2 - Training on local data...
    [Client 42] Round 2 - Training on local data...
    [Client 48] Round 2 - Training on local data...
    [Client 4] Round 2 - Training on local data...
    [Client 9] Round 2 - Training on local data...
    [Client 41] Round 2 - Training on local data...
    [Client 1] Round 2 - Training on local data...
    [Client 7] Round 2 - Training on local data...
    [Client 3] Round 2 - Training on local data...
    [Client 17] Round 2 - Training on local data...
    [Client 16] Round 2 - Training on local data...
    [Client 11] Round 2 - Training on local data...
    [Client 23] Round 2 - Training on local data...
    [Client 50] Round 2 - Training on local data...
    [Client 46] Round 2 - Training on local data...
    [Client 21] Round 2 - Training on local data...
    [Client 29] Round 2 - Training on local data...
    [Client 37] Round 2 - Training on local data...
    [Client 32] No local samples for this client — skipping training.
    [Client 33] Round 2 - Training on local data...
    [Client 18] Round 2 - Training on local data...
    [Client 15] Round 2 - Training on local data...
    [Client 30] Round 2 - Training on local data...
    [Client 36] Round 2 - Training on local data...
    [Client 6] Round 2 - Training on local data...
    [Client 14] Round 2 - Training on local data...
    [Client 40] Round 2 - Training on local data...
    [Client 2] Round 2 - Training on local data...
    [Client 5] Round 2 - Training on local data...
    [Client 10] Round 2 - Training on local data...
    [Client 13] Round 2 - Training on local data...
    [Client 12] Round 2 - Training on local data...
    [Client 25] Round 2 - Training on local data...
    [Client 20] Round 2 - Training on local data...
    [Client 8] Round 2 - Training on local data...
    [Client 44] Round 2 - Training on local data...
    [Client 28] Round 2 - Training on local data...
    [Client 47] Round 2 - Training on local data...
    [Client 49] Round 2 - Training on local data...
    [Client 45] Round 2 - Training on local data...
    [Client 43] Round 2 - Training on local data...
    [Client 32] Round 2 - Sending updated weights to server...
    [Client 39] Round 2 - Training on local data...
    [Client 38] Round 2 - Training on local data...
    [Client 44] System Stats: {'cpu_time': 24.070000000298023, 'ram_used_mb': 2849.8944, 'net_sent_bytes': 38297, 'net_recv_bytes': 37430, 'gpu_mem_used_mb': 38939.0, 'gpu_load': 0.0, 'client_rank': 44, 'round': 2, 'timestamp': '2025-08-12 05:29:40'}
    [Client 15] System Stats: {'cpu_time': 43.27999999932945, 'ram_used_mb': 2815.229952, 'net_sent_bytes': 32573, 'net_recv_bytes': 29409, 'gpu_mem_used_mb': 38937.0, 'gpu_load': 0.0, 'client_rank': 15, 'round': 2, 'timestamp': '2025-08-12 05:29:40'}
    [Client 44] Statistical Utility: {'client_rank': 44, 'round': 2, 'data_size': 10, 'data_variance': 0.06776829808950424, 'local_loss': 2.350527286529541, 'local_accuracy': 10.000000149011612}
    [Client 44] Round 2 - Sending updated weights to server...
    [Client 41] System Stats: {'cpu_time': 24.030000004917383, 'ram_used_mb': 2967.28576, 'net_sent_bytes': 394, 'net_recv_bytes': 32337, 'gpu_mem_used_mb': 38939.0, 'gpu_load': 0.0, 'client_rank': 41, 'round': 2, 'timestamp': '2025-08-12 05:29:41'}
    [Client 35] System Stats: {'cpu_time': 32.95000000111759, 'ram_used_mb': 2998.403072, 'net_sent_bytes': 534, 'net_recv_bytes': 32381, 'gpu_mem_used_mb': 38939.0, 'gpu_load': 0.0, 'client_rank': 35, 'round': 2, 'timestamp': '2025-08-12 05:29:41'}
    [Client 48] System Stats: {'cpu_time': 99.35000000149012, 'ram_used_mb': 3086.647296, 'net_sent_bytes': 3179, 'net_recv_bytes': 37939, 'gpu_mem_used_mb': 38939.0, 'gpu_load': 0.0, 'client_rank': 48, 'round': 2, 'timestamp': '2025-08-12 05:29:41'}
    [Client 34] System Stats: {'cpu_time': 34.70999999996275, 'ram_used_mb': 3010.768896, 'net_sent_bytes': 75216, 'net_recv_bytes': 58285, 'gpu_mem_used_mb': 38939.0, 'gpu_load': 0.0, 'client_rank': 34, 'round': 2, 'timestamp': '2025-08-12 05:29:42'}
    [Client 4] System Stats: {'cpu_time': 34.060000009834766, 'ram_used_mb': 3085.971456, 'net_sent_bytes': 46070, 'net_recv_bytes': 67639, 'gpu_mem_used_mb': 38939.0, 'gpu_load': 0.0, 'client_rank': 4, 'round': 2, 'timestamp': '2025-08-12 05:29:42'}
    [Client 24] Round 2 - Training on local data...
    [Client 42] System Stats: {'cpu_time': 27.550000000745058, 'ram_used_mb': 3009.970176, 'net_sent_bytes': 3338, 'net_recv_bytes': 41869, 'gpu_mem_used_mb': 38939.0, 'gpu_load': 0.0, 'client_rank': 42, 'round': 2, 'timestamp': '2025-08-12 05:29:42'}
    [Client 31] System Stats: {'cpu_time': 85.3099999986589, 'ram_used_mb': 2988.101632, 'net_sent_bytes': 46589, 'net_recv_bytes': 56705, 'gpu_mem_used_mb': 38939.0, 'gpu_load': 0.0, 'client_rank': 31, 'round': 2, 'timestamp': '2025-08-12 05:29:42'}
    [Client 27] System Stats: {'cpu_time': 25.28999999910593, 'ram_used_mb': 3171.086336, 'net_sent_bytes': 488, 'net_recv_bytes': 32431, 'gpu_mem_used_mb': 38939.0, 'gpu_load': 0.0, 'client_rank': 27, 'round': 2, 'timestamp': '2025-08-12 05:29:42'}
    [Client 36] System Stats: {'cpu_time': 26.009999997913837, 'ram_used_mb': 3019.485184, 'net_sent_bytes': 27875, 'net_recv_bytes': 63680, 'gpu_mem_used_mb': 38939.0, 'gpu_load': 0.02, 'client_rank': 36, 'round': 2, 'timestamp': '2025-08-12 05:29:42'}
    [Client 1] System Stats: {'cpu_time': 47.83999999985099, 'ram_used_mb': 3075.006464, 'net_sent_bytes': 710, 'net_recv_bytes': 32803, 'gpu_mem_used_mb': 38939.0, 'gpu_load': 0.0, 'client_rank': 1, 'round': 2, 'timestamp': '2025-08-12 05:29:42'}
    [Client 15] Statistical Utility: {'client_rank': 15, 'round': 2, 'data_size': 5, 'data_variance': 0.06545884162187576, 'local_loss': 2.302426815032959, 'local_accuracy': 20.000000298023224}
    [Client 22] System Stats: {'cpu_time': 35.0, 'ram_used_mb': 3217.707008, 'net_sent_bytes': 31193, 'net_recv_bytes': 64630, 'gpu_mem_used_mb': 38939.0, 'gpu_load': 0.0, 'client_rank': 22, 'round': 2, 'timestamp': '2025-08-12 05:29:42'}
    [Client 3] System Stats: {'cpu_time': 34.84999999962747, 'ram_used_mb': 3085.643776, 'net_sent_bytes': 101532, 'net_recv_bytes': 84368, 'gpu_mem_used_mb': 38939.0, 'gpu_load': 0.0, 'client_rank': 3, 'round': 2, 'timestamp': '2025-08-12 05:29:42'}
    [Client 19] System Stats: {'cpu_time': 90.41000000014901, 'ram_used_mb': 3093.6064, 'net_sent_bytes': 61540, 'net_recv_bytes': 61894, 'gpu_mem_used_mb': 38939.0, 'gpu_load': 0.0, 'client_rank': 19, 'round': 2, 'timestamp': '2025-08-12 05:29:42'}
    [Client 7] System Stats: {'cpu_time': 209.6899999976158, 'ram_used_mb': 3084.53376, 'net_sent_bytes': 731, 'net_recv_bytes': 36871, 'gpu_mem_used_mb': 38939.0, 'gpu_load': 0.0, 'client_rank': 7, 'round': 2, 'timestamp': '2025-08-12 05:29:42'}
    [Client 18] System Stats: {'cpu_time': 35.269999999552965, 'ram_used_mb': 3071.438848, 'net_sent_bytes': 71252, 'net_recv_bytes': 83322, 'gpu_mem_used_mb': 38939.0, 'gpu_load': 0.0, 'client_rank': 18, 'round': 2, 'timestamp': '2025-08-12 05:29:42'}
    [Client 45] System Stats: {'cpu_time': 26.33000000193715, 'ram_used_mb': 3100.647424, 'net_sent_bytes': 47342, 'net_recv_bytes': 55312, 'gpu_mem_used_mb': 38939.0, 'gpu_load': 0.0, 'client_rank': 45, 'round': 2, 'timestamp': '2025-08-12 05:29:42'}
    [Client 16] System Stats: {'cpu_time': 34.98999999463558, 'ram_used_mb': 3070.078976, 'net_sent_bytes': 30637, 'net_recv_bytes': 66146, 'gpu_mem_used_mb': 38939.0, 'gpu_load': 0.0, 'client_rank': 16, 'round': 2, 'timestamp': '2025-08-12 05:29:42'}
    [Client 46] System Stats: {'cpu_time': 89.35999999940395, 'ram_used_mb': 3007.56992, 'net_sent_bytes': 64198, 'net_recv_bytes': 65352, 'gpu_mem_used_mb': 38939.0, 'gpu_load': 0.0, 'client_rank': 46, 'round': 2, 'timestamp': '2025-08-12 05:29:42'}
    [Client 14] System Stats: {'cpu_time': 33.82000000029802, 'ram_used_mb': 3154.825216, 'net_sent_bytes': 2455, 'net_recv_bytes': 37758, 'gpu_mem_used_mb': 38939.0, 'gpu_load': 0.0, 'client_rank': 14, 'round': 2, 'timestamp': '2025-08-12 05:29:42'}
    [Client 35] Statistical Utility: {'client_rank': 35, 'round': 2, 'data_size': 1014, 'data_variance': 0.06343989819288254, 'local_loss': 2.4803688526153564, 'local_accuracy': 17.85009801387787}
    [Client 21] System Stats: {'cpu_time': 26.33999999985099, 'ram_used_mb': 2963.820544, 'net_sent_bytes': 750, 'net_recv_bytes': 37138, 'gpu_mem_used_mb': 38939.0, 'gpu_load': 0.01, 'client_rank': 21, 'round': 2, 'timestamp': '2025-08-12 05:29:42'}
    [Client 23] System Stats: {'cpu_time': 34.04999999701977, 'ram_used_mb': 3083.276288, 'net_sent_bytes': 32596, 'net_recv_bytes': 37504, 'gpu_mem_used_mb': 38939.0, 'gpu_load': 0.0, 'client_rank': 23, 'round': 2, 'timestamp': '2025-08-12 05:29:42'}
    [Client 50] System Stats: {'cpu_time': 114.64000000059605, 'ram_used_mb': 2942.398464, 'net_sent_bytes': 36216, 'net_recv_bytes': 38126, 'gpu_mem_used_mb': 38939.0, 'gpu_load': 0.0, 'client_rank': 50, 'round': 2, 'timestamp': '2025-08-12 05:29:42'}
    [Client 12] System Stats: {'cpu_time': 35.190000001341105, 'ram_used_mb': 3079.507968, 'net_sent_bytes': 61888, 'net_recv_bytes': 66570, 'gpu_mem_used_mb': 38939.0, 'gpu_load': 0.0, 'client_rank': 12, 'round': 2, 'timestamp': '2025-08-12 05:29:42'}
    [Client 11] System Stats: {'cpu_time': 35.30000000074506, 'ram_used_mb': 3075.93216, 'net_sent_bytes': 45332, 'net_recv_bytes': 55574, 'gpu_mem_used_mb': 38939.0, 'gpu_load': 0.0, 'client_rank': 11, 'round': 2, 'timestamp': '2025-08-12 05:29:42'}
    [Client 43] System Stats: {'cpu_time': 25.42000000178814, 'ram_used_mb': 3164.229632, 'net_sent_bytes': 12710, 'net_recv_bytes': 37915, 'gpu_mem_used_mb': 38939.0, 'gpu_load': 0.0, 'client_rank': 43, 'round': 2, 'timestamp': '2025-08-12 05:29:42'}
    [Client 9] System Stats: {'cpu_time': 35.95000000111759, 'ram_used_mb': 2991.45216, 'net_sent_bytes': 62499, 'net_recv_bytes': 65704, 'gpu_mem_used_mb': 38939.0, 'gpu_load': 0.01, 'client_rank': 9, 'round': 2, 'timestamp': '2025-08-12 05:29:42'}
    [Client 33] System Stats: {'cpu_time': 33.6800000006333, 'ram_used_mb': 3009.273856, 'net_sent_bytes': 40257, 'net_recv_bytes': 49449, 'gpu_mem_used_mb': 38939.0, 'gpu_load': 0.0, 'client_rank': 33, 'round': 2, 'timestamp': '2025-08-12 05:29:42'}
    [Client 37] System Stats: {'cpu_time': 35.27000000141561, 'ram_used_mb': 3122.925568, 'net_sent_bytes': 32630, 'net_recv_bytes': 37977, 'gpu_mem_used_mb': 38939.0, 'gpu_load': 0.0, 'client_rank': 37, 'round': 2, 'timestamp': '2025-08-12 05:29:42'}
    [Client 10] System Stats: {'cpu_time': 35.45999999716878, 'ram_used_mb': 2932.289536, 'net_sent_bytes': 43057, 'net_recv_bytes': 40299, 'gpu_mem_used_mb': 38939.0, 'gpu_load': 0.0, 'client_rank': 10, 'round': 2, 'timestamp': '2025-08-12 05:29:42'}
    [Client 30] System Stats: {'cpu_time': 35.92999999970198, 'ram_used_mb': 3074.912256, 'net_sent_bytes': 27733, 'net_recv_bytes': 63478, 'gpu_mem_used_mb': 38939.0, 'gpu_load': 0.0, 'client_rank': 30, 'round': 2, 'timestamp': '2025-08-12 05:29:42'}
    [Client 49] System Stats: {'cpu_time': 38.5, 'ram_used_mb': 2992.37376, 'net_sent_bytes': 47047, 'net_recv_bytes': 60057, 'gpu_mem_used_mb': 38939.0, 'gpu_load': 0.0, 'client_rank': 49, 'round': 2, 'timestamp': '2025-08-12 05:29:42'}
    [Client 40] System Stats: {'cpu_time': 35.58999999985099, 'ram_used_mb': 3120.35328, 'net_sent_bytes': 544, 'net_recv_bytes': 36568, 'gpu_mem_used_mb': 38939.0, 'gpu_load': 0.0, 'client_rank': 40, 'round': 2, 'timestamp': '2025-08-12 05:29:42'}
    [Client 6] System Stats: {'cpu_time': 74.7800000011921, 'ram_used_mb': 3099.316224, 'net_sent_bytes': 200067, 'net_recv_bytes': 233434, 'gpu_mem_used_mb': 38939.0, 'gpu_load': 0.0, 'client_rank': 6, 'round': 2, 'timestamp': '2025-08-12 05:29:42'}
    [Client 17] System Stats: {'cpu_time': 35.79999999888241, 'ram_used_mb': 2946.957312, 'net_sent_bytes': 522, 'net_recv_bytes': 36634, 'gpu_mem_used_mb': 38939.0, 'gpu_load': 0.0, 'client_rank': 17, 'round': 2, 'timestamp': '2025-08-12 05:29:42'}
    [Client 15] Round 2 - Sending updated weights to server...
    [Client 5] System Stats: {'cpu_time': 36.78999999910593, 'ram_used_mb': 3194.269696, 'net_sent_bytes': 29421, 'net_recv_bytes': 64250, 'gpu_mem_used_mb': 38939.0, 'gpu_load': 0.0, 'client_rank': 5, 'round': 2, 'timestamp': '2025-08-12 05:29:43'}
    [Client 13] System Stats: {'cpu_time': 35.20000000111759, 'ram_used_mb': 3130.216448, 'net_sent_bytes': 34134, 'net_recv_bytes': 39713, 'gpu_mem_used_mb': 38939.0, 'gpu_load': 0.0, 'client_rank': 13, 'round': 2, 'timestamp': '2025-08-12 05:29:43'}
    [Client 8] System Stats: {'cpu_time': 37.149999998509884, 'ram_used_mb': 3156.80768, 'net_sent_bytes': 30951, 'net_recv_bytes': 65966, 'gpu_mem_used_mb': 38939.0, 'gpu_load': 0.0, 'client_rank': 8, 'round': 2, 'timestamp': '2025-08-12 05:29:43'}
    [Client 20] System Stats: {'cpu_time': 36.15999999642372, 'ram_used_mb': 3172.765696, 'net_sent_bytes': 2049, 'net_recv_bytes': 38625, 'gpu_mem_used_mb': 38939.0, 'gpu_load': 0.0, 'client_rank': 20, 'round': 2, 'timestamp': '2025-08-12 05:29:43'}
    [Client 41] Statistical Utility: {'client_rank': 41, 'round': 2, 'data_size': 365, 'data_variance': 0.06258073449134827, 'local_loss': 2.34561824798584, 'local_accuracy': 14.24657553434372}
    [Client 48] Statistical Utility: {'client_rank': 48, 'round': 2, 'data_size': 171, 'data_variance': 0.05894334241747856, 'local_loss': 2.420546531677246, 'local_accuracy': 14.61988240480423}
    [Client 34] Statistical Utility: {'client_rank': 34, 'round': 2, 'data_size': 469, 'data_variance': 0.06394526362419128, 'local_loss': 2.409313440322876, 'local_accuracy': 18.1236669421196}
    [Client 2] System Stats: {'cpu_time': 39.7799999974668, 'ram_used_mb': 3161.427968, 'net_sent_bytes': 10590, 'net_recv_bytes': 50668, 'gpu_mem_used_mb': 38939.0, 'gpu_load': 0.0, 'client_rank': 2, 'round': 2, 'timestamp': '2025-08-12 05:29:43'}
    [Client 26] System Stats: {'cpu_time': 98.6699999999255, 'ram_used_mb': 3113.189376, 'net_sent_bytes': 15357, 'net_recv_bytes': 47548, 'gpu_mem_used_mb': 38939.0, 'gpu_load': 0.0, 'client_rank': 26, 'round': 2, 'timestamp': '2025-08-12 05:29:43'}
    [Client 25] System Stats: {'cpu_time': 28.78999999910593, 'ram_used_mb': 3042.52928, 'net_sent_bytes': 70082, 'net_recv_bytes': 60368, 'gpu_mem_used_mb': 38939.0, 'gpu_load': 0.0, 'client_rank': 25, 'round': 2, 'timestamp': '2025-08-12 05:29:43'}
    [Client 35] Round 2 - Sending updated weights to server...
    [Client 28] System Stats: {'cpu_time': 43.73999999836087, 'ram_used_mb': 3190.64064, 'net_sent_bytes': 30231, 'net_recv_bytes': 69465, 'gpu_mem_used_mb': 38939.0, 'gpu_load': 0.0, 'client_rank': 28, 'round': 2, 'timestamp': '2025-08-12 05:29:43'}
    [Client 29] System Stats: {'cpu_time': 41.10999999940395, 'ram_used_mb': 3092.91008, 'net_sent_bytes': 29307, 'net_recv_bytes': 68720, 'gpu_mem_used_mb': 38939.0, 'gpu_load': 0.0, 'client_rank': 29, 'round': 2, 'timestamp': '2025-08-12 05:29:43'}
    [Client 48] Round 2 - Sending updated weights to server...
    [Client 47] System Stats: {'cpu_time': 29.679999999701977, 'ram_used_mb': 3085.979648, 'net_sent_bytes': 65316, 'net_recv_bytes': 69778, 'gpu_mem_used_mb': 38939.0, 'gpu_load': 0.0, 'client_rank': 47, 'round': 2, 'timestamp': '2025-08-12 05:29:43'}
    [Client 4] Statistical Utility: {'client_rank': 4, 'round': 2, 'data_size': 151, 'data_variance': 0.05981486663222313, 'local_loss': 2.2527847290039062, 'local_accuracy': 20.52980065345764}
    [Client 42] Statistical Utility: {'client_rank': 42, 'round': 2, 'data_size': 655, 'data_variance': 0.06275031715631485, 'local_loss': 2.6481597423553467, 'local_accuracy': 13.129770755767822}
    [Client 31] Statistical Utility: {'client_rank': 31, 'round': 2, 'data_size': 739, 'data_variance': 0.06372059881687164, 'local_loss': 2.3499503135681152, 'local_accuracy': 16.37347787618637}
    [Client 27] Statistical Utility: {'client_rank': 27, 'round': 2, 'data_size': 1413, 'data_variance': 0.06384675949811935, 'local_loss': 2.324223041534424, 'local_accuracy': 18.542109429836273}
    [Client 1] Statistical Utility: {'client_rank': 1, 'round': 2, 'data_size': 106, 'data_variance': 0.060532305389642715, 'local_loss': 2.2905006408691406, 'local_accuracy': 15.094339847564697}
    [Client 36] Statistical Utility: {'client_rank': 36, 'round': 2, 'data_size': 1866, 'data_variance': 0.06286414712667465, 'local_loss': 2.3492352962493896, 'local_accuracy': 22.293676435947418}
    [Client 3] Statistical Utility: {'client_rank': 3, 'round': 2, 'data_size': 195, 'data_variance': 0.0641740933060646, 'local_loss': 2.282297372817993, 'local_accuracy': 13.333334028720856}
    [Client 19] Statistical Utility: {'client_rank': 19, 'round': 2, 'data_size': 251, 'data_variance': 0.06290765851736069, 'local_loss': 2.279081106185913, 'local_accuracy': 16.733068227767944}
    [Client 7] Statistical Utility: {'client_rank': 7, 'round': 2, 'data_size': 177, 'data_variance': 0.05976519733667374, 'local_loss': 2.2779064178466797, 'local_accuracy': 16.38418138027191}
    [Client 18] Statistical Utility: {'client_rank': 18, 'round': 2, 'data_size': 203, 'data_variance': 0.062376607209444046, 'local_loss': 2.422273874282837, 'local_accuracy': 11.822660267353058}
    [Client 1] Round 2 - Sending updated weights to server...
    [Client 14] Statistical Utility: {'client_rank': 14, 'round': 2, 'data_size': 796, 'data_variance': 0.063325434923172, 'local_loss': 2.5326173305511475, 'local_accuracy': 19.974873960018158}
    [Client 45] Statistical Utility: {'client_rank': 45, 'round': 2, 'data_size': 514, 'data_variance': 0.061238404363393784, 'local_loss': 2.2400593757629395, 'local_accuracy': 17.50972718000412}
    [Client 5] Statistical Utility: {'client_rank': 5, 'round': 2, 'data_size': 1851, 'data_variance': 0.06492260843515396, 'local_loss': 2.3796446323394775, 'local_accuracy': 18.476499617099762}
    [Client 33] Statistical Utility: {'client_rank': 33, 'round': 2, 'data_size': 781, 'data_variance': 0.06399969011545181, 'local_loss': 2.265376091003418, 'local_accuracy': 21.38284295797348}
    [Client 21] Statistical Utility: {'client_rank': 21, 'round': 2, 'data_size': 60, 'data_variance': 0.07171547412872314, 'local_loss': 2.318526029586792, 'local_accuracy': 15.000000596046448}
    [Client 23] Statistical Utility: {'client_rank': 23, 'round': 2, 'data_size': 220, 'data_variance': 0.06436336040496826, 'local_loss': 2.3212718963623047, 'local_accuracy': 18.18181872367859}
    [Client 9] Statistical Utility: {'client_rank': 9, 'round': 2, 'data_size': 851, 'data_variance': 0.06420741230249405, 'local_loss': 2.3769402503967285, 'local_accuracy': 19.506463408470154}
    [Client 11] Statistical Utility: {'client_rank': 11, 'round': 2, 'data_size': 2916, 'data_variance': 0.06301935017108917, 'local_loss': 2.720940351486206, 'local_accuracy': 20.987653732299805}
    [Client 17] Statistical Utility: {'client_rank': 17, 'round': 2, 'data_size': 48, 'data_variance': 0.05824858695268631, 'local_loss': 2.1912448406219482, 'local_accuracy': 18.75}
    [Client 22] Statistical Utility: {'client_rank': 22, 'round': 2, 'data_size': 5090, 'data_variance': 0.06339983642101288, 'local_loss': 2.263068199157715, 'local_accuracy': 20.982317626476288}
    [Client 10] Statistical Utility: {'client_rank': 10, 'round': 2, 'data_size': 110, 'data_variance': 0.06482775509357452, 'local_loss': 2.2238593101501465, 'local_accuracy': 19.090908765792847}
    [Client 40] Statistical Utility: {'client_rank': 40, 'round': 2, 'data_size': 2534, 'data_variance': 0.06332460045814514, 'local_loss': 2.5943210124969482, 'local_accuracy': 19.49487030506134}
    [Client 30] Statistical Utility: {'client_rank': 30, 'round': 2, 'data_size': 2241, 'data_variance': 0.06377047300338745, 'local_loss': 2.4821057319641113, 'local_accuracy': 21.195894479751587}
    [Client 12] Statistical Utility: {'client_rank': 12, 'round': 2, 'data_size': 232, 'data_variance': 0.0640404000878334, 'local_loss': 2.316160202026367, 'local_accuracy': 15.948276221752167}
    [Client 37] Statistical Utility: {'client_rank': 37, 'round': 2, 'data_size': 990, 'data_variance': 0.06288761645555496, 'local_loss': 2.37054181098938, 'local_accuracy': 20.606060326099396}
    [Client 43] Statistical Utility: {'client_rank': 43, 'round': 2, 'data_size': 3139, 'data_variance': 0.06272062659263611, 'local_loss': 2.556284189224243, 'local_accuracy': 22.618667781352997}
    [Client 16] Statistical Utility: {'client_rank': 16, 'round': 2, 'data_size': 103, 'data_variance': 0.06744927167892456, 'local_loss': 2.3140687942504883, 'local_accuracy': 13.592232763767242}
    [Client 6] Statistical Utility: {'client_rank': 6, 'round': 2, 'data_size': 538, 'data_variance': 0.0634567141532898, 'local_loss': 2.22702956199646, 'local_accuracy': 23.0483278632164}
    [Client 50] Statistical Utility: {'client_rank': 50, 'round': 2, 'data_size': 61, 'data_variance': 0.062268633395433426, 'local_loss': 2.260824680328369, 'local_accuracy': 16.393442451953888}
Received weights from client 1
Waiting for model weights from client 2...
    [Client 49] Statistical Utility: {'client_rank': 49, 'round': 2, 'data_size': 610, 'data_variance': 0.06524641066789627, 'local_loss': 2.586195707321167, 'local_accuracy': 15.573769807815552}
    [Client 46] Statistical Utility: {'client_rank': 46, 'round': 2, 'data_size': 1018, 'data_variance': 0.0634816437959671, 'local_loss': 2.380891799926758, 'local_accuracy': 20.43222039937973}
    [Client 34] Round 2 - Sending updated weights to server...
    [Client 1] Round 3 - Waiting for global weights...
    [Client 42] Round 2 - Sending updated weights to server...
    [Client 23] Round 2 - Sending updated weights to server...
    [Client 27] Round 2 - Sending updated weights to server...
    [Client 17] Round 2 - Sending updated weights to server...
    [Client 13] Statistical Utility: {'client_rank': 13, 'round': 2, 'data_size': 584, 'data_variance': 0.06142173707485199, 'local_loss': 2.1995275020599365, 'local_accuracy': 18.493150174617767}
    [Client 20] Statistical Utility: {'client_rank': 20, 'round': 2, 'data_size': 1618, 'data_variance': 0.06333921104669571, 'local_loss': 2.253837823867798, 'local_accuracy': 24.9690979719162}
    [Client 8] Statistical Utility: {'client_rank': 8, 'round': 2, 'data_size': 869, 'data_variance': 0.06386084854602814, 'local_loss': 2.698364734649658, 'local_accuracy': 13.924050331115723}
    [Client 28] Statistical Utility: {'client_rank': 28, 'round': 2, 'data_size': 2302, 'data_variance': 0.06293399631977081, 'local_loss': 2.2131550312042236, 'local_accuracy': 20.721112191677094}
    [Client 26] Statistical Utility: {'client_rank': 26, 'round': 2, 'data_size': 694, 'data_variance': 0.06427877396345139, 'local_loss': 2.769242763519287, 'local_accuracy': 12.96830028295517}
    [Client 2] Statistical Utility: {'client_rank': 2, 'round': 2, 'data_size': 3829, 'data_variance': 0.06370898336172104, 'local_loss': 2.2242798805236816, 'local_accuracy': 21.232697367668152}
    [Client 25] Statistical Utility: {'client_rank': 25, 'round': 2, 'data_size': 1641, 'data_variance': 0.06381169706583023, 'local_loss': 2.5232720375061035, 'local_accuracy': 16.08775109052658}
    [Client 21] Round 2 - Sending updated weights to server...
    [Client 19] Round 2 - Sending updated weights to server...
    [Client 46] Round 2 - Sending updated weights to server...
    [Client 50] Round 2 - Sending updated weights to server...
    [Client 10] Round 2 - Sending updated weights to server...
    [Client 31] Round 2 - Sending updated weights to server...
    [Client 22] Round 2 - Sending updated weights to server...
    [Client 11] Round 2 - Sending updated weights to server...
    [Client 6] Round 2 - Sending updated weights to server...
    [Client 49] Round 2 - Sending updated weights to server...
    [Client 33] Round 2 - Sending updated weights to server...
    [Client 18] Round 2 - Sending updated weights to server...
    [Client 30] Round 2 - Sending updated weights to server...
    [Client 36] Round 2 - Sending updated weights to server...
    [Client 12] Round 2 - Sending updated weights to server...
    [Client 7] Round 2 - Sending updated weights to server...
    [Client 47] Statistical Utility: {'client_rank': 47, 'round': 2, 'data_size': 355, 'data_variance': 0.06091005727648735, 'local_loss': 2.324641227722168, 'local_accuracy': 19.43662017583847}
    [Client 40] Round 2 - Sending updated weights to server...
    [Client 28] Round 2 - Sending updated weights to server...
    [Client 14] Round 2 - Sending updated weights to server...
    [Client 45] Round 2 - Sending updated weights to server...
    [Client 20] Round 2 - Sending updated weights to server...
    [Client 26] Round 2 - Sending updated weights to server...
    [Client 29] Statistical Utility: {'client_rank': 29, 'round': 2, 'data_size': 585, 'data_variance': 0.06192883104085922, 'local_loss': 2.2901182174682617, 'local_accuracy': 12.30769231915474}
    [Client 41] Round 2 - Sending updated weights to server...
    [Client 8] Round 2 - Sending updated weights to server...
    [Client 13] Round 2 - Sending updated weights to server...
    [Client 29] Round 2 - Sending updated weights to server...
    [Client 43] Round 2 - Sending updated weights to server...
    [Client 25] Round 2 - Sending updated weights to server...
    [Client 4] Round 2 - Sending updated weights to server...
    [Client 47] Round 2 - Sending updated weights to server...
    [Client 5] Round 2 - Sending updated weights to server...
    [Client 3] Round 2 - Sending updated weights to server...
    [Client 9] Round 2 - Sending updated weights to server...
    [Client 16] Round 2 - Sending updated weights to server...
    [Client 2] Round 2 - Sending updated weights to server...
Received weights from client 2
Waiting for model weights from client 3...
Received weights from client 3
Waiting for model weights from client 4...
Received weights from client 4
Waiting for model weights from client 5...
Received weights from client 5
Waiting for model weights from client 6...
Received weights from client 6
Waiting for model weights from client 7...
Received weights from client 7
Waiting for model weights from client 8...
Received weights from client 8
Waiting for model weights from client 9...
Received weights from client 9
Waiting for model weights from client 10...
Received weights from client 10
Waiting for model weights from client 11...
Received weights from client 11
Waiting for model weights from client 12...
Received weights from client 12
Waiting for model weights from client 13...
Received weights from client 13
Waiting for model weights from client 14...
Received weights from client 14
Waiting for model weights from client 15...
Received weights from client 15
Waiting for model weights from client 16...
Received weights from client 16
Waiting for model weights from client 17...
Received weights from client 17
Waiting for model weights from client 18...
Received weights from client 18
Waiting for model weights from client 19...
Received weights from client 19
Waiting for model weights from client 20...
Received weights from client 20
Waiting for model weights from client 21...
Received weights from client 21
Waiting for model weights from client 22...
Received weights from client 22
Waiting for model weights from client 23...
Received weights from client 23
Waiting for model weights from client 24...
    [Client 3] Round 3 - Waiting for global weights...
    [Client 4] Round 3 - Waiting for global weights...
    [Client 7] Round 3 - Waiting for global weights...
    [Client 5] Round 3 - Waiting for global weights...
    [Client 2] Round 3 - Waiting for global weights...
    [Client 8] Round 3 - Waiting for global weights...
    [Client 9] Round 3 - Waiting for global weights...
    [Client 11] Round 3 - Waiting for global weights...
    [Client 10] Round 3 - Waiting for global weights...
    [Client 6] Round 3 - Waiting for global weights...
    [Client 16] Round 3 - Waiting for global weights...
    [Client 14] Round 3 - Waiting for global weights...
    [Client 13] Round 3 - Waiting for global weights...
    [Client 12] Round 3 - Waiting for global weights...
    [Client 15] Round 3 - Waiting for global weights...
    [Client 17] Round 3 - Waiting for global weights...
    [Client 22] Round 3 - Waiting for global weights...
    [Client 18] Round 3 - Waiting for global weights...
    [Client 21] Round 3 - Waiting for global weights...
    [Client 23] Round 3 - Waiting for global weights...
    [Client 19] Round 3 - Waiting for global weights...
    [Client 20] Round 3 - Waiting for global weights...
    [Client 38] System Stats: {'cpu_time': 310.99000000208616, 'ram_used_mb': 3185.651712, 'net_sent_bytes': 30275, 'net_recv_bytes': 102875, 'gpu_mem_used_mb': 38939.0, 'gpu_load': 0.0, 'client_rank': 38, 'round': 2, 'timestamp': '2025-08-12 05:29:54'}
    [Client 38] Statistical Utility: {'client_rank': 38, 'round': 2, 'data_size': 3091, 'data_variance': 0.06275180727243423, 'local_loss': 2.351486921310425, 'local_accuracy': 20.090585947036743}
    [Client 38] Round 2 - Sending updated weights to server...
    [Client 39] System Stats: {'cpu_time': 216.76999999955297, 'ram_used_mb': 3184.812032, 'net_sent_bytes': 46282, 'net_recv_bytes': 107892, 'gpu_mem_used_mb': 38939.0, 'gpu_load': 0.0, 'client_rank': 39, 'round': 2, 'timestamp': '2025-08-12 05:29:56'}
    [Client 39] Statistical Utility: {'client_rank': 39, 'round': 2, 'data_size': 1931, 'data_variance': 0.06222812458872795, 'local_loss': 2.4710984230041504, 'local_accuracy': 16.105644404888153}
    [Client 39] Round 2 - Sending updated weights to server...
    [Client 37] Round 2 - Sending updated weights to server...
    [Client 24] System Stats: {'cpu_time': 15537.219999998808, 'ram_used_mb': 2747.904, 'net_sent_bytes': 28699487, 'net_recv_bytes': 32895178, 'gpu_mem_used_mb': 38937.0, 'gpu_load': 0.0, 'client_rank': 24, 'round': 2, 'timestamp': '2025-08-12 06:43:03'}
    [Client 24] Statistical Utility: {'client_rank': 24, 'round': 2, 'data_size': 7, 'data_variance': 0.05676484853029251, 'local_loss': 2.134459972381592, 'local_accuracy': 28.57142984867096}
    [Client 24] Round 2 - Sending updated weights to server...
Received weights from client 24
Waiting for model weights from client 25...
Received weights from client 25
Waiting for model weights from client 26...
Received weights from client 26
Waiting for model weights from client 27...
Received weights from client 27
Waiting for model weights from client 28...
Received weights from client 28
Waiting for model weights from client 29...
Received weights from client 29
Waiting for model weights from client 30...
Received weights from client 30
Waiting for model weights from client 31...
Received weights from client 31
Waiting for model weights from client 32...
Received weights from client 32
Waiting for model weights from client 33...
Received weights from client 33
Waiting for model weights from client 34...
Received weights from client 34
Waiting for model weights from client 35...
Received weights from client 35
Waiting for model weights from client 36...
Received weights from client 36
Waiting for model weights from client 37...
Received weights from client 37
Waiting for model weights from client 38...
Received weights from client 38
Waiting for model weights from client 39...
Received weights from client 39
Waiting for model weights from client 40...
Received weights from client 40
Waiting for model weights from client 41...
Received weights from client 41
Waiting for model weights from client 42...
Received weights from client 42
Waiting for model weights from client 43...
Received weights from client 43
Waiting for model weights from client 44...
Received weights from client 44
Waiting for model weights from client 45...
Received weights from client 45
Waiting for model weights from client 46...
Received weights from client 46
Waiting for model weights from client 47...
Received weights from client 47
Waiting for model weights from client 48...
Received weights from client 48
Waiting for model weights from client 49...
Received weights from client 49
Waiting for model weights from client 50...
Received weights from client 50
Received system metrics from client 1: {'cpu_time': 47.83999999985099, 'ram_used_mb': 3075.006464, 'net_sent_bytes': 710, 'net_recv_bytes': 32803, 'gpu_mem_used_mb': 38939.0, 'gpu_load': 0.0, 'client_rank': 1, 'round': 2, 'timestamp': '2025-08-12 05:29:42'}
Received system metrics from client 2: {'cpu_time': 39.7799999974668, 'ram_used_mb': 3161.427968, 'net_sent_bytes': 10590, 'net_recv_bytes': 50668, 'gpu_mem_used_mb': 38939.0, 'gpu_load': 0.0, 'client_rank': 2, 'round': 2, 'timestamp': '2025-08-12 05:29:43'}
Received system metrics from client 3: {'cpu_time': 34.84999999962747, 'ram_used_mb': 3085.643776, 'net_sent_bytes': 101532, 'net_recv_bytes': 84368, 'gpu_mem_used_mb': 38939.0, 'gpu_load': 0.0, 'client_rank': 3, 'round': 2, 'timestamp': '2025-08-12 05:29:42'}
Received system metrics from client 4: {'cpu_time': 34.060000009834766, 'ram_used_mb': 3085.971456, 'net_sent_bytes': 46070, 'net_recv_bytes': 67639, 'gpu_mem_used_mb': 38939.0, 'gpu_load': 0.0, 'client_rank': 4, 'round': 2, 'timestamp': '2025-08-12 05:29:42'}
Received system metrics from client 5: {'cpu_time': 36.78999999910593, 'ram_used_mb': 3194.269696, 'net_sent_bytes': 29421, 'net_recv_bytes': 64250, 'gpu_mem_used_mb': 38939.0, 'gpu_load': 0.0, 'client_rank': 5, 'round': 2, 'timestamp': '2025-08-12 05:29:43'}
Received system metrics from client 6: {'cpu_time': 74.7800000011921, 'ram_used_mb': 3099.316224, 'net_sent_bytes': 200067, 'net_recv_bytes': 233434, 'gpu_mem_used_mb': 38939.0, 'gpu_load': 0.0, 'client_rank': 6, 'round': 2, 'timestamp': '2025-08-12 05:29:42'}
Received system metrics from client 7: {'cpu_time': 209.6899999976158, 'ram_used_mb': 3084.53376, 'net_sent_bytes': 731, 'net_recv_bytes': 36871, 'gpu_mem_used_mb': 38939.0, 'gpu_load': 0.0, 'client_rank': 7, 'round': 2, 'timestamp': '2025-08-12 05:29:42'}
Received system metrics from client 8: {'cpu_time': 37.149999998509884, 'ram_used_mb': 3156.80768, 'net_sent_bytes': 30951, 'net_recv_bytes': 65966, 'gpu_mem_used_mb': 38939.0, 'gpu_load': 0.0, 'client_rank': 8, 'round': 2, 'timestamp': '2025-08-12 05:29:43'}
Received system metrics from client 9: {'cpu_time': 35.95000000111759, 'ram_used_mb': 2991.45216, 'net_sent_bytes': 62499, 'net_recv_bytes': 65704, 'gpu_mem_used_mb': 38939.0, 'gpu_load': 0.01, 'client_rank': 9, 'round': 2, 'timestamp': '2025-08-12 05:29:42'}
Received system metrics from client 10: {'cpu_time': 35.45999999716878, 'ram_used_mb': 2932.289536, 'net_sent_bytes': 43057, 'net_recv_bytes': 40299, 'gpu_mem_used_mb': 38939.0, 'gpu_load': 0.0, 'client_rank': 10, 'round': 2, 'timestamp': '2025-08-12 05:29:42'}
Received system metrics from client 11: {'cpu_time': 35.30000000074506, 'ram_used_mb': 3075.93216, 'net_sent_bytes': 45332, 'net_recv_bytes': 55574, 'gpu_mem_used_mb': 38939.0, 'gpu_load': 0.0, 'client_rank': 11, 'round': 2, 'timestamp': '2025-08-12 05:29:42'}
Received system metrics from client 12: {'cpu_time': 35.190000001341105, 'ram_used_mb': 3079.507968, 'net_sent_bytes': 61888, 'net_recv_bytes': 66570, 'gpu_mem_used_mb': 38939.0, 'gpu_load': 0.0, 'client_rank': 12, 'round': 2, 'timestamp': '2025-08-12 05:29:42'}
Received system metrics from client 13: {'cpu_time': 35.20000000111759, 'ram_used_mb': 3130.216448, 'net_sent_bytes': 34134, 'net_recv_bytes': 39713, 'gpu_mem_used_mb': 38939.0, 'gpu_load': 0.0, 'client_rank': 13, 'round': 2, 'timestamp': '2025-08-12 05:29:43'}
Received system metrics from client 14: {'cpu_time': 33.82000000029802, 'ram_used_mb': 3154.825216, 'net_sent_bytes': 2455, 'net_recv_bytes': 37758, 'gpu_mem_used_mb': 38939.0, 'gpu_load': 0.0, 'client_rank': 14, 'round': 2, 'timestamp': '2025-08-12 05:29:42'}
Received system metrics from client 15: {'cpu_time': 43.27999999932945, 'ram_used_mb': 2815.229952, 'net_sent_bytes': 32573, 'net_recv_bytes': 29409, 'gpu_mem_used_mb': 38937.0, 'gpu_load': 0.0, 'client_rank': 15, 'round': 2, 'timestamp': '2025-08-12 05:29:40'}
Received system metrics from client 16: {'cpu_time': 34.98999999463558, 'ram_used_mb': 3070.078976, 'net_sent_bytes': 30637, 'net_recv_bytes': 66146, 'gpu_mem_used_mb': 38939.0, 'gpu_load': 0.0, 'client_rank': 16, 'round': 2, 'timestamp': '2025-08-12 05:29:42'}
Received system metrics from client 17: {'cpu_time': 35.79999999888241, 'ram_used_mb': 2946.957312, 'net_sent_bytes': 522, 'net_recv_bytes': 36634, 'gpu_mem_used_mb': 38939.0, 'gpu_load': 0.0, 'client_rank': 17, 'round': 2, 'timestamp': '2025-08-12 05:29:42'}
Received system metrics from client 18: {'cpu_time': 35.269999999552965, 'ram_used_mb': 3071.438848, 'net_sent_bytes': 71252, 'net_recv_bytes': 83322, 'gpu_mem_used_mb': 38939.0, 'gpu_load': 0.0, 'client_rank': 18, 'round': 2, 'timestamp': '2025-08-12 05:29:42'}
Received system metrics from client 19: {'cpu_time': 90.41000000014901, 'ram_used_mb': 3093.6064, 'net_sent_bytes': 61540, 'net_recv_bytes': 61894, 'gpu_mem_used_mb': 38939.0, 'gpu_load': 0.0, 'client_rank': 19, 'round': 2, 'timestamp': '2025-08-12 05:29:42'}
Received system metrics from client 20: {'cpu_time': 36.15999999642372, 'ram_used_mb': 3172.765696, 'net_sent_bytes': 2049, 'net_recv_bytes': 38625, 'gpu_mem_used_mb': 38939.0, 'gpu_load': 0.0, 'client_rank': 20, 'round': 2, 'timestamp': '2025-08-12 05:29:43'}
Received system metrics from client 21: {'cpu_time': 26.33999999985099, 'ram_used_mb': 2963.820544, 'net_sent_bytes': 750, 'net_recv_bytes': 37138, 'gpu_mem_used_mb': 38939.0, 'gpu_load': 0.01, 'client_rank': 21, 'round': 2, 'timestamp': '2025-08-12 05:29:42'}
Received system metrics from client 22: {'cpu_time': 35.0, 'ram_used_mb': 3217.707008, 'net_sent_bytes': 31193, 'net_recv_bytes': 64630, 'gpu_mem_used_mb': 38939.0, 'gpu_load': 0.0, 'client_rank': 22, 'round': 2, 'timestamp': '2025-08-12 05:29:42'}
Received system metrics from client 23: {'cpu_time': 34.04999999701977, 'ram_used_mb': 3083.276288, 'net_sent_bytes': 32596, 'net_recv_bytes': 37504, 'gpu_mem_used_mb': 38939.0, 'gpu_load': 0.0, 'client_rank': 23, 'round': 2, 'timestamp': '2025-08-12 05:29:42'}
Received system metrics from client 24: {'cpu_time': 15537.219999998808, 'ram_used_mb': 2747.904, 'net_sent_bytes': 28699487, 'net_recv_bytes': 32895178, 'gpu_mem_used_mb': 38937.0, 'gpu_load': 0.0, 'client_rank': 24, 'round': 2, 'timestamp': '2025-08-12 06:43:03'}
Received system metrics from client 25: {'cpu_time': 28.78999999910593, 'ram_used_mb': 3042.52928, 'net_sent_bytes': 70082, 'net_recv_bytes': 60368, 'gpu_mem_used_mb': 38939.0, 'gpu_load': 0.0, 'client_rank': 25, 'round': 2, 'timestamp': '2025-08-12 05:29:43'}
Received system metrics from client 26: {'cpu_time': 98.6699999999255, 'ram_used_mb': 3113.189376, 'net_sent_bytes': 15357, 'net_recv_bytes': 47548, 'gpu_mem_used_mb': 38939.0, 'gpu_load': 0.0, 'client_rank': 26, 'round': 2, 'timestamp': '2025-08-12 05:29:43'}
Received system metrics from client 27: {'cpu_time': 25.28999999910593, 'ram_used_mb': 3171.086336, 'net_sent_bytes': 488, 'net_recv_bytes': 32431, 'gpu_mem_used_mb': 38939.0, 'gpu_load': 0.0, 'client_rank': 27, 'round': 2, 'timestamp': '2025-08-12 05:29:42'}
Received system metrics from client 28: {'cpu_time': 43.73999999836087, 'ram_used_mb': 3190.64064, 'net_sent_bytes': 30231, 'net_recv_bytes': 69465, 'gpu_mem_used_mb': 38939.0, 'gpu_load': 0.0, 'client_rank': 28, 'round': 2, 'timestamp': '2025-08-12 05:29:43'}
Received system metrics from client 29: {'cpu_time': 41.10999999940395, 'ram_used_mb': 3092.91008, 'net_sent_bytes': 29307, 'net_recv_bytes': 68720, 'gpu_mem_used_mb': 38939.0, 'gpu_load': 0.0, 'client_rank': 29, 'round': 2, 'timestamp': '2025-08-12 05:29:43'}
Received system metrics from client 30: {'cpu_time': 35.92999999970198, 'ram_used_mb': 3074.912256, 'net_sent_bytes': 27733, 'net_recv_bytes': 63478, 'gpu_mem_used_mb': 38939.0, 'gpu_load': 0.0, 'client_rank': 30, 'round': 2, 'timestamp': '2025-08-12 05:29:42'}
Received system metrics from client 31: {'cpu_time': 85.3099999986589, 'ram_used_mb': 2988.101632, 'net_sent_bytes': 46589, 'net_recv_bytes': 56705, 'gpu_mem_used_mb': 38939.0, 'gpu_load': 0.0, 'client_rank': 31, 'round': 2, 'timestamp': '2025-08-12 05:29:42'}
    [Client 32] Round 3 - Waiting for global weights...
    [Client 36] Round 3 - Waiting for global weights...
    [Client 30] Round 3 - Waiting for global weights...
    [Client 33] Round 3 - Waiting for global weights...
    [Client 37] Round 3 - Waiting for global weights...
    [Client 34] Round 3 - Waiting for global weights...
    [Client 31] Round 3 - Waiting for global weights...
    [Client 27] Round 3 - Waiting for global weights...
    [Client 25] Round 3 - Waiting for global weights...
    [Client 35] Round 3 - Waiting for global weights...
    [Client 44] Round 3 - Waiting for global weights...
    [Client 40] Round 3 - Waiting for global weights...
    [Client 29] Round 3 - Waiting for global weights...
    [Client 28] Round 3 - Waiting for global weights...
    [Client 43] Round 3 - Waiting for global weights...
    [Client 46] Round 3 - Waiting for global weights...
    [Client 48] Round 3 - Waiting for global weights...
    [Client 42] Round 3 - Waiting for global weights...
    [Client 45] Round 3 - Waiting for global weights...
    [Client 50] Round 3 - Waiting for global weights...
    [Client 26] Round 3 - Waiting for global weights...
    [Client 47] Round 3 - Waiting for global weights...
    [Client 49] Round 3 - Waiting for global weights...
    [Client 41] Round 3 - Waiting for global weights...
    [Client 38] Round 3 - Waiting for global weights...
    [Client 39] Round 3 - Waiting for global weights...
Received system metrics from client 32: {'cpu_time': 0.18999999947845936, 'ram_used_mb': 1991.45472, 'net_sent_bytes': 0, 'net_recv_bytes': 0, 'gpu_mem_used_mb': 38911.0, 'gpu_load': 0.0, 'client_rank': 32, 'round': 2, 'timestamp': '2025-08-12 05:29:34', 'skipped': True}
Received system metrics from client 33: {'cpu_time': 33.6800000006333, 'ram_used_mb': 3009.273856, 'net_sent_bytes': 40257, 'net_recv_bytes': 49449, 'gpu_mem_used_mb': 38939.0, 'gpu_load': 0.0, 'client_rank': 33, 'round': 2, 'timestamp': '2025-08-12 05:29:42'}
Received system metrics from client 34: {'cpu_time': 34.70999999996275, 'ram_used_mb': 3010.768896, 'net_sent_bytes': 75216, 'net_recv_bytes': 58285, 'gpu_mem_used_mb': 38939.0, 'gpu_load': 0.0, 'client_rank': 34, 'round': 2, 'timestamp': '2025-08-12 05:29:42'}
Received system metrics from client 35: {'cpu_time': 32.95000000111759, 'ram_used_mb': 2998.403072, 'net_sent_bytes': 534, 'net_recv_bytes': 32381, 'gpu_mem_used_mb': 38939.0, 'gpu_load': 0.0, 'client_rank': 35, 'round': 2, 'timestamp': '2025-08-12 05:29:41'}
Received system metrics from client 36: {'cpu_time': 26.009999997913837, 'ram_used_mb': 3019.485184, 'net_sent_bytes': 27875, 'net_recv_bytes': 63680, 'gpu_mem_used_mb': 38939.0, 'gpu_load': 0.02, 'client_rank': 36, 'round': 2, 'timestamp': '2025-08-12 05:29:42'}
Received system metrics from client 37: {'cpu_time': 35.27000000141561, 'ram_used_mb': 3122.925568, 'net_sent_bytes': 32630, 'net_recv_bytes': 37977, 'gpu_mem_used_mb': 38939.0, 'gpu_load': 0.0, 'client_rank': 37, 'round': 2, 'timestamp': '2025-08-12 05:29:42'}
Received system metrics from client 38: {'cpu_time': 310.99000000208616, 'ram_used_mb': 3185.651712, 'net_sent_bytes': 30275, 'net_recv_bytes': 102875, 'gpu_mem_used_mb': 38939.0, 'gpu_load': 0.0, 'client_rank': 38, 'round': 2, 'timestamp': '2025-08-12 05:29:54'}
Received system metrics from client 39: {'cpu_time': 216.76999999955297, 'ram_used_mb': 3184.812032, 'net_sent_bytes': 46282, 'net_recv_bytes': 107892, 'gpu_mem_used_mb': 38939.0, 'gpu_load': 0.0, 'client_rank': 39, 'round': 2, 'timestamp': '2025-08-12 05:29:56'}
Received system metrics from client 40: {'cpu_time': 35.58999999985099, 'ram_used_mb': 3120.35328, 'net_sent_bytes': 544, 'net_recv_bytes': 36568, 'gpu_mem_used_mb': 38939.0, 'gpu_load': 0.0, 'client_rank': 40, 'round': 2, 'timestamp': '2025-08-12 05:29:42'}
Received system metrics from client 41: {'cpu_time': 24.030000004917383, 'ram_used_mb': 2967.28576, 'net_sent_bytes': 394, 'net_recv_bytes': 32337, 'gpu_mem_used_mb': 38939.0, 'gpu_load': 0.0, 'client_rank': 41, 'round': 2, 'timestamp': '2025-08-12 05:29:41'}
Received system metrics from client 42: {'cpu_time': 27.550000000745058, 'ram_used_mb': 3009.970176, 'net_sent_bytes': 3338, 'net_recv_bytes': 41869, 'gpu_mem_used_mb': 38939.0, 'gpu_load': 0.0, 'client_rank': 42, 'round': 2, 'timestamp': '2025-08-12 05:29:42'}
Received system metrics from client 43: {'cpu_time': 25.42000000178814, 'ram_used_mb': 3164.229632, 'net_sent_bytes': 12710, 'net_recv_bytes': 37915, 'gpu_mem_used_mb': 38939.0, 'gpu_load': 0.0, 'client_rank': 43, 'round': 2, 'timestamp': '2025-08-12 05:29:42'}
Received system metrics from client 44: {'cpu_time': 24.070000000298023, 'ram_used_mb': 2849.8944, 'net_sent_bytes': 38297, 'net_recv_bytes': 37430, 'gpu_mem_used_mb': 38939.0, 'gpu_load': 0.0, 'client_rank': 44, 'round': 2, 'timestamp': '2025-08-12 05:29:40'}
Received system metrics from client 45: {'cpu_time': 26.33000000193715, 'ram_used_mb': 3100.647424, 'net_sent_bytes': 47342, 'net_recv_bytes': 55312, 'gpu_mem_used_mb': 38939.0, 'gpu_load': 0.0, 'client_rank': 45, 'round': 2, 'timestamp': '2025-08-12 05:29:42'}
Received system metrics from client 46: {'cpu_time': 89.35999999940395, 'ram_used_mb': 3007.56992, 'net_sent_bytes': 64198, 'net_recv_bytes': 65352, 'gpu_mem_used_mb': 38939.0, 'gpu_load': 0.0, 'client_rank': 46, 'round': 2, 'timestamp': '2025-08-12 05:29:42'}
Received system metrics from client 47: {'cpu_time': 29.679999999701977, 'ram_used_mb': 3085.979648, 'net_sent_bytes': 65316, 'net_recv_bytes': 69778, 'gpu_mem_used_mb': 38939.0, 'gpu_load': 0.0, 'client_rank': 47, 'round': 2, 'timestamp': '2025-08-12 05:29:43'}
Received system metrics from client 48: {'cpu_time': 99.35000000149012, 'ram_used_mb': 3086.647296, 'net_sent_bytes': 3179, 'net_recv_bytes': 37939, 'gpu_mem_used_mb': 38939.0, 'gpu_load': 0.0, 'client_rank': 48, 'round': 2, 'timestamp': '2025-08-12 05:29:41'}
Received system metrics from client 49: {'cpu_time': 38.5, 'ram_used_mb': 2992.37376, 'net_sent_bytes': 47047, 'net_recv_bytes': 60057, 'gpu_mem_used_mb': 38939.0, 'gpu_load': 0.0, 'client_rank': 49, 'round': 2, 'timestamp': '2025-08-12 05:29:42'}
Received system metrics from client 50: {'cpu_time': 114.64000000059605, 'ram_used_mb': 2942.398464, 'net_sent_bytes': 36216, 'net_recv_bytes': 38126, 'gpu_mem_used_mb': 38939.0, 'gpu_load': 0.0, 'client_rank': 50, 'round': 2, 'timestamp': '2025-08-12 05:29:42'}
Averaging model weights...
Evaluating updated global model on test set...
    [Client 24] Round 3 - Waiting for global weights...
Round 2 Evaluation - Accuracy: 0.1660, Loss: 2.3200

===== Round 3 =====
Broadcasting global model to all clients...
    [Client 33] Round 3 - Training on local data...
    [Client 29] Round 3 - Training on local data...
    [Client 35] Round 3 - Training on local data...
    [Client 25] Round 3 - Training on local data...
    [Client 27] Round 3 - Training on local data...
    [Client 31] Round 3 - Training on local data...
    [Client 40] Round 3 - Training on local data...
    [Client 36] Round 3 - Training on local data...
    [Client 32] No local samples for this client — skipping training.
    [Client 30] Round 3 - Training on local data...
    [Client 26] Round 3 - Training on local data...
    [Client 37] Round 3 - Training on local data...
    [Client 43] Round 3 - Training on local data...
    [Client 41] Round 3 - Training on local data...
    [Client 38] Round 3 - Training on local data...
    [Client 34] Round 3 - Training on local data...
    [Client 50] Round 3 - Training on local data...
    [Client 28] Round 3 - Training on local data...
    [Client 42] Round 3 - Training on local data...
    [Client 48] Round 3 - Training on local data...
Waiting for model weights from client 1...
    [Client 45] Round 3 - Training on local data...
    [Client 49] Round 3 - Training on local data...
    [Client 47] Round 3 - Training on local data...
    [Client 44] Round 3 - Training on local data...
    [Client 46] Round 3 - Training on local data...
    [Client 39] Round 3 - Training on local data...
    [Client 32] Round 3 - Sending updated weights to server...
    [Client 9] Round 3 - Training on local data...
    [Client 23] Round 3 - Training on local data...
    [Client 17] Round 3 - Training on local data...
    [Client 1] Round 3 - Training on local data...
    [Client 7] Round 3 - Training on local data...
    [Client 11] Round 3 - Training on local data...
    [Client 16] Round 3 - Training on local data...
    [Client 4] Round 3 - Training on local data...
    [Client 19] Round 3 - Training on local data...
    [Client 21] Round 3 - Training on local data...
    [Client 3] Round 3 - Training on local data...
    [Client 2] Round 3 - Training on local data...
    [Client 8] Round 3 - Training on local data...
    [Client 6] Round 3 - Training on local data...
    [Client 13] Round 3 - Training on local data...
    [Client 14] Round 3 - Training on local data...
    [Client 15] Round 3 - Training on local data...
    [Client 5] Round 3 - Training on local data...
    [Client 18] Round 3 - Training on local data...
    [Client 10] Round 3 - Training on local data...
    [Client 22] Round 3 - Training on local data...
    [Client 12] Round 3 - Training on local data...
    [Client 20] Round 3 - Training on local data...
    [Client 44] System Stats: {'cpu_time': 21.740000002086163, 'ram_used_mb': 2946.543616, 'net_sent_bytes': 18624, 'net_recv_bytes': 35158, 'gpu_mem_used_mb': 38939.0, 'gpu_load': 0.0, 'client_rank': 44, 'round': 3, 'timestamp': '2025-08-12 06:59:39'}
    [Client 15] System Stats: {'cpu_time': 49.25, 'ram_used_mb': 2924.593152, 'net_sent_bytes': 34615, 'net_recv_bytes': 30373, 'gpu_mem_used_mb': 38939.0, 'gpu_load': 0.0, 'client_rank': 15, 'round': 3, 'timestamp': '2025-08-12 06:59:39'}
    [Client 44] Statistical Utility: {'client_rank': 44, 'round': 3, 'data_size': 10, 'data_variance': 0.06776829808950424, 'local_loss': 2.514760971069336, 'local_accuracy': 10.000000149011612}
    [Client 15] Statistical Utility: {'client_rank': 15, 'round': 3, 'data_size': 5, 'data_variance': 0.06545884162187576, 'local_loss': 2.728482723236084, 'local_accuracy': 0.0}
    [Client 24] Round 3 - Training on local data...
    [Client 44] Round 3 - Sending updated weights to server...
    [Client 30] System Stats: {'cpu_time': 40.17000000178814, 'ram_used_mb': 3382.04672, 'net_sent_bytes': 3281, 'net_recv_bytes': 41660, 'gpu_mem_used_mb': 38941.0, 'gpu_load': 0.0, 'client_rank': 30, 'round': 3, 'timestamp': '2025-08-12 06:59:42'}
    [Client 49] System Stats: {'cpu_time': 30.190000001341105, 'ram_used_mb': 3285.901312, 'net_sent_bytes': 47212, 'net_recv_bytes': 63905, 'gpu_mem_used_mb': 38941.0, 'gpu_load': 0.0, 'client_rank': 49, 'round': 3, 'timestamp': '2025-08-12 06:59:42'}
    [Client 3] System Stats: {'cpu_time': 40.49000000022352, 'ram_used_mb': 3246.923776, 'net_sent_bytes': 73058, 'net_recv_bytes': 57224, 'gpu_mem_used_mb': 38941.0, 'gpu_load': 0.0, 'client_rank': 3, 'round': 3, 'timestamp': '2025-08-12 06:59:42'}
    [Client 45] System Stats: {'cpu_time': 22.21000000089407, 'ram_used_mb': 3278.618624, 'net_sent_bytes': 56100, 'net_recv_bytes': 65729, 'gpu_mem_used_mb': 38941.0, 'gpu_load': 0.0, 'client_rank': 45, 'round': 3, 'timestamp': '2025-08-12 06:59:42'}
    [Client 7] System Stats: {'cpu_time': 252.50000000745058, 'ram_used_mb': 3248.164864, 'net_sent_bytes': 78488, 'net_recv_bytes': 63048, 'gpu_mem_used_mb': 38941.0, 'gpu_load': 0.0, 'client_rank': 7, 'round': 3, 'timestamp': '2025-08-12 06:59:42'}
    [Client 10] System Stats: {'cpu_time': 40.810000002384186, 'ram_used_mb': 3120.689152, 'net_sent_bytes': 72303, 'net_recv_bytes': 56210, 'gpu_mem_used_mb': 38941.0, 'gpu_load': 0.0, 'client_rank': 10, 'round': 3, 'timestamp': '2025-08-12 06:59:42'}
    [Client 17] System Stats: {'cpu_time': 31.990000002086163, 'ram_used_mb': 3239.694336, 'net_sent_bytes': 1301, 'net_recv_bytes': 37291, 'gpu_mem_used_mb': 38941.0, 'gpu_load': 0.0, 'client_rank': 17, 'round': 3, 'timestamp': '2025-08-12 06:59:42'}
    [Client 34] System Stats: {'cpu_time': 44.250000000116415, 'ram_used_mb': 3176.177664, 'net_sent_bytes': 70014, 'net_recv_bytes': 56161, 'gpu_mem_used_mb': 38941.0, 'gpu_load': 0.0, 'client_rank': 34, 'round': 3, 'timestamp': '2025-08-12 06:59:42'}
    [Client 18] System Stats: {'cpu_time': 41.21000000089407, 'ram_used_mb': 3227.967488, 'net_sent_bytes': 40469, 'net_recv_bytes': 59544, 'gpu_mem_used_mb': 38941.0, 'gpu_load': 0.01, 'client_rank': 18, 'round': 3, 'timestamp': '2025-08-12 06:59:42'}
    [Client 48] System Stats: {'cpu_time': 40.939999997615814, 'ram_used_mb': 3246.739456, 'net_sent_bytes': 1188, 'net_recv_bytes': 37767, 'gpu_mem_used_mb': 38941.0, 'gpu_load': 0.0, 'client_rank': 48, 'round': 3, 'timestamp': '2025-08-12 06:59:42'}
    [Client 33] System Stats: {'cpu_time': 46.33999999985099, 'ram_used_mb': 3249.844224, 'net_sent_bytes': 68848, 'net_recv_bytes': 80931, 'gpu_mem_used_mb': 38941.0, 'gpu_load': 0.0, 'client_rank': 33, 'round': 3, 'timestamp': '2025-08-12 06:59:42'}
    [Client 9] System Stats: {'cpu_time': 40.99000000022352, 'ram_used_mb': 3140.513792, 'net_sent_bytes': 33818, 'net_recv_bytes': 38288, 'gpu_mem_used_mb': 38941.0, 'gpu_load': 0.0, 'client_rank': 9, 'round': 3, 'timestamp': '2025-08-12 06:59:42'}
    [Client 35] System Stats: {'cpu_time': 42.42000000178814, 'ram_used_mb': 3292.246016, 'net_sent_bytes': 926, 'net_recv_bytes': 37373, 'gpu_mem_used_mb': 38941.0, 'gpu_load': 0.0, 'client_rank': 35, 'round': 3, 'timestamp': '2025-08-12 06:59:42'}
    [Client 21] System Stats: {'cpu_time': 12.220000000670552, 'ram_used_mb': 3222.822912, 'net_sent_bytes': 2637, 'net_recv_bytes': 42211, 'gpu_mem_used_mb': 38941.0, 'gpu_load': 0.0, 'client_rank': 21, 'round': 3, 'timestamp': '2025-08-12 06:59:42'}
    [Client 46] System Stats: {'cpu_time': 107.07999999821186, 'ram_used_mb': 3273.682944, 'net_sent_bytes': 36181, 'net_recv_bytes': 42295, 'gpu_mem_used_mb': 38941.0, 'gpu_load': 0.0, 'client_rank': 46, 'round': 3, 'timestamp': '2025-08-12 06:59:42'}
    [Client 8] System Stats: {'cpu_time': 41.08999999985099, 'ram_used_mb': 3314.700288, 'net_sent_bytes': 1998, 'net_recv_bytes': 38115, 'gpu_mem_used_mb': 38941.0, 'gpu_load': 0.0, 'client_rank': 8, 'round': 3, 'timestamp': '2025-08-12 06:59:42'}
    [Client 1] System Stats: {'cpu_time': 46.019999999552965, 'ram_used_mb': 3226.619904, 'net_sent_bytes': 39650, 'net_recv_bytes': 60571, 'gpu_mem_used_mb': 38941.0, 'gpu_load': 0.0, 'client_rank': 1, 'round': 3, 'timestamp': '2025-08-12 06:59:42'}
    [Client 16] System Stats: {'cpu_time': 41.230000004172325, 'ram_used_mb': 3241.5744, 'net_sent_bytes': 39971, 'net_recv_bytes': 55466, 'gpu_mem_used_mb': 38941.0, 'gpu_load': 0.01, 'client_rank': 16, 'round': 3, 'timestamp': '2025-08-12 06:59:42'}
    [Client 19] System Stats: {'cpu_time': 106.32999999821186, 'ram_used_mb': 3257.155584, 'net_sent_bytes': 32557, 'net_recv_bytes': 42113, 'gpu_mem_used_mb': 38941.0, 'gpu_load': 0.0, 'client_rank': 19, 'round': 3, 'timestamp': '2025-08-12 06:59:42'}
    [Client 31] System Stats: {'cpu_time': 107.33999999985099, 'ram_used_mb': 3148.63616, 'net_sent_bytes': 42199, 'net_recv_bytes': 55972, 'gpu_mem_used_mb': 38941.0, 'gpu_load': 0.0, 'client_rank': 31, 'round': 3, 'timestamp': '2025-08-12 06:59:42'}
    [Client 43] System Stats: {'cpu_time': 135.22999999672174, 'ram_used_mb': 3373.412352, 'net_sent_bytes': 14070, 'net_recv_bytes': 41636, 'gpu_mem_used_mb': 38941.0, 'gpu_load': 0.0, 'client_rank': 43, 'round': 3, 'timestamp': '2025-08-12 06:59:42'}
    [Client 12] System Stats: {'cpu_time': 41.25000000372529, 'ram_used_mb': 3255.164928, 'net_sent_bytes': 33214, 'net_recv_bytes': 42090, 'gpu_mem_used_mb': 38941.0, 'gpu_load': 0.0, 'client_rank': 12, 'round': 3, 'timestamp': '2025-08-12 06:59:42'}
    [Client 23] System Stats: {'cpu_time': 31.240000002086163, 'ram_used_mb': 3236.319232, 'net_sent_bytes': 53915, 'net_recv_bytes': 49360, 'gpu_mem_used_mb': 38941.0, 'gpu_load': 0.0, 'client_rank': 23, 'round': 3, 'timestamp': '2025-08-12 06:59:42'}
    [Client 36] System Stats: {'cpu_time': 22.219999998807907, 'ram_used_mb': 3352.281088, 'net_sent_bytes': 17156, 'net_recv_bytes': 37783, 'gpu_mem_used_mb': 38941.0, 'gpu_load': 0.0, 'client_rank': 36, 'round': 3, 'timestamp': '2025-08-12 06:59:42'}
    [Client 13] System Stats: {'cpu_time': 42.31999999843538, 'ram_used_mb': 3285.680128, 'net_sent_bytes': 77907, 'net_recv_bytes': 62809, 'gpu_mem_used_mb': 38941.0, 'gpu_load': 0.0, 'client_rank': 13, 'round': 3, 'timestamp': '2025-08-12 06:59:42'}
    [Client 27] System Stats: {'cpu_time': 32.03999999910593, 'ram_used_mb': 3328.086016, 'net_sent_bytes': 884, 'net_recv_bytes': 40884, 'gpu_mem_used_mb': 38941.0, 'gpu_load': 0.0, 'client_rank': 27, 'round': 3, 'timestamp': '2025-08-12 06:59:42'}
    [Client 14] System Stats: {'cpu_time': 31.580000000074506, 'ram_used_mb': 3310.645248, 'net_sent_bytes': 886, 'net_recv_bytes': 41547, 'gpu_mem_used_mb': 38941.0, 'gpu_load': 0.0, 'client_rank': 14, 'round': 3, 'timestamp': '2025-08-12 06:59:42'}
    [Client 11] System Stats: {'cpu_time': 41.78999999910593, 'ram_used_mb': 3251.519488, 'net_sent_bytes': 17934, 'net_recv_bytes': 58465, 'gpu_mem_used_mb': 38941.0, 'gpu_load': 0.0, 'client_rank': 11, 'round': 3, 'timestamp': '2025-08-12 06:59:42'}
    [Client 6] System Stats: {'cpu_time': 88.61999999731779, 'ram_used_mb': 3304.26368, 'net_sent_bytes': 196064, 'net_recv_bytes': 230747, 'gpu_mem_used_mb': 38941.0, 'gpu_load': 0.0, 'client_rank': 6, 'round': 3, 'timestamp': '2025-08-12 06:59:42'}
    [Client 4] System Stats: {'cpu_time': 42.40999999642372, 'ram_used_mb': 3244.171264, 'net_sent_bytes': 17460, 'net_recv_bytes': 44679, 'gpu_mem_used_mb': 38941.0, 'gpu_load': 0.0, 'client_rank': 4, 'round': 3, 'timestamp': '2025-08-12 06:59:42'}
    [Client 22] System Stats: {'cpu_time': 41.70000000298023, 'ram_used_mb': 3423.842304, 'net_sent_bytes': 2701, 'net_recv_bytes': 37437, 'gpu_mem_used_mb': 38941.0, 'gpu_load': 0.0, 'client_rank': 22, 'round': 3, 'timestamp': '2025-08-12 06:59:42'}
    [Client 42] System Stats: {'cpu_time': 32.169999999925494, 'ram_used_mb': 3312.41472, 'net_sent_bytes': 2826, 'net_recv_bytes': 41592, 'gpu_mem_used_mb': 38941.0, 'gpu_load': 0.0, 'client_rank': 42, 'round': 3, 'timestamp': '2025-08-12 06:59:42'}
    [Client 5] System Stats: {'cpu_time': 41.899999998509884, 'ram_used_mb': 3357.827072, 'net_sent_bytes': 1043, 'net_recv_bytes': 41454, 'gpu_mem_used_mb': 38941.0, 'gpu_load': 0.0, 'client_rank': 5, 'round': 3, 'timestamp': '2025-08-12 06:59:42'}
    [Client 41] System Stats: {'cpu_time': 41.649999998509884, 'ram_used_mb': 3260.669952, 'net_sent_bytes': 722, 'net_recv_bytes': 36640, 'gpu_mem_used_mb': 38941.0, 'gpu_load': 0.0, 'client_rank': 41, 'round': 3, 'timestamp': '2025-08-12 06:59:42'}
    [Client 37] System Stats: {'cpu_time': 42.130000000819564, 'ram_used_mb': 3290.243072, 'net_sent_bytes': 32728, 'net_recv_bytes': 42039, 'gpu_mem_used_mb': 38941.0, 'gpu_load': 0.0, 'client_rank': 37, 'round': 3, 'timestamp': '2025-08-12 06:59:42'}
    [Client 40] System Stats: {'cpu_time': 36.65999999642372, 'ram_used_mb': 3295.715328, 'net_sent_bytes': 29370, 'net_recv_bytes': 112623, 'gpu_mem_used_mb': 38941.0, 'gpu_load': 0.0, 'client_rank': 40, 'round': 3, 'timestamp': '2025-08-12 06:59:42'}
    [Client 50] System Stats: {'cpu_time': 143.39000000059605, 'ram_used_mb': 3183.8208, 'net_sent_bytes': 36901, 'net_recv_bytes': 42132, 'gpu_mem_used_mb': 38941.0, 'gpu_load': 0.0, 'client_rank': 50, 'round': 3, 'timestamp': '2025-08-12 06:59:42'}
    [Client 25] System Stats: {'cpu_time': 32.96999999880791, 'ram_used_mb': 3342.4384, 'net_sent_bytes': 75573, 'net_recv_bytes': 62454, 'gpu_mem_used_mb': 38941.0, 'gpu_load': 0.0, 'client_rank': 25, 'round': 3, 'timestamp': '2025-08-12 06:59:42'}
    [Client 20] System Stats: {'cpu_time': 41.899999998509884, 'ram_used_mb': 3306.278912, 'net_sent_bytes': 3763, 'net_recv_bytes': 38620, 'gpu_mem_used_mb': 38941.0, 'gpu_load': 0.0, 'client_rank': 20, 'round': 3, 'timestamp': '2025-08-12 06:59:42'}
    [Client 2] System Stats: {'cpu_time': 45.25999999791384, 'ram_used_mb': 3358.932992, 'net_sent_bytes': 5415, 'net_recv_bytes': 41528, 'gpu_mem_used_mb': 38941.0, 'gpu_load': 0.0, 'client_rank': 2, 'round': 3, 'timestamp': '2025-08-12 06:59:42'}
    [Client 28] System Stats: {'cpu_time': 50.210000002756715, 'ram_used_mb': 3360.104448, 'net_sent_bytes': 32799, 'net_recv_bytes': 42493, 'gpu_mem_used_mb': 38941.0, 'gpu_load': 0.0, 'client_rank': 28, 'round': 3, 'timestamp': '2025-08-12 06:59:42'}
    [Client 29] System Stats: {'cpu_time': 39.96999999880791, 'ram_used_mb': 3289.055232, 'net_sent_bytes': 37711374, 'net_recv_bytes': 37744264, 'gpu_mem_used_mb': 38941.0, 'gpu_load': 0.0, 'client_rank': 29, 'round': 3, 'timestamp': '2025-08-12 06:59:42'}
    [Client 3] Statistical Utility: {'client_rank': 3, 'round': 3, 'data_size': 195, 'data_variance': 0.0641740933060646, 'local_loss': 2.3356385231018066, 'local_accuracy': 14.358974993228912}
    [Client 47] System Stats: {'cpu_time': 33.349999994039536, 'ram_used_mb': 3273.035776, 'net_sent_bytes': 35682, 'net_recv_bytes': 45916, 'gpu_mem_used_mb': 38941.0, 'gpu_load': 0.0, 'client_rank': 47, 'round': 3, 'timestamp': '2025-08-12 06:59:42'}
    [Client 26] System Stats: {'cpu_time': 118.7800000011921, 'ram_used_mb': 3279.130624, 'net_sent_bytes': 14371, 'net_recv_bytes': 51134, 'gpu_mem_used_mb': 38941.0, 'gpu_load': 0.0, 'client_rank': 26, 'round': 3, 'timestamp': '2025-08-12 06:59:43'}
    [Client 49] Statistical Utility: {'client_rank': 49, 'round': 3, 'data_size': 610, 'data_variance': 0.06524641066789627, 'local_loss': 2.326392889022827, 'local_accuracy': 17.540983855724335}
    [Client 30] Statistical Utility: {'client_rank': 30, 'round': 3, 'data_size': 2241, 'data_variance': 0.06377047300338745, 'local_loss': 2.661637544631958, 'local_accuracy': 14.145471155643463}
    [Client 10] Statistical Utility: {'client_rank': 10, 'round': 3, 'data_size': 110, 'data_variance': 0.06482775509357452, 'local_loss': 2.320890188217163, 'local_accuracy': 12.727272510528564}
    [Client 7] Statistical Utility: {'client_rank': 7, 'round': 3, 'data_size': 177, 'data_variance': 0.05976519733667374, 'local_loss': 2.455624580383301, 'local_accuracy': 16.38418138027191}
    [Client 17] Statistical Utility: {'client_rank': 17, 'round': 3, 'data_size': 48, 'data_variance': 0.05824858695268631, 'local_loss': 2.1871368885040283, 'local_accuracy': 27.08333432674408}
    [Client 34] Statistical Utility: {'client_rank': 34, 'round': 3, 'data_size': 469, 'data_variance': 0.06394526362419128, 'local_loss': 2.435842752456665, 'local_accuracy': 19.616204500198364}
    [Client 45] Statistical Utility: {'client_rank': 45, 'round': 3, 'data_size': 514, 'data_variance': 0.061238404363393784, 'local_loss': 2.3395605087280273, 'local_accuracy': 15.758754312992096}
    [Client 21] Statistical Utility: {'client_rank': 21, 'round': 3, 'data_size': 60, 'data_variance': 0.07171547412872314, 'local_loss': 2.3578169345855713, 'local_accuracy': 16.66666716337204}
    [Client 18] Statistical Utility: {'client_rank': 18, 'round': 3, 'data_size': 203, 'data_variance': 0.062376607209444046, 'local_loss': 2.4173331260681152, 'local_accuracy': 16.25615805387497}
    [Client 48] Statistical Utility: {'client_rank': 48, 'round': 3, 'data_size': 171, 'data_variance': 0.05894334241747856, 'local_loss': 2.3358335494995117, 'local_accuracy': 19.883041083812714}
    [Client 9] Statistical Utility: {'client_rank': 9, 'round': 3, 'data_size': 851, 'data_variance': 0.06420741230249405, 'local_loss': 2.37788724899292, 'local_accuracy': 17.861339449882507}
    [Client 33] Statistical Utility: {'client_rank': 33, 'round': 3, 'data_size': 781, 'data_variance': 0.06399969011545181, 'local_loss': 2.309817314147949, 'local_accuracy': 19.334186613559723}
    [Client 31] Statistical Utility: {'client_rank': 31, 'round': 3, 'data_size': 739, 'data_variance': 0.06372059881687164, 'local_loss': 2.433420419692993, 'local_accuracy': 19.3504735827446}
    [Client 23] Statistical Utility: {'client_rank': 23, 'round': 3, 'data_size': 220, 'data_variance': 0.06436336040496826, 'local_loss': 2.2584943771362305, 'local_accuracy': 18.18181872367859}
    [Client 35] Statistical Utility: {'client_rank': 35, 'round': 3, 'data_size': 1014, 'data_variance': 0.06343989819288254, 'local_loss': 2.3400473594665527, 'local_accuracy': 14.694279432296753}
    [Client 46] Statistical Utility: {'client_rank': 46, 'round': 3, 'data_size': 1018, 'data_variance': 0.0634816437959671, 'local_loss': 2.1403653621673584, 'local_accuracy': 27.308449149131775}
    [Client 1] Statistical Utility: {'client_rank': 1, 'round': 3, 'data_size': 106, 'data_variance': 0.060532305389642715, 'local_loss': 2.410278797149658, 'local_accuracy': 8.490566164255142}
    [Client 16] Statistical Utility: {'client_rank': 16, 'round': 3, 'data_size': 103, 'data_variance': 0.06744927167892456, 'local_loss': 2.2619576454162598, 'local_accuracy': 17.475728690624237}
    [Client 14] Statistical Utility: {'client_rank': 14, 'round': 3, 'data_size': 796, 'data_variance': 0.063325434923172, 'local_loss': 2.3409950733184814, 'local_accuracy': 18.718592822551727}
    [Client 12] Statistical Utility: {'client_rank': 12, 'round': 3, 'data_size': 232, 'data_variance': 0.0640404000878334, 'local_loss': 2.456007242202759, 'local_accuracy': 12.931033968925476}
    [Client 43] Statistical Utility: {'client_rank': 43, 'round': 3, 'data_size': 3139, 'data_variance': 0.06272062659263611, 'local_loss': 2.2086474895477295, 'local_accuracy': 23.032812774181366}
    [Client 8] Statistical Utility: {'client_rank': 8, 'round': 3, 'data_size': 869, 'data_variance': 0.06386084854602814, 'local_loss': 2.430330753326416, 'local_accuracy': 20.598389208316803}
    [Client 4] Statistical Utility: {'client_rank': 4, 'round': 3, 'data_size': 151, 'data_variance': 0.05981486663222313, 'local_loss': 2.268537998199463, 'local_accuracy': 19.205297529697418}
    [Client 6] Statistical Utility: {'client_rank': 6, 'round': 3, 'data_size': 538, 'data_variance': 0.0634567141532898, 'local_loss': 2.176884651184082, 'local_accuracy': 19.33085471391678}
    [Client 36] Statistical Utility: {'client_rank': 36, 'round': 3, 'data_size': 1866, 'data_variance': 0.06286414712667465, 'local_loss': 2.547766923904419, 'local_accuracy': 21.382637321949005}
    [Client 19] Statistical Utility: {'client_rank': 19, 'round': 3, 'data_size': 251, 'data_variance': 0.06290765851736069, 'local_loss': 2.2607975006103516, 'local_accuracy': 23.505976796150208}
    [Client 1] Round 3 - Sending updated weights to server...
    [Client 48] Round 3 - Sending updated weights to server...
Received weights from client 1
Waiting for model weights from client 2...
    [Client 23] Round 3 - Sending updated weights to server...
    [Client 1] Round 4 - Waiting for global weights...
    [Client 49] Round 3 - Sending updated weights to server...
    [Client 35] Round 3 - Sending updated weights to server...
    [Client 31] Round 3 - Sending updated weights to server...
    [Client 14] Round 3 - Sending updated weights to server...
    [Client 43] Round 3 - Sending updated weights to server...
    [Client 6] Round 3 - Sending updated weights to server...
    [Client 33] Round 3 - Sending updated weights to server...
    [Client 34] Round 3 - Sending updated weights to server...
    [Client 46] Round 3 - Sending updated weights to server...
    [Client 17] Round 3 - Sending updated weights to server...
    [Client 10] Round 3 - Sending updated weights to server...
    [Client 9] Round 3 - Sending updated weights to server...
    [Client 30] Round 3 - Sending updated weights to server...
    [Client 19] Round 3 - Sending updated weights to server...
    [Client 42] Statistical Utility: {'client_rank': 42, 'round': 3, 'data_size': 655, 'data_variance': 0.06275031715631485, 'local_loss': 2.4702019691467285, 'local_accuracy': 18.16793829202652}
    [Client 13] Statistical Utility: {'client_rank': 13, 'round': 3, 'data_size': 584, 'data_variance': 0.06142173707485199, 'local_loss': 2.20857572555542, 'local_accuracy': 16.780821979045868}
    [Client 37] Statistical Utility: {'client_rank': 37, 'round': 3, 'data_size': 990, 'data_variance': 0.06288761645555496, 'local_loss': 3.2235307693481445, 'local_accuracy': 12.323231995105743}
    [Client 41] Statistical Utility: {'client_rank': 41, 'round': 3, 'data_size': 365, 'data_variance': 0.06258073449134827, 'local_loss': 2.423701524734497, 'local_accuracy': 13.42465728521347}
    [Client 5] Statistical Utility: {'client_rank': 5, 'round': 3, 'data_size': 1851, 'data_variance': 0.06492260843515396, 'local_loss': 2.3787336349487305, 'local_accuracy': 21.988114714622498}
    [Client 50] Statistical Utility: {'client_rank': 50, 'round': 3, 'data_size': 61, 'data_variance': 0.062268633395433426, 'local_loss': 2.3609683513641357, 'local_accuracy': 13.114753365516663}
    [Client 27] Statistical Utility: {'client_rank': 27, 'round': 3, 'data_size': 1413, 'data_variance': 0.06384675949811935, 'local_loss': 2.3770499229431152, 'local_accuracy': 21.30219340324402}
    [Client 11] Statistical Utility: {'client_rank': 11, 'round': 3, 'data_size': 2916, 'data_variance': 0.06301935017108917, 'local_loss': 2.4633073806762695, 'local_accuracy': 19.341564178466797}
    [Client 22] Statistical Utility: {'client_rank': 22, 'round': 3, 'data_size': 5090, 'data_variance': 0.06339983642101288, 'local_loss': 2.2989590167999268, 'local_accuracy': 20.43222039937973}
    [Client 20] Statistical Utility: {'client_rank': 20, 'round': 3, 'data_size': 1618, 'data_variance': 0.06333921104669571, 'local_loss': 2.4940857887268066, 'local_accuracy': 18.72682273387909}
    [Client 40] Statistical Utility: {'client_rank': 40, 'round': 3, 'data_size': 2534, 'data_variance': 0.06332460045814514, 'local_loss': 2.21144962310791, 'local_accuracy': 25.29597580432892}
    [Client 25] Statistical Utility: {'client_rank': 25, 'round': 3, 'data_size': 1641, 'data_variance': 0.06381169706583023, 'local_loss': 2.5718941688537598, 'local_accuracy': 14.381474256515503}
    [Client 28] Statistical Utility: {'client_rank': 28, 'round': 3, 'data_size': 2302, 'data_variance': 0.06293399631977081, 'local_loss': 2.4848785400390625, 'local_accuracy': 20.634230971336365}
    [Client 2] Statistical Utility: {'client_rank': 2, 'round': 3, 'data_size': 3829, 'data_variance': 0.06370898336172104, 'local_loss': 2.2814159393310547, 'local_accuracy': 21.78114354610443}
    [Client 29] Statistical Utility: {'client_rank': 29, 'round': 3, 'data_size': 585, 'data_variance': 0.06192883104085922, 'local_loss': 2.350832223892212, 'local_accuracy': 18.63247901201248}
    [Client 47] Statistical Utility: {'client_rank': 47, 'round': 3, 'data_size': 355, 'data_variance': 0.06091005727648735, 'local_loss': 2.4871394634246826, 'local_accuracy': 10.704225301742554}
    [Client 45] Round 3 - Sending updated weights to server...
    [Client 16] Round 3 - Sending updated weights to server...
    [Client 26] Statistical Utility: {'client_rank': 26, 'round': 3, 'data_size': 694, 'data_variance': 0.06427877396345139, 'local_loss': 2.3529796600341797, 'local_accuracy': 19.452449679374695}
    [Client 36] Round 3 - Sending updated weights to server...
    [Client 3] Round 3 - Sending updated weights to server...
    [Client 15] Round 3 - Sending updated weights to server...
    [Client 7] Round 3 - Sending updated weights to server...
    [Client 42] Round 3 - Sending updated weights to server...
    [Client 29] Round 3 - Sending updated weights to server...
    [Client 28] Round 3 - Sending updated weights to server...
    [Client 26] Round 3 - Sending updated weights to server...
    [Client 13] Round 3 - Sending updated weights to server...
    [Client 2] Round 3 - Sending updated weights to server...
Received weights from client 2
Waiting for model weights from client 3...
Received weights from client 3
Waiting for model weights from client 4...
    [Client 11] Round 3 - Sending updated weights to server...
    [Client 5] Round 3 - Sending updated weights to server...
    [Client 2] Round 4 - Waiting for global weights...
    [Client 3] Round 4 - Waiting for global weights...
    [Client 47] Round 3 - Sending updated weights to server...
    [Client 40] Round 3 - Sending updated weights to server...
    [Client 8] Round 3 - Sending updated weights to server...
    [Client 37] Round 3 - Sending updated weights to server...
    [Client 50] Round 3 - Sending updated weights to server...
    [Client 41] Round 3 - Sending updated weights to server...
    [Client 27] Round 3 - Sending updated weights to server...
    [Client 22] Round 3 - Sending updated weights to server...
    [Client 25] Round 3 - Sending updated weights to server...
    [Client 12] Round 3 - Sending updated weights to server...
    [Client 18] Round 3 - Sending updated weights to server...
    [Client 21] Round 3 - Sending updated weights to server...
    [Client 38] System Stats: {'cpu_time': 425.0600000023842, 'ram_used_mb': 3342.688256, 'net_sent_bytes': 65423, 'net_recv_bytes': 132773, 'gpu_mem_used_mb': 38941.0, 'gpu_load': 0.01, 'client_rank': 38, 'round': 3, 'timestamp': '2025-08-12 06:59:57'}
    [Client 20] Round 3 - Sending updated weights to server...
    [Client 38] Statistical Utility: {'client_rank': 38, 'round': 3, 'data_size': 3091, 'data_variance': 0.06275180727243423, 'local_loss': 2.379146099090576, 'local_accuracy': 21.449369192123413}
    [Client 38] Round 3 - Sending updated weights to server...
    [Client 39] System Stats: {'cpu_time': 294.13000000081956, 'ram_used_mb': 3349.884928, 'net_sent_bytes': 72746, 'net_recv_bytes': 161830, 'gpu_mem_used_mb': 38941.0, 'gpu_load': 0.0, 'client_rank': 39, 'round': 3, 'timestamp': '2025-08-12 07:00:00'}
    [Client 4] Round 3 - Sending updated weights to server...
Received weights from client 4
Waiting for model weights from client 5...
Received weights from client 5
Waiting for model weights from client 6...
Received weights from client 6
Waiting for model weights from client 7...
Received weights from client 7
Waiting for model weights from client 8...
Received weights from client 8
Waiting for model weights from client 9...
Received weights from client 9
Waiting for model weights from client 10...
Received weights from client 10
Waiting for model weights from client 11...
Received weights from client 11
Waiting for model weights from client 12...
Received weights from client 12
Waiting for model weights from client 13...
Received weights from client 13
Waiting for model weights from client 14...
Received weights from client 14
Waiting for model weights from client 15...
Received weights from client 15
Waiting for model weights from client 16...
Received weights from client 16
Waiting for model weights from client 17...
Received weights from client 17
Waiting for model weights from client 18...
Received weights from client 18
Waiting for model weights from client 19...
Received weights from client 19
Waiting for model weights from client 20...
Received weights from client 20
Waiting for model weights from client 21...
Received weights from client 21
Waiting for model weights from client 22...
Received weights from client 22
Waiting for model weights from client 23...
Received weights from client 23
Waiting for model weights from client 24...
    [Client 4] Round 4 - Waiting for global weights...
    [Client 5] Round 4 - Waiting for global weights...
    [Client 6] Round 4 - Waiting for global weights...
    [Client 7] Round 4 - Waiting for global weights...
    [Client 11] Round 4 - Waiting for global weights...
    [Client 10] Round 4 - Waiting for global weights...
    [Client 9] Round 4 - Waiting for global weights...
    [Client 8] Round 4 - Waiting for global weights...
    [Client 12] Round 4 - Waiting for global weights...
    [Client 14] Round 4 - Waiting for global weights...
    [Client 15] Round 4 - Waiting for global weights...
    [Client 16] Round 4 - Waiting for global weights...
    [Client 17] Round 4 - Waiting for global weights...
    [Client 18] Round 4 - Waiting for global weights...
    [Client 13] Round 4 - Waiting for global weights...
    [Client 19] Round 4 - Waiting for global weights...
    [Client 21] Round 4 - Waiting for global weights...
    [Client 22] Round 4 - Waiting for global weights...
    [Client 20] Round 4 - Waiting for global weights...
    [Client 23] Round 4 - Waiting for global weights...
    [Client 39] Statistical Utility: {'client_rank': 39, 'round': 3, 'data_size': 1931, 'data_variance': 0.06222812458872795, 'local_loss': 2.4911839962005615, 'local_accuracy': 18.125323951244354}
    [Client 39] Round 3 - Sending updated weights to server...
    [Client 24] System Stats: {'cpu_time': 16122.599999997765, 'ram_used_mb': 2857.951232, 'net_sent_bytes': 17026592, 'net_recv_bytes': 25989505, 'gpu_mem_used_mb': 38939.0, 'gpu_load': 0.0, 'client_rank': 24, 'round': 3, 'timestamp': '2025-08-12 08:16:19'}
    [Client 24] Statistical Utility: {'client_rank': 24, 'round': 3, 'data_size': 7, 'data_variance': 0.05676484853029251, 'local_loss': 2.091282367706299, 'local_accuracy': 42.85714328289032}
    [Client 24] Round 3 - Sending updated weights to server...
Received weights from client 24
Waiting for model weights from client 25...
Received weights from client 25
Waiting for model weights from client 26...
Received weights from client 26
Waiting for model weights from client 27...
Received weights from client 27
Waiting for model weights from client 28...
Received weights from client 28
Waiting for model weights from client 29...
Received weights from client 29
Waiting for model weights from client 30...
Received weights from client 30
Waiting for model weights from client 31...
Received weights from client 31
Waiting for model weights from client 32...
Received weights from client 32
Waiting for model weights from client 33...
Received weights from client 33
Waiting for model weights from client 34...
Received weights from client 34
Waiting for model weights from client 35...
Received weights from client 35
Waiting for model weights from client 36...
Received weights from client 36
Waiting for model weights from client 37...
Received weights from client 37
Waiting for model weights from client 38...
Received weights from client 38
Waiting for model weights from client 39...
Received weights from client 39
Waiting for model weights from client 40...
Received weights from client 40
Waiting for model weights from client 41...
Received weights from client 41
Waiting for model weights from client 42...
Received weights from client 42
Waiting for model weights from client 43...
Received weights from client 43
Waiting for model weights from client 44...
Received weights from client 44
Waiting for model weights from client 45...
Received weights from client 45
Waiting for model weights from client 46...
Received weights from client 46
Waiting for model weights from client 47...
Received weights from client 47
Waiting for model weights from client 48...
Received weights from client 48
Waiting for model weights from client 49...
Received weights from client 49
Waiting for model weights from client 50...
Received weights from client 50
Received system metrics from client 1: {'cpu_time': 46.019999999552965, 'ram_used_mb': 3226.619904, 'net_sent_bytes': 39650, 'net_recv_bytes': 60571, 'gpu_mem_used_mb': 38941.0, 'gpu_load': 0.0, 'client_rank': 1, 'round': 3, 'timestamp': '2025-08-12 06:59:42'}
Received system metrics from client 2: {'cpu_time': 45.25999999791384, 'ram_used_mb': 3358.932992, 'net_sent_bytes': 5415, 'net_recv_bytes': 41528, 'gpu_mem_used_mb': 38941.0, 'gpu_load': 0.0, 'client_rank': 2, 'round': 3, 'timestamp': '2025-08-12 06:59:42'}
Received system metrics from client 3: {'cpu_time': 40.49000000022352, 'ram_used_mb': 3246.923776, 'net_sent_bytes': 73058, 'net_recv_bytes': 57224, 'gpu_mem_used_mb': 38941.0, 'gpu_load': 0.0, 'client_rank': 3, 'round': 3, 'timestamp': '2025-08-12 06:59:42'}
Received system metrics from client 4: {'cpu_time': 42.40999999642372, 'ram_used_mb': 3244.171264, 'net_sent_bytes': 17460, 'net_recv_bytes': 44679, 'gpu_mem_used_mb': 38941.0, 'gpu_load': 0.0, 'client_rank': 4, 'round': 3, 'timestamp': '2025-08-12 06:59:42'}
Received system metrics from client 5: {'cpu_time': 41.899999998509884, 'ram_used_mb': 3357.827072, 'net_sent_bytes': 1043, 'net_recv_bytes': 41454, 'gpu_mem_used_mb': 38941.0, 'gpu_load': 0.0, 'client_rank': 5, 'round': 3, 'timestamp': '2025-08-12 06:59:42'}
Received system metrics from client 6: {'cpu_time': 88.61999999731779, 'ram_used_mb': 3304.26368, 'net_sent_bytes': 196064, 'net_recv_bytes': 230747, 'gpu_mem_used_mb': 38941.0, 'gpu_load': 0.0, 'client_rank': 6, 'round': 3, 'timestamp': '2025-08-12 06:59:42'}
Received system metrics from client 7: {'cpu_time': 252.50000000745058, 'ram_used_mb': 3248.164864, 'net_sent_bytes': 78488, 'net_recv_bytes': 63048, 'gpu_mem_used_mb': 38941.0, 'gpu_load': 0.0, 'client_rank': 7, 'round': 3, 'timestamp': '2025-08-12 06:59:42'}
Received system metrics from client 8: {'cpu_time': 41.08999999985099, 'ram_used_mb': 3314.700288, 'net_sent_bytes': 1998, 'net_recv_bytes': 38115, 'gpu_mem_used_mb': 38941.0, 'gpu_load': 0.0, 'client_rank': 8, 'round': 3, 'timestamp': '2025-08-12 06:59:42'}
Received system metrics from client 9: {'cpu_time': 40.99000000022352, 'ram_used_mb': 3140.513792, 'net_sent_bytes': 33818, 'net_recv_bytes': 38288, 'gpu_mem_used_mb': 38941.0, 'gpu_load': 0.0, 'client_rank': 9, 'round': 3, 'timestamp': '2025-08-12 06:59:42'}
Received system metrics from client 10: {'cpu_time': 40.810000002384186, 'ram_used_mb': 3120.689152, 'net_sent_bytes': 72303, 'net_recv_bytes': 56210, 'gpu_mem_used_mb': 38941.0, 'gpu_load': 0.0, 'client_rank': 10, 'round': 3, 'timestamp': '2025-08-12 06:59:42'}
Received system metrics from client 11: {'cpu_time': 41.78999999910593, 'ram_used_mb': 3251.519488, 'net_sent_bytes': 17934, 'net_recv_bytes': 58465, 'gpu_mem_used_mb': 38941.0, 'gpu_load': 0.0, 'client_rank': 11, 'round': 3, 'timestamp': '2025-08-12 06:59:42'}
Received system metrics from client 12: {'cpu_time': 41.25000000372529, 'ram_used_mb': 3255.164928, 'net_sent_bytes': 33214, 'net_recv_bytes': 42090, 'gpu_mem_used_mb': 38941.0, 'gpu_load': 0.0, 'client_rank': 12, 'round': 3, 'timestamp': '2025-08-12 06:59:42'}
Received system metrics from client 13: {'cpu_time': 42.31999999843538, 'ram_used_mb': 3285.680128, 'net_sent_bytes': 77907, 'net_recv_bytes': 62809, 'gpu_mem_used_mb': 38941.0, 'gpu_load': 0.0, 'client_rank': 13, 'round': 3, 'timestamp': '2025-08-12 06:59:42'}
Received system metrics from client 14: {'cpu_time': 31.580000000074506, 'ram_used_mb': 3310.645248, 'net_sent_bytes': 886, 'net_recv_bytes': 41547, 'gpu_mem_used_mb': 38941.0, 'gpu_load': 0.0, 'client_rank': 14, 'round': 3, 'timestamp': '2025-08-12 06:59:42'}
Received system metrics from client 15: {'cpu_time': 49.25, 'ram_used_mb': 2924.593152, 'net_sent_bytes': 34615, 'net_recv_bytes': 30373, 'gpu_mem_used_mb': 38939.0, 'gpu_load': 0.0, 'client_rank': 15, 'round': 3, 'timestamp': '2025-08-12 06:59:39'}
Received system metrics from client 16: {'cpu_time': 41.230000004172325, 'ram_used_mb': 3241.5744, 'net_sent_bytes': 39971, 'net_recv_bytes': 55466, 'gpu_mem_used_mb': 38941.0, 'gpu_load': 0.01, 'client_rank': 16, 'round': 3, 'timestamp': '2025-08-12 06:59:42'}
Received system metrics from client 17: {'cpu_time': 31.990000002086163, 'ram_used_mb': 3239.694336, 'net_sent_bytes': 1301, 'net_recv_bytes': 37291, 'gpu_mem_used_mb': 38941.0, 'gpu_load': 0.0, 'client_rank': 17, 'round': 3, 'timestamp': '2025-08-12 06:59:42'}
Received system metrics from client 18: {'cpu_time': 41.21000000089407, 'ram_used_mb': 3227.967488, 'net_sent_bytes': 40469, 'net_recv_bytes': 59544, 'gpu_mem_used_mb': 38941.0, 'gpu_load': 0.01, 'client_rank': 18, 'round': 3, 'timestamp': '2025-08-12 06:59:42'}
Received system metrics from client 19: {'cpu_time': 106.32999999821186, 'ram_used_mb': 3257.155584, 'net_sent_bytes': 32557, 'net_recv_bytes': 42113, 'gpu_mem_used_mb': 38941.0, 'gpu_load': 0.0, 'client_rank': 19, 'round': 3, 'timestamp': '2025-08-12 06:59:42'}
Received system metrics from client 20: {'cpu_time': 41.899999998509884, 'ram_used_mb': 3306.278912, 'net_sent_bytes': 3763, 'net_recv_bytes': 38620, 'gpu_mem_used_mb': 38941.0, 'gpu_load': 0.0, 'client_rank': 20, 'round': 3, 'timestamp': '2025-08-12 06:59:42'}
Received system metrics from client 21: {'cpu_time': 12.220000000670552, 'ram_used_mb': 3222.822912, 'net_sent_bytes': 2637, 'net_recv_bytes': 42211, 'gpu_mem_used_mb': 38941.0, 'gpu_load': 0.0, 'client_rank': 21, 'round': 3, 'timestamp': '2025-08-12 06:59:42'}
Received system metrics from client 22: {'cpu_time': 41.70000000298023, 'ram_used_mb': 3423.842304, 'net_sent_bytes': 2701, 'net_recv_bytes': 37437, 'gpu_mem_used_mb': 38941.0, 'gpu_load': 0.0, 'client_rank': 22, 'round': 3, 'timestamp': '2025-08-12 06:59:42'}
Received system metrics from client 23: {'cpu_time': 31.240000002086163, 'ram_used_mb': 3236.319232, 'net_sent_bytes': 53915, 'net_recv_bytes': 49360, 'gpu_mem_used_mb': 38941.0, 'gpu_load': 0.0, 'client_rank': 23, 'round': 3, 'timestamp': '2025-08-12 06:59:42'}
Received system metrics from client 24: {'cpu_time': 16122.599999997765, 'ram_used_mb': 2857.951232, 'net_sent_bytes': 17026592, 'net_recv_bytes': 25989505, 'gpu_mem_used_mb': 38939.0, 'gpu_load': 0.0, 'client_rank': 24, 'round': 3, 'timestamp': '2025-08-12 08:16:19'}
Received system metrics from client 25: {'cpu_time': 32.96999999880791, 'ram_used_mb': 3342.4384, 'net_sent_bytes': 75573, 'net_recv_bytes': 62454, 'gpu_mem_used_mb': 38941.0, 'gpu_load': 0.0, 'client_rank': 25, 'round': 3, 'timestamp': '2025-08-12 06:59:42'}
Received system metrics from client 26: {'cpu_time': 118.7800000011921, 'ram_used_mb': 3279.130624, 'net_sent_bytes': 14371, 'net_recv_bytes': 51134, 'gpu_mem_used_mb': 38941.0, 'gpu_load': 0.0, 'client_rank': 26, 'round': 3, 'timestamp': '2025-08-12 06:59:43'}
Received system metrics from client 27: {'cpu_time': 32.03999999910593, 'ram_used_mb': 3328.086016, 'net_sent_bytes': 884, 'net_recv_bytes': 40884, 'gpu_mem_used_mb': 38941.0, 'gpu_load': 0.0, 'client_rank': 27, 'round': 3, 'timestamp': '2025-08-12 06:59:42'}
Received system metrics from client 28: {'cpu_time': 50.210000002756715, 'ram_used_mb': 3360.104448, 'net_sent_bytes': 32799, 'net_recv_bytes': 42493, 'gpu_mem_used_mb': 38941.0, 'gpu_load': 0.0, 'client_rank': 28, 'round': 3, 'timestamp': '2025-08-12 06:59:42'}
Received system metrics from client 29: {'cpu_time': 39.96999999880791, 'ram_used_mb': 3289.055232, 'net_sent_bytes': 37711374, 'net_recv_bytes': 37744264, 'gpu_mem_used_mb': 38941.0, 'gpu_load': 0.0, 'client_rank': 29, 'round': 3, 'timestamp': '2025-08-12 06:59:42'}
Received system metrics from client 30: {'cpu_time': 40.17000000178814, 'ram_used_mb': 3382.04672, 'net_sent_bytes': 3281, 'net_recv_bytes': 41660, 'gpu_mem_used_mb': 38941.0, 'gpu_load': 0.0, 'client_rank': 30, 'round': 3, 'timestamp': '2025-08-12 06:59:42'}
Received system metrics from client 31: {'cpu_time': 107.33999999985099, 'ram_used_mb': 3148.63616, 'net_sent_bytes': 42199, 'net_recv_bytes': 55972, 'gpu_mem_used_mb': 38941.0, 'gpu_load': 0.0, 'client_rank': 31, 'round': 3, 'timestamp': '2025-08-12 06:59:42'}
Received system metrics from client 32: {'cpu_time': 0.15000000037252903, 'ram_used_mb': 2009.489408, 'net_sent_bytes': 0, 'net_recv_bytes': 0, 'gpu_mem_used_mb': 38911.0, 'gpu_load': 0.0, 'client_rank': 32, 'round': 3, 'timestamp': '2025-08-12 06:59:32', 'skipped': True}
Received system metrics from client 33: {'cpu_time': 46.33999999985099, 'ram_used_mb': 3249.844224, 'net_sent_bytes': 68848, 'net_recv_bytes': 80931, 'gpu_mem_used_mb': 38941.0, 'gpu_load': 0.0, 'client_rank': 33, 'round': 3, 'timestamp': '2025-08-12 06:59:42'}
Received system metrics from client 34: {'cpu_time': 44.250000000116415, 'ram_used_mb': 3176.177664, 'net_sent_bytes': 70014, 'net_recv_bytes': 56161, 'gpu_mem_used_mb': 38941.0, 'gpu_load': 0.0, 'client_rank': 34, 'round': 3, 'timestamp': '2025-08-12 06:59:42'}
Received system metrics from client 35: {'cpu_time': 42.42000000178814, 'ram_used_mb': 3292.246016, 'net_sent_bytes': 926, 'net_recv_bytes': 37373, 'gpu_mem_used_mb': 38941.0, 'gpu_load': 0.0, 'client_rank': 35, 'round': 3, 'timestamp': '2025-08-12 06:59:42'}
Received system metrics from client 36: {'cpu_time': 22.219999998807907, 'ram_used_mb': 3352.281088, 'net_sent_bytes': 17156, 'net_recv_bytes': 37783, 'gpu_mem_used_mb': 38941.0, 'gpu_load': 0.0, 'client_rank': 36, 'round': 3, 'timestamp': '2025-08-12 06:59:42'}
Received system metrics from client 37: {'cpu_time': 42.130000000819564, 'ram_used_mb': 3290.243072, 'net_sent_bytes': 32728, 'net_recv_bytes': 42039, 'gpu_mem_used_mb': 38941.0, 'gpu_load': 0.0, 'client_rank': 37, 'round': 3, 'timestamp': '2025-08-12 06:59:42'}
Received system metrics from client 38: {'cpu_time': 425.0600000023842, 'ram_used_mb': 3342.688256, 'net_sent_bytes': 65423, 'net_recv_bytes': 132773, 'gpu_mem_used_mb': 38941.0, 'gpu_load': 0.01, 'client_rank': 38, 'round': 3, 'timestamp': '2025-08-12 06:59:57'}
Received system metrics from client 39: {'cpu_time': 294.13000000081956, 'ram_used_mb': 3349.884928, 'net_sent_bytes': 72746, 'net_recv_bytes': 161830, 'gpu_mem_used_mb': 38941.0, 'gpu_load': 0.0, 'client_rank': 39, 'round': 3, 'timestamp': '2025-08-12 07:00:00'}
Received system metrics from client 40: {'cpu_time': 36.65999999642372, 'ram_used_mb': 3295.715328, 'net_sent_bytes': 29370, 'net_recv_bytes': 112623, 'gpu_mem_used_mb': 38941.0, 'gpu_load': 0.0, 'client_rank': 40, 'round': 3, 'timestamp': '2025-08-12 06:59:42'}
Received system metrics from client 41: {'cpu_time': 41.649999998509884, 'ram_used_mb': 3260.669952, 'net_sent_bytes': 722, 'net_recv_bytes': 36640, 'gpu_mem_used_mb': 38941.0, 'gpu_load': 0.0, 'client_rank': 41, 'round': 3, 'timestamp': '2025-08-12 06:59:42'}
Received system metrics from client 42: {'cpu_time': 32.169999999925494, 'ram_used_mb': 3312.41472, 'net_sent_bytes': 2826, 'net_recv_bytes': 41592, 'gpu_mem_used_mb': 38941.0, 'gpu_load': 0.0, 'client_rank': 42, 'round': 3, 'timestamp': '2025-08-12 06:59:42'}
Received system metrics from client 43: {'cpu_time': 135.22999999672174, 'ram_used_mb': 3373.412352, 'net_sent_bytes': 14070, 'net_recv_bytes': 41636, 'gpu_mem_used_mb': 38941.0, 'gpu_load': 0.0, 'client_rank': 43, 'round': 3, 'timestamp': '2025-08-12 06:59:42'}
Received system metrics from client 44: {'cpu_time': 21.740000002086163, 'ram_used_mb': 2946.543616, 'net_sent_bytes': 18624, 'net_recv_bytes': 35158, 'gpu_mem_used_mb': 38939.0, 'gpu_load': 0.0, 'client_rank': 44, 'round': 3, 'timestamp': '2025-08-12 06:59:39'}
Received system metrics from client 45: {'cpu_time': 22.21000000089407, 'ram_used_mb': 3278.618624, 'net_sent_bytes': 56100, 'net_recv_bytes': 65729, 'gpu_mem_used_mb': 38941.0, 'gpu_load': 0.0, 'client_rank': 45, 'round': 3, 'timestamp': '2025-08-12 06:59:42'}
Received system metrics from client 46: {'cpu_time': 107.07999999821186, 'ram_used_mb': 3273.682944, 'net_sent_bytes': 36181, 'net_recv_bytes': 42295, 'gpu_mem_used_mb': 38941.0, 'gpu_load': 0.0, 'client_rank': 46, 'round': 3, 'timestamp': '2025-08-12 06:59:42'}
Received system metrics from client 47: {'cpu_time': 33.349999994039536, 'ram_used_mb': 3273.035776, 'net_sent_bytes': 35682, 'net_recv_bytes': 45916, 'gpu_mem_used_mb': 38941.0, 'gpu_load': 0.0, 'client_rank': 47, 'round': 3, 'timestamp': '2025-08-12 06:59:42'}
Received system metrics from client 48: {'cpu_time': 40.939999997615814, 'ram_used_mb': 3246.739456, 'net_sent_bytes': 1188, 'net_recv_bytes': 37767, 'gpu_mem_used_mb': 38941.0, 'gpu_load': 0.0, 'client_rank': 48, 'round': 3, 'timestamp': '2025-08-12 06:59:42'}
Received system metrics from client 49: {'cpu_time': 30.190000001341105, 'ram_used_mb': 3285.901312, 'net_sent_bytes': 47212, 'net_recv_bytes': 63905, 'gpu_mem_used_mb': 38941.0, 'gpu_load': 0.0, 'client_rank': 49, 'round': 3, 'timestamp': '2025-08-12 06:59:42'}
Received system metrics from client 50: {'cpu_time': 143.39000000059605, 'ram_used_mb': 3183.8208, 'net_sent_bytes': 36901, 'net_recv_bytes': 42132, 'gpu_mem_used_mb': 38941.0, 'gpu_load': 0.0, 'client_rank': 50, 'round': 3, 'timestamp': '2025-08-12 06:59:42'}
Averaging model weights...
Evaluating updated global model on test set...
    [Client 32] Round 4 - Waiting for global weights...
    [Client 36] Round 4 - Waiting for global weights...
    [Client 28] Round 4 - Waiting for global weights...
    [Client 35] Round 4 - Waiting for global weights...
    [Client 37] Round 4 - Waiting for global weights...
    [Client 27] Round 4 - Waiting for global weights...
    [Client 40] Round 4 - Waiting for global weights...
    [Client 33] Round 4 - Waiting for global weights...
    [Client 34] Round 4 - Waiting for global weights...
    [Client 38] Round 4 - Waiting for global weights...
    [Client 25] Round 4 - Waiting for global weights...
    [Client 30] Round 4 - Waiting for global weights...
    [Client 31] Round 4 - Waiting for global weights...
    [Client 44] Round 4 - Waiting for global weights...
    [Client 43] Round 4 - Waiting for global weights...
    [Client 29] Round 4 - Waiting for global weights...
    [Client 46] Round 4 - Waiting for global weights...
    [Client 42] Round 4 - Waiting for global weights...
    [Client 50] Round 4 - Waiting for global weights...
    [Client 48] Round 4 - Waiting for global weights...
    [Client 49] Round 4 - Waiting for global weights...
    [Client 45] Round 4 - Waiting for global weights...
    [Client 26] Round 4 - Waiting for global weights...
    [Client 41] Round 4 - Waiting for global weights...
    [Client 39] Round 4 - Waiting for global weights...
    [Client 47] Round 4 - Waiting for global weights...
Round 3 Evaluation - Accuracy: 0.1423, Loss: 2.4044

===== Round 4 =====
Broadcasting global model to all clients...
Waiting for model weights from client 1...
    [Client 35] Round 4 - Training on local data...
    [Client 36] Round 4 - Training on local data...
    [Client 33] Round 4 - Training on local data...
    [Client 42] Round 4 - Training on local data...
    [Client 37] Round 4 - Training on local data...
    [Client 43] Round 4 - Training on local data...
    [Client 34] Round 4 - Training on local data...
    [Client 40] Round 4 - Training on local data...
    [Client 38] Round 4 - Training on local data...
    [Client 39] Round 4 - Training on local data...
    [Client 49] Round 4 - Training on local data...
    [Client 28] Round 4 - Training on local data...
    [Client 30] Round 4 - Training on local data...
    [Client 32] No local samples for this client — skipping training.
    [Client 29] Round 4 - Training on local data...
    [Client 31] Round 4 - Training on local data...
    [Client 41] Round 4 - Training on local data...
    [Client 46] Round 4 - Training on local data...
    [Client 50] Round 4 - Training on local data...
    [Client 44] Round 4 - Training on local data...
    [Client 45] Round 4 - Training on local data...
    [Client 48] Round 4 - Training on local data...
    [Client 47] Round 4 - Training on local data...
    [Client 9] Round 4 - Training on local data...
    [Client 2] Round 4 - Training on local data...
    [Client 11] Round 4 - Training on local data...
    [Client 8] Round 4 - Training on local data...
    [Client 6] Round 4 - Training on local data...
    [Client 3] Round 4 - Training on local data...
    [Client 1] Round 4 - Training on local data...
    [Client 10] Round 4 - Training on local data...
    [Client 13] Round 4 - Training on local data...
    [Client 22] Round 4 - Training on local data...
    [Client 5] Round 4 - Training on local data...
    [Client 7] Round 4 - Training on local data...
    [Client 14] Round 4 - Training on local data...
    [Client 18] Round 4 - Training on local data...
    [Client 23] Round 4 - Training on local data...
    [Client 20] Round 4 - Training on local data...
    [Client 17] Round 4 - Training on local data...
    [Client 21] Round 4 - Training on local data...
    [Client 15] Round 4 - Training on local data...
    [Client 12] Round 4 - Training on local data...
    [Client 4] Round 4 - Training on local data...
    [Client 32] Round 4 - Sending updated weights to server...
    [Client 19] Round 4 - Training on local data...
    [Client 44] System Stats: {'cpu_time': 25.450000002980232, 'ram_used_mb': 3215.118336, 'net_sent_bytes': 35428, 'net_recv_bytes': 28771, 'gpu_mem_used_mb': 38939.0, 'gpu_load': 0.0, 'client_rank': 44, 'round': 4, 'timestamp': '2025-08-12 08:29:03'}
    [Client 15] System Stats: {'cpu_time': 43.32000000029802, 'ram_used_mb': 3204.534272, 'net_sent_bytes': 250, 'net_recv_bytes': 27099, 'gpu_mem_used_mb': 38939.0, 'gpu_load': 0.0, 'client_rank': 15, 'round': 4, 'timestamp': '2025-08-12 08:29:03'}
    [Client 49] System Stats: {'cpu_time': 35.25, 'ram_used_mb': 3498.2912, 'net_sent_bytes': 4887, 'net_recv_bytes': 39321, 'gpu_mem_used_mb': 38941.0, 'gpu_load': 0.0, 'client_rank': 49, 'round': 4, 'timestamp': '2025-08-12 08:29:05'}
    [Client 45] System Stats: {'cpu_time': 35.269999999552965, 'ram_used_mb': 3523.723264, 'net_sent_bytes': 33376, 'net_recv_bytes': 36731, 'gpu_mem_used_mb': 38941.0, 'gpu_load': 0.0, 'client_rank': 45, 'round': 4, 'timestamp': '2025-08-12 08:29:05'}
    [Client 3] System Stats: {'cpu_time': 34.850000001490116, 'ram_used_mb': 3422.687232, 'net_sent_bytes': 37950, 'net_recv_bytes': 45234, 'gpu_mem_used_mb': 38941.0, 'gpu_load': 0.0, 'client_rank': 3, 'round': 4, 'timestamp': '2025-08-12 08:29:05'}
    [Client 30] System Stats: {'cpu_time': 27.28999999910593, 'ram_used_mb': 3591.221248, 'net_sent_bytes': 30691, 'net_recv_bytes': 49937, 'gpu_mem_used_mb': 38941.0, 'gpu_load': 0.0, 'client_rank': 30, 'round': 4, 'timestamp': '2025-08-12 08:29:05'}
    [Client 44] Statistical Utility: {'client_rank': 44, 'round': 4, 'data_size': 10, 'data_variance': 0.06776829808950424, 'local_loss': 2.6846413612365723, 'local_accuracy': 10.000000149011612}
    [Client 33] System Stats: {'cpu_time': 32.81000000052154, 'ram_used_mb': 3509.18656, 'net_sent_bytes': 3107, 'net_recv_bytes': 40273, 'gpu_mem_used_mb': 38941.0, 'gpu_load': 0.0, 'client_rank': 33, 'round': 4, 'timestamp': '2025-08-12 08:29:05'}
    [Client 10] System Stats: {'cpu_time': 35.230000000447035, 'ram_used_mb': 3438.149632, 'net_sent_bytes': 37913, 'net_recv_bytes': 44365, 'gpu_mem_used_mb': 38941.0, 'gpu_load': 0.0, 'client_rank': 10, 'round': 4, 'timestamp': '2025-08-12 08:29:05'}
    [Client 36] System Stats: {'cpu_time': 27.179999999701977, 'ram_used_mb': 3561.34912, 'net_sent_bytes': 70001, 'net_recv_bytes': 52215, 'gpu_mem_used_mb': 38941.0, 'gpu_load': 0.01, 'client_rank': 36, 'round': 4, 'timestamp': '2025-08-12 08:29:05'}
    [Client 35] System Stats: {'cpu_time': 27.8600000012666, 'ram_used_mb': 3521.35168, 'net_sent_bytes': 46901, 'net_recv_bytes': 39934, 'gpu_mem_used_mb': 38941.0, 'gpu_load': 0.0, 'client_rank': 35, 'round': 4, 'timestamp': '2025-08-12 08:29:05'}
    [Client 18] System Stats: {'cpu_time': 35.32000000029802, 'ram_used_mb': 3466.051584, 'net_sent_bytes': 38436, 'net_recv_bytes': 51447, 'gpu_mem_used_mb': 38941.0, 'gpu_load': 0.0, 'client_rank': 18, 'round': 4, 'timestamp': '2025-08-12 08:29:05'}
    [Client 9] System Stats: {'cpu_time': 35.06000000052154, 'ram_used_mb': 3528.179712, 'net_sent_bytes': 451, 'net_recv_bytes': 33123, 'gpu_mem_used_mb': 38941.0, 'gpu_load': 0.0, 'client_rank': 9, 'round': 4, 'timestamp': '2025-08-12 08:29:05'}
    [Client 8] System Stats: {'cpu_time': 35.34000000171363, 'ram_used_mb': 3553.378304, 'net_sent_bytes': 447, 'net_recv_bytes': 33404, 'gpu_mem_used_mb': 38941.0, 'gpu_load': 0.0, 'client_rank': 8, 'round': 4, 'timestamp': '2025-08-12 08:29:05'}
    [Client 20] System Stats: {'cpu_time': 35.230000004172325, 'ram_used_mb': 3551.543296, 'net_sent_bytes': 32710, 'net_recv_bytes': 34353, 'gpu_mem_used_mb': 38941.0, 'gpu_load': 0.0, 'client_rank': 20, 'round': 4, 'timestamp': '2025-08-12 08:29:05'}
    [Client 43] System Stats: {'cpu_time': 25.92000000178814, 'ram_used_mb': 3605.037056, 'net_sent_bytes': 49448, 'net_recv_bytes': 52848, 'gpu_mem_used_mb': 38941.0, 'gpu_load': 0.0, 'client_rank': 43, 'round': 4, 'timestamp': '2025-08-12 08:29:05'}
    [Client 7] System Stats: {'cpu_time': 218.2900000065565, 'ram_used_mb': 3430.985728, 'net_sent_bytes': 52786, 'net_recv_bytes': 56723, 'gpu_mem_used_mb': 38941.0, 'gpu_load': 0.0, 'client_rank': 7, 'round': 4, 'timestamp': '2025-08-12 08:29:05'}
    [Client 46] System Stats: {'cpu_time': 92.79000000655651, 'ram_used_mb': 3533.74208, 'net_sent_bytes': 3785, 'net_recv_bytes': 37777, 'gpu_mem_used_mb': 38941.0, 'gpu_load': 0.0, 'client_rank': 46, 'round': 4, 'timestamp': '2025-08-12 08:29:05'}
    [Client 4] System Stats: {'cpu_time': 35.25, 'ram_used_mb': 3459.616768, 'net_sent_bytes': 1571, 'net_recv_bytes': 34569, 'gpu_mem_used_mb': 38941.0, 'gpu_load': 0.0, 'client_rank': 4, 'round': 4, 'timestamp': '2025-08-12 08:29:05'}
    [Client 21] System Stats: {'cpu_time': 25.5, 'ram_used_mb': 3431.964672, 'net_sent_bytes': 20315, 'net_recv_bytes': 40415, 'gpu_mem_used_mb': 38941.0, 'gpu_load': 0.0, 'client_rank': 21, 'round': 4, 'timestamp': '2025-08-12 08:29:05'}
    [Client 34] System Stats: {'cpu_time': 38.76999999990221, 'ram_used_mb': 3385.040896, 'net_sent_bytes': 68082, 'net_recv_bytes': 59826, 'gpu_mem_used_mb': 38941.0, 'gpu_load': 0.0, 'client_rank': 34, 'round': 4, 'timestamp': '2025-08-12 08:29:05'}
    [Client 23] System Stats: {'cpu_time': 29.03999999910593, 'ram_used_mb': 3462.578176, 'net_sent_bytes': 2542, 'net_recv_bytes': 39875, 'gpu_mem_used_mb': 38941.0, 'gpu_load': 0.0, 'client_rank': 23, 'round': 4, 'timestamp': '2025-08-12 08:29:05'}
    [Client 48] System Stats: {'cpu_time': 117.71000000089407, 'ram_used_mb': 3454.50496, 'net_sent_bytes': 2911, 'net_recv_bytes': 39447, 'gpu_mem_used_mb': 38941.0, 'gpu_load': 0.0, 'client_rank': 48, 'round': 4, 'timestamp': '2025-08-12 08:29:05'}
    [Client 1] System Stats: {'cpu_time': 39.290000000968575, 'ram_used_mb': 3452.268544, 'net_sent_bytes': 38524, 'net_recv_bytes': 54377, 'gpu_mem_used_mb': 38941.0, 'gpu_load': 0.01, 'client_rank': 1, 'round': 4, 'timestamp': '2025-08-12 08:29:05'}
    [Client 14] System Stats: {'cpu_time': 30.359999999403954, 'ram_used_mb': 3524.4032, 'net_sent_bytes': 9511, 'net_recv_bytes': 37493, 'gpu_mem_used_mb': 38941.0, 'gpu_load': 0.0, 'client_rank': 14, 'round': 4, 'timestamp': '2025-08-12 08:29:05'}
    [Client 37] System Stats: {'cpu_time': 36.80000000074506, 'ram_used_mb': 3537.670144, 'net_sent_bytes': 16754, 'net_recv_bytes': 45744, 'gpu_mem_used_mb': 38941.0, 'gpu_load': 0.0, 'client_rank': 37, 'round': 4, 'timestamp': '2025-08-12 08:29:05'}
    [Client 17] System Stats: {'cpu_time': 35.540000000968575, 'ram_used_mb': 3448.0128, 'net_sent_bytes': 31374, 'net_recv_bytes': 43331, 'gpu_mem_used_mb': 38941.0, 'gpu_load': 0.0, 'client_rank': 17, 'round': 4, 'timestamp': '2025-08-12 08:29:05'}
    [Client 13] System Stats: {'cpu_time': 27.650000002235174, 'ram_used_mb': 3476.86912, 'net_sent_bytes': 80628, 'net_recv_bytes': 84413, 'gpu_mem_used_mb': 38941.0, 'gpu_load': 0.0, 'client_rank': 13, 'round': 4, 'timestamp': '2025-08-12 08:29:05'}
    [Client 31] System Stats: {'cpu_time': 87.17999999970198, 'ram_used_mb': 3334.086656, 'net_sent_bytes': 32819, 'net_recv_bytes': 35670, 'gpu_mem_used_mb': 38941.0, 'gpu_load': 0.0, 'client_rank': 31, 'round': 4, 'timestamp': '2025-08-12 08:29:05'}
    [Client 19] System Stats: {'cpu_time': 60.03000000119209, 'ram_used_mb': 3470.557184, 'net_sent_bytes': 973, 'net_recv_bytes': 39699, 'gpu_mem_used_mb': 38941.0, 'gpu_load': 0.0, 'client_rank': 19, 'round': 4, 'timestamp': '2025-08-12 08:29:05'}
    [Client 42] System Stats: {'cpu_time': 19.309999998658895, 'ram_used_mb': 3539.607552, 'net_sent_bytes': 6438, 'net_recv_bytes': 37764, 'gpu_mem_used_mb': 38941.0, 'gpu_load': 0.0, 'client_rank': 42, 'round': 4, 'timestamp': '2025-08-12 08:29:05'}
    [Client 28] System Stats: {'cpu_time': 36.00999999791384, 'ram_used_mb': 3599.13472, 'net_sent_bytes': 32416, 'net_recv_bytes': 35510, 'gpu_mem_used_mb': 38941.0, 'gpu_load': 0.01, 'client_rank': 28, 'round': 4, 'timestamp': '2025-08-12 08:29:05'}
    [Client 6] System Stats: {'cpu_time': 70.64999999850988, 'ram_used_mb': 3494.89152, 'net_sent_bytes': 204151, 'net_recv_bytes': 205908, 'gpu_mem_used_mb': 38941.0, 'gpu_load': 0.0, 'client_rank': 6, 'round': 4, 'timestamp': '2025-08-12 08:29:05'}
    [Client 12] System Stats: {'cpu_time': 35.78999999910593, 'ram_used_mb': 3461.148672, 'net_sent_bytes': 38250, 'net_recv_bytes': 52720, 'gpu_mem_used_mb': 38941.0, 'gpu_load': 0.0, 'client_rank': 12, 'round': 4, 'timestamp': '2025-08-12 08:29:05'}
    [Client 40] System Stats: {'cpu_time': 36.43000000342727, 'ram_used_mb': 3635.28192, 'net_sent_bytes': 38388, 'net_recv_bytes': 51904, 'gpu_mem_used_mb': 38941.0, 'gpu_load': 0.0, 'client_rank': 40, 'round': 4, 'timestamp': '2025-08-12 08:29:05'}
    [Client 5] System Stats: {'cpu_time': 36.28000000119209, 'ram_used_mb': 3545.358336, 'net_sent_bytes': 38277, 'net_recv_bytes': 51804, 'gpu_mem_used_mb': 38941.0, 'gpu_load': 0.0, 'client_rank': 5, 'round': 4, 'timestamp': '2025-08-12 08:29:05'}
    [Client 50] System Stats: {'cpu_time': 117.2200000025332, 'ram_used_mb': 3439.57504, 'net_sent_bytes': 65386, 'net_recv_bytes': 63504, 'gpu_mem_used_mb': 38941.0, 'gpu_load': 0.0, 'client_rank': 50, 'round': 4, 'timestamp': '2025-08-12 08:29:05'}
    [Client 22] System Stats: {'cpu_time': 36.36999999731779, 'ram_used_mb': 3631.497216, 'net_sent_bytes': 70614, 'net_recv_bytes': 46484, 'gpu_mem_used_mb': 38941.0, 'gpu_load': 0.0, 'client_rank': 22, 'round': 4, 'timestamp': '2025-08-12 08:29:05'}
    [Client 38] System Stats: {'cpu_time': 101.5599999986589, 'ram_used_mb': 3552.456704, 'net_sent_bytes': 73255, 'net_recv_bytes': 52873, 'gpu_mem_used_mb': 38941.0, 'gpu_load': 0.0, 'client_rank': 38, 'round': 4, 'timestamp': '2025-08-12 08:29:05'}
    [Client 11] System Stats: {'cpu_time': 36.37000000104308, 'ram_used_mb': 3439.304704, 'net_sent_bytes': 1603, 'net_recv_bytes': 33273, 'gpu_mem_used_mb': 38941.0, 'gpu_load': 0.0, 'client_rank': 11, 'round': 4, 'timestamp': '2025-08-12 08:29:06'}
    [Client 47] System Stats: {'cpu_time': 122.42999999970198, 'ram_used_mb': 3472.994304, 'net_sent_bytes': 36646, 'net_recv_bytes': 41117, 'gpu_mem_used_mb': 38941.0, 'gpu_load': 0.0, 'client_rank': 47, 'round': 4, 'timestamp': '2025-08-12 08:29:06'}
    [Client 2] System Stats: {'cpu_time': 35.649999998509884, 'ram_used_mb': 3590.94272, 'net_sent_bytes': 1557, 'net_recv_bytes': 34257, 'gpu_mem_used_mb': 38941.0, 'gpu_load': 0.0, 'client_rank': 2, 'round': 4, 'timestamp': '2025-08-12 08:29:06'}
    [Client 39] System Stats: {'cpu_time': 67.93000000156462, 'ram_used_mb': 3578.785792, 'net_sent_bytes': 34711, 'net_recv_bytes': 34819, 'gpu_mem_used_mb': 38941.0, 'gpu_load': 0.0, 'client_rank': 39, 'round': 4, 'timestamp': '2025-08-12 08:29:06'}
    [Client 29] System Stats: {'cpu_time': 33.22000000067055, 'ram_used_mb': 3510.546432, 'net_sent_bytes': 70953, 'net_recv_bytes': 41744, 'gpu_mem_used_mb': 38941.0, 'gpu_load': 0.0, 'client_rank': 29, 'round': 4, 'timestamp': '2025-08-12 08:29:06'}
    [Client 15] Statistical Utility: {'client_rank': 15, 'round': 4, 'data_size': 5, 'data_variance': 0.06545884162187576, 'local_loss': 2.855445384979248, 'local_accuracy': 0.0}
    [Client 3] Statistical Utility: {'client_rank': 3, 'round': 4, 'data_size': 195, 'data_variance': 0.0641740933060646, 'local_loss': 2.278656482696533, 'local_accuracy': 15.897436439990997}
    [Client 41] System Stats: {'cpu_time': 47.810000002384186, 'ram_used_mb': 3488.198656, 'net_sent_bytes': 79131, 'net_recv_bytes': 61241, 'gpu_mem_used_mb': 38941.0, 'gpu_load': 0.0, 'client_rank': 41, 'round': 4, 'timestamp': '2025-08-12 08:29:06'}
    [Client 15] Round 4 - Sending updated weights to server...
    [Client 44] Round 4 - Sending updated weights to server...
    [Client 49] Statistical Utility: {'client_rank': 49, 'round': 4, 'data_size': 610, 'data_variance': 0.06524641066789627, 'local_loss': 2.488784074783325, 'local_accuracy': 18.68852525949478}
    [Client 45] Statistical Utility: {'client_rank': 45, 'round': 4, 'data_size': 514, 'data_variance': 0.061238404363393784, 'local_loss': 2.4724905490875244, 'local_accuracy': 17.120622098445892}
    [Client 10] Statistical Utility: {'client_rank': 10, 'round': 4, 'data_size': 110, 'data_variance': 0.06482775509357452, 'local_loss': 2.4922454357147217, 'local_accuracy': 12.727272510528564}
    [Client 33] Statistical Utility: {'client_rank': 33, 'round': 4, 'data_size': 781, 'data_variance': 0.06399969011545181, 'local_loss': 2.329951763153076, 'local_accuracy': 18.565940856933594}
    [Client 30] Statistical Utility: {'client_rank': 30, 'round': 4, 'data_size': 2241, 'data_variance': 0.06377047300338745, 'local_loss': 2.5412042140960693, 'local_accuracy': 20.43730467557907}
    [Client 35] Statistical Utility: {'client_rank': 35, 'round': 4, 'data_size': 1014, 'data_variance': 0.06343989819288254, 'local_loss': 2.398353338241577, 'local_accuracy': 19.52662765979767}
    [Client 18] Statistical Utility: {'client_rank': 18, 'round': 4, 'data_size': 203, 'data_variance': 0.062376607209444046, 'local_loss': 2.412261486053467, 'local_accuracy': 16.25615805387497}
    [Client 21] Statistical Utility: {'client_rank': 21, 'round': 4, 'data_size': 60, 'data_variance': 0.07171547412872314, 'local_loss': 2.351896047592163, 'local_accuracy': 13.333334028720856}
    [Client 4] Statistical Utility: {'client_rank': 4, 'round': 4, 'data_size': 151, 'data_variance': 0.05981486663222313, 'local_loss': 2.2984676361083984, 'local_accuracy': 13.245032727718353}
    [Client 7] Statistical Utility: {'client_rank': 7, 'round': 4, 'data_size': 177, 'data_variance': 0.05976519733667374, 'local_loss': 2.38253116607666, 'local_accuracy': 16.38418138027191}
    [Client 23] Statistical Utility: {'client_rank': 23, 'round': 4, 'data_size': 220, 'data_variance': 0.06436336040496826, 'local_loss': 2.3714101314544678, 'local_accuracy': 17.27272719144821}
    [Client 9] Statistical Utility: {'client_rank': 9, 'round': 4, 'data_size': 851, 'data_variance': 0.06420741230249405, 'local_loss': 2.445141553878784, 'local_accuracy': 15.86368978023529}
    [Client 46] Statistical Utility: {'client_rank': 46, 'round': 4, 'data_size': 1018, 'data_variance': 0.0634816437959671, 'local_loss': 2.477077007293701, 'local_accuracy': 21.119843423366547}
    [Client 20] Statistical Utility: {'client_rank': 20, 'round': 4, 'data_size': 1618, 'data_variance': 0.06333921104669571, 'local_loss': 2.186774253845215, 'local_accuracy': 20.88998705148697}
    [Client 34] Statistical Utility: {'client_rank': 34, 'round': 4, 'data_size': 469, 'data_variance': 0.06394526362419128, 'local_loss': 2.267953872680664, 'local_accuracy': 18.55010688304901}
    [Client 36] Statistical Utility: {'client_rank': 36, 'round': 4, 'data_size': 1866, 'data_variance': 0.06286414712667465, 'local_loss': 2.3317275047302246, 'local_accuracy': 21.86495214700699}
    [Client 43] Statistical Utility: {'client_rank': 43, 'round': 4, 'data_size': 3139, 'data_variance': 0.06272062659263611, 'local_loss': 2.287954330444336, 'local_accuracy': 21.949665248394012}
    [Client 48] Statistical Utility: {'client_rank': 48, 'round': 4, 'data_size': 171, 'data_variance': 0.05894334241747856, 'local_loss': 2.4035391807556152, 'local_accuracy': 11.11111119389534}
    [Client 17] Statistical Utility: {'client_rank': 17, 'round': 4, 'data_size': 48, 'data_variance': 0.05824858695268631, 'local_loss': 2.410900831222534, 'local_accuracy': 14.58333283662796}
    [Client 31] Statistical Utility: {'client_rank': 31, 'round': 4, 'data_size': 739, 'data_variance': 0.06372059881687164, 'local_loss': 2.538005828857422, 'local_accuracy': 16.10284149646759}
    [Client 1] Statistical Utility: {'client_rank': 1, 'round': 4, 'data_size': 106, 'data_variance': 0.060532305389642715, 'local_loss': 2.4765124320983887, 'local_accuracy': 13.20754736661911}
    [Client 14] Statistical Utility: {'client_rank': 14, 'round': 4, 'data_size': 796, 'data_variance': 0.063325434923172, 'local_loss': 2.5017971992492676, 'local_accuracy': 18.467336893081665}
    [Client 8] Statistical Utility: {'client_rank': 8, 'round': 4, 'data_size': 869, 'data_variance': 0.06386084854602814, 'local_loss': 2.290350914001465, 'local_accuracy': 16.570770740509033}
    [Client 37] Statistical Utility: {'client_rank': 37, 'round': 4, 'data_size': 990, 'data_variance': 0.06288761645555496, 'local_loss': 2.2008228302001953, 'local_accuracy': 19.797979295253754}
    [Client 42] Statistical Utility: {'client_rank': 42, 'round': 4, 'data_size': 655, 'data_variance': 0.06275031715631485, 'local_loss': 2.3737642765045166, 'local_accuracy': 17.86259561777115}
    [Client 6] Statistical Utility: {'client_rank': 6, 'round': 4, 'data_size': 538, 'data_variance': 0.0634567141532898, 'local_loss': 2.2340433597564697, 'local_accuracy': 21.561338007450104}
    [Client 50] Statistical Utility: {'client_rank': 50, 'round': 4, 'data_size': 61, 'data_variance': 0.062268633395433426, 'local_loss': 2.4726998805999756, 'local_accuracy': 8.196721225976944}
    [Client 19] Statistical Utility: {'client_rank': 19, 'round': 4, 'data_size': 251, 'data_variance': 0.06290765851736069, 'local_loss': 2.297273635864258, 'local_accuracy': 18.326693773269653}
    [Client 28] Statistical Utility: {'client_rank': 28, 'round': 4, 'data_size': 2302, 'data_variance': 0.06293399631977081, 'local_loss': 2.1449034214019775, 'local_accuracy': 23.457862436771393}
    [Client 13] Statistical Utility: {'client_rank': 13, 'round': 4, 'data_size': 584, 'data_variance': 0.06142173707485199, 'local_loss': 2.285287618637085, 'local_accuracy': 19.69178020954132}
    [Client 12] Statistical Utility: {'client_rank': 12, 'round': 4, 'data_size': 232, 'data_variance': 0.0640404000878334, 'local_loss': 2.4561736583709717, 'local_accuracy': 10.775861889123917}
    [Client 5] Statistical Utility: {'client_rank': 5, 'round': 4, 'data_size': 1851, 'data_variance': 0.06492260843515396, 'local_loss': 2.3804616928100586, 'local_accuracy': 17.558076977729797}
    [Client 47] Statistical Utility: {'client_rank': 47, 'round': 4, 'data_size': 355, 'data_variance': 0.06091005727648735, 'local_loss': 2.300618886947632, 'local_accuracy': 14.647887647151947}
    [Client 38] Statistical Utility: {'client_rank': 38, 'round': 4, 'data_size': 3091, 'data_variance': 0.06275180727243423, 'local_loss': 2.0964651107788086, 'local_accuracy': 26.7227441072464}
    [Client 40] Statistical Utility: {'client_rank': 40, 'round': 4, 'data_size': 2534, 'data_variance': 0.06332460045814514, 'local_loss': 2.3492956161499023, 'local_accuracy': 19.455406069755554}
    [Client 22] Statistical Utility: {'client_rank': 22, 'round': 4, 'data_size': 5090, 'data_variance': 0.06339983642101288, 'local_loss': 2.2810990810394287, 'local_accuracy': 23.92927259206772}
    [Client 11] Statistical Utility: {'client_rank': 11, 'round': 4, 'data_size': 2916, 'data_variance': 0.06301935017108917, 'local_loss': 2.478717803955078, 'local_accuracy': 22.22222238779068}
    [Client 2] Statistical Utility: {'client_rank': 2, 'round': 4, 'data_size': 3829, 'data_variance': 0.06370898336172104, 'local_loss': 2.098876953125, 'local_accuracy': 24.7845396399498}
    [Client 29] Statistical Utility: {'client_rank': 29, 'round': 4, 'data_size': 585, 'data_variance': 0.06192883104085922, 'local_loss': 2.3816699981689453, 'local_accuracy': 16.06837660074234}
    [Client 39] Statistical Utility: {'client_rank': 39, 'round': 4, 'data_size': 1931, 'data_variance': 0.06222812458872795, 'local_loss': 2.3424246311187744, 'local_accuracy': 18.539616465568542}
    [Client 21] Round 4 - Sending updated weights to server...
    [Client 23] Round 4 - Sending updated weights to server...
    [Client 7] Round 4 - Sending updated weights to server...
    [Client 10] Round 4 - Sending updated weights to server...
    [Client 17] Round 4 - Sending updated weights to server...
    [Client 49] Round 4 - Sending updated weights to server...
    [Client 34] Round 4 - Sending updated weights to server...
    [Client 42] Round 4 - Sending updated weights to server...
    [Client 6] Round 4 - Sending updated weights to server...
    [Client 43] Round 4 - Sending updated weights to server...
    [Client 19] Round 4 - Sending updated weights to server...
    [Client 9] Round 4 - Sending updated weights to server...
    [Client 12] Round 4 - Sending updated weights to server...
    [Client 39] Round 4 - Sending updated weights to server...
    [Client 45] Round 4 - Sending updated weights to server...
    [Client 36] Round 4 - Sending updated weights to server...
    [Client 38] Round 4 - Sending updated weights to server...
    [Client 35] Round 4 - Sending updated weights to server...
    [Client 48] Round 4 - Sending updated weights to server...
    [Client 5] Round 4 - Sending updated weights to server...
    [Client 30] Round 4 - Sending updated weights to server...
    [Client 41] Statistical Utility: {'client_rank': 41, 'round': 4, 'data_size': 365, 'data_variance': 0.06258073449134827, 'local_loss': 2.50203275680542, 'local_accuracy': 16.16438329219818}
    [Client 2] Round 4 - Sending updated weights to server...
    [Client 14] Round 4 - Sending updated weights to server...
    [Client 20] Round 4 - Sending updated weights to server...
    [Client 47] Round 4 - Sending updated weights to server...
    [Client 28] Round 4 - Sending updated weights to server...
    [Client 31] Round 4 - Sending updated weights to server...
    [Client 22] Round 4 - Sending updated weights to server...
    [Client 4] Round 4 - Sending updated weights to server...
    [Client 50] Round 4 - Sending updated weights to server...
    [Client 1] Round 4 - Sending updated weights to server...
Received weights from client 1
Waiting for model weights from client 2...
Received weights from client 2
Waiting for model weights from client 3...
    [Client 33] Round 4 - Sending updated weights to server...
    [Client 46] Round 4 - Sending updated weights to server...
    [Client 2] Round 5 - Waiting for global weights...
    [Client 1] Round 5 - Waiting for global weights...
    [Client 29] Round 4 - Sending updated weights to server...
    [Client 11] Round 4 - Sending updated weights to server...
    [Client 3] Round 4 - Sending updated weights to server...
Received weights from client 3
Waiting for model weights from client 4...
Received weights from client 4
Waiting for model weights from client 5...
Received weights from client 5
Waiting for model weights from client 6...
Received weights from client 6
Waiting for model weights from client 7...
Received weights from client 7
Waiting for model weights from client 8...
    [Client 4] Round 5 - Waiting for global weights...
    [Client 5] Round 5 - Waiting for global weights...
    [Client 7] Round 5 - Waiting for global weights...
    [Client 3] Round 5 - Waiting for global weights...
    [Client 6] Round 5 - Waiting for global weights...
    [Client 41] Round 4 - Sending updated weights to server...
    [Client 37] Round 4 - Sending updated weights to server...
    [Client 8] Round 4 - Sending updated weights to server...
Received weights from client 8
Waiting for model weights from client 9...
Received weights from client 9
Waiting for model weights from client 10...
Received weights from client 10
Waiting for model weights from client 11...
Received weights from client 11
Waiting for model weights from client 12...
Received weights from client 12
Waiting for model weights from client 13...
    [Client 8] Round 5 - Waiting for global weights...
    [Client 9] Round 5 - Waiting for global weights...
    [Client 10] Round 5 - Waiting for global weights...
    [Client 11] Round 5 - Waiting for global weights...
    [Client 12] Round 5 - Waiting for global weights...
    [Client 40] Round 4 - Sending updated weights to server...
    [Client 13] Round 4 - Sending updated weights to server...
Received weights from client 13
Waiting for model weights from client 14...
Received weights from client 14
Waiting for model weights from client 15...
Received weights from client 15
Waiting for model weights from client 16...
    [Client 13] Round 5 - Waiting for global weights...
    [Client 14] Round 5 - Waiting for global weights...
    [Client 15] Round 5 - Waiting for global weights...
    [Client 24] Round 4 - Waiting for global weights...
    [Client 27] Round 4 - Training on local data...
    [Client 25] Round 4 - Training on local data...
    [Client 26] Round 4 - Training on local data...
    [Client 16] Round 4 - Training on local data...
    [Client 24] Round 4 - Training on local data...
    [Client 16] System Stats: {'cpu_time': 35.07000000029802, 'ram_used_mb': 3450.351616, 'net_sent_bytes': 656, 'net_recv_bytes': 35715, 'gpu_mem_used_mb': 38941.0, 'gpu_load': 0.0, 'client_rank': 16, 'round': 4, 'timestamp': '2025-08-12 08:29:58'}
    [Client 27] System Stats: {'cpu_time': 27.94999999552965, 'ram_used_mb': 3578.888192, 'net_sent_bytes': 38055, 'net_recv_bytes': 47826, 'gpu_mem_used_mb': 38941.0, 'gpu_load': 0.0, 'client_rank': 27, 'round': 4, 'timestamp': '2025-08-12 08:29:58'}
    [Client 25] System Stats: {'cpu_time': 28.609999995678663, 'ram_used_mb': 3572.236288, 'net_sent_bytes': 2335, 'net_recv_bytes': 36703, 'gpu_mem_used_mb': 38941.0, 'gpu_load': 0.0, 'client_rank': 25, 'round': 4, 'timestamp': '2025-08-12 08:29:58'}
    [Client 16] Statistical Utility: {'client_rank': 16, 'round': 4, 'data_size': 103, 'data_variance': 0.06744927167892456, 'local_loss': 2.288400411605835, 'local_accuracy': 18.446601927280426}
    [Client 26] System Stats: {'cpu_time': 99.04000000096858, 'ram_used_mb': 3485.638656, 'net_sent_bytes': 111040, 'net_recv_bytes': 61187, 'gpu_mem_used_mb': 38941.0, 'gpu_load': 0.0, 'client_rank': 26, 'round': 4, 'timestamp': '2025-08-12 08:29:59'}
    [Client 27] Statistical Utility: {'client_rank': 27, 'round': 4, 'data_size': 1413, 'data_variance': 0.06384675949811935, 'local_loss': 2.5215983390808105, 'local_accuracy': 20.169851183891296}
    [Client 25] Statistical Utility: {'client_rank': 25, 'round': 4, 'data_size': 1641, 'data_variance': 0.06381169706583023, 'local_loss': 2.3770368099212646, 'local_accuracy': 16.81901216506958}
    [Client 16] Round 4 - Sending updated weights to server...
Received weights from client 16
Waiting for model weights from client 17...
Received weights from client 17
Waiting for model weights from client 18...
    [Client 16] Round 5 - Waiting for global weights...
    [Client 17] Round 5 - Waiting for global weights...
    [Client 26] Statistical Utility: {'client_rank': 26, 'round': 4, 'data_size': 694, 'data_variance': 0.06427877396345139, 'local_loss': 2.229825496673584, 'local_accuracy': 18.58789622783661}
    [Client 26] Round 4 - Sending updated weights to server...
    [Client 27] Round 4 - Sending updated weights to server...
    [Client 25] Round 4 - Sending updated weights to server...
    [Client 18] Round 4 - Sending updated weights to server...
Received weights from client 18
Waiting for model weights from client 19...
Received weights from client 19
Waiting for model weights from client 20...
Received weights from client 20
Waiting for model weights from client 21...
Received weights from client 21
Waiting for model weights from client 22...
Received weights from client 22
Waiting for model weights from client 23...
Received weights from client 23
Waiting for model weights from client 24...
    [Client 18] Round 5 - Waiting for global weights...
    [Client 21] Round 5 - Waiting for global weights...
    [Client 20] Round 5 - Waiting for global weights...
    [Client 19] Round 5 - Waiting for global weights...
    [Client 22] Round 5 - Waiting for global weights...
    [Client 23] Round 5 - Waiting for global weights...
    [Client 24] System Stats: {'cpu_time': 16027.630000002682, 'ram_used_mb': 2856.841216, 'net_sent_bytes': 17470135, 'net_recv_bytes': 31198705, 'gpu_mem_used_mb': 38939.0, 'gpu_load': 0.0, 'client_rank': 24, 'round': 4, 'timestamp': '2025-08-12 09:49:10'}
    [Client 24] Statistical Utility: {'client_rank': 24, 'round': 4, 'data_size': 7, 'data_variance': 0.05676484853029251, 'local_loss': 2.2118420600891113, 'local_accuracy': 14.28571492433548}
    [Client 24] Round 4 - Sending updated weights to server...
Received weights from client 24
Waiting for model weights from client 25...
Received weights from client 25
Waiting for model weights from client 26...
Received weights from client 26
Waiting for model weights from client 27...
Received weights from client 27
Waiting for model weights from client 28...
Received weights from client 28
Waiting for model weights from client 29...
Received weights from client 29
Waiting for model weights from client 30...
Received weights from client 30
Waiting for model weights from client 31...
Received weights from client 31
Waiting for model weights from client 32...
Received weights from client 32
Waiting for model weights from client 33...
Received weights from client 33
Waiting for model weights from client 34...
Received weights from client 34
Waiting for model weights from client 35...
Received weights from client 35
Waiting for model weights from client 36...
Received weights from client 36
Waiting for model weights from client 37...
Received weights from client 37
Waiting for model weights from client 38...
Received weights from client 38
Waiting for model weights from client 39...
Received weights from client 39
Waiting for model weights from client 40...
Received weights from client 40
Waiting for model weights from client 41...
Received weights from client 41
Waiting for model weights from client 42...
Received weights from client 42
Waiting for model weights from client 43...
Received weights from client 43
Waiting for model weights from client 44...
Received weights from client 44
Waiting for model weights from client 45...
Received weights from client 45
Waiting for model weights from client 46...
Received weights from client 46
Waiting for model weights from client 47...
Received weights from client 47
Waiting for model weights from client 48...
Received weights from client 48
Waiting for model weights from client 49...
Received weights from client 49
Waiting for model weights from client 50...
Received weights from client 50
Received system metrics from client 1: {'cpu_time': 39.290000000968575, 'ram_used_mb': 3452.268544, 'net_sent_bytes': 38524, 'net_recv_bytes': 54377, 'gpu_mem_used_mb': 38941.0, 'gpu_load': 0.01, 'client_rank': 1, 'round': 4, 'timestamp': '2025-08-12 08:29:05'}
Received system metrics from client 2: {'cpu_time': 35.649999998509884, 'ram_used_mb': 3590.94272, 'net_sent_bytes': 1557, 'net_recv_bytes': 34257, 'gpu_mem_used_mb': 38941.0, 'gpu_load': 0.0, 'client_rank': 2, 'round': 4, 'timestamp': '2025-08-12 08:29:06'}
Received system metrics from client 3: {'cpu_time': 34.850000001490116, 'ram_used_mb': 3422.687232, 'net_sent_bytes': 37950, 'net_recv_bytes': 45234, 'gpu_mem_used_mb': 38941.0, 'gpu_load': 0.0, 'client_rank': 3, 'round': 4, 'timestamp': '2025-08-12 08:29:05'}
Received system metrics from client 4: {'cpu_time': 35.25, 'ram_used_mb': 3459.616768, 'net_sent_bytes': 1571, 'net_recv_bytes': 34569, 'gpu_mem_used_mb': 38941.0, 'gpu_load': 0.0, 'client_rank': 4, 'round': 4, 'timestamp': '2025-08-12 08:29:05'}
Received system metrics from client 5: {'cpu_time': 36.28000000119209, 'ram_used_mb': 3545.358336, 'net_sent_bytes': 38277, 'net_recv_bytes': 51804, 'gpu_mem_used_mb': 38941.0, 'gpu_load': 0.0, 'client_rank': 5, 'round': 4, 'timestamp': '2025-08-12 08:29:05'}
Received system metrics from client 6: {'cpu_time': 70.64999999850988, 'ram_used_mb': 3494.89152, 'net_sent_bytes': 204151, 'net_recv_bytes': 205908, 'gpu_mem_used_mb': 38941.0, 'gpu_load': 0.0, 'client_rank': 6, 'round': 4, 'timestamp': '2025-08-12 08:29:05'}
Received system metrics from client 7: {'cpu_time': 218.2900000065565, 'ram_used_mb': 3430.985728, 'net_sent_bytes': 52786, 'net_recv_bytes': 56723, 'gpu_mem_used_mb': 38941.0, 'gpu_load': 0.0, 'client_rank': 7, 'round': 4, 'timestamp': '2025-08-12 08:29:05'}
Received system metrics from client 8: {'cpu_time': 35.34000000171363, 'ram_used_mb': 3553.378304, 'net_sent_bytes': 447, 'net_recv_bytes': 33404, 'gpu_mem_used_mb': 38941.0, 'gpu_load': 0.0, 'client_rank': 8, 'round': 4, 'timestamp': '2025-08-12 08:29:05'}
Received system metrics from client 9: {'cpu_time': 35.06000000052154, 'ram_used_mb': 3528.179712, 'net_sent_bytes': 451, 'net_recv_bytes': 33123, 'gpu_mem_used_mb': 38941.0, 'gpu_load': 0.0, 'client_rank': 9, 'round': 4, 'timestamp': '2025-08-12 08:29:05'}
Received system metrics from client 10: {'cpu_time': 35.230000000447035, 'ram_used_mb': 3438.149632, 'net_sent_bytes': 37913, 'net_recv_bytes': 44365, 'gpu_mem_used_mb': 38941.0, 'gpu_load': 0.0, 'client_rank': 10, 'round': 4, 'timestamp': '2025-08-12 08:29:05'}
Received system metrics from client 11: {'cpu_time': 36.37000000104308, 'ram_used_mb': 3439.304704, 'net_sent_bytes': 1603, 'net_recv_bytes': 33273, 'gpu_mem_used_mb': 38941.0, 'gpu_load': 0.0, 'client_rank': 11, 'round': 4, 'timestamp': '2025-08-12 08:29:06'}
Received system metrics from client 12: {'cpu_time': 35.78999999910593, 'ram_used_mb': 3461.148672, 'net_sent_bytes': 38250, 'net_recv_bytes': 52720, 'gpu_mem_used_mb': 38941.0, 'gpu_load': 0.0, 'client_rank': 12, 'round': 4, 'timestamp': '2025-08-12 08:29:05'}
Received system metrics from client 13: {'cpu_time': 27.650000002235174, 'ram_used_mb': 3476.86912, 'net_sent_bytes': 80628, 'net_recv_bytes': 84413, 'gpu_mem_used_mb': 38941.0, 'gpu_load': 0.0, 'client_rank': 13, 'round': 4, 'timestamp': '2025-08-12 08:29:05'}
Received system metrics from client 14: {'cpu_time': 30.359999999403954, 'ram_used_mb': 3524.4032, 'net_sent_bytes': 9511, 'net_recv_bytes': 37493, 'gpu_mem_used_mb': 38941.0, 'gpu_load': 0.0, 'client_rank': 14, 'round': 4, 'timestamp': '2025-08-12 08:29:05'}
Received system metrics from client 15: {'cpu_time': 43.32000000029802, 'ram_used_mb': 3204.534272, 'net_sent_bytes': 250, 'net_recv_bytes': 27099, 'gpu_mem_used_mb': 38939.0, 'gpu_load': 0.0, 'client_rank': 15, 'round': 4, 'timestamp': '2025-08-12 08:29:03'}
Received system metrics from client 16: {'cpu_time': 35.07000000029802, 'ram_used_mb': 3450.351616, 'net_sent_bytes': 656, 'net_recv_bytes': 35715, 'gpu_mem_used_mb': 38941.0, 'gpu_load': 0.0, 'client_rank': 16, 'round': 4, 'timestamp': '2025-08-12 08:29:58'}
Received system metrics from client 17: {'cpu_time': 35.540000000968575, 'ram_used_mb': 3448.0128, 'net_sent_bytes': 31374, 'net_recv_bytes': 43331, 'gpu_mem_used_mb': 38941.0, 'gpu_load': 0.0, 'client_rank': 17, 'round': 4, 'timestamp': '2025-08-12 08:29:05'}
Received system metrics from client 18: {'cpu_time': 35.32000000029802, 'ram_used_mb': 3466.051584, 'net_sent_bytes': 38436, 'net_recv_bytes': 51447, 'gpu_mem_used_mb': 38941.0, 'gpu_load': 0.0, 'client_rank': 18, 'round': 4, 'timestamp': '2025-08-12 08:29:05'}
Received system metrics from client 19: {'cpu_time': 60.03000000119209, 'ram_used_mb': 3470.557184, 'net_sent_bytes': 973, 'net_recv_bytes': 39699, 'gpu_mem_used_mb': 38941.0, 'gpu_load': 0.0, 'client_rank': 19, 'round': 4, 'timestamp': '2025-08-12 08:29:05'}
Received system metrics from client 20: {'cpu_time': 35.230000004172325, 'ram_used_mb': 3551.543296, 'net_sent_bytes': 32710, 'net_recv_bytes': 34353, 'gpu_mem_used_mb': 38941.0, 'gpu_load': 0.0, 'client_rank': 20, 'round': 4, 'timestamp': '2025-08-12 08:29:05'}
Received system metrics from client 21: {'cpu_time': 25.5, 'ram_used_mb': 3431.964672, 'net_sent_bytes': 20315, 'net_recv_bytes': 40415, 'gpu_mem_used_mb': 38941.0, 'gpu_load': 0.0, 'client_rank': 21, 'round': 4, 'timestamp': '2025-08-12 08:29:05'}
Received system metrics from client 22: {'cpu_time': 36.36999999731779, 'ram_used_mb': 3631.497216, 'net_sent_bytes': 70614, 'net_recv_bytes': 46484, 'gpu_mem_used_mb': 38941.0, 'gpu_load': 0.0, 'client_rank': 22, 'round': 4, 'timestamp': '2025-08-12 08:29:05'}
Received system metrics from client 23: {'cpu_time': 29.03999999910593, 'ram_used_mb': 3462.578176, 'net_sent_bytes': 2542, 'net_recv_bytes': 39875, 'gpu_mem_used_mb': 38941.0, 'gpu_load': 0.0, 'client_rank': 23, 'round': 4, 'timestamp': '2025-08-12 08:29:05'}
Received system metrics from client 24: {'cpu_time': 16027.630000002682, 'ram_used_mb': 2856.841216, 'net_sent_bytes': 17470135, 'net_recv_bytes': 31198705, 'gpu_mem_used_mb': 38939.0, 'gpu_load': 0.0, 'client_rank': 24, 'round': 4, 'timestamp': '2025-08-12 09:49:10'}
Received system metrics from client 25: {'cpu_time': 28.609999995678663, 'ram_used_mb': 3572.236288, 'net_sent_bytes': 2335, 'net_recv_bytes': 36703, 'gpu_mem_used_mb': 38941.0, 'gpu_load': 0.0, 'client_rank': 25, 'round': 4, 'timestamp': '2025-08-12 08:29:58'}
Received system metrics from client 26: {'cpu_time': 99.04000000096858, 'ram_used_mb': 3485.638656, 'net_sent_bytes': 111040, 'net_recv_bytes': 61187, 'gpu_mem_used_mb': 38941.0, 'gpu_load': 0.0, 'client_rank': 26, 'round': 4, 'timestamp': '2025-08-12 08:29:59'}
Received system metrics from client 27: {'cpu_time': 27.94999999552965, 'ram_used_mb': 3578.888192, 'net_sent_bytes': 38055, 'net_recv_bytes': 47826, 'gpu_mem_used_mb': 38941.0, 'gpu_load': 0.0, 'client_rank': 27, 'round': 4, 'timestamp': '2025-08-12 08:29:58'}
Received system metrics from client 28: {'cpu_time': 36.00999999791384, 'ram_used_mb': 3599.13472, 'net_sent_bytes': 32416, 'net_recv_bytes': 35510, 'gpu_mem_used_mb': 38941.0, 'gpu_load': 0.01, 'client_rank': 28, 'round': 4, 'timestamp': '2025-08-12 08:29:05'}
Received system metrics from client 29: {'cpu_time': 33.22000000067055, 'ram_used_mb': 3510.546432, 'net_sent_bytes': 70953, 'net_recv_bytes': 41744, 'gpu_mem_used_mb': 38941.0, 'gpu_load': 0.0, 'client_rank': 29, 'round': 4, 'timestamp': '2025-08-12 08:29:06'}
Received system metrics from client 30: {'cpu_time': 27.28999999910593, 'ram_used_mb': 3591.221248, 'net_sent_bytes': 30691, 'net_recv_bytes': 49937, 'gpu_mem_used_mb': 38941.0, 'gpu_load': 0.0, 'client_rank': 30, 'round': 4, 'timestamp': '2025-08-12 08:29:05'}
Received system metrics from client 31: {'cpu_time': 87.17999999970198, 'ram_used_mb': 3334.086656, 'net_sent_bytes': 32819, 'net_recv_bytes': 35670, 'gpu_mem_used_mb': 38941.0, 'gpu_load': 0.0, 'client_rank': 31, 'round': 4, 'timestamp': '2025-08-12 08:29:05'}
Received system metrics from client 32: {'cpu_time': 0.1900000013411045, 'ram_used_mb': 2012.721152, 'net_sent_bytes': 0, 'net_recv_bytes': 0, 'gpu_mem_used_mb': 38911.0, 'gpu_load': 0.0, 'client_rank': 32, 'round': 4, 'timestamp': '2025-08-12 08:28:57', 'skipped': True}
Received system metrics from client 33: {'cpu_time': 32.81000000052154, 'ram_used_mb': 3509.18656, 'net_sent_bytes': 3107, 'net_recv_bytes': 40273, 'gpu_mem_used_mb': 38941.0, 'gpu_load': 0.0, 'client_rank': 33, 'round': 4, 'timestamp': '2025-08-12 08:29:05'}
Received system metrics from client 34: {'cpu_time': 38.76999999990221, 'ram_used_mb': 3385.040896, 'net_sent_bytes': 68082, 'net_recv_bytes': 59826, 'gpu_mem_used_mb': 38941.0, 'gpu_load': 0.0, 'client_rank': 34, 'round': 4, 'timestamp': '2025-08-12 08:29:05'}
Received system metrics from client 35: {'cpu_time': 27.8600000012666, 'ram_used_mb': 3521.35168, 'net_sent_bytes': 46901, 'net_recv_bytes': 39934, 'gpu_mem_used_mb': 38941.0, 'gpu_load': 0.0, 'client_rank': 35, 'round': 4, 'timestamp': '2025-08-12 08:29:05'}
Received system metrics from client 36: {'cpu_time': 27.179999999701977, 'ram_used_mb': 3561.34912, 'net_sent_bytes': 70001, 'net_recv_bytes': 52215, 'gpu_mem_used_mb': 38941.0, 'gpu_load': 0.01, 'client_rank': 36, 'round': 4, 'timestamp': '2025-08-12 08:29:05'}
Received system metrics from client 37: {'cpu_time': 36.80000000074506, 'ram_used_mb': 3537.670144, 'net_sent_bytes': 16754, 'net_recv_bytes': 45744, 'gpu_mem_used_mb': 38941.0, 'gpu_load': 0.0, 'client_rank': 37, 'round': 4, 'timestamp': '2025-08-12 08:29:05'}
Received system metrics from client 38: {'cpu_time': 101.5599999986589, 'ram_used_mb': 3552.456704, 'net_sent_bytes': 73255, 'net_recv_bytes': 52873, 'gpu_mem_used_mb': 38941.0, 'gpu_load': 0.0, 'client_rank': 38, 'round': 4, 'timestamp': '2025-08-12 08:29:05'}
Received system metrics from client 39: {'cpu_time': 67.93000000156462, 'ram_used_mb': 3578.785792, 'net_sent_bytes': 34711, 'net_recv_bytes': 34819, 'gpu_mem_used_mb': 38941.0, 'gpu_load': 0.0, 'client_rank': 39, 'round': 4, 'timestamp': '2025-08-12 08:29:06'}
Received system metrics from client 40: {'cpu_time': 36.43000000342727, 'ram_used_mb': 3635.28192, 'net_sent_bytes': 38388, 'net_recv_bytes': 51904, 'gpu_mem_used_mb': 38941.0, 'gpu_load': 0.0, 'client_rank': 40, 'round': 4, 'timestamp': '2025-08-12 08:29:05'}
Received system metrics from client 41: {'cpu_time': 47.810000002384186, 'ram_used_mb': 3488.198656, 'net_sent_bytes': 79131, 'net_recv_bytes': 61241, 'gpu_mem_used_mb': 38941.0, 'gpu_load': 0.0, 'client_rank': 41, 'round': 4, 'timestamp': '2025-08-12 08:29:06'}
Received system metrics from client 42: {'cpu_time': 19.309999998658895, 'ram_used_mb': 3539.607552, 'net_sent_bytes': 6438, 'net_recv_bytes': 37764, 'gpu_mem_used_mb': 38941.0, 'gpu_load': 0.0, 'client_rank': 42, 'round': 4, 'timestamp': '2025-08-12 08:29:05'}
Received system metrics from client 43: {'cpu_time': 25.92000000178814, 'ram_used_mb': 3605.037056, 'net_sent_bytes': 49448, 'net_recv_bytes': 52848, 'gpu_mem_used_mb': 38941.0, 'gpu_load': 0.0, 'client_rank': 43, 'round': 4, 'timestamp': '2025-08-12 08:29:05'}
Received system metrics from client 44: {'cpu_time': 25.450000002980232, 'ram_used_mb': 3215.118336, 'net_sent_bytes': 35428, 'net_recv_bytes': 28771, 'gpu_mem_used_mb': 38939.0, 'gpu_load': 0.0, 'client_rank': 44, 'round': 4, 'timestamp': '2025-08-12 08:29:03'}
Received system metrics from client 45: {'cpu_time': 35.269999999552965, 'ram_used_mb': 3523.723264, 'net_sent_bytes': 33376, 'net_recv_bytes': 36731, 'gpu_mem_used_mb': 38941.0, 'gpu_load': 0.0, 'client_rank': 45, 'round': 4, 'timestamp': '2025-08-12 08:29:05'}
Received system metrics from client 46: {'cpu_time': 92.79000000655651, 'ram_used_mb': 3533.74208, 'net_sent_bytes': 3785, 'net_recv_bytes': 37777, 'gpu_mem_used_mb': 38941.0, 'gpu_load': 0.0, 'client_rank': 46, 'round': 4, 'timestamp': '2025-08-12 08:29:05'}
Received system metrics from client 47: {'cpu_time': 122.42999999970198, 'ram_used_mb': 3472.994304, 'net_sent_bytes': 36646, 'net_recv_bytes': 41117, 'gpu_mem_used_mb': 38941.0, 'gpu_load': 0.0, 'client_rank': 47, 'round': 4, 'timestamp': '2025-08-12 08:29:06'}
Received system metrics from client 48: {'cpu_time': 117.71000000089407, 'ram_used_mb': 3454.50496, 'net_sent_bytes': 2911, 'net_recv_bytes': 39447, 'gpu_mem_used_mb': 38941.0, 'gpu_load': 0.0, 'client_rank': 48, 'round': 4, 'timestamp': '2025-08-12 08:29:05'}
Received system metrics from client 49: {'cpu_time': 35.25, 'ram_used_mb': 3498.2912, 'net_sent_bytes': 4887, 'net_recv_bytes': 39321, 'gpu_mem_used_mb': 38941.0, 'gpu_load': 0.0, 'client_rank': 49, 'round': 4, 'timestamp': '2025-08-12 08:29:05'}
Received system metrics from client 50: {'cpu_time': 117.2200000025332, 'ram_used_mb': 3439.57504, 'net_sent_bytes': 65386, 'net_recv_bytes': 63504, 'gpu_mem_used_mb': 38941.0, 'gpu_load': 0.0, 'client_rank': 50, 'round': 4, 'timestamp': '2025-08-12 08:29:05'}
Averaging model weights...
Evaluating updated global model on test set...
    [Client 32] Round 5 - Waiting for global weights...
    [Client 46] Round 5 - Waiting for global weights...
    [Client 36] Round 5 - Waiting for global weights...
    [Client 49] Round 5 - Waiting for global weights...
    [Client 35] Round 5 - Waiting for global weights...
    [Client 33] Round 5 - Waiting for global weights...
    [Client 28] Round 5 - Waiting for global weights...
    [Client 27] Round 5 - Waiting for global weights...
    [Client 37] Round 5 - Waiting for global weights...
    [Client 47] Round 5 - Waiting for global weights...
    [Client 34] Round 5 - Waiting for global weights...
    [Client 25] Round 5 - Waiting for global weights...
    [Client 31] Round 5 - Waiting for global weights...
    [Client 40] Round 5 - Waiting for global weights...
    [Client 30] Round 5 - Waiting for global weights...
    [Client 50] Round 5 - Waiting for global weights...
    [Client 48] Round 5 - Waiting for global weights...
    [Client 42] Round 5 - Waiting for global weights...
    [Client 44] Round 5 - Waiting for global weights...
    [Client 43] Round 5 - Waiting for global weights...
    [Client 45] Round 5 - Waiting for global weights...
    [Client 29] Round 5 - Waiting for global weights...
    [Client 41] Round 5 - Waiting for global weights...
    [Client 39] Round 5 - Waiting for global weights...
    [Client 26] Round 5 - Waiting for global weights...
Round 4 Evaluation - Accuracy: 0.1314, Loss: 2.4317

===== Round 5 =====
Broadcasting global model to all clients...
Waiting for model weights from client 1...
    [Client 34] Round 5 - Training on local data...
    [Client 35] Round 5 - Training on local data...
    [Client 49] Round 5 - Training on local data...
    [Client 33] Round 5 - Training on local data...
    [Client 42] Round 5 - Training on local data...
    [Client 32] No local samples for this client — skipping training.
    [Client 37] Round 5 - Training on local data...
    [Client 46] Round 5 - Training on local data...
    [Client 50] Round 5 - Training on local data...
    [Client 39] Round 5 - Training on local data...
    [Client 40] Round 5 - Training on local data...
    [Client 48] Round 5 - Training on local data...
    [Client 43] Round 5 - Training on local data...
    [Client 47] Round 5 - Training on local data...
    [Client 30] Round 5 - Training on local data...
    [Client 41] Round 5 - Training on local data...
    [Client 29] Round 5 - Training on local data...
    [Client 45] Round 5 - Training on local data...
    [Client 44] Round 5 - Training on local data...
    [Client 28] Round 5 - Training on local data...
    [Client 31] Round 5 - Training on local data...
    [Client 1] Round 5 - Training on local data...
    [Client 3] Round 5 - Training on local data...
    [Client 6] Round 5 - Training on local data...
    [Client 7] Round 5 - Training on local data...
    [Client 9] Round 5 - Training on local data...
    [Client 4] Round 5 - Training on local data...
    [Client 17] Round 5 - Training on local data...
    [Client 5] Round 5 - Training on local data...
    [Client 2] Round 5 - Training on local data...
    [Client 11] Round 5 - Training on local data...
    [Client 14] Round 5 - Training on local data...
    [Client 15] Round 5 - Training on local data...
    [Client 12] Round 5 - Training on local data...
    [Client 23] Round 5 - Training on local data...
    [Client 8] Round 5 - Training on local data...
    [Client 10] Round 5 - Training on local data...
    [Client 19] Round 5 - Training on local data...
    [Client 13] Round 5 - Training on local data...
    [Client 21] Round 5 - Training on local data...
    [Client 20] Round 5 - Training on local data...
    [Client 18] Round 5 - Training on local data...
    [Client 22] Round 5 - Training on local data...
    [Client 32] Round 5 - Sending updated weights to server...
    [Client 38] Round 5 - Waiting for global weights...
    [Client 36] Round 5 - Training on local data...
    [Client 38] Round 5 - Training on local data...
    [Client 44] System Stats: {'cpu_time': 20.969999998807907, 'ram_used_mb': 3160.305664, 'net_sent_bytes': 737, 'net_recv_bytes': 25116, 'gpu_mem_used_mb': 38939.0, 'gpu_load': 0.0, 'client_rank': 44, 'round': 5, 'timestamp': '2025-08-12 10:01:42'}
    [Client 15] System Stats: {'cpu_time': 46.080000000074506, 'ram_used_mb': 3162.841088, 'net_sent_bytes': 68614, 'net_recv_bytes': 38121, 'gpu_mem_used_mb': 38939.0, 'gpu_load': 0.0, 'client_rank': 15, 'round': 5, 'timestamp': '2025-08-12 10:01:42'}
    [Client 44] Statistical Utility: {'client_rank': 44, 'round': 5, 'data_size': 10, 'data_variance': 0.06776829808950424, 'local_loss': 2.704831600189209, 'local_accuracy': 10.000000149011612}
    [Client 15] Statistical Utility: {'client_rank': 15, 'round': 5, 'data_size': 5, 'data_variance': 0.06545884162187576, 'local_loss': 2.9873745441436768, 'local_accuracy': 0.0}
    [Client 44] Round 5 - Sending updated weights to server...
    [Client 3] System Stats: {'cpu_time': 52.85999999940395, 'ram_used_mb': 3443.46624, 'net_sent_bytes': 99849, 'net_recv_bytes': 84636, 'gpu_mem_used_mb': 38943.0, 'gpu_load': 0.0, 'client_rank': 3, 'round': 5, 'timestamp': '2025-08-12 10:01:45'}
    [Client 7] System Stats: {'cpu_time': 218.42999999970198, 'ram_used_mb': 3457.757184, 'net_sent_bytes': 1829, 'net_recv_bytes': 38631, 'gpu_mem_used_mb': 38943.0, 'gpu_load': 0.0, 'client_rank': 7, 'round': 5, 'timestamp': '2025-08-12 10:01:45'}
    [Client 49] System Stats: {'cpu_time': 37.849999997764826, 'ram_used_mb': 3517.82912, 'net_sent_bytes': 42836, 'net_recv_bytes': 59482, 'gpu_mem_used_mb': 38943.0, 'gpu_load': 0.0, 'client_rank': 49, 'round': 5, 'timestamp': '2025-08-12 10:01:45'}
    [Client 9] System Stats: {'cpu_time': 36.8600000012666, 'ram_used_mb': 3533.062144, 'net_sent_bytes': 32165, 'net_recv_bytes': 39083, 'gpu_mem_used_mb': 38943.0, 'gpu_load': 0.0, 'client_rank': 9, 'round': 5, 'timestamp': '2025-08-12 10:01:45'}
    [Client 33] System Stats: {'cpu_time': 37.450000000186265, 'ram_used_mb': 3495.97696, 'net_sent_bytes': 472, 'net_recv_bytes': 37374, 'gpu_mem_used_mb': 38943.0, 'gpu_load': 0.0, 'client_rank': 33, 'round': 5, 'timestamp': '2025-08-12 10:01:45'}
    [Client 34] System Stats: {'cpu_time': 39.88000000000466, 'ram_used_mb': 3396.722688, 'net_sent_bytes': 32343, 'net_recv_bytes': 35691, 'gpu_mem_used_mb': 38943.0, 'gpu_load': 0.0, 'client_rank': 34, 'round': 5, 'timestamp': '2025-08-12 10:01:45'}
    [Client 10] System Stats: {'cpu_time': 37.23999999836087, 'ram_used_mb': 3434.258432, 'net_sent_bytes': 33254, 'net_recv_bytes': 38861, 'gpu_mem_used_mb': 38943.0, 'gpu_load': 0.0, 'client_rank': 10, 'round': 5, 'timestamp': '2025-08-12 10:01:45'}
    [Client 50] System Stats: {'cpu_time': 125.61000000312924, 'ram_used_mb': 3434.225664, 'net_sent_bytes': 42682, 'net_recv_bytes': 51696, 'gpu_mem_used_mb': 38943.0, 'gpu_load': 0.0, 'client_rank': 50, 'round': 5, 'timestamp': '2025-08-12 10:01:45'}
    [Client 1] System Stats: {'cpu_time': 52.57000000029802, 'ram_used_mb': 3414.441984, 'net_sent_bytes': 51877, 'net_recv_bytes': 54670, 'gpu_mem_used_mb': 38943.0, 'gpu_load': 0.0, 'client_rank': 1, 'round': 5, 'timestamp': '2025-08-12 10:01:45'}
    [Client 35] System Stats: {'cpu_time': 38.669999999925494, 'ram_used_mb': 3524.800512, 'net_sent_bytes': 3030, 'net_recv_bytes': 38799, 'gpu_mem_used_mb': 38943.0, 'gpu_load': 0.0, 'client_rank': 35, 'round': 5, 'timestamp': '2025-08-12 10:01:45'}
    [Client 45] System Stats: {'cpu_time': 37.89000000059605, 'ram_used_mb': 3486.142464, 'net_sent_bytes': 38353, 'net_recv_bytes': 55752, 'gpu_mem_used_mb': 38943.0, 'gpu_load': 0.0, 'client_rank': 45, 'round': 5, 'timestamp': '2025-08-12 10:01:45'}
    [Client 46] System Stats: {'cpu_time': 186.19999999552965, 'ram_used_mb': 3519.995904, 'net_sent_bytes': 108643, 'net_recv_bytes': 85772, 'gpu_mem_used_mb': 38943.0, 'gpu_load': 0.0, 'client_rank': 46, 'round': 5, 'timestamp': '2025-08-12 10:01:45'}
    [Client 4] System Stats: {'cpu_time': 29.53999999165535, 'ram_used_mb': 3449.720832, 'net_sent_bytes': 35488, 'net_recv_bytes': 66192, 'gpu_mem_used_mb': 38943.0, 'gpu_load': 0.0, 'client_rank': 4, 'round': 5, 'timestamp': '2025-08-12 10:01:45'}
    [Client 43] System Stats: {'cpu_time': 62.03999999910593, 'ram_used_mb': 3620.929536, 'net_sent_bytes': 103232, 'net_recv_bytes': 98744, 'gpu_mem_used_mb': 38943.0, 'gpu_load': 0.0, 'client_rank': 43, 'round': 5, 'timestamp': '2025-08-12 10:01:45'}
    [Client 18] System Stats: {'cpu_time': 39.19999999925494, 'ram_used_mb': 3455.598592, 'net_sent_bytes': 43804, 'net_recv_bytes': 71693, 'gpu_mem_used_mb': 38943.0, 'gpu_load': 0.0, 'client_rank': 18, 'round': 5, 'timestamp': '2025-08-12 10:01:45'}
    [Client 31] System Stats: {'cpu_time': 98.54000000096858, 'ram_used_mb': 3377.467392, 'net_sent_bytes': 44206, 'net_recv_bytes': 53254, 'gpu_mem_used_mb': 38943.0, 'gpu_load': 0.0, 'client_rank': 31, 'round': 5, 'timestamp': '2025-08-12 10:01:45'}
    [Client 20] System Stats: {'cpu_time': 29.600000001490116, 'ram_used_mb': 3554.304, 'net_sent_bytes': 29137, 'net_recv_bytes': 60766, 'gpu_mem_used_mb': 38943.0, 'gpu_load': 0.0, 'client_rank': 20, 'round': 5, 'timestamp': '2025-08-12 10:01:45'}
    [Client 21] System Stats: {'cpu_time': 29.62999999895692, 'ram_used_mb': 3422.806016, 'net_sent_bytes': 29511, 'net_recv_bytes': 65118, 'gpu_mem_used_mb': 38943.0, 'gpu_load': 0.0, 'client_rank': 21, 'round': 5, 'timestamp': '2025-08-12 10:01:45'}
    [Client 17] System Stats: {'cpu_time': 37.67000000178814, 'ram_used_mb': 3435.7248, 'net_sent_bytes': 32410, 'net_recv_bytes': 33916, 'gpu_mem_used_mb': 38943.0, 'gpu_load': 0.0, 'client_rank': 17, 'round': 5, 'timestamp': '2025-08-12 10:01:45'}
    [Client 23] System Stats: {'cpu_time': 37.60999999940395, 'ram_used_mb': 3461.861376, 'net_sent_bytes': 33293, 'net_recv_bytes': 38044, 'gpu_mem_used_mb': 38943.0, 'gpu_load': 0.0, 'client_rank': 23, 'round': 5, 'timestamp': '2025-08-12 10:01:45'}
    [Client 12] System Stats: {'cpu_time': 39.51000000536442, 'ram_used_mb': 3434.754048, 'net_sent_bytes': 31389, 'net_recv_bytes': 65538, 'gpu_mem_used_mb': 38943.0, 'gpu_load': 0.0, 'client_rank': 12, 'round': 5, 'timestamp': '2025-08-12 10:01:45'}
    [Client 8] System Stats: {'cpu_time': 37.54999999888241, 'ram_used_mb': 3546.95168, 'net_sent_bytes': 1642, 'net_recv_bytes': 34544, 'gpu_mem_used_mb': 38943.0, 'gpu_load': 0.0, 'client_rank': 8, 'round': 5, 'timestamp': '2025-08-12 10:01:45'}
    [Client 13] System Stats: {'cpu_time': 42.730000000447035, 'ram_used_mb': 3503.771648, 'net_sent_bytes': 99189, 'net_recv_bytes': 80119, 'gpu_mem_used_mb': 38943.0, 'gpu_load': 0.0, 'client_rank': 13, 'round': 5, 'timestamp': '2025-08-12 10:01:45'}
    [Client 42] System Stats: {'cpu_time': 20.320000000298023, 'ram_used_mb': 3570.315264, 'net_sent_bytes': 2474, 'net_recv_bytes': 38551, 'gpu_mem_used_mb': 38943.0, 'gpu_load': 0.0, 'client_rank': 42, 'round': 5, 'timestamp': '2025-08-12 10:01:45'}
    [Client 14] System Stats: {'cpu_time': 39.0, 'ram_used_mb': 3519.336448, 'net_sent_bytes': 656, 'net_recv_bytes': 37426, 'gpu_mem_used_mb': 38943.0, 'gpu_load': 0.0, 'client_rank': 14, 'round': 5, 'timestamp': '2025-08-12 10:01:45'}
    [Client 19] System Stats: {'cpu_time': 99.25999999791384, 'ram_used_mb': 3466.09664, 'net_sent_bytes': 106661, 'net_recv_bytes': 86397, 'gpu_mem_used_mb': 38943.0, 'gpu_load': 0.0, 'client_rank': 19, 'round': 5, 'timestamp': '2025-08-12 10:01:45'}
    [Client 37] System Stats: {'cpu_time': 38.14000000059605, 'ram_used_mb': 3540.017152, 'net_sent_bytes': 71398, 'net_recv_bytes': 46139, 'gpu_mem_used_mb': 38943.0, 'gpu_load': 0.0, 'client_rank': 37, 'round': 5, 'timestamp': '2025-08-12 10:01:45'}
    [Client 6] System Stats: {'cpu_time': 82.67999999970198, 'ram_used_mb': 3517.353984, 'net_sent_bytes': 200698, 'net_recv_bytes': 237786, 'gpu_mem_used_mb': 38943.0, 'gpu_load': 0.0, 'client_rank': 6, 'round': 5, 'timestamp': '2025-08-12 10:01:45'}
    [Client 5] System Stats: {'cpu_time': 134.78999999910593, 'ram_used_mb': 3538.108416, 'net_sent_bytes': 2467, 'net_recv_bytes': 37719, 'gpu_mem_used_mb': 38943.0, 'gpu_load': 0.0, 'client_rank': 5, 'round': 5, 'timestamp': '2025-08-12 10:01:45'}
    [Client 11] System Stats: {'cpu_time': 38.81000000052154, 'ram_used_mb': 3472.474112, 'net_sent_bytes': 81842, 'net_recv_bytes': 68589, 'gpu_mem_used_mb': 38943.0, 'gpu_load': 0.0, 'client_rank': 11, 'round': 5, 'timestamp': '2025-08-12 10:01:45'}
    [Client 30] System Stats: {'cpu_time': 40.17000000178814, 'ram_used_mb': 3617.271808, 'net_sent_bytes': 43600, 'net_recv_bytes': 71304, 'gpu_mem_used_mb': 38943.0, 'gpu_load': 0.0, 'client_rank': 30, 'round': 5, 'timestamp': '2025-08-12 10:01:45'}
    [Client 48] System Stats: {'cpu_time': 39.44999999552965, 'ram_used_mb': 3442.343936, 'net_sent_bytes': 15204, 'net_recv_bytes': 44449, 'gpu_mem_used_mb': 38943.0, 'gpu_load': 0.0, 'client_rank': 48, 'round': 5, 'timestamp': '2025-08-12 10:01:45'}
    [Client 2] System Stats: {'cpu_time': 39.79000000283122, 'ram_used_mb': 3609.935872, 'net_sent_bytes': 38286, 'net_recv_bytes': 44833, 'gpu_mem_used_mb': 38943.0, 'gpu_load': 0.0, 'client_rank': 2, 'round': 5, 'timestamp': '2025-08-12 10:01:45'}
    [Client 22] System Stats: {'cpu_time': 39.05000000447035, 'ram_used_mb': 3600.818176, 'net_sent_bytes': 18743, 'net_recv_bytes': 55414, 'gpu_mem_used_mb': 38943.0, 'gpu_load': 0.0, 'client_rank': 22, 'round': 5, 'timestamp': '2025-08-12 10:01:45'}
    [Client 28] System Stats: {'cpu_time': 22.08999999985099, 'ram_used_mb': 3598.741504, 'net_sent_bytes': 32658, 'net_recv_bytes': 66931, 'gpu_mem_used_mb': 38943.0, 'gpu_load': 0.0, 'client_rank': 28, 'round': 5, 'timestamp': '2025-08-12 10:01:45'}
    [Client 40] System Stats: {'cpu_time': 39.480000000447035, 'ram_used_mb': 3639.76704, 'net_sent_bytes': 3107, 'net_recv_bytes': 41916, 'gpu_mem_used_mb': 38943.0, 'gpu_load': 0.0, 'client_rank': 40, 'round': 5, 'timestamp': '2025-08-12 10:01:45'}
    [Client 41] System Stats: {'cpu_time': 104.92000000178814, 'ram_used_mb': 3487.485952, 'net_sent_bytes': 18843, 'net_recv_bytes': 50868, 'gpu_mem_used_mb': 38943.0, 'gpu_load': 0.0, 'client_rank': 41, 'round': 5, 'timestamp': '2025-08-12 10:01:45'}
    [Client 47] System Stats: {'cpu_time': 39.690000005066395, 'ram_used_mb': 3499.790336, 'net_sent_bytes': 3140, 'net_recv_bytes': 38138, 'gpu_mem_used_mb': 38943.0, 'gpu_load': 0.0, 'client_rank': 47, 'round': 5, 'timestamp': '2025-08-12 10:01:45'}
    [Client 3] Statistical Utility: {'client_rank': 3, 'round': 5, 'data_size': 195, 'data_variance': 0.0641740933060646, 'local_loss': 2.5197272300720215, 'local_accuracy': 10.769230872392654}
    [Client 39] System Stats: {'cpu_time': 105.83000000193715, 'ram_used_mb': 3554.705408, 'net_sent_bytes': 52193, 'net_recv_bytes': 58560, 'gpu_mem_used_mb': 38943.0, 'gpu_load': 0.0, 'client_rank': 39, 'round': 5, 'timestamp': '2025-08-12 10:01:45'}
    [Client 29] System Stats: {'cpu_time': 44.87000000104308, 'ram_used_mb': 3514.753024, 'net_sent_bytes': 29590, 'net_recv_bytes': 65404, 'gpu_mem_used_mb': 38943.0, 'gpu_load': 0.0, 'client_rank': 29, 'round': 5, 'timestamp': '2025-08-12 10:01:45'}
    [Client 7] Statistical Utility: {'client_rank': 7, 'round': 5, 'data_size': 177, 'data_variance': 0.05976519733667374, 'local_loss': 2.4738729000091553, 'local_accuracy': 11.864406615495682}
    [Client 50] Statistical Utility: {'client_rank': 50, 'round': 5, 'data_size': 61, 'data_variance': 0.062268633395433426, 'local_loss': 2.4687650203704834, 'local_accuracy': 13.114753365516663}
    [Client 7] Round 5 - Sending updated weights to server...
    [Client 10] Statistical Utility: {'client_rank': 10, 'round': 5, 'data_size': 110, 'data_variance': 0.06482775509357452, 'local_loss': 2.4964869022369385, 'local_accuracy': 9.090909361839294}
    [Client 49] Statistical Utility: {'client_rank': 49, 'round': 5, 'data_size': 610, 'data_variance': 0.06524641066789627, 'local_loss': 2.2226414680480957, 'local_accuracy': 19.180327653884888}
    [Client 9] Statistical Utility: {'client_rank': 9, 'round': 5, 'data_size': 851, 'data_variance': 0.06420741230249405, 'local_loss': 2.2120325565338135, 'local_accuracy': 22.796709835529327}
    [Client 34] Statistical Utility: {'client_rank': 34, 'round': 5, 'data_size': 469, 'data_variance': 0.06394526362419128, 'local_loss': 2.292370319366455, 'local_accuracy': 21.535180509090424}
    [Client 33] Statistical Utility: {'client_rank': 33, 'round': 5, 'data_size': 781, 'data_variance': 0.06399969011545181, 'local_loss': 2.3489255905151367, 'local_accuracy': 14.212548732757568}
    [Client 4] Statistical Utility: {'client_rank': 4, 'round': 5, 'data_size': 151, 'data_variance': 0.05981486663222313, 'local_loss': 2.4734928607940674, 'local_accuracy': 13.245032727718353}
    [Client 1] Statistical Utility: {'client_rank': 1, 'round': 5, 'data_size': 106, 'data_variance': 0.060532305389642715, 'local_loss': 2.5585439205169678, 'local_accuracy': 14.150942862033844}
    [Client 35] Statistical Utility: {'client_rank': 35, 'round': 5, 'data_size': 1014, 'data_variance': 0.06343989819288254, 'local_loss': 2.22041392326355, 'local_accuracy': 23.76725822687149}
    [Client 46] Statistical Utility: {'client_rank': 46, 'round': 5, 'data_size': 1018, 'data_variance': 0.0634816437959671, 'local_loss': 2.2100906372070312, 'local_accuracy': 23.084479570388794}
    [Client 21] Statistical Utility: {'client_rank': 21, 'round': 5, 'data_size': 60, 'data_variance': 0.07171547412872314, 'local_loss': 2.367480516433716, 'local_accuracy': 13.333334028720856}
    [Client 31] Statistical Utility: {'client_rank': 31, 'round': 5, 'data_size': 739, 'data_variance': 0.06372059881687164, 'local_loss': 2.531853437423706, 'local_accuracy': 19.3504735827446}
    [Client 45] Statistical Utility: {'client_rank': 45, 'round': 5, 'data_size': 514, 'data_variance': 0.061238404363393784, 'local_loss': 2.399602174758911, 'local_accuracy': 13.035018742084503}
    [Client 23] Statistical Utility: {'client_rank': 23, 'round': 5, 'data_size': 220, 'data_variance': 0.06436336040496826, 'local_loss': 2.6464297771453857, 'local_accuracy': 13.636364042758942}
    [Client 18] Statistical Utility: {'client_rank': 18, 'round': 5, 'data_size': 203, 'data_variance': 0.062376607209444046, 'local_loss': 2.4871551990509033, 'local_accuracy': 13.793103396892548}
    [Client 17] Statistical Utility: {'client_rank': 17, 'round': 5, 'data_size': 48, 'data_variance': 0.05824858695268631, 'local_loss': 2.3945538997650146, 'local_accuracy': 14.58333283662796}
    [Client 43] Statistical Utility: {'client_rank': 43, 'round': 5, 'data_size': 3139, 'data_variance': 0.06272062659263611, 'local_loss': 2.179551124572754, 'local_accuracy': 30.551129579544067}
    [Client 14] Statistical Utility: {'client_rank': 14, 'round': 5, 'data_size': 796, 'data_variance': 0.063325434923172, 'local_loss': 2.2255241870880127, 'local_accuracy': 19.346733391284943}
    [Client 42] Statistical Utility: {'client_rank': 42, 'round': 5, 'data_size': 655, 'data_variance': 0.06275031715631485, 'local_loss': 2.3788578510284424, 'local_accuracy': 16.641221940517426}
    [Client 20] Statistical Utility: {'client_rank': 20, 'round': 5, 'data_size': 1618, 'data_variance': 0.06333921104669571, 'local_loss': 2.056568145751953, 'local_accuracy': 25.463536381721497}
    [Client 19] Statistical Utility: {'client_rank': 19, 'round': 5, 'data_size': 251, 'data_variance': 0.06290765851736069, 'local_loss': 2.268186569213867, 'local_accuracy': 18.72510015964508}
    [Client 12] Statistical Utility: {'client_rank': 12, 'round': 5, 'data_size': 232, 'data_variance': 0.0640404000878334, 'local_loss': 2.4250051975250244, 'local_accuracy': 15.948276221752167}
    [Client 37] Statistical Utility: {'client_rank': 37, 'round': 5, 'data_size': 990, 'data_variance': 0.06288761645555496, 'local_loss': 2.453383207321167, 'local_accuracy': 20.202019810676575}
    [Client 6] Statistical Utility: {'client_rank': 6, 'round': 5, 'data_size': 538, 'data_variance': 0.0634567141532898, 'local_loss': 2.397395372390747, 'local_accuracy': 15.42750895023346}
    [Client 8] Statistical Utility: {'client_rank': 8, 'round': 5, 'data_size': 869, 'data_variance': 0.06386084854602814, 'local_loss': 2.1447205543518066, 'local_accuracy': 20.943613350391388}
    [Client 13] Statistical Utility: {'client_rank': 13, 'round': 5, 'data_size': 584, 'data_variance': 0.06142173707485199, 'local_loss': 2.423382043838501, 'local_accuracy': 19.178082048892975}
    [Client 5] Statistical Utility: {'client_rank': 5, 'round': 5, 'data_size': 1851, 'data_variance': 0.06492260843515396, 'local_loss': 2.3695411682128906, 'local_accuracy': 16.153430938720703}
    [Client 30] Statistical Utility: {'client_rank': 30, 'round': 5, 'data_size': 2241, 'data_variance': 0.06377047300338745, 'local_loss': 2.450841188430786, 'local_accuracy': 24.631860852241516}
    [Client 48] Statistical Utility: {'client_rank': 48, 'round': 5, 'data_size': 171, 'data_variance': 0.05894334241747856, 'local_loss': 2.6750669479370117, 'local_accuracy': 14.61988240480423}
    [Client 47] Statistical Utility: {'client_rank': 47, 'round': 5, 'data_size': 355, 'data_variance': 0.06091005727648735, 'local_loss': 2.451117515563965, 'local_accuracy': 13.802817463874817}
    [Client 50] Round 5 - Sending updated weights to server...
    [Client 23] Round 5 - Sending updated weights to server...
    [Client 1] Round 5 - Sending updated weights to server...
    [Client 11] Statistical Utility: {'client_rank': 11, 'round': 5, 'data_size': 2916, 'data_variance': 0.06301935017108917, 'local_loss': 2.0146148204803467, 'local_accuracy': 27.09190547466278}
    [Client 2] Statistical Utility: {'client_rank': 2, 'round': 5, 'data_size': 3829, 'data_variance': 0.06370898336172104, 'local_loss': 2.031867265701294, 'local_accuracy': 29.433271288871765}
    [Client 28] Statistical Utility: {'client_rank': 28, 'round': 5, 'data_size': 2302, 'data_variance': 0.06293399631977081, 'local_loss': 2.146066188812256, 'local_accuracy': 23.71850609779358}
    [Client 41] Statistical Utility: {'client_rank': 41, 'round': 5, 'data_size': 365, 'data_variance': 0.06258073449134827, 'local_loss': 2.2502238750457764, 'local_accuracy': 22.739726305007935}
    [Client 40] Statistical Utility: {'client_rank': 40, 'round': 5, 'data_size': 2534, 'data_variance': 0.06332460045814514, 'local_loss': 2.3992857933044434, 'local_accuracy': 18.429361283779144}
    [Client 22] Statistical Utility: {'client_rank': 22, 'round': 5, 'data_size': 5090, 'data_variance': 0.06339983642101288, 'local_loss': 1.6766407489776611, 'local_accuracy': 38.998034596443176}
    [Client 39] Statistical Utility: {'client_rank': 39, 'round': 5, 'data_size': 1931, 'data_variance': 0.06222812458872795, 'local_loss': 2.645738124847412, 'local_accuracy': 19.834282994270325}
Received weights from client 1
Waiting for model weights from client 2...
    [Client 48] Round 5 - Sending updated weights to server...
    [Client 4] Round 5 - Sending updated weights to server...
    [Client 29] Statistical Utility: {'client_rank': 29, 'round': 5, 'data_size': 585, 'data_variance': 0.06192883104085922, 'local_loss': 2.437713146209717, 'local_accuracy': 18.974359333515167}
    [Client 1] Round 6 - Waiting for global weights...
    [Client 49] Round 5 - Sending updated weights to server...
    [Client 36] System Stats: {'cpu_time': 29.609999999403954, 'ram_used_mb': 3527.811072, 'net_sent_bytes': 45521, 'net_recv_bytes': 66731, 'gpu_mem_used_mb': 38943.0, 'gpu_load': 0.0, 'client_rank': 36, 'round': 5, 'timestamp': '2025-08-12 10:01:47'}
    [Client 34] Round 5 - Sending updated weights to server...
    [Client 33] Round 5 - Sending updated weights to server...
    [Client 35] Round 5 - Sending updated weights to server...
    [Client 46] Round 5 - Sending updated weights to server...
    [Client 14] Round 5 - Sending updated weights to server...
    [Client 5] Round 5 - Sending updated weights to server...
    [Client 6] Round 5 - Sending updated weights to server...
    [Client 43] Round 5 - Sending updated weights to server...
    [Client 45] Round 5 - Sending updated weights to server...
    [Client 12] Round 5 - Sending updated weights to server...
    [Client 19] Round 5 - Sending updated weights to server...
    [Client 42] Round 5 - Sending updated weights to server...
    [Client 30] Round 5 - Sending updated weights to server...
    [Client 31] Round 5 - Sending updated weights to server...
    [Client 17] Round 5 - Sending updated weights to server...
    [Client 18] Round 5 - Sending updated weights to server...
    [Client 47] Round 5 - Sending updated weights to server...
    [Client 28] Round 5 - Sending updated weights to server...
    [Client 29] Round 5 - Sending updated weights to server...
    [Client 13] Round 5 - Sending updated weights to server...
    [Client 37] Round 5 - Sending updated weights to server...
    [Client 11] Round 5 - Sending updated weights to server...
    [Client 8] Round 5 - Sending updated weights to server...
    [Client 2] Round 5 - Sending updated weights to server...
Received weights from client 2
Waiting for model weights from client 3...
    [Client 36] Statistical Utility: {'client_rank': 36, 'round': 5, 'data_size': 1866, 'data_variance': 0.06286414712667465, 'local_loss': 2.3701162338256836, 'local_accuracy': 25.616291165351868}
    [Client 2] Round 6 - Waiting for global weights...
    [Client 40] Round 5 - Sending updated weights to server...
    [Client 20] Round 5 - Sending updated weights to server...
    [Client 39] Round 5 - Sending updated weights to server...
    [Client 10] Round 5 - Sending updated weights to server...
    [Client 3] Round 5 - Sending updated weights to server...
Received weights from client 3
Waiting for model weights from client 4...
Received weights from client 4
Waiting for model weights from client 5...
Received weights from client 5
Waiting for model weights from client 6...
Received weights from client 6
Waiting for model weights from client 7...
Received weights from client 7
Waiting for model weights from client 8...
Received weights from client 8
Waiting for model weights from client 9...
    [Client 36] Round 5 - Sending updated weights to server...
    [Client 22] Round 5 - Sending updated weights to server...
    [Client 21] Round 5 - Sending updated weights to server...
    [Client 5] Round 6 - Waiting for global weights...
    [Client 8] Round 6 - Waiting for global weights...
    [Client 6] Round 6 - Waiting for global weights...
    [Client 7] Round 6 - Waiting for global weights...
    [Client 4] Round 6 - Waiting for global weights...
    [Client 3] Round 6 - Waiting for global weights...
    [Client 41] Round 5 - Sending updated weights to server...
    [Client 15] Round 5 - Sending updated weights to server...
    [Client 38] System Stats: {'cpu_time': 428.85999999567866, 'ram_used_mb': 3591.696384, 'net_sent_bytes': 115562, 'net_recv_bytes': 134718, 'gpu_mem_used_mb': 38943.0, 'gpu_load': 0.01, 'client_rank': 38, 'round': 5, 'timestamp': '2025-08-12 10:02:04'}
    [Client 38] Statistical Utility: {'client_rank': 38, 'round': 5, 'data_size': 3091, 'data_variance': 0.06275180727243423, 'local_loss': 2.3228683471679688, 'local_accuracy': 25.655126571655273}
    [Client 38] Round 5 - Sending updated weights to server...
    [Client 24] Round 5 - Waiting for global weights...
    [Client 27] Round 5 - Training on local data...
    [Client 25] Round 5 - Training on local data...
    [Client 26] Round 5 - Training on local data...
    [Client 16] Round 5 - Training on local data...
    [Client 24] Round 5 - Training on local data...
    [Client 16] System Stats: {'cpu_time': 31.13000000268221, 'ram_used_mb': 3436.515328, 'net_sent_bytes': 31024, 'net_recv_bytes': 64720, 'gpu_mem_used_mb': 38943.0, 'gpu_load': 0.0, 'client_rank': 16, 'round': 5, 'timestamp': '2025-08-12 10:02:40'}
    [Client 25] System Stats: {'cpu_time': 31.37000000104308, 'ram_used_mb': 3580.616704, 'net_sent_bytes': 70514, 'net_recv_bytes': 61526, 'gpu_mem_used_mb': 38943.0, 'gpu_load': 0.0, 'client_rank': 25, 'round': 5, 'timestamp': '2025-08-12 10:02:40'}
    [Client 27] System Stats: {'cpu_time': 31.199999999254942, 'ram_used_mb': 3579.076608, 'net_sent_bytes': 1441, 'net_recv_bytes': 41737, 'gpu_mem_used_mb': 38943.0, 'gpu_load': 0.0, 'client_rank': 27, 'round': 5, 'timestamp': '2025-08-12 10:02:40'}
    [Client 16] Statistical Utility: {'client_rank': 16, 'round': 5, 'data_size': 103, 'data_variance': 0.06744927167892456, 'local_loss': 2.3361968994140625, 'local_accuracy': 15.53398072719574}
    [Client 26] System Stats: {'cpu_time': 119.39000000059605, 'ram_used_mb': 3503.591424, 'net_sent_bytes': 15200, 'net_recv_bytes': 51802, 'gpu_mem_used_mb': 38943.0, 'gpu_load': 0.0, 'client_rank': 26, 'round': 5, 'timestamp': '2025-08-12 10:02:41'}
    [Client 25] Statistical Utility: {'client_rank': 25, 'round': 5, 'data_size': 1641, 'data_variance': 0.06381169706583023, 'local_loss': 2.1628260612487793, 'local_accuracy': 22.486288845539093}
    [Client 27] Statistical Utility: {'client_rank': 27, 'round': 5, 'data_size': 1413, 'data_variance': 0.06384675949811935, 'local_loss': 2.2659788131713867, 'local_accuracy': 22.3637655377388}
    [Client 26] Statistical Utility: {'client_rank': 26, 'round': 5, 'data_size': 694, 'data_variance': 0.06427877396345139, 'local_loss': 2.199967861175537, 'local_accuracy': 25.504323840141296}
    [Client 9] Round 5 - Sending updated weights to server...
Received weights from client 9
Waiting for model weights from client 10...
Received weights from client 10
Waiting for model weights from client 11...
Received weights from client 11
Waiting for model weights from client 12...
Received weights from client 12
Waiting for model weights from client 13...
Received weights from client 13
Waiting for model weights from client 14...
Received weights from client 14
Waiting for model weights from client 15...
Received weights from client 15
Waiting for model weights from client 16...
    [Client 9] Round 6 - Waiting for global weights...
    [Client 11] Round 6 - Waiting for global weights...
    [Client 14] Round 6 - Waiting for global weights...
    [Client 13] Round 6 - Waiting for global weights...
    [Client 10] Round 6 - Waiting for global weights...
    [Client 15] Round 6 - Waiting for global weights...
    [Client 12] Round 6 - Waiting for global weights...
    [Client 26] Round 5 - Sending updated weights to server...
    [Client 27] Round 5 - Sending updated weights to server...
    [Client 16] Round 5 - Sending updated weights to server...
Received weights from client 16
Waiting for model weights from client 17...
Received weights from client 17
Waiting for model weights from client 18...
Received weights from client 18
Waiting for model weights from client 19...
Received weights from client 19
Waiting for model weights from client 20...
Received weights from client 20
Waiting for model weights from client 21...
Received weights from client 21
Waiting for model weights from client 22...
Received weights from client 22
Waiting for model weights from client 23...
Received weights from client 23
Waiting for model weights from client 24...
    [Client 22] Round 6 - Waiting for global weights...
    [Client 20] Round 6 - Waiting for global weights...
    [Client 16] Round 6 - Waiting for global weights...
    [Client 21] Round 6 - Waiting for global weights...
    [Client 17] Round 6 - Waiting for global weights...
    [Client 19] Round 6 - Waiting for global weights...
    [Client 18] Round 6 - Waiting for global weights...
    [Client 23] Round 6 - Waiting for global weights...
    [Client 25] Round 5 - Sending updated weights to server...
