client_rank,round,data_size,data_variance,local_loss,local_accuracy,cpu_time,ram_used_mb,net_sent_bytes,net_recv_bytes,gpu_mem_used_mb,gpu_load,timestamp,confusion_mean,classification_score,class_label
1,1,0.013943057722308892,0.0,0.12253004497265763,0.07692307513493758,0.6392333437696379,0.9708398619815976,0.6701754243085644,0.9777330879887354,0.95,1.0,2025-08-21 11:03:54,0.07041666666666666,1,0
2,1,0.002047581903276131,0.15816424214466562,0.15852213686846062,0.07063829879557833,0.7293828706372997,0.9765920178245989,0.6915007981235952,0.9764744297693764,0.95,1.0,2025-08-21 11:03:51,0.07833333333333332,5,1
3,1,0.3792901716068643,0.15400351310475657,0.14165333912895395,0.08030643326089745,0.6487683898999173,0.9551467973507579,0.6533456038049321,0.9800812063078816,0.95,1.0,2025-08-21 11:03:53,0.10171428571428573,4,0
4,1,0.31318252730109203,0.16094748460928643,0.14878678216151242,0.09008028967690511,0.8592617562839515,0.9899965828777171,0.8203488940287325,0.9782782575142642,0.95,0.9583333333333334,2025-08-21 11:03:56,0.10547231270358307,8,1
5,1,0.09087363494539781,0.21864001470004618,0.1345418711578702,0.07832984965790785,0.39934025187255684,0.9681263057296529,0.8740349219793465,0.9796955664379489,0.95,1.0,2025-08-21 11:03:53,0.09300970873786409,4,0
6,1,0.4581708268330733,0.09912634969912579,0.14417717091458737,0.08347936255258227,0.8775372613281174,0.952729113881851,0.8609595400201975,0.9845148562541118,0.95,0.9583333333333334,2025-08-21 11:03:54,0.10205183585313174,6,1
7,1,0.39752340093603744,0.14196207029036806,0.14132693299606036,0.08775042397938732,0.33266716429582466,0.9545133795617193,0.3876478157474672,0.9532560530077933,0.95,1.0,2025-08-21 11:04:14,0.10825857519788919,4,0
8,1,0.01501560062402496,0.3391388224631433,0.12708363188703165,0.04666666782895724,0.9045773037073244,0.9701571320620528,0.9805192689839398,0.9882517175806514,0.95,1.0,2025-08-21 11:03:50,0.0782608695652174,5,1
9,1,0.16994929797191888,0.10222655113940769,0.15842691160207023,0.10109666571184496,0.7537502107036624,0.9818031293061297,0.6846556666775254,0.9809579602002075,0.95,1.0,2025-08-21 11:03:53,0.10529761904761906,7,1
10,1,0.10676677067082684,0.20005636729891943,0.15082547220535814,0.08524531585759716,0.7134429703237588,0.9562865326487976,0.6678095579372577,0.9786333538275471,0.95,1.0,2025-08-21 11:03:53,0.1037962962962963,5,1
11,1,0.0,1.0,0.18300291881439812,0.12000000464916229,0.9043124413123249,0.9853793005734098,0.8861452259178422,0.9852327397042944,1.0,1.0,2025-08-21 11:03:47,0.04333333333333333,8,1
12,1,0.12909516380655225,0.13763343865794875,0.13600993405594963,0.06939259450047104,0.6814427776895724,0.9600946792905721,0.9786379776525393,0.9865733601296277,0.95,1.0,2025-08-21 11:03:52,0.09712230215827339,3,0
13,1,1.0,0.1385564745938103,0.15014046204730058,0.08967127187501084,0.6583997495892369,0.9607996343956973,0.7513641398182233,0.00898332146016656,0.95,1.0,2025-08-21 11:03:54,0.10302605210420841,6,1
14,1,0.2528276131045242,0.1027542450015828,0.14290398575947594,0.08151202303396467,0.7126002263368157,0.9548668989198561,0.24032478743851193,0.9538080344056685,0.95,0.9583333333333334,2025-08-21 11:03:58,0.10034482758620689,2,0
15,1,0.06825273010920437,0.06325087688414269,0.14661269998066873,0.08033057791043902,0.6409429101198292,0.9696056696448415,0.6808157148907059,0.9811199069717975,0.95,1.0,2025-08-21 11:03:53,0.10083333333333332,4,0
16,1,0.045826833073322935,0.19500472654364423,0.1380004077561201,0.07112903337348854,0.9111507067041204,0.9661163155087344,0.8105433755741603,0.9806562601766077,0.95,1.0,2025-08-21 11:03:54,0.08551724137931035,4,0
17,1,0.9827418096723869,0.09784180920183827,0.14466754481386912,0.08679663283645606,0.7368712528127437,0.9336772680801886,0.6121200768804769,0.9763900504474081,0.95,1.0,2025-08-21 11:03:53,0.10248478701825559,5,1
18,1,0.31464508580343215,0.09205345298963111,0.15168266059233304,0.08276667696649831,0.8408658592461359,0.9567609014535271,0.5506930644688406,0.9770464073086556,0.95,1.0,2025-08-21 11:03:53,0.10071207430340558,5,1
19,1,0.08239079563182528,0.12731171244796616,0.15315185041664203,0.07820895594091558,0.7136115191103836,0.983044961550429,0.4678144444082484,0.0,0.95,1.0,2025-08-21 11:03:53,0.08797979797979798,2,0
20,1,0.0019500780031201249,0.12966277706604906,0.11589599124921646,0.0730434731737427,0.8299583443747942,0.984765329821754,0.8338111216079747,0.01148899179455043,0.95,1.0,2025-08-21 11:03:52,0.0657142857142857,3,0
1,2,0.013943057722308892,0.0,0.2029221448676245,0.08923077149574574,0.8001492860743682,0.9398419789305241,0.8579136397693585,0.9823319807738199,0.95,1.0,2025-08-21 11:04:35,0.065,1,0
2,2,0.002047581903276131,0.15816424214466562,0.19737171120855168,0.026382977107737928,0.8283210132252777,0.9444849591056586,0.8623277518975796,0.9900619177222505,0.95,1.0,2025-08-21 11:04:34,0.06714285714285714,2,0
3,2,0.3792901716068643,0.15400351310475657,0.22974612842355713,0.07579162400333825,0.7645854903653593,0.9165770713872962,0.9423070658370525,0.9888751137692551,0.95,1.0,2025-08-21 11:04:36,0.0955121951219512,6,1
4,2,0.31318252730109203,0.16094748460928643,0.22624315873397405,0.06920321087420465,0.9498206159300224,0.984807002044717,0.9194139492458546,0.9897619756011917,0.95,1.0,2025-08-21 11:04:34,0.09665671641791045,8,1
5,2,0.09087363494539781,0.21864001470004618,0.22061858942794788,0.05118997730492052,0.5707543762567646,0.9291766680001778,0.8234803075219077,0.9843017105710151,0.95,1.0,2025-08-21 11:04:37,0.0870909090909091,1,0
6,2,0.4581708268330733,0.09912634969912579,0.22432078357595575,0.06851216713862444,0.9716115672694907,0.9518567753478242,0.9978255204091605,0.9952960725380905,0.95,1.0,2025-08-21 11:04:31,0.09823284823284824,7,1
7,2,0.39752340093603744,0.14196207029036806,0.22364414486988848,0.07456982415105375,0.7620331800461647,0.9144462317197849,0.9806984395869304,0.9870730439269082,0.95,1.0,2025-08-21 11:04:38,0.09432183908045977,6,1
8,2,0.01501560062402496,0.3391388224631433,0.21368984449549988,0.035111112944947356,0.9796055958272336,1.0,0.7685930221194254,0.019408123003956557,0.95,1.0,2025-08-21 11:04:30,0.075,3,0
9,2,0.16994929797191888,0.10222655113940769,0.22216915942497084,0.06523459295218378,0.8049168091395078,0.9740409832422101,0.9133262208033358,0.9820603848312348,0.95,1.0,2025-08-21 11:04:41,0.0916580310880829,4,0
10,2,0.10676677067082684,0.20005636729891943,0.22205638630729296,0.07411240082101882,0.8229033733899443,0.9264651953593812,0.98786933576571,0.9891636295237974,0.95,1.0,2025-08-21 11:04:35,0.095,5,1
11,2,0.0,1.0,0.13888721820398398,0.0,0.9046976957099441,0.9891034082322088,0.9743500993582435,0.9894306109722124,0.95,1.0,2025-08-21 11:04:35,0.06419753086419754,5,1
12,2,0.12909516380655225,0.13763343865794875,0.22140445948354326,0.06862222055885527,0.9089354939761151,0.9867662910610304,0.825365670912467,0.9925368247621668,0.95,1.0,2025-08-21 11:04:30,0.08999999999999998,5,1
13,2,1.0,0.1385564745938103,0.220538416676194,0.06964403669483069,0.9416339601869249,0.9485250811219275,0.9966568394305633,0.9976439711194192,0.95,1.0,2025-08-21 11:04:28,0.09699999999999999,8,1
14,2,0.2528276131045242,0.1027542450015828,0.23089639812492557,0.07833524268617517,0.8569983867540013,0.9258449737742811,0.7541087076913053,0.9832241163133796,0.95,1.0,2025-08-21 11:04:36,0.09221830985915494,4,0
15,2,0.06825273010920437,0.06325087688414269,0.22065577799352043,0.054545455954291604,0.7913847487572668,0.9308025792327866,0.9924748346743981,0.9892767944998745,0.95,1.0,2025-08-21 11:04:35,0.08344827586206895,2,0
16,2,0.045826833073322935,0.19500472654364423,0.22261654913807105,0.06693548123081845,0.9394187474499497,0.9605579355025115,0.6802008339577157,0.981012235441161,0.95,1.0,2025-08-21 11:04:37,0.08857142857142858,4,0
17,2,0.9827418096723869,0.09784180920183827,0.2226765982071559,0.07166749160240218,0.822108786218401,0.8895741654442815,0.8431035606085285,0.9881600869107017,0.95,1.0,2025-08-21 11:04:36,0.09897159647404503,4,0
18,2,0.31464508580343215,0.09205345298963111,0.22333963330373896,0.0629449735029712,0.9004117406283734,0.9464032704360582,0.9238443496107112,0.9876650176075913,0.95,1.0,2025-08-21 11:04:36,0.0945639534883721,5,1
19,2,0.08239079563182528,0.12731171244796616,0.21293094017468106,0.04597014583046756,0.9151236425887468,0.9851660776992488,0.9974956836172916,0.9976795686458745,0.95,1.0,2025-08-21 11:04:28,0.0845631067961165,4,0
20,2,0.0019500780031201249,0.12966277706604906,0.23410644748957687,0.09565217121787693,0.9932339698111219,0.989279126105703,0.9981024204319641,0.9987549655253338,0.95,1.0,2025-08-21 11:04:28,0.06571428571428571,6,1
1,3,0.013943057722308892,0.0,0.14154394678996451,0.06461538652273323,0.6104355782427797,0.908868404676179,0.6628742222367007,0.9719071792300299,0.9,1.0,2025-08-21 11:05:22,0.0676,0,0
2,3,0.002047581903276131,0.15816424214466562,0.12646172959782442,0.004255316263817736,0.8051094363293475,0.9143538582922168,0.8366778512558231,0.9888157845584962,0.9,1.0,2025-08-21 11:05:11,0.06714285714285714,3,0
3,3,0.3792901716068643,0.15400351310475657,0.18143303008201261,0.0752604649592347,0.6142640437529662,0.8807459050095569,0.5785988858846141,0.9711541377290273,0.9,1.0,2025-08-21 11:05:18,0.09669135802469135,5,1
4,3,0.31318252730109203,0.16094748460928643,0.17197956792189406,0.06534897784195688,0.8467891454682531,0.9362970618304663,0.5858349350099359,0.9711996234572757,0.95,1.0,2025-08-21 11:05:21,0.09551622418879056,6,1
5,3,0.09087363494539781,0.21864001470004618,0.16363838195026403,0.055532356881398515,0.5221160097368988,0.8950818442458995,0.8797887415708375,0.9871420416016425,0.9,1.0,2025-08-21 11:05:13,0.09037735849056604,3,0
6,3,0.4581708268330733,0.09912634969912579,0.16832550962283066,0.06521058002890733,0.9567792733199525,0.9463011734897987,0.7880656090171678,0.9871873075920734,0.95,1.0,2025-08-21 11:05:08,0.0984375,5,1
7,3,0.39752340093603744,0.14196207029036806,0.17089667231010197,0.07380940716536252,0.858033757930784,0.9149636618215762,0.8441419356940417,0.9898177890068686,0.95,1.0,2025-08-21 11:05:09,0.097458432304038,8,1
8,3,0.01501560062402496,0.3391388224631433,0.1514819872287564,0.035111112944947356,0.9606077388032294,0.9996041138818509,0.863687819656644,0.9930716666102672,0.95,1.0,2025-08-21 11:05:09,0.08571428571428572,5,1
9,3,0.16994929797191888,0.10222655113940769,0.1716206419178069,0.06582249502215161,0.7659098023269014,0.9398176701337957,0.6457349252369938,0.9742311263892374,0.9,0.9583333333333334,2025-08-21 11:05:20,0.09459893048128343,4,0
10,3,0.10676677067082684,0.20005636729891943,0.17113646611278743,0.07504014115786574,0.9757289735509819,0.9200608692270081,0.9989819852102811,0.9998494795949265,0.95,1.0,2025-08-21 11:05:02,0.09747826086956522,7,1
11,3,0.0,1.0,0.03318564311076411,0.0,0.9083576123886563,0.9676102647019603,0.6677647652865101,0.9855188383428428,0.95,1.0,2025-08-21 11:05:09,0.053497942386831275,3,0
12,3,0.12909516380655225,0.13763343865794875,0.16492533170432122,0.06554074028959979,0.6592906503646698,0.9433813397341868,0.6953203896146203,0.9821654195080598,0.95,1.0,2025-08-21 11:05:17,0.09926470588235294,4,0
13,3,1.0,0.1385564745938103,0.1662881074946757,0.06711534957157872,0.8545183116354815,0.9351059307907721,0.9074787438511907,0.9921571178133098,0.95,1.0,2025-08-21 11:05:08,0.10050830889540567,8,1
14,3,0.2528276131045242,0.1027542450015828,0.18075494247079316,0.07793814223697505,0.7879896944511292,0.8840595412721697,0.7526346222757925,0.972808983233565,0.9,1.0,2025-08-21 11:05:17,0.09287234042553191,3,0
15,3,0.06825273010920437,0.06325087688414269,0.1673528112973348,0.0617079863871753,0.9588500156600631,0.9303379339467485,0.9913061536958009,0.9976694607062637,0.95,1.0,2025-08-21 11:05:03,0.08344827586206895,4,0
16,3,0.045826833073322935,0.19500472654364423,0.1690996274477473,0.06064515689111524,0.920204184823921,0.9267180068453572,0.843478190051145,0.9813266802581831,0.9,1.0,2025-08-21 11:05:19,0.09725490196078432,5,1
17,3,0.9827418096723869,0.09784180920183827,0.1686800889114609,0.06909450571104066,0.796922780581765,0.8505884117882384,0.8165578069518193,0.9800155047004117,0.9,1.0,2025-08-21 11:05:17,0.10104999999999999,4,0
18,3,0.31464508580343215,0.09205345298963111,0.17045701009114644,0.0613464442809618,0.8528809804859651,0.9083725052229186,0.7222367006547872,0.9786397262242582,0.9,1.0,2025-08-21 11:05:17,0.09887537993920972,3,0
19,3,0.08239079563182528,0.12731171244796616,0.14520162735190822,0.04119403040587013,0.8814138836133389,0.9820767769035872,0.9888547740821578,0.9934379695522491,0.95,0.9166666666666666,2025-08-21 11:05:08,0.0916842105263158,4,0
20,3,0.0019500780031201249,0.12966277706604906,0.18270194901639836,0.11826086151340733,0.9937877729976082,0.9898576754678402,0.9930408508974818,0.9996903894149657,0.95,1.0,2025-08-21 11:05:02,0.07666666666666666,6,1
1,4,0.013943057722308892,0.0,0.10444255701070748,0.0707692269545335,0.9778237942898224,0.9103387396097258,0.9992751734697202,0.9995890902810403,0.9,1.0,2025-08-21 11:05:32,0.12071428571428572,4,0
2,4,0.002047581903276131,0.15816424214466562,0.0826168937561369,0.026382977107737928,0.9806168885963165,0.9176695781659777,0.9973531615467309,0.9983218622867939,0.9,1.0,2025-08-21 11:05:32,0.094,4,0
3,4,0.3792901716068643,0.15400351310475657,0.15633356563609524,0.08641470415355967,0.0902939972802238,0.8396584822420767,0.29239420790305237,0.9325815809608607,0.85,1.0,2025-08-21 11:06:14,0.11030985915492958,5,1
4,4,0.31318252730109203,0.16094748460928643,0.14335427328288075,0.08044471484488952,0.8773927909357375,0.9038496799573277,0.8357046291168518,0.9730194920628503,0.9,1.0,2025-08-21 11:05:47,0.11051194539249146,5,1
5,4,0.09087363494539781,0.21864001470004618,0.13904852964425984,0.08050103944614684,0.899183742270721,0.8933982864381919,0.8956209075805454,0.9972451469804289,0.9,1.0,2025-08-21 11:05:34,0.09979166666666667,2,0
6,4,0.4581708268330733,0.09912634969912579,0.13905641812786618,0.07137354056741825,0.929522525347691,0.8970855836333734,0.8198195263380786,0.9861319068540181,0.9,1.0,2025-08-21 11:05:41,0.10787671232876711,1,0
7,4,0.39752340093603744,0.14196207029036806,0.14190931237250548,0.08065317553379114,0.9686258457507323,0.9032982175401165,0.9987946704889729,0.9994526330962948,0.9,0.5833333333333333,2025-08-21 11:05:33,0.1168945868945869,8,1
8,4,0.01501560062402496,0.3391388224631433,0.12095669496685313,0.058222222712967134,0.9404059618203026,0.9523867071165045,0.7000602664755513,0.9881264670246049,0.95,1.0,2025-08-21 11:05:40,0.08181818181818182,3,0
9,4,0.16994929797191888,0.10222655113940769,0.1431263122056048,0.07993216019858741,0.9620042859609613,0.9380799384362359,0.9942665407043033,0.9984554628799102,0.9,1.0,2025-08-21 11:05:34,0.11562091503267974,7,1
10,4,0.10676677067082684,0.20005636729891943,0.14424027878343781,0.07596788149471265,0.9686017673564873,0.9114090212028271,0.9988313190214028,0.9996238088562251,0.9,1.0,2025-08-21 11:05:33,0.12053763440860216,6,1
11,4,0.0,1.0,0.0,0.04000000154972076,0.9290650357628519,0.9365880728541583,0.835407368798254,0.9884237722918523,0.95,1.0,2025-08-21 11:05:38,0.06419753086419754,3,0
12,4,0.12909516380655225,0.13763343865794875,0.13793649493996274,0.08402962965373639,0.8014495196416653,0.9115618193536916,0.7696395413232564,0.9886725155014043,0.9,1.0,2025-08-21 11:05:40,0.10150375939849625,3,0
13,4,1.0,0.1385564745938103,0.13743742760976807,0.07591519098865271,0.9581758204776846,0.9224861926034582,0.9980820601361696,0.9984537049773692,0.95,0.6666666666666666,2025-08-21 11:05:33,0.11618079096045199,7,1
14,4,0.2528276131045242,0.1027542450015828,0.15263660364558118,0.07873233538677148,0.9825672389338073,0.87856505867449,0.9809875557872105,0.997611230184593,0.9,1.0,2025-08-21 11:05:33,0.11050632911392404,5,1
15,4,0.06825273010920437,0.06325087688414269,0.13732232014490053,0.06887052456866283,0.9555271965546003,0.923925967906832,0.9980902042544874,0.998436785165412,0.9,1.0,2025-08-21 11:05:33,0.11,4,0
16,4,0.045826833073322935,0.19500472654364423,0.14660392605502492,0.09629031523509371,0.9963160049270428,0.9246031415299818,0.9975201159722449,0.9983822901866409,0.9,0.9583333333333334,2025-08-21 11:05:33,0.09725490196078432,7,1
17,4,0.9827418096723869,0.09784180920183827,0.13957770200372766,0.07743097287033643,0.9506152031060507,0.8387944781526426,0.9986154998859823,0.9983688861797657,0.9,0.0,2025-08-21 11:05:33,0.11055798687089714,5,1
18,4,0.31464508580343215,0.09205345298963111,0.14235887544333403,0.0786105118373193,0.9805687317988565,0.906322231853136,0.9819363455712284,0.9972233929364839,0.9,1.0,2025-08-21 11:05:34,0.10735973597359734,4,0
19,4,0.08239079563182528,0.12731171244796616,0.10532236441700249,0.050746269003668826,0.9864920180209739,0.9737339978663823,0.997222855653647,0.9983302123238637,0.95,0.9166666666666666,2025-08-21 11:05:33,0.09168421052631577,5,1
20,4,0.0019500780031201249,0.12966277706604906,0.15902836822968558,0.09565217121787693,0.9937877729953657,0.9833158309996889,0.9960541746750496,0.9994981188245433,0.95,1.0,2025-08-21 11:05:32,0.07666666666666666,7,1
1,5,0.013943057722308892,0.0,0.15037880694483385,0.12000000464916229,0.954251041390518,0.9048581477530337,0.9906424080529042,0.9968296227672989,0.9,1.0,2025-08-21 11:06:23,0.105625,4,0
2,5,0.002047581903276131,0.15816424214466562,0.11194096315215352,0.09276595576519661,0.980352026201317,0.9136030637418323,0.9992751734697202,0.9995770047010709,0.9,1.0,2025-08-21 11:06:21,0.06714285714285713,5,1
3,5,0.3792901716068643,0.15400351310475657,0.2148413216178282,0.14935648910605387,0.7156822614460091,0.8148628150420056,0.8294743786037724,0.9811372662593899,0.85,1.0,2025-08-21 11:06:33,0.10470588235294116,5,1
4,5,0.31318252730109203,0.16094748460928643,0.1975644960885221,0.14179123273758773,0.9032289133515372,0.9051269335911456,0.8129010978271493,0.9803385192923212,0.9,1.0,2025-08-21 11:06:33,0.09993827160493829,4,0
5,5,0.09087363494539781,0.21864001470004618,0.19739561814356266,0.13586638679484483,0.5694782210926823,0.847593568031293,0.7754503697429717,0.9818224087747464,0.85,1.0,2025-08-21 11:06:31,0.10301075268817204,2,0
6,5,0.4581708268330733,0.09912634969912579,0.19166431282465934,0.14356825104887522,0.9775589318858531,0.8971085033560031,0.9990145616835522,0.9957239020690073,0.9,0.7083333333333333,2025-08-21 11:06:24,0.10453539823008852,5,1
7,5,0.39752340093603744,0.14196207029036806,0.19324603428245424,0.1402193509641578,0.9126194890670121,0.9016035471396187,0.9981105645502818,0.9946375182986668,0.9,1.0,2025-08-21 11:06:25,0.10797368421052632,5,1
8,5,0.01501560062402496,0.3391388224631433,0.176442839748449,0.13333333720763524,0.921071007205109,0.9277868993643597,0.7679944294230707,0.9786072050272497,0.9,1.0,2025-08-21 11:06:32,0.09,2,0
9,5,0.16994929797191888,0.10222655113940769,0.19598897272498939,0.13872244468140965,0.9535046110254045,0.930581021914033,0.9964165879401896,0.9957234625933721,0.9,1.0,2025-08-21 11:06:24,0.10166666666666668,6,1
10,5,0.10676677067082684,0.20005636729891943,0.19681356074604028,0.1418376468745435,0.9762346199287959,0.912070220473841,0.9989005440271036,0.999488889836203,0.9,0.9166666666666666,2025-08-21 11:06:21,0.10575471698113209,8,1
11,5,0.0,1.0,0.06922643431862652,0.04000000154972076,0.8943921408203062,0.9199476596879584,0.9804989086881454,0.9880229705125033,0.95,1.0,2025-08-21 11:06:30,0.06419753086419754,4,0
12,5,0.12909516380655225,0.13763343865794875,0.19514265112665585,0.15105185263015605,0.7324408273387932,0.8759028981641998,0.7018601166237743,0.9739089907485984,0.85,1.0,2025-08-21 11:06:32,0.11065573770491804,4,0
13,5,1.0,0.1385564745938103,0.1912546751402463,0.13862671842966484,0.9166887385375885,0.9074480764101881,0.8791005635729876,0.9884184985842293,0.95,0.08333333333333326,2025-08-21 11:06:24,0.10823157894736841,5,1
14,5,0.2528276131045242,0.1027542450015828,0.20627257704257584,0.15298968546538008,0.9529989646386205,0.8754750633417789,0.8461250285044142,0.9945643456053974,0.9,0.75,2025-08-21 11:06:24,0.10151162790697675,4,0
15,5,0.06825273010920437,0.06325087688414269,0.1905352937321898,0.14049586764051894,0.9696371385243,0.9239995888340669,0.9978377365866371,0.9993957210015298,0.9,1.0,2025-08-21 11:06:21,0.08853658536585364,5,1
16,5,0.045826833073322935,0.19500472654364423,0.2053960699202385,0.15080645434678558,0.9877681731760861,0.916461083700049,0.8726667101019644,0.9928960960939845,0.9,0.9583333333333334,2025-08-21 11:06:24,0.11022222222222224,6,1
17,5,0.9827418096723869,0.09784180920183827,0.19240760116772704,0.14371102682309006,0.9416339601689852,0.8284479597279637,0.8805420725152295,0.989744176837964,0.9,0.5,2025-08-21 11:06:24,0.10807486631016042,3,0
18,5,0.31464508580343215,0.09205345298963111,0.19883993509609243,0.1383953296220233,0.9679757289715686,0.8974995277148065,0.8368936703912434,0.9953158489416768,0.9,0.7083333333333333,2025-08-21 11:06:24,0.11178694158075601,5,1
19,5,0.08239079563182528,0.12731171244796616,0.160896409444497,0.12238806236146102,0.9007729166227776,0.9649397697470774,0.9974223865524319,0.9947155252239238,0.95,1.0,2025-08-21 11:06:25,0.108875,5,1
20,5,0.0019500780031201249,0.12966277706604906,0.20304658972125056,0.18608694789720617,0.9779441862789872,0.978198482019825,0.991041469850474,0.9980942139077339,0.95,1.0,2025-08-21 11:06:21,0.09200000000000001,7,1
1,6,0.013943057722308892,0.0,0.14436190632149015,0.15076923005397502,0.9660735354405076,0.9003554640618749,0.9945841613186956,0.9985246802924622,0.9,1.0,2025-08-21 11:06:39,0.09941176470588237,4,0
2,6,0.002047581903276131,0.15816424214466562,0.1109443578916468,0.1148936127348149,0.965423418656859,0.9082183179979553,0.9945597289637423,0.9987118969130792,0.9,1.0,2025-08-21 11:06:39,0.094,4,0
3,6,0.3792901716068643,0.15400351310475657,0.21760502770087808,0.15015321604930343,0.9452697984534524,0.8200378105969686,0.8179219467700427,0.9928092996560224,0.85,1.0,2025-08-21 11:06:40,0.12049230769230769,4,0
4,6,0.31318252730109203,0.16094748460928643,0.19664661467461708,0.14050648322776926,0.9409838434032763,0.8975092512334979,0.8654550933315959,0.9864234989380072,0.9,1.0,2025-08-21 11:06:49,0.12698039215686274,5,1
5,6,0.09087363494539781,0.21864001470004618,0.20088353531850944,0.1434655510536813,0.6150345525123246,0.8228611037027159,0.9964491644134607,0.9877471995513832,0.85,1.0,2025-08-21 11:06:47,0.12282051282051283,4,0
6,6,0.4581708268330733,0.09912634969912579,0.18805476811166033,0.13740529051036432,0.9827839445313468,0.8875100013335111,0.9976748542202821,0.9970324407729674,0.9,1.0,2025-08-21 11:06:41,0.12839673913043476,4,0
7,6,0.39752340093603744,0.14196207029036806,0.19007341496756758,0.14326103440413032,0.9670366714076456,0.8900207527670356,0.9992751734697202,0.9988090210284697,0.9,0.625,2025-08-21 11:06:39,0.12547400611620796,6,1
8,6,0.01501560062402496,0.3391388224631433,0.1803918307407113,0.17955555674367482,0.9376610243067834,0.8928225152242522,0.9919128905104734,0.98907177911603,0.85,1.0,2025-08-21 11:06:46,0.1,3,0
9,6,0.16994929797191888,0.10222655113940769,0.19545215336610744,0.13989824882134536,0.9707688232960026,0.9217645686091479,0.9976626380428055,0.9983124135606359,0.9,1.0,2025-08-21 11:06:40,0.12818840579710142,7,1
10,6,0.10676677067082684,0.20005636729891943,0.1971317564164049,0.13441569318535282,0.9662661626393171,0.9052769535938126,0.9974264586115907,0.9987136548156202,0.9,1.0,2025-08-21 11:06:39,0.13345238095238093,7,1
11,6,0.0,1.0,0.08832855836075482,0.12000000464916229,0.9909465218891692,0.9209484875761214,0.9953782128546763,0.9999151812023965,0.9,1.0,2025-08-21 11:06:39,0.08024691358024691,4,0
12,6,0.12909516380655225,0.13763343865794875,0.192241299054149,0.15259258501617995,0.7968264669868452,0.8373741498866516,0.8508934097794573,0.9877247862939855,0.85,1.0,2025-08-21 11:06:47,0.12385321100917432,3,0
13,6,1.0,0.1385564745938103,0.18924770002028724,0.13801983228030776,0.9387927090650311,0.8904027481441971,0.9980820601361696,0.9970552935060004,0.95,1.0,2025-08-21 11:06:41,0.12741016109045847,5,1
14,6,0.2528276131045242,0.1027542450015828,0.20303298611176623,0.15140129916578726,0.8658592376749924,0.8375852891496645,0.9464768544157409,0.9865138111810512,0.85,1.0,2025-08-21 11:06:47,0.12965346534653466,4,0
15,6,0.06825273010920437,0.06325087688414269,0.18609963159825682,0.14909091345830397,0.9722616840531393,0.9163339834200116,0.8655568948105679,0.9983515268921733,0.9,1.0,2025-08-21 11:06:39,0.13698113207547172,5,1
16,6,0.045826833073322935,0.19500472654364423,0.21074703763669478,0.15919354313491815,0.9447400736903633,0.8794533715606526,0.9954270775645828,0.9877597246069879,0.85,1.0,2025-08-21 11:06:48,0.10782608695652174,4,0
17,6,0.9827418096723869,0.09784180920183827,0.18976761548572718,0.14381395927639895,0.9525896318467565,0.8171145041561096,0.9980902042544874,0.997393470007326,0.9,1.0,2025-08-21 11:06:40,0.1285623409669211,6,1
18,6,0.31464508580343215,0.09205345298963111,0.19770898413008653,0.14127266517471174,0.9086706315856006,0.8589686958261102,0.8475583933283383,0.9881732711797592,0.85,1.0,2025-08-21 11:06:47,0.12368821292775665,2,0
19,6,0.08239079563182528,0.12731171244796616,0.15257164439792514,0.12119403350531166,0.9455105824676616,0.9571845690536516,0.997613773332899,0.9987154127181612,0.95,1.0,2025-08-21 11:06:39,0.14278688524590163,5,1
20,6,0.0019500780031201249,0.12966277706604906,0.19566063471855966,0.20869565368994422,0.9876477811824363,0.9722928334889097,0.9988353910805616,0.999704232897476,0.95,1.0,2025-08-21 11:06:39,0.115,7,1
1,7,0.013943057722308892,0.0,0.23641898060718436,0.18769230363919187,0.9699501577033045,0.8948415344268125,0.9979476821839268,0.9994702121217048,0.9,1.0,2025-08-21 11:06:57,0.105625,3,0
2,7,0.002047581903276131,0.15816424214466562,0.2069223305085971,0.15914894217125913,0.9811706917805603,0.9024640785438058,0.9422622731863048,0.9989630572386251,0.9,1.0,2025-08-21 11:06:57,0.094,4,0
3,7,0.3792901716068643,0.15400351310475657,0.30149140385451534,0.21734422686300314,0.7644650983403148,0.7789878928301552,0.99192510668795,0.9881165788228118,0.8,1.0,2025-08-21 11:07:06,0.11125,4,0
4,7,0.31318252730109203,0.16094748460928643,0.2789449102867362,0.19992587685573976,0.9862993908266492,0.9017869049206562,0.8976650812783008,0.996254568898573,0.9,1.0,2025-08-21 11:06:58,0.11689530685920578,6,1
5,7,0.09087363494539781,0.21864001470004618,0.294399496102986,0.20425886512437297,0.9280778213924991,0.8222374094323688,0.9981064924911229,0.9979968700545258,0.85,1.0,2025-08-21 11:06:58,0.11270588235294116,4,0
6,7,0.4581708268330733,0.09912634969912579,0.27186950395499554,0.20101587295683604,0.9909706002789292,0.8743756111926035,0.9995194970192527,0.99950119515399,0.9,0.9166666666666666,2025-08-21 11:06:58,0.11901763224181361,5,1
7,7,0.39752340093603744,0.14196207029036806,0.27504244524880483,0.20206678510020193,0.9682165129678381,0.8785963128417122,0.9937982539010327,0.9977883388655991,0.9,0.7916666666666666,2025-08-21 11:06:58,0.11623229461756374,4,0
8,7,0.01501560062402496,0.3391388224631433,0.2744462207786834,0.23733334666093192,0.9947509089692311,0.895471479530604,0.9601263967162915,0.9973906134156969,0.85,1.0,2025-08-21 11:06:57,0.09473684210526313,4,0
9,7,0.16994929797191888,0.10222655113940769,0.2799370078423249,0.2110344767734922,0.9851677060594317,0.9126869693736943,0.9881014431377659,0.9988635160072408,0.9,0.9583333333333334,2025-08-21 11:06:57,0.12034013605442176,7,1
10,7,0.10676677067082684,0.20005636729891943,0.27871525882011583,0.2021409392388775,0.9726469384417885,0.8964077154731742,0.9937575333094439,0.9979792910291156,0.9,1.0,2025-08-21 11:06:57,0.11925531914893618,5,1
11,7,0.0,1.0,0.1948903806407154,0.2800000108480453,0.9227805735642702,0.887415544294795,0.9931385803172949,0.9918672836318618,0.9,1.0,2025-08-21 11:07:03,0.065,4,0
12,7,0.12909516380655225,0.13763343865794875,0.279643041085894,0.21576296927893604,0.7917700031369461,0.8145162410543628,0.8350856761247027,0.9843606003061387,0.8,1.0,2025-08-21 11:07:06,0.11538461538461538,3,0
13,7,1.0,0.1385564745938103,0.2758246930415198,0.19648317217302796,0.9584166044739539,0.8837469995999467,0.9891276020458025,0.9979311684470558,0.9,0.8333333333333333,2025-08-21 11:06:58,0.12053927315357563,4,0
14,7,0.2528276131045242,0.1027542450015828,0.2881878787261357,0.21493699910482317,0.9806168885963165,0.8330944125883452,0.9659209368993713,0.9988861490024562,0.85,0.75,2025-08-21 11:06:57,0.11588495575221237,6,1
15,7,0.06825273010920437,0.06325087688414269,0.27437216562646094,0.2092562031883839,0.7970913293594198,0.8675441447748589,0.9422459849496694,0.9881647014048718,0.9,1.0,2025-08-21 11:07:05,0.12305084745762711,2,0
16,7,0.045826833073322935,0.19500472654364423,0.29268085310831027,0.21999999883770943,0.9938840865880431,0.8799319075876784,0.997288008600189,0.9982051815056348,0.85,1.0,2025-08-21 11:06:58,0.09920000000000001,6,1
17,7,0.9827418096723869,0.09784180920183827,0.27195056214878666,0.20309548974498434,0.984613902866218,0.8017346757345425,0.9972269277128059,0.9982456132640778,0.9,1.0,2025-08-21 11:06:58,0.12001187648456056,5,1
18,7,0.31464508580343215,0.09205345298963111,0.28367655154536675,0.2055333554827174,0.9088632587754402,0.8188807118726942,0.9429708114799492,0.9889368600960079,0.85,1.0,2025-08-21 11:07:05,0.11576512455516015,3,0
19,7,0.08239079563182528,0.12731171244796616,0.24372685572111896,0.182089551660552,0.9853603332582412,0.9545765824332133,0.9978336645274782,0.998315929365718,0.9,1.0,2025-08-21 11:06:58,0.13,5,1
20,7,0.0019500780031201249,0.12966277706604906,0.27694002802977447,0.20869565368994422,0.9947749873657186,0.9662323031959817,0.9988394631397205,0.9995117425692361,0.95,1.0,2025-08-21 11:06:57,0.092,7,1
1,8,0.013943057722308892,0.0,0.3930855126967231,0.29846152439484225,0.9726228600385736,0.8882094001422413,0.9966201908981334,0.9984635931791623,0.9,1.0,2025-08-21 11:07:13,0.12999999999999998,5,1
2,8,0.002047581903276131,0.15816424214466562,0.39359371617884953,0.3361701979282054,0.8264428980839768,0.8676392963506245,0.8276745284555493,0.9851138615449591,0.85,1.0,2025-08-21 11:07:20,0.1175,2,0
3,8,0.3792901716068643,0.15400351310475657,0.43978940062994676,0.35199182413815233,0.9634008331052385,0.7748324776636885,0.8652514903736521,0.998181010345696,0.8,0.625,2025-08-21 11:07:13,0.14721804511278194,6,1
4,8,0.31318252730109203,0.16094748460928643,0.41982453406442677,0.33803581377571196,0.9201801064341609,0.8553800228919411,0.9935865068247711,0.9848587459386958,0.85,1.0,2025-08-21 11:07:23,0.14391111111111113,6,1
5,8,0.09087363494539781,0.21864001470004618,0.425819137647373,0.34321504256608343,0.925742216666359,0.816665138685158,0.9976341336286934,0.9984418391352174,0.8,1.0,2025-08-21 11:07:13,0.13884057971014493,6,1
6,8,0.4581708268330733,0.09912634969912579,0.4100390713876323,0.3247153438996007,0.986901350803868,0.860966878917189,0.9972432159494413,0.998358778240155,0.9,1.0,2025-08-21 11:07:14,0.1365606936416185,5,1
7,8,0.39752340093603744,0.14196207029036806,0.409441438259724,0.323733843749365,0.9694685897287054,0.8668641930035117,0.9981268527869173,0.998613454370783,0.9,0.625,2025-08-21 11:07:13,0.15367041198501874,7,1
8,8,0.01501560062402496,0.3391388224631433,0.40812297481860704,0.3471111025618182,0.939755845036654,0.8539951160154687,0.9916237743101932,0.9903822954603485,0.85,0.9583333333333334,2025-08-21 11:07:20,0.12000000000000002,3,0
9,8,0.16994929797191888,0.10222655113940769,0.4209828129914973,0.34684002540534736,0.8211215718390783,0.9242211461528204,0.6004210509170278,0.9724215854610913,0.85,1.0,2025-08-21 11:07:28,0.13929133858267714,5,1
10,8,0.10676677067082684,0.20005636729891943,0.4199364619874324,0.3199643029570048,0.9624376971470704,0.8869453427123617,0.8208945499560217,0.9927512888721692,0.9,1.0,2025-08-21 11:07:13,0.14946666666666666,5,1
11,8,0.0,1.0,0.36794712904852345,0.44000000154972074,0.9871662131943825,0.8885962572787482,0.9931548685539303,0.9983891020589873,0.9,1.0,2025-08-21 11:07:13,0.08666666666666666,7,1
12,8,0.12909516380655225,0.13763343865794875,0.4244654980089503,0.3521185293080189,0.7921552575166253,0.7771702893719163,0.8579380721243118,0.9854784065843998,0.8,1.0,2025-08-21 11:07:21,0.13366336633663367,3,0
13,8,1.0,0.1385564745938103,0.4172107091698969,0.3284808244235528,0.945390190460557,0.8696847079610615,0.83726829983386,0.9975516812360165,0.9,1.0,2025-08-21 11:07:14,0.15300595238095238,5,1
14,8,0.2528276131045242,0.1027542450015828,0.42077292298125823,0.33049254794492205,0.9789795574468,0.826981097479664,0.8644981594292602,0.9925460537505071,0.85,0.75,2025-08-21 11:07:13,0.1423369565217391,4,0
15,8,0.06825273010920437,0.06325087688414269,0.42333402382719487,0.3525068893320961,0.9695167465351352,0.875234753522692,0.9985584910577581,0.9997451041315544,0.85,0.9583333333333334,2025-08-21 11:07:13,0.14520000000000002,7,1
16,8,0.045826833073322935,0.19500472654364423,0.4265519214280872,0.34161291024329205,0.9939804002009027,0.8741269669289239,0.9977888718767306,0.9985622554592762,0.85,1.0,2025-08-21 11:07:13,0.13052631578947368,7,1
17,8,0.9827418096723869,0.09784180920183827,0.40972602738003117,0.31774764436147757,0.9622450699662007,0.8075444781526426,0.9299687265856599,0.996929383736501,0.85,1.0,2025-08-21 11:07:13,0.15082089552238806,2,0
18,8,0.31464508580343215,0.09205345298963111,0.4315623964337816,0.34140794417471876,0.9872625267982722,0.8274297684135663,0.9875354269146822,0.9984730419053203,0.8,1.0,2025-08-21 11:07:13,0.13497925311203318,5,1
19,8,0.08239079563182528,0.12731171244796616,0.40092433105420056,0.32656716723228574,0.9833618261143205,0.9484146497310753,0.8271370166465779,0.9944041567363484,0.9,1.0,2025-08-21 11:07:13,0.11613333333333334,3,0
20,8,0.0019500780031201249,0.12966277706604906,0.36777664120895026,0.23130434398547461,0.9730562712246826,0.9667844601502422,0.9988353910805616,0.9996969815494944,0.95,1.0,2025-08-21 11:07:13,0.115,5,1
1,9,0.013943057722308892,0.0,0.4674020715570485,0.3723077025596912,0.9621969131597709,0.892793344668178,0.9976300615695345,0.9986516887510498,0.85,1.0,2025-08-21 11:07:37,0.14083333333333334,5,1
2,9,0.002047581903276131,0.15816424214466562,0.47281087473749595,0.40255319983147553,0.980352026205802,0.8723204760634752,0.9908663713066423,0.9997114842454576,0.85,1.0,2025-08-21 11:07:37,0.09399999999999999,7,1
3,9,0.3792901716068643,0.15400351310475657,0.48669939532106765,0.407497459959235,0.9568515085071725,0.7654916488865182,0.9974549630257028,0.9973435895227251,0.8,1.0,2025-08-21 11:07:37,0.14889733840304184,7,1
4,9,0.31318252730109203,0.16094748460928643,0.4731045597623694,0.4029153695745996,0.9890684067433833,0.8503682435435835,0.8390111411538587,0.9977868007008758,0.85,1.0,2025-08-21 11:07:38,0.16353535353535353,7,1
5,9,0.09087363494539781,0.21864001470004618,0.47272534908615216,0.381210848363058,0.9447400736903633,0.8107768535804775,0.9978540248232727,0.9986925599851282,0.8,0.9166666666666666,2025-08-21 11:07:37,0.15966666666666668,5,1
6,9,0.4581708268330733,0.09912634969912579,0.45866839327863973,0.37555979158812725,0.9722616840531393,0.8517100891229942,0.996371795289442,0.9948308875781772,0.9,1.0,2025-08-21 11:07:41,0.16349480968858132,5,1
7,9,0.39752340093603744,0.14196207029036806,0.45615007538205754,0.37924446967131564,0.9603187980139849,0.8555085122460773,0.9978540248232727,0.9986020280042665,0.9,1.0,2025-08-21 11:07:38,0.1602734375,7,1
8,9,0.01501560062402496,0.3391388224631433,0.47755768925285924,0.39333332209785776,0.9797259878208834,0.852083750055563,0.862018275401505,0.9955571210654296,0.85,1.0,2025-08-21 11:07:40,0.1384615384615385,5,1
9,9,0.16994929797191888,0.10222655113940769,0.4643002071104265,0.4009270778312192,0.8372059425494838,0.8754604780637418,0.6794678633091182,0.9808757782564156,0.85,1.0,2025-08-21 11:07:48,0.14865546218487397,3,0
10,9,0.10676677067082684,0.20005636729891943,0.46445652787740044,0.38305083182908717,0.7772748067785971,0.8491715562074944,0.8241807016972342,0.9829674625423929,0.85,1.0,2025-08-21 11:07:48,0.16246376811594204,2,0
11,9,0.0,1.0,0.419131554928032,0.47999999922513964,0.9194336760555926,0.867817097835267,0.9913428022282308,0.9928029272593113,0.9,1.0,2025-08-21 11:07:43,0.08666666666666668,5,1
12,9,0.12909516380655225,0.13763343865794875,0.4841932321288177,0.41914072903862704,0.9366738099319456,0.7758569198115304,0.8656709124670163,0.996873570330824,0.75,1.0,2025-08-21 11:07:39,0.14210526315789473,4,0
13,9,1.0,0.1385564745938103,0.4656389149763087,0.38785450128891247,0.7690881510310146,0.8252885106903143,0.8509911391992703,0.9881299828296869,0.9,1.0,2025-08-21 11:07:47,0.16583870967741934,4,0
14,9,0.2528276131045242,0.1027542450015828,0.4600532648725649,0.3848949995411858,0.9835785317073751,0.8178416844468152,0.9237140437176271,0.9968089674124422,0.85,0.75,2025-08-21 11:07:37,0.1577710843373494,3,0
15,9,0.06825273010920437,0.06325087688414269,0.46641898941129545,0.39118457226631725,0.9700464713161641,0.8715495399386585,0.9977888718767306,0.9998171781357356,0.85,0.9583333333333334,2025-08-21 11:07:37,0.13698113207547172,6,1
16,9,0.045826833073322935,0.19500472654364423,0.46669939280560735,0.3982257905576017,0.9952083985585551,0.8672475774547718,0.9984037528097208,0.9997760871638396,0.85,0.9583333333333334,2025-08-21 11:07:37,0.13405405405405407,7,1
17,9,0.9827418096723869,0.09784180920183827,0.45698440326552026,0.37949924376532324,0.9678312585971287,0.8025271425078899,0.9980902042544874,0.9985912608512028,0.85,1.0,2025-08-21 11:07:38,0.1701178451178451,5,1
18,9,0.31464508580343215,0.09205345298963111,0.47549400559513844,0.39543805985963054,0.98126700538445,0.8281930646308397,0.8267298107306903,0.9943722947527928,0.8,1.0,2025-08-21 11:07:38,0.15639423076923076,5,1
19,9,0.08239079563182528,0.12731171244796616,0.45106168147706827,0.3671641793357792,0.8474874190359067,0.9049130161799351,0.8710501026158908,0.9833357431247333,0.9,1.0,2025-08-21 11:07:45,0.13609375,2,0
20,9,0.0019500780031201249,0.12966277706604906,0.40465369217381175,0.25391303428100503,0.9572849197067365,0.9629360303596035,0.706933902335733,0.9928879657947324,0.9,1.0,2025-08-21 11:07:39,0.115,2,0
1,10,0.013943057722308892,0.0,0.4886645534284403,0.4276923051889126,0.9830488069173763,0.8894713739609726,0.98649297977001,0.9989975560759924,0.85,1.0,2025-08-21 11:08:04,0.12071428571428572,5,1
2,10,0.002047581903276131,0.15816424214466562,0.5090326180999194,0.4910638277099488,0.9793407334367191,0.8668905854113882,0.9703391210867511,0.9992983771483217,0.85,1.0,2025-08-21 11:08:04,0.1175,6,1
3,10,0.3792901716068643,0.15400351310475657,0.5070210547803116,0.43644534503883925,0.952806337448781,0.7570953904965106,0.990939668371502,0.9982845068577976,0.8,0.625,2025-08-21 11:08:05,0.11830815709969793,6,1
4,10,0.31318252730109203,0.16094748460928643,0.49415067179770267,0.42154415998092915,0.8934771616461431,0.8147183513357337,0.7474305306707496,0.9771986856162701,0.8,1.0,2025-08-21 11:08:17,0.13109311740890686,5,1
5,10,0.09087363494539781,0.21864001470004618,0.4930176279686991,0.3953235974838191,0.711516698380513,0.8151350735653643,0.9963758673486008,0.9926174685412353,0.8,1.0,2025-08-21 11:08:11,0.1408823529411765,3,0
6,10,0.4581708268330733,0.09912634969912579,0.48757517799082883,0.405053953237912,0.9876959379843813,0.8493521358403343,0.9978295924683194,0.9972493219989638,0.9,0.5416666666666666,2025-08-21 11:08:05,0.13309859154929576,7,1
7,10,0.39752340093603744,0.14196207029036806,0.4813524523411451,0.40028270393652127,0.9479425007976914,0.8526379906209718,0.8444432680717986,0.9945691798373852,0.9,1.0,2025-08-21 11:08:06,0.1290251572327044,5,1
8,10,0.01501560062402496,0.3391388224631433,0.5047844684410976,0.4511110965179072,0.9485444607659402,0.8249474929990666,0.7993329967097762,0.9873747439505081,0.8,1.0,2025-08-21 11:08:12,0.13846153846153844,4,0
9,10,0.16994929797191888,0.10222655113940769,0.5030005039724779,0.44443189299767,0.8217476102239969,0.8449800251144597,0.9673135811317066,0.9848778631288292,0.8,1.0,2025-08-21 11:08:15,0.1330075187969925,4,0
10,10,0.10676677067082684,0.20005636729891943,0.5038944382040066,0.4183050886069314,0.9651103994643997,0.85482856047473,0.997516043913086,0.998266048881117,0.85,1.0,2025-08-21 11:08:05,0.12053763440860214,7,1
11,10,0.0,1.0,0.466696374253207,0.5599999945759773,0.9684572969641075,0.8673073076410188,0.6874368830830374,0.989320522325582,0.9,1.0,2025-08-21 11:08:07,0.065,5,1
12,10,0.12909516380655225,0.13763343865794875,0.5038366832347462,0.43840000784158706,0.796489369395656,0.7442026992487888,0.8621893018861778,0.9883701562643517,0.75,1.0,2025-08-21 11:08:13,0.125,3,0
13,10,1.0,0.1385564745938103,0.49771598465619515,0.4196148506099207,0.9449567792834178,0.8154031648664267,0.9977888718767306,0.9972189981801314,0.9,1.0,2025-08-21 11:08:06,0.1301518987341772,7,1
14,10,0.2528276131045242,0.1027542450015828,0.48759445647882593,0.4115005746655175,0.9706965881042976,0.8102649797750812,0.9858780988370199,0.9977448307777093,0.85,1.0,2025-08-21 11:08:06,0.11904545454545457,4,0
15,10,0.06825273010920437,0.06325087688414269,0.49453841491537165,0.41553719433477104,0.9745491319728495,0.8647847490776548,0.9949017819330879,0.9994805397991333,0.85,0.9583333333333334,2025-08-21 11:08:05,0.12517241379310345,5,1
16,10,0.045826833073322935,0.19500472654364423,0.4909474242377935,0.3898387017694692,0.993426597007689,0.8599667455660756,0.8541021923966512,0.9981313495989126,0.85,1.0,2025-08-21 11:08:05,0.13777777777777778,5,1
17,10,0.9827418096723869,0.09784180920183827,0.485107571774573,0.4040969696702018,0.9831210421359909,0.7954331410854781,0.9977929439358895,0.998317687268259,0.85,1.0,2025-08-21 11:08:05,0.1341965471447543,5,1
18,10,0.31464508580343215,0.09205345298963111,0.504639738915341,0.41142330558810136,0.9003876622430983,0.7895441614437481,0.6007183112356256,0.9819318382079238,0.8,1.0,2025-08-21 11:08:14,0.13554166666666667,3,0
19,10,0.08239079563182528,0.12731171244796616,0.4912390163996694,0.40776119143927275,0.9912836194713887,0.9041719451482421,0.9992588852330847,0.9996765459324553,0.9,1.0,2025-08-21 11:08:05,0.11311688311688312,5,1
20,10,0.0019500780031201249,0.12966277706604906,0.41733567723927223,0.2765217245765354,0.8981724495016381,0.922232686580433,0.8445287813141349,0.9865050216683462,0.9,1.0,2025-08-21 11:08:14,0.115,2,0
1,11,0.013943057722308892,0.0,0.582162080919592,0.5384615414417707,0.9781849702573168,0.8843991698893187,0.9992670293514024,0.9998042136044957,0.85,1.0,2025-08-21 11:08:22,0.09941176470588234,6,1
2,11,0.002047581903276131,0.15816424214466562,0.5976260443719656,0.5574467986188036,0.9841323348871339,0.862569870427168,0.9980983483728052,0.9997897109085324,0.85,1.0,2025-08-21 11:08:22,0.09399999999999999,7,1
3,11,0.3792901716068643,0.15400351310475657,0.5827591103370201,0.5182430784676121,0.9369627506987652,0.7487637240520959,0.997809232172525,0.9976670435902698,0.75,1.0,2025-08-21 11:08:24,0.12714285714285714,7,1
4,11,0.31318252730109203,0.16094748460928643,0.578037530919724,0.5156516354019219,0.9858659796405401,0.8100885673645375,0.9972432159494413,0.9986760796488062,0.8,1.0,2025-08-21 11:08:24,0.13325102880658435,8,1
5,11,0.09087363494539781,0.21864001470004618,0.5725017875489997,0.4745720092573345,0.8600804218721646,0.8090266202160289,0.8672060787699124,0.9964237670181446,0.8,1.0,2025-08-21 11:08:25,0.13123287671232878,3,0
6,11,0.4581708268330733,0.09912634969912579,0.5678399754692308,0.4977185146476604,0.9197466952480519,0.8431526981375295,0.829417369775548,0.977450505155269,0.85,1.0,2025-08-21 11:08:36,0.12909836065573768,3,0
7,11,0.39752340093603744,0.14196207029036806,0.5607960023298193,0.4943212167834062,0.8081673930442959,0.8073701493532471,0.986269016516272,0.9893730396639945,0.85,1.0,2025-08-21 11:08:31,0.1358609271523179,3,0
8,11,0.01501560062402496,0.3391388224631433,0.6185994696654978,0.6013333410044511,0.9341214996082661,0.7832259579054985,0.7732881063296088,0.9816365105810352,0.75,1.0,2025-08-21 11:08:30,0.1,3,0
9,11,0.16994929797191888,0.10222655113940769,0.5850065634648756,0.5273261778463814,0.571476728236603,0.8466642774592168,0.4911432713294459,0.9526311186544663,0.8,1.0,2025-08-21 11:08:52,0.11952702702702704,4,0
10,11,0.10676677067082684,0.20005636729891943,0.57830296229413,0.5008742420388375,0.9753437191533628,0.8479074987776148,0.9989982734469166,0.9997749884747514,0.85,0.875,2025-08-21 11:08:23,0.1475,7,1
11,11,0.0,1.0,0.5719517268069212,0.6399999899268151,0.9307746021130432,0.8430721318398009,0.9915464051861745,0.9940771868637217,0.85,1.0,2025-08-21 11:08:27,0.052000000000000005,4,0
12,11,0.12909516380655225,0.13763343865794875,0.5887155996649911,0.5408592694116523,0.9680479641812133,0.7497583011068143,0.9986887969508421,0.9997538936442594,0.75,0.875,2025-08-21 11:08:23,0.12272727272727271,6,1
13,11,1.0,0.1385564745938103,0.5768595710310029,0.5147947637957256,0.9582721340726044,0.8002608681157488,0.8886413981822328,0.9930841916658719,0.85,0.75,2025-08-21 11:08:23,0.13564643799472295,6,1
14,11,0.2528276131045242,0.1027542450015828,0.5642535729913012,0.49489120408131354,0.9693963545370005,0.8028889963106192,0.7945727595530507,0.9952877225010207,0.85,1.0,2025-08-21 11:08:24,0.12965346534653466,3,0
15,11,0.06825273010920437,0.06325087688414269,0.5697655704164759,0.5143801824962797,0.9672292986154251,0.8568350780104015,0.9978010880542072,0.998775401142373,0.85,1.0,2025-08-21 11:08:23,0.1134375,4,0
16,11,0.045826833073322935,0.19500472654364423,0.5655075199057809,0.469516138239974,0.9457995232344812,0.8251058474463262,0.988296901977392,0.9878610237409133,0.8,1.0,2025-08-21 11:08:32,0.124,2,0
17,11,0.9827418096723869,0.09784180920183827,0.5627835379723201,0.49271056099639926,0.9525173966460817,0.78184799639952,0.8873464833697104,0.9916822643894211,0.85,1.0,2025-08-21 11:08:24,0.13957182320441988,2,0
18,11,0.31464508580343215,0.09205345298963111,0.5876797934706448,0.5146879570405006,0.9059256940765663,0.7434803807174291,0.7926222432159494,0.9881717330150358,0.75,1.0,2025-08-21 11:08:31,0.12807086614173227,4,0
19,11,0.08239079563182528,0.12731171244796616,0.5722369598850736,0.5080596773446495,0.9628229515267497,0.8978197092945727,0.9988272469622439,0.9998191557760941,0.85,0.9166666666666666,2025-08-21 11:08:23,0.10247058823529409,4,0
20,11,0.0019500780031201249,0.12966277706604906,0.4994849368575436,0.32173913616201155,0.9888517011458439,0.925803301551318,0.9989575528553278,0.9997745489991162,0.9,1.0,2025-08-21 11:08:22,0.115,5,1
1,12,0.013943057722308892,0.0,0.6056867062071877,0.5384615414417707,0.9579350364814151,0.8774600502289194,0.9985584910577581,0.9974290675337814,0.85,1.0,2025-08-21 11:08:59,0.105625,6,1
2,12,0.002047581903276131,0.15816424214466562,0.621786175558253,0.6238297695276585,0.9751029351660633,0.8572392985731432,0.9974346027299085,0.9971899927882049,0.85,1.0,2025-08-21 11:08:58,0.09399999999999999,7,1
3,12,0.3792901716068643,0.15400351310475657,0.5973533282244334,0.5216956083799833,0.9343863619942956,0.7388624038760724,0.9927924552887905,0.9957228033799193,0.75,1.0,2025-08-21 11:09:00,0.11866666666666664,5,1
4,12,0.31318252730109203,0.16094748460928643,0.5929635078396209,0.5288202326429192,0.9874792323868418,0.8042822376316843,0.997711502752712,0.9958300354349204,0.8,1.0,2025-08-21 11:08:59,0.12127340823970036,7,1
5,12,0.09087363494539781,0.21864001470004618,0.5863511876934624,0.5136534254456363,0.5962293226781601,0.7613751277948171,0.8161506010359318,0.9801139472427078,0.75,1.0,2025-08-21 11:09:07,0.12605263157894736,2,0
6,12,0.4581708268330733,0.09912634969912579,0.5890199502416791,0.5168677322817858,0.9834581397092403,0.8312136062586123,0.9972350718311236,0.9944648043740131,0.85,1.0,2025-08-21 11:09:00,0.123046875,5,1
7,12,0.39752340093603744,0.14196207029036806,0.5877316320772005,0.5178942053286645,0.9429823505427121,0.8153767724585501,0.98852086523113,0.9943971251261844,0.85,1.0,2025-08-21 11:09:00,0.12395770392749245,4,0
8,12,0.01501560062402496,0.3391388224631433,0.6624440237756279,0.6359999746620655,0.9275962534044451,0.7614188836289284,0.7013429651105971,0.9781853084174087,0.75,1.0,2025-08-21 11:09:07,0.09473684210526315,3,0
9,12,0.16994929797191888,0.10222655113940769,0.597150320513667,0.5337931006160276,0.8582745419180835,0.800926234609059,0.8465607388344139,0.9765568314509859,0.75,1.0,2025-08-21 11:09:08,0.11267515923566879,3,0
10,12,0.10676677067082684,0.20005636729891943,0.5901414028294654,0.5240677969516334,0.9669644362069707,0.8405613804062765,0.9907238492360817,0.9970530961278241,0.85,1.0,2025-08-21 11:08:59,0.13839506172839505,5,1
11,12,0.0,1.0,0.6508057736354854,0.6399999899268151,0.9350605571856441,0.8174173223096414,0.9838990780858065,0.9893442540098856,0.85,1.0,2025-08-21 11:09:02,0.052000000000000005,4,0
12,12,0.12909516380655225,0.13763343865794875,0.6064044374732653,0.5470221989557478,0.9510486143011297,0.7446430357380984,0.9271264292927648,0.9920048395056954,0.75,0.875,2025-08-21 11:08:59,0.1163793103448276,4,0
13,12,1.0,0.1385564745938103,0.5933603871092216,0.5242015068593644,0.9480147359893962,0.7919389251900254,0.9976707821611233,0.997387097610615,0.85,1.0,2025-08-21 11:08:59,0.12432889963724306,6,1
14,12,0.2528276131045242,0.1027542450015828,0.5826818756429359,0.5075982944780564,0.8582986203033587,0.7734399308796729,0.8991554549304492,0.9811335307164903,0.8,1.0,2025-08-21 11:09:07,0.12238317757009347,2,0
15,12,0.06825273010920437,0.06325087688414269,0.592507384448242,0.5430303042278146,0.9361681635631015,0.8497542727919278,0.9976544939244877,0.9958500315763243,0.85,1.0,2025-08-21 11:08:59,0.10371428571428569,4,0
16,12,0.045826833073322935,0.19500472654364423,0.6010640145665276,0.5177419607605666,0.9907298162781749,0.8272908610036893,0.9976952145160765,0.9958662921748287,0.8,1.0,2025-08-21 11:09:00,0.12717948717948718,7,1
17,12,0.9827418096723869,0.09784180920183827,0.5815239991895187,0.5068104784292139,0.959403818835337,0.7794601780237366,0.9980820601361696,0.9957770786208727,0.85,1.0,2025-08-21 11:08:59,0.12742749054224464,5,1
18,12,0.31464508580343215,0.09205345298963111,0.6122007422871898,0.5444205277329989,0.9025547181736436,0.70905912454994,0.9269839072222041,0.9832346637286256,0.7,1.0,2025-08-21 11:09:07,0.12275471698113208,4,0
19,12,0.08239079563182528,0.12731171244796616,0.5966047272291413,0.5295522587441687,0.9470997568197183,0.8901645219362583,0.9401448024236896,0.9945808259417194,0.85,1.0,2025-08-21 11:08:59,0.09897727272727275,3,0
20,12,0.0019500780031201249,0.12966277706604906,0.5215683442397405,0.4347826186340789,0.9901037779111961,0.9208908410010224,0.9980820601361696,0.9979775331265747,0.9,1.0,2025-08-21 11:08:58,0.09200000000000001,5,1
1,13,0.013943057722308892,0.0,0.6376650490998992,0.5753846305241952,0.9770051287060942,0.8720975296706228,0.9986969410691598,0.9996681958953855,0.85,1.0,2025-08-21 11:09:13,0.09941176470588235,6,1
2,13,0.002047581903276131,0.15816424214466562,0.6505367602455643,0.6238297695276585,0.9767161879123648,0.8607612959505713,0.9032763787992312,0.9974980652085158,0.85,1.0,2025-08-21 11:09:13,0.07833333333333332,6,1
3,13,0.3792901716068643,0.15400351310475657,0.6236272107909224,0.5639223998247421,0.9437769377232254,0.7295368549139887,0.8649705182916898,0.9974506018399087,0.75,1.0,2025-08-21 11:09:15,0.11585798816568048,5,1
4,13,0.31318252730109203,0.16094748460928643,0.6201325723059641,0.5567634337496213,0.984999157259352,0.7989537493888075,0.9982245822067303,0.9962325951168104,0.8,0.7083333333333333,2025-08-21 11:09:15,0.11904411764705883,5,1
5,13,0.09087363494539781,0.21864001470004618,0.625262340502521,0.5690188115373535,0.5805302063564037,0.7596248944303685,0.8616110694856175,0.9843830135635365,0.75,1.0,2025-08-21 11:09:23,0.1244155844155844,4,0
6,13,0.4581708268330733,0.09912634969912579,0.6177036840551635,0.5549460452123672,0.987358840393192,0.8244363137307197,0.9472016809460208,0.9951475297733756,0.85,1.0,2025-08-21 11:09:14,0.1233681462140992,4,0
7,13,0.39752340093603744,0.14196207029036806,0.6144353967528677,0.5549012892766316,0.9601743276216053,0.8150579799528826,0.8653695800892596,0.9958495921006891,0.85,1.0,2025-08-21 11:09:14,0.12547400611620793,4,0
8,13,0.01501560062402496,0.3391388224631433,0.6991841532036085,0.6533333534797033,0.9217692807862176,0.7294278125972351,0.9833982148092647,0.9832212597217505,0.7,1.0,2025-08-21 11:09:24,0.08571428571428572,4,0
9,13,0.16994929797191888,0.10222655113940769,0.6368458139784382,0.5814132302722532,0.9740434856040054,0.8146329232786594,0.9973816659608431,0.9960809760226488,0.75,0.9583333333333334,2025-08-21 11:09:14,0.11267515923566879,5,1
10,13,0.10676677067082684,0.20005636729891943,0.6139800783087956,0.5593220227350623,0.9377573378972183,0.8381666166599991,0.7231162654331043,0.9899792963028233,0.85,1.0,2025-08-21 11:09:16,0.12455555555555554,3,0
11,13,0.0,1.0,0.7006273231062263,0.6800000185966492,0.9868050372089482,0.8172825821220607,0.9963107144020589,0.9978876603591659,0.85,1.0,2025-08-21 11:09:14,0.06419753086419754,7,1
12,13,0.12909516380655225,0.13763343865794875,0.6293155721710095,0.5724444382972187,0.9682887481685128,0.736930201804685,0.9978173762908428,0.9981432154410643,0.7,1.0,2025-08-21 11:09:14,0.12162162162162161,6,1
13,13,1.0,0.1385564745938103,0.6231992605552803,0.5615249817990139,0.9584406828771689,0.7727273358670045,0.8593592207707593,0.9974176411672648,0.85,1.0,2025-08-21 11:09:14,0.12269689737470169,3,0
14,13,0.2528276131045242,0.1027542450015828,0.6180436535501761,0.5469110529823766,0.9804724182039367,0.7671515924345469,0.9919413949245854,0.9991623594392115,0.8,1.0,2025-08-21 11:09:13,0.12181395348837208,5,1
15,13,0.06825273010920437,0.06325087688414269,0.6212619938720871,0.557355365093582,0.9598372300393858,0.8522032104280571,0.99764634980617,0.9979329263495967,0.85,1.0,2025-08-21 11:09:14,0.1037142857142857,3,0
16,13,0.045826833073322935,0.19500472654364423,0.6203488213999266,0.5638709490952953,0.9919337362595221,0.822049884429035,0.9559688243150797,0.9892034020687877,0.8,1.0,2025-08-21 11:09:14,0.1305263157894737,5,1
17,13,0.9827418096723869,0.09784180920183827,0.6096043445018514,0.5463315194045477,0.9575738604959808,0.7663785726985821,0.989371925595335,0.9970900120811852,0.85,0.41666666666666663,2025-08-21 11:09:14,0.12338217338217337,3,0
18,13,0.31464508580343215,0.09205345298963111,0.6465595558501998,0.5875806850009869,0.9816281813698843,0.7171824298795395,0.9806617910545005,0.997611230184593,0.7,1.0,2025-08-21 11:09:14,0.11659498207885306,5,1
19,13,0.08239079563182528,0.12731171244796616,0.6242531780640288,0.5450746338741104,0.9675423177944295,0.8814585000222253,0.8969117503339088,0.9976090328064167,0.85,1.0,2025-08-21 11:09:13,0.10621951219512192,3,0
20,13,0.0019500780031201249,0.12966277706604906,0.5468735129699022,0.4347826186340789,0.9924634610360661,0.9148851791349959,0.997316513014301,0.9980964112859101,0.9,1.0,2025-08-21 11:09:13,0.09200000000000001,5,1
1,14,0.013943057722308892,0.0,0.5959814565295125,0.5138461487201544,0.6862584575432021,0.8661509034537939,0.794108544808939,0.9689728004134587,0.85,1.0,2025-08-21 11:09:45,0.11266666666666665,4,0
2,14,0.002047581903276131,0.15816424214466562,0.6222464444282616,0.6459574264972767,0.8284173268246825,0.8214650842334534,0.7130257028374108,0.9833425549970797,0.8,1.0,2025-08-21 11:09:37,0.07833333333333332,4,0
3,14,0.3792901716068643,0.15400351310475657,0.5903557602972569,0.5216956083799833,0.7751318292333268,0.7139500544517048,0.9205052611004333,0.9820887310097085,0.75,1.0,2025-08-21 11:09:38,0.11,4,0
4,14,0.31318252730109203,0.16094748460928643,0.5752252462667109,0.5082643644634849,0.9683369049704578,0.7892878772725253,0.9890665211584194,0.9901342114642493,0.8,1.0,2025-08-21 11:09:35,0.11243055555555555,6,1
5,14,0.09087363494539781,0.21864001470004618,0.5850462071197338,0.5212526361960957,0.9228528087470053,0.7660583911188159,0.9968889468026192,0.9971888940991167,0.75,1.0,2025-08-21 11:09:30,0.10764044943820225,4,0
6,14,0.4581708268330733,0.09912634969912579,0.5776145311100185,0.5146666948715846,0.97435650478301,0.8090703760501401,0.7654697527445679,0.9864292121212654,0.85,1.0,2025-08-21 11:09:32,0.11117647058823527,5,1
7,14,0.39752340093603744,0.14196207029036806,0.5789106975107382,0.5151060097144634,0.8073487274695377,0.772025158910077,0.8415561781281559,0.9819489777576986,0.8,1.0,2025-08-21 11:09:38,0.12032258064516128,3,0
8,14,0.01501560062402496,0.3391388224631433,0.7300650309382755,0.71688888984455,0.9902723267023058,0.7294611503756057,0.9978377365866371,0.9972827221472428,0.7,1.0,2025-08-21 11:09:30,0.08181818181818182,6,1
9,14,0.16994929797191888,0.10222655113940769,0.5910297024298466,0.5455511420153843,0.9776552454852578,0.8085182190958795,0.9980983483728052,0.9975461877905758,0.75,0.8333333333333333,2025-08-21 11:09:30,0.11339743589743594,8,1
10,14,0.10676677067082684,0.20005636729891943,0.5749935824318237,0.5212845604438849,0.8353278274126678,0.7935703927190293,0.9943316936508454,0.9862547402940707,0.8,1.0,2025-08-21 11:09:37,0.1259550561797753,4,0
11,14,0.0,1.0,0.6752983883068323,0.6800000185966492,0.931785894886611,0.7852220573854292,0.992609212626641,0.9905431435428504,0.85,1.0,2025-08-21 11:09:34,0.053497942386831275,5,1
12,14,0.12909516380655225,0.13763343865794875,0.5930638445214091,0.5424000017976761,0.970046471325134,0.7301258223318665,0.8265262077727465,0.9932716280243066,0.7,0.875,2025-08-21 11:09:30,0.10629921259842519,5,1
13,14,1.0,0.1385564745938103,0.5831178753516456,0.5223808329140853,0.7749632804467022,0.739667372316309,0.8201167866566765,0.9791616035411189,0.85,1.0,2025-08-21 11:09:39,0.12011682242990655,5,1
14,14,0.2528276131045242,0.1027542450015828,0.5786379813632059,0.5135548012160581,0.9816041029666693,0.7599068764724186,0.9930082744242108,0.9983091174933716,0.8,0.75,2025-08-21 11:09:30,0.11691964285714286,5,1
15,14,0.06825273010920437,0.06325087688414269,0.5843414757526604,0.5229751818224417,0.9554068045833752,0.84555510179135,0.9889321432061765,0.9972229534608487,0.85,1.0,2025-08-21 11:09:30,0.1134375,7,1
16,14,0.045826833073322935,0.19500472654364423,0.5822856000838151,0.5324193661397985,0.9873347619720373,0.815062147175179,0.9977970159950483,0.997281403720337,0.8,1.0,2025-08-21 11:09:31,0.10333333333333332,6,1
17,14,0.9827418096723869,0.09784180920183827,0.5703182874846666,0.5120593826652458,0.9451012496757976,0.7597478274881095,0.9980779880770108,0.9973284276133089,0.85,1.0,2025-08-21 11:09:31,0.1193034238488784,5,1
18,14,0.31464508580343215,0.09205345298963111,0.5995274506526425,0.5341899531099051,0.9823746117439677,0.7120914733075521,0.9872300224777666,0.9972431693400702,0.7,1.0,2025-08-21 11:09:30,0.10392971246006391,5,1
19,14,0.08239079563182528,0.12731171244796616,0.5725047256066693,0.512835792769247,0.7999325804902836,0.8473011679335023,0.9852754340815063,0.9844230058463443,0.85,1.0,2025-08-21 11:09:38,0.09365591397849464,2,0
20,14,0.0019500780031201249,0.12966277706604906,0.518221936801323,0.3895652070486027,0.9924393826373361,0.910373466462195,0.9976056292145812,0.9975549773032808,0.85,1.0,2025-08-21 11:09:29,0.092,5,1
1,15,0.013943057722308892,0.0,0.6754506440899072,0.5938461440709921,0.9762827767352257,0.8665412332755479,0.9881543799068313,0.99696278388478,0.85,1.0,2025-08-21 11:09:54,0.08894736842105264,4,0
2,15,0.002047581903276131,0.15816424214466562,0.6960215957300564,0.6902127404365134,0.8234812549684332,0.7916833355558519,0.8004405968009903,0.9848174352289822,0.75,0.9583333333333334,2025-08-21 11:10:01,0.07833333333333332,4,0
3,15,0.3792901716068643,0.15400351310475657,0.658047723564996,0.6011031764762151,0.9515783390731888,0.7067671522869716,0.9976707821611233,0.9976677028037227,0.7,1.0,2025-08-21 11:09:54,0.11188571428571428,6,1
4,15,0.31318252730109203,0.16094748460928643,0.6466123201461583,0.5789252465649325,0.9882738195628701,0.7888649042094502,0.9970436850506564,0.9961198696163686,0.8,1.0,2025-08-21 11:09:54,0.11774545454545454,6,1
5,15,0.09087363494539781,0.21864001470004618,0.64846076089405,0.5907307094197433,0.9096337675617084,0.7626391852246968,0.867185718474118,0.9974013805687606,0.75,1.0,2025-08-21 11:09:54,0.11827160493827162,2,0
6,15,0.4581708268330733,0.09912634969912579,0.6453141816245371,0.5778370326427177,0.9247068454985462,0.7674613559585722,0.9243370687689351,0.9812594404859898,0.8,0.9583333333333334,2025-08-21 11:10:02,0.11901763224181361,2,0
7,15,0.39752340093603744,0.14196207029036806,0.6490648738477777,0.5850645583645472,0.9690351785605361,0.7666397186291506,1.0,0.9994133000269398,0.8,0.5833333333333333,2025-08-21 11:09:54,0.12395770392749245,6,1
8,15,0.01501560062402496,0.3391388224631433,0.7605015978832904,0.7457777925517824,0.9855288820493509,0.725585633640041,0.9975282600905626,0.9962303977386342,0.7,1.0,2025-08-21 11:09:55,0.08181818181818182,5,1
9,15,0.16994929797191888,0.10222655113940769,0.6556370271233284,0.6143358081792829,0.9356384387641328,0.8030188747388541,0.9965306055966381,0.996113716957475,0.75,1.0,2025-08-21 11:09:56,0.1133974358974359,4,0
10,15,0.10676677067082684,0.20005636729891943,0.6547705415949603,0.6084924310572333,0.7850762081375304,0.7939850313375116,0.8532714923282405,0.9799603505081876,0.8,1.0,2025-08-21 11:10:05,0.118,5,1
11,15,0.0,1.0,0.7545585310516598,0.6399999899268151,0.9878163299735461,0.7856901753567143,0.9980861321953285,0.9977705401023714,0.85,1.0,2025-08-21 11:09:53,0.052000000000000005,8,1
12,15,0.12909516380655225,0.13763343865794875,0.6564024917646973,0.6109629339143081,0.7053526281621263,0.6815005889674179,0.8262981724598495,0.972312595503549,0.7,1.0,2025-08-21 11:10:06,0.11538461538461538,3,0
13,15,1.0,0.1385564745938103,0.6545192370457881,0.595611771934646,0.9503021839091065,0.7397125172245189,0.9972106394761703,0.9976613304070115,0.8,1.0,2025-08-21 11:09:55,0.1209647058823529,6,1
14,15,0.2528276131045242,0.1027542450015828,0.6407023970198839,0.5818556445566649,0.9764994823193103,0.7608938136195937,0.8075178356191159,0.9958311341240086,0.75,1.0,2025-08-21 11:09:54,0.12125,3,0
15,15,0.06825273010920437,0.06325087688414269,0.6525007914267075,0.5817079871620356,0.9678071801849439,0.838986864915322,0.9975078997947682,0.9977786704016236,0.8,1.0,2025-08-21 11:09:53,0.10083333333333334,3,0
16,15,0.045826833073322935,0.19500472654364423,0.6504756244976154,0.5890322774485235,0.9879848787781106,0.8120381328621595,0.9992588852330847,0.9978388785636529,0.75,0.9583333333333334,2025-08-21 11:09:54,0.12400000000000003,6,1
17,15,0.9827418096723869,0.09784180920183827,0.6377979459002461,0.5763839524632454,0.976162384728121,0.7534900486731564,0.9986154998859823,0.9977782309259884,0.8,0.25,2025-08-21 11:09:54,0.12001187648456056,5,1
18,15,0.31464508580343215,0.09205345298963111,0.6676988405362911,0.6128373521757683,0.9834822181124553,0.7051912477219187,0.9877838225233736,0.9976419934790606,0.7,1.0,2025-08-21 11:09:54,0.11659498207885305,6,1
19,15,0.08239079563182528,0.12731171244796616,0.6595828788210942,0.6059701675265583,0.9577905660980053,0.8485610581410855,0.9867983842069258,0.9975523404494693,0.8,1.0,2025-08-21 11:09:54,0.10011494252873561,4,0
20,15,0.0019500780031201249,0.12966277706604906,0.590599538589111,0.5252173798162003,0.989935229113359,0.9038781559763525,0.9980820601361696,0.9993618813776155,0.85,1.0,2025-08-21 11:09:53,0.09200000000000001,5,1
1,16,0.013943057722308892,0.0,0.6729810255053843,0.6307692331534166,0.9773181478850986,0.8635179134995778,0.9072425644199759,0.9994849345554858,0.85,1.0,2025-08-21 11:10:12,0.08047619047619049,6,1
2,16,0.002047581903276131,0.15816424214466562,0.7360559921346586,0.6902127404365134,0.8302232067653087,0.754240843223541,0.8276500961005961,0.9857576933506018,0.75,1.0,2025-08-21 11:10:19,0.07833333333333332,3,0
3,16,0.3792901716068643,0.15400351310475657,0.6460330398168443,0.5880898612560181,0.9644362043268707,0.6966060752544785,0.9976097012737402,0.9986143333220534,0.7,0.625,2025-08-21 11:10:12,0.10699453551912569,5,1
4,16,0.31318252730109203,0.16094748460928643,0.6424317860611048,0.5747498648982493,0.9750066215711434,0.7847400486731565,0.990813434537577,0.9946140063521808,0.75,1.0,2025-08-21 11:10:15,0.10976271186440678,6,1
5,16,0.09087363494539781,0.21864001470004618,0.6376276190501347,0.5853027194519382,0.6381979726018252,0.7164788638485131,0.9965224614783204,0.9899564435697903,0.7,1.0,2025-08-21 11:10:20,0.12126582278481013,3,0
6,16,0.4581708268330733,0.09912634969912579,0.6535881142486868,0.5985269826628671,0.9717801160650854,0.7707444325910121,0.9906586962895397,0.994281762771931,0.8,1.0,2025-08-21 11:10:16,0.11065573770491804,8,1
7,16,0.39752340093603744,0.14196207029036806,0.6360493588657588,0.5772069161790713,0.9594760540449817,0.7599575776770235,0.9976097012737402,0.9987182693097904,0.8,1.0,2025-08-21 11:10:13,0.1182420749279539,8,1
8,16,0.01501560062402496,0.3391388224631433,0.7258722012831111,0.682222194198105,0.9797019094266384,0.7204717573454239,0.9972595041860768,0.9947511227503791,0.7,1.0,2025-08-21 11:10:15,0.08571428571428573,6,1
9,16,0.16994929797191888,0.10222655113940769,0.6475504057374631,0.5943470758115457,0.9550697069742462,0.7979730630750768,0.9973816659608431,0.9973640251397642,0.75,0.9583333333333334,2025-08-21 11:10:14,0.10919753086419752,6,1
10,16,0.10676677067082684,0.20005636729891943,0.640815331127023,0.5834433644763282,0.781512605044768,0.7590116182157622,0.7590155389777502,0.9818922854007512,0.75,1.0,2025-08-21 11:10:23,0.11677083333333334,2,0
11,16,0.0,1.0,0.7483228457503373,0.6800000185966492,0.9012544846153164,0.7703325721207273,0.8025010587353814,0.9869825119460465,0.8,0.9583333333333334,2025-08-21 11:10:20,0.052000000000000005,5,1
12,16,0.12909516380655225,0.13763343865794875,0.6734745789465277,0.6232889169801606,0.8015458332365851,0.6553741887807263,0.7990072319770661,0.9875925041277749,0.65,1.0,2025-08-21 11:10:20,0.11440677966101694,4,0
13,16,1.0,0.1385564745938103,0.6476434978934906,0.5972301143366547,0.9096578459469835,0.7303126527981508,0.7102892790826465,0.9930209071743958,0.8,1.0,2025-08-21 11:10:15,0.11539842873176205,6,1
14,16,0.2528276131045242,0.1027542450015828,0.6292205883888111,0.5695456546091223,0.8719269942984593,0.721543428012624,0.9537943447242402,0.9875140577268826,0.75,1.0,2025-08-21 11:10:20,0.1143668122270742,2,0
15,16,0.06825273010920437,0.06325087688414269,0.6373677015647797,0.5673829262962683,0.916327562561124,0.831567125616749,0.9850962634785159,0.9944667820143718,0.8,1.0,2025-08-21 11:10:15,0.0942857142857143,3,0
16,16,0.045826833073322935,0.19500472654364423,0.6443509011825305,0.5722580378834278,0.9921263634493618,0.8094113937413878,0.9976992865752353,0.9985736818257928,0.75,0.9583333333333334,2025-08-21 11:10:12,0.12717948717948718,6,1
17,16,0.9827418096723869,0.09784180920183827,0.6320656343972095,0.5747372811656256,0.9494353615548281,0.7398479519491488,0.9704042740332932,0.9980579571678256,0.8,0.29166666666666663,2025-08-21 11:10:13,0.11647264260768335,4,0
18,16,0.31464508580343215,0.09205345298963111,0.6615128204837959,0.6128373521757683,0.9652789482510244,0.70084622394097,0.9684700459328273,0.9944902939608576,0.7,1.0,2025-08-21 11:10:15,0.11414035087719299,5,1
19,16,0.08239079563182528,0.12731171244796616,0.6548877419228254,0.6000000232458116,0.99065758108647,0.8428936358181092,0.9152604489038016,0.9946548775862591,0.8,0.9166666666666666,2025-08-21 11:10:12,0.10247058823529413,6,1
20,16,0.0019500780031201249,0.12966277706604906,0.5319481397604855,0.47999999922513964,0.9680479641789709,0.8998317831266391,0.9936598038896309,0.9959853900719817,0.85,1.0,2025-08-21 11:10:15,0.09200000000000001,5,1
1,17,0.013943057722308892,0.0,0.6706820557498958,0.6307692331534166,0.8008234812746865,0.8180354602835934,0.8653492197934651,0.9836214022876465,0.8,1.0,2025-08-21 11:10:36,0.08894736842105262,4,0
2,17,0.002047581903276131,0.15816424214466562,0.7398643185850636,0.6902127404365134,0.9709614504858421,0.7562494443703605,0.9972554321269179,0.998716731145067,0.75,1.0,2025-08-21 11:10:28,0.07833333333333332,7,1
3,17,0.3792901716068643,0.15400351310475657,0.6486364406437516,0.5849029534830197,0.9399003154424886,0.6857296250611193,0.9923608170179496,0.9972860182145071,0.7,1.0,2025-08-21 11:10:30,0.10670299727520435,3,0
4,17,0.31318252730109203,0.16094748460928643,0.6429727106512513,0.5721803658786123,0.9671811418045102,0.7765743765835446,0.9195157507248265,0.9919914354988202,0.75,1.0,2025-08-21 11:10:33,0.10793333333333333,5,1
5,17,0.09087363494539781,0.21864001470004618,0.6498249050948259,0.5874738782457618,0.9286797813742027,0.7132305140685424,0.9976992865752353,0.9986778375513472,0.7,1.0,2025-08-21 11:10:29,0.11827160493827157,6,1
6,17,0.4581708268330733,0.09912634969912579,0.6522817652645365,0.5899428313820703,0.9904408754934154,0.7656006912032717,1.0,0.9997894911707147,0.8,1.0,2025-08-21 11:10:29,0.10787671232876712,8,1
7,17,0.39752340093603744,0.14196207029036806,0.6395450840295813,0.5835437243931648,0.9598853868368458,0.7582184569053653,0.9884027755155227,0.9974723558838536,0.8,1.0,2025-08-21 11:10:29,0.11365650969529086,6,1
8,17,0.01501560062402496,0.3391388224631433,0.7305466309119135,0.682222194198105,0.9925838530297159,0.7233117193403565,0.8853633905593381,0.9961370091661433,0.7,1.0,2025-08-21 11:10:29,0.08181818181818182,4,0
9,17,0.16994929797191888,0.10222655113940769,0.6459808792313659,0.5825890344121889,0.9608244443917989,0.7898386451526871,0.9931833729680425,0.9971970243983689,0.75,0.8333333333333333,2025-08-21 11:10:30,0.10786585365853657,3,0
10,17,0.10676677067082684,0.20005636729891943,0.6533478374776172,0.6066369193891241,0.8227107461911348,0.7256863415122017,0.989143890282438,0.9888502833958633,0.75,1.0,2025-08-21 11:10:36,0.11323232323232325,4,0
11,17,0.0,1.0,0.7860767258164587,0.6000000232458116,0.9287279381806326,0.741868360225808,0.9924422582011272,0.992672842471277,0.8,1.0,2025-08-21 11:10:33,0.052000000000000005,5,1
12,17,0.12909516380655225,0.13763343865794875,0.678470403911239,0.6286815113256596,0.8039777515666149,0.6229143052406987,0.8145706420822881,0.9847690929091045,0.65,0.9583333333333334,2025-08-21 11:10:36,0.1115702479338843,4,0
13,17,1.0,0.1385564745938103,0.6486471464429315,0.5934876626632923,0.781031037070169,0.6892766257723253,0.820165651366583,0.9844735455443983,0.8,1.0,2025-08-21 11:10:37,0.11462653288740246,5,1
14,17,0.2528276131045242,0.1027542450015828,0.6433822275935684,0.5834440463534654,0.9706965880953278,0.7271455638529583,0.9852998664364596,0.9980054398294131,0.75,1.0,2025-08-21 11:10:29,0.11288793103448275,4,0
15,17,0.06825273010920437,0.06325087688414269,0.6473161258238289,0.5874379867128103,0.971996821644685,0.8225284204560609,0.9992588852330847,0.9998336584720575,0.8,0.9583333333333334,2025-08-21 11:10:28,0.0955263157894737,5,1
16,17,0.045826833073322935,0.19500472654364423,0.6463869751476292,0.5701612656863947,0.9927042450547603,0.8018089911988265,0.9984933381112161,0.9998064109826719,0.75,0.9583333333333334,2025-08-21 11:10:28,0.12097560975609756,6,1
17,17,0.9827418096723869,0.09784180920183827,0.6326580353676239,0.5817357581581708,0.9797500662240983,0.7346826799128774,0.9937290288953318,0.997304915666823,0.8,1.0,2025-08-21 11:10:29,0.11486796785304249,5,1
18,17,0.31464508580343215,0.09205345298963111,0.6600159404721344,0.6054841750941935,0.9829765717256714,0.7051141541094368,0.980022477766557,0.9984411799217645,0.7,1.0,2025-08-21 11:10:29,0.11140410958904107,6,1
19,17,0.08239079563182528,0.12731171244796616,0.65134645674144,0.5844775861270392,0.9624858539355604,0.8364768080188469,0.9886674593608495,0.9977991060186627,0.8,0.9166666666666666,2025-08-21 11:10:28,0.10247058823529413,5,1
20,17,0.0019500780031201249,0.12966277706604906,0.5703459776720194,0.5252173798162003,0.9451253280745275,0.9024321298395342,0.9980576277812164,0.9974675216518658,0.85,1.0,2025-08-21 11:10:31,0.09200000000000001,4,0
1,18,0.013943057722308892,0.0,0.6926990348556019,0.6553846258750329,0.9759456791440364,0.8227270580521847,0.9992670293514024,0.9996110640628029,0.8,1.0,2025-08-21 11:10:49,0.08047619047619048,7,1
2,18,0.002047581903276131,0.15816424214466562,0.7241651696533355,0.7123403974061316,0.9753437191623326,0.7504264457483221,0.997385738020002,0.9983425176416507,0.75,1.0,2025-08-21 11:10:49,0.07833333333333332,7,1
3,18,0.3792901716068643,0.15400351310475657,0.6509018038491825,0.5870275586650187,0.9661698490354274,0.674535076899142,0.9928861126494446,0.998102344206986,0.7,1.0,2025-08-21 11:10:49,0.10583783783783783,2,0
4,18,0.31318252730109203,0.16094748460928643,0.6450554715601426,0.5837430804725633,0.9343622836000506,0.7768077410321377,0.8171441834706974,0.9856300256785614,0.75,1.0,2025-08-21 11:10:57,0.10512987012987013,3,0
5,18,0.09087363494539781,0.21864001470004618,0.6460579529359887,0.5939874786048941,0.9339770292114014,0.7059830199582167,0.9972920806593478,0.9983838283513643,0.7,1.0,2025-08-21 11:10:49,0.11404761904761905,5,1
6,18,0.4581708268330733,0.09912634969912579,0.6564373862304456,0.5934645408294567,0.9902723267023058,0.7616376627994843,0.9966446232530867,0.9984631537035271,0.8,1.0,2025-08-21 11:10:49,0.10763097949886107,9,1
7,18,0.39752340093603744,0.14196207029036806,0.642373870102383,0.5870923989818878,0.9515783390821586,0.7489352747032938,0.8374189660227384,0.9944063541145247,0.8,1.0,2025-08-21 11:10:50,0.1114945652173913,5,1
8,18,0.01501560062402496,0.3391388224631433,0.7255903691073298,0.6764444632477231,0.9405022754152224,0.6845753044850424,0.9856337752874874,0.9896125538852063,0.65,1.0,2025-08-21 11:10:56,0.08181818181818182,3,0
9,18,0.16994929797191888,0.10222655113940769,0.6438036577560258,0.5772979157824784,0.9621246779590961,0.7837135229141663,0.9968685865068247,0.9984240403719897,0.75,0.9583333333333334,2025-08-21 11:10:49,0.10529761904761906,4,0
10,18,0.10676677067082684,0.20005636729891943,0.6689189796638868,0.6214808267675055,0.9636416171104778,0.7352223352002489,0.9966609114897221,0.9983950349800632,0.75,1.0,2025-08-21 11:10:50,0.11099009900990099,6,1
11,18,0.0,1.0,0.8096586432286135,0.7199999852776527,0.9936192241975287,0.742958088856292,0.9992588852330847,0.9995723902069007,0.8,1.0,2025-08-21 11:10:48,0.04333333333333333,7,1
12,18,0.12909516380655225,0.13763343865794875,0.685591712363148,0.6302222437116836,0.7861115793143132,0.6033422511890475,0.993981496563182,0.9885112279432672,0.6,1.0,2025-08-21 11:10:58,0.10975609756097562,4,0
13,18,1.0,0.1385564745938103,0.6570129235547832,0.6049173492266496,0.7735185764870253,0.6605769658176646,0.9943887024790696,0.9868012282465054,0.75,1.0,2025-08-21 11:10:58,0.11261774370208104,5,1
14,18,0.2528276131045242,0.1027542450015828,0.6424487302019122,0.5830469459042653,0.9819412005488887,0.7207391541094368,0.9887896211356159,0.9979432540270251,0.75,0.75,2025-08-21 11:10:49,0.109581589958159,3,0
15,18,0.06825273010920437,0.06325087688414269,0.6531690586807845,0.5917355483647221,0.9632804411160737,0.8149697737476108,0.8927663941101737,0.9979975292679786,0.8,1.0,2025-08-21 11:10:49,0.09307692307692308,2,0
16,18,0.045826833073322935,0.19500472654364423,0.6418441342798005,0.5596774047012291,0.9920300498365021,0.7946740120905009,0.9321309899990227,0.9973038169777348,0.75,1.0,2025-08-21 11:10:49,0.11534883720930232,4,0
17,18,0.9827418096723869,0.09784180920183827,0.63552304406923,0.5822503894302999,0.9669403578127258,0.7255925790105346,0.9989738410919634,0.9983807520219176,0.8,0.45833333333333326,2025-08-21 11:10:50,0.1117877094972067,6,1
18,18,0.31464508580343215,0.09205345298963111,0.6606965234200048,0.6077220958586367,0.9853362548550263,0.6973304773969863,0.8708994364270124,0.9921995272121116,0.7,1.0,2025-08-21 11:10:49,0.10879598662207357,5,1
19,18,0.08239079563182528,0.12731171244796616,0.6555500928141977,0.5880596726954872,0.9858659796450251,0.8362170511623772,0.9971251262338339,0.9983592177157903,0.8,0.9166666666666666,2025-08-21 11:10:49,0.10369047619047621,6,1
20,18,0.0019500780031201249,0.12966277706604906,0.5833711117743541,0.5704347604072612,0.9901519347064135,0.8979509767969063,0.9992588852330847,0.9995534927545849,0.85,1.0,2025-08-21 11:10:49,0.09200000000000001,5,1
1,19,0.013943057722308892,0.0,0.7109925893280841,0.6800000185966492,0.978473911060016,0.8240272314086323,0.9849048766980487,0.9990357904562592,0.8,1.0,2025-08-21 11:11:05,0.07347826086956522,6,1
2,19,0.002047581903276131,0.15816424214466562,0.7662327623364149,0.7787234303038172,0.9809780645862357,0.7442971562875049,0.9490015310942438,0.998910320162395,0.7,1.0,2025-08-21 11:11:05,0.07833333333333334,6,1
3,19,0.3792901716068643,0.15400351310475657,0.6888783927114034,0.6372216505366887,0.9636416171194477,0.672548700937903,1.0,0.9997919082867086,0.7,0.625,2025-08-21 11:11:06,0.11759759759759758,5,1
4,19,0.31318252730109203,0.16094748460928643,0.6829308584222202,0.623891262447672,0.8559630155861885,0.718440931013024,0.7424504023194449,0.970450097761355,0.75,1.0,2025-08-21 11:11:24,0.12172932330827069,3,0
5,19,0.09087363494539781,0.21864001470004618,0.6840138546524257,0.6319832844018687,0.9219859863747871,0.7011198715384275,0.9977155748118709,0.9972400930106234,0.7,0.9166666666666666,2025-08-21 11:11:06,0.10764044943820224,2,0
6,19,0.4581708268330733,0.09912634969912579,0.6909145069238675,0.6447492021989065,0.9907538946903597,0.7525725652309198,0.997809232172525,0.9985046841510583,0.8,0.5833333333333333,2025-08-21 11:11:06,0.12022900763358776,9,1
7,19,0.39752340093603744,0.14196207029036806,0.6820539890735949,0.6279015058694802,0.775493005227731,0.7092681802018046,0.614701762387204,0.9770896956587278,0.75,1.0,2025-08-21 11:11:16,0.11722857142857145,3,0
8,19,0.01501560062402496,0.3391388224631433,0.774159360197695,0.7284444137341446,0.995786280137044,0.6862373316442193,0.9992670293514024,0.9997090671294638,0.65,1.0,2025-08-21 11:11:05,0.08571428571428572,6,1
9,19,0.16994929797191888,0.10222655113940769,0.6870387460128382,0.6396155971879,0.9653030266632092,0.776414633062186,0.9783488614522592,0.9964494763428068,0.7,0.8333333333333333,2025-08-21 11:11:07,0.1171523178807947,4,0
10,19,0.10676677067082684,0.20005636729891943,0.6950170818622607,0.6511685795354375,0.9555271965635701,0.7284304573943192,0.9963595791119654,0.9971757098300592,0.75,1.0,2025-08-21 11:11:07,0.11323232323232324,6,1
11,19,0.0,1.0,0.7827822978503757,0.7199999852776527,0.9265368038468722,0.7241937813930746,0.6877830081115419,0.9867201449918016,0.8,1.0,2025-08-21 11:11:11,0.052000000000000005,5,1
12,19,0.12909516380655225,0.13763343865794875,0.7327288028131902,0.6957037110562678,0.9679757289805385,0.5995931401964707,0.997385738020002,0.998406900822215,0.6,1.0,2025-08-21 11:11:06,0.09712230215827339,6,1
13,19,1.0,0.1385564745938103,0.7056180366555396,0.6613576836308206,0.9572126845105465,0.6524897764146331,0.9989982734469166,0.9985125947124929,0.75,1.0,2025-08-21 11:11:06,0.11176728869374314,6,1
14,19,0.2528276131045242,0.1027542450015828,0.6815630114638331,0.6362580961529286,0.9757048951477669,0.7226998321998488,0.9848234355148712,0.9977751545965415,0.7,1.0,2025-08-21 11:11:06,0.12901477832512318,3,0
15,19,0.06825273010920437,0.06325087688414269,0.6886095000635782,0.6232506698716442,0.7977414461475534,0.7776342401209051,0.8579177118285175,0.9886652641534227,0.75,1.0,2025-08-21 11:11:14,0.10521739130434782,1,0
16,19,0.045826833073322935,0.19500472654364423,0.674733355544848,0.614193543812921,0.9229250439656199,0.7449555774103215,0.8506775906440369,0.9875180130075999,0.7,1.0,2025-08-21 11:11:15,0.12399999999999999,3,0
17,19,0.9827418096723869,0.09784180920183827,0.6786548173392191,0.6276378053838578,0.9790999494359648,0.7150592301195716,0.9947959083949571,0.9984047034440388,0.8,1.0,2025-08-21 11:11:07,0.11902237926972908,6,1
18,19,0.31464508580343215,0.09205345298963111,0.6974172938652576,0.649603423550134,0.9072259276259237,0.6525689536382631,0.7706534840538164,0.9848587459386958,0.65,1.0,2025-08-21 11:11:14,0.115354609929078,4,0
19,19,0.08239079563182528,0.12731171244796616,0.6924882191559598,0.6429850620671884,0.9867809588147032,0.8299530215139796,0.9893922858911294,0.9983858059917229,0.8,1.0,2025-08-21 11:11:06,0.10369047619047618,7,1
20,19,0.0019500780031201249,0.12966277706604906,0.6440568539313689,0.5704347604072612,0.986203077225002,0.8920043505800773,0.9992588852330847,0.9996611642852214,0.85,1.0,2025-08-21 11:11:05,0.0657142857142857,5,1
1,20,0.013943057722308892,0.0,0.7164866766756833,0.6492307467002135,0.9745250535786045,0.8203586867137841,0.9769725054565592,0.9978894182617069,0.8,1.0,2025-08-21 11:11:31,0.07681818181818181,6,1
2,20,0.002047581903276131,0.15816424214466562,0.763981385090439,0.7565957733341988,0.8311622643426866,0.7133978974974441,0.9954392937420595,0.9924924377230064,0.7,1.0,2025-08-21 11:11:38,0.07833333333333332,5,1
3,20,0.3792901716068643,0.15400351310475657,0.6958289718395474,0.6388151354176032,0.9642917338896415,0.6647400208916745,0.9975241880314037,0.9987743024532848,0.7,0.625,2025-08-21 11:11:31,0.1093854748603352,4,0
4,20,0.31318252730109203,0.16094748460928643,0.6979930927974698,0.647980246019334,0.9746936023786841,0.7256300840112015,0.9849863178812261,0.9952591565847294,0.7,1.0,2025-08-21 11:11:35,0.1116551724137931,5,1
5,20,0.09087363494539781,0.21864001470004618,0.6869890203929627,0.642839264337479,0.8390118225035648,0.700221140596524,0.8236716943023749,0.9914236329780759,0.7,1.0,2025-08-21 11:11:34,0.11404761904761905,2,0
6,20,0.4581708268330733,0.09912634969912579,0.6959172544354169,0.6500317663699862,0.9911873058719838,0.7456098313108415,0.9966405511939277,0.9986714651546361,0.8,0.5416666666666666,2025-08-21 11:11:31,0.11330935251798561,8,1
7,20,0.39752340093603744,0.14196207029036806,0.6944661759255102,0.6388008779865516,0.798824974121796,0.6847142118949193,0.939086067042382,0.9890895778792576,0.7,1.0,2025-08-21 11:11:40,0.11590395480225987,3,0
8,20,0.01501560062402496,0.3391388224631433,0.7697170371247987,0.757333316441377,0.9881534275647353,0.6815318431346402,0.9980983483728052,0.9976046380500642,0.65,1.0,2025-08-21 11:11:32,0.0818181818181818,6,1
9,20,0.16994929797191888,0.10222655113940769,0.6931008041800913,0.6337365764882216,0.9447159952871483,0.772889162999511,0.9921653581783236,0.9951963115688884,0.7,1.0,2025-08-21 11:11:34,0.10987577639751551,3,0
10,20,0.10676677067082684,0.20005636729891943,0.6976107428267561,0.6558073277112951,0.7849076593419357,0.7221372571898474,0.9266377821936997,0.9839490313737261,0.7,1.0,2025-08-21 11:11:43,0.11677083333333332,4,0
11,20,0.0,1.0,0.8468460617512811,0.8799999759793281,0.9324841684632346,0.6976666333288883,0.8359408085480666,0.9903688914534734,0.75,1.0,2025-08-21 11:11:36,0.052000000000000005,4,0
12,20,0.12909516380655225,0.13763343865794875,0.7286791934075822,0.6802963252071982,0.9671329850025654,0.5939396086144819,0.997222855653647,0.9986883849665933,0.6,1.0,2025-08-21 11:11:31,0.10074626865671642,6,1
13,20,1.0,0.1385564745938103,0.7086001048192321,0.6589301390333923,0.9573330764997114,0.639589445259368,0.818793367430042,0.9943342801103435,0.75,1.0,2025-08-21 11:11:32,0.11591882750845547,6,1
14,20,0.2528276131045242,0.1027542450015828,0.6862269767776475,0.637449397500529,0.9816522597641293,0.7104225007778815,0.9845546796103853,0.9978004244455685,0.7,0.75,2025-08-21 11:11:31,0.11537444933920703,4,0
15,20,0.06825273010920437,0.06325087688414269,0.7110878145944745,0.6490357918277916,0.9720931352575447,0.7822681913143975,0.9539124344398475,0.9978968893475061,0.75,0.9583333333333334,2025-08-21 11:11:31,0.0955263157894737,6,1
16,20,0.045826833073322935,0.19500472654364423,0.702000543087886,0.6372580379802854,0.9739712503853908,0.7524315742098948,0.9886430270058963,0.9953729807742594,0.7,1.0,2025-08-21 11:11:34,0.11534883720930234,6,1
17,20,0.9827418096723869,0.09784180920183827,0.683467335678497,0.6340188116342109,0.9442344272856396,0.705280843001289,0.9978703130599081,0.9987162916694317,0.8,1.0,2025-08-21 11:11:32,0.11763678696158322,5,1
18,20,0.31464508580343215,0.09205345298963111,0.7121614734359214,0.6675069136433406,0.7310202017733614,0.606176656887585,0.15281216405511944,0.9406734260949206,0.6,1.0,2025-08-21 11:12:09,0.114140350877193,4,0
19,20,0.08239079563182528,0.12731171244796616,0.6991750774227248,0.6477611774917859,0.9763068551294707,0.8230145963906299,0.9956306805225267,0.9997235698254271,0.8,1.0,2025-08-21 11:11:31,0.09677777777777777,6,1
20,20,0.0019500780031201249,0.12966277706604906,0.6294053640430792,0.5704347604072612,0.988996171540466,0.8867223963195093,0.9981879336743004,0.999656110315416,0.85,1.0,2025-08-21 11:11:31,0.07666666666666666,5,1
1,21,0.013943057722308892,0.0,0.7178343395803533,0.716923045690243,0.9353013411729436,0.8154483097746367,0.8529131511222595,0.9971205556378352,0.8,1.0,2025-08-21 11:12:18,0.08047619047619048,5,1
2,21,0.002047581903276131,0.15816424214466562,0.7862353205595742,0.8008510872734355,0.9317136596814513,0.717058802284749,0.8267175945532137,0.992099546505092,0.7,1.0,2025-08-21 11:12:18,0.07833333333333334,4,0
3,21,0.3792901716068643,0.15400351310475657,0.6963641611801332,0.6481102985860561,0.9150995642034716,0.6566576932479887,0.8122129198292993,0.9778036238281932,0.7,1.0,2025-08-21 11:12:19,0.1087777777777778,2,0
4,21,0.31318252730109203,0.16094748460928643,0.6966732408222487,0.6457319111313401,0.975704895143282,0.7227137229408367,0.9988313190214028,0.9961161340734689,0.7,1.0,2025-08-21 11:12:19,0.10939189189189187,6,1
5,21,0.09087363494539781,0.21864001470004618,0.6964962530331735,0.6450104231313026,0.8584912475021682,0.6955746877361426,0.9975771248004691,0.9962772018937884,0.7,1.0,2025-08-21 11:12:18,0.11975000000000001,4,0
6,21,0.4581708268330733,0.09912634969912579,0.6991229772082943,0.6491513390081396,0.974308347990035,0.7401875805662977,0.6195190083721536,0.9872402644061212,0.75,1.0,2025-08-21 11:12:19,0.11196682464454977,5,1
7,21,0.39752340093603744,0.14196207029036806,0.7087145280788889,0.6603460879033001,0.9330379716385084,0.6866818353558253,0.8117527771443463,0.987730938952879,0.7,1.0,2025-08-21 11:12:18,0.11365650969529087,5,1
8,21,0.01501560062402496,0.3391388224631433,0.755306649078568,0.7399999996125698,0.9854325684499461,0.676226274614393,0.9934684171091638,0.9962640176247308,0.65,1.0,2025-08-21 11:12:18,0.08181818181818182,6,1
9,21,0.16994929797191888,0.10222655113940769,0.6983212094433902,0.6519615406572246,0.9469312080330935,0.7644866537760591,0.6735348731146367,0.9917481857347088,0.7,0.8333333333333333,2025-08-21 11:12:18,0.11056250000000001,4,0
10,21,0.10676677067082684,0.20005636729891943,0.7005838358279783,0.6697234482612066,0.959813151627201,0.7154162221629551,0.9979639704205623,0.998639822908898,0.7,1.0,2025-08-21 11:12:17,0.11677083333333332,7,1
11,21,0.0,1.0,0.821686648854692,0.6800000185966492,0.9330379716474784,0.6695483008845624,0.8626168680978598,0.9924337677257004,0.75,1.0,2025-08-21 11:12:21,0.052000000000000005,5,1
12,21,0.12909516380655225,0.13763343865794875,0.7242688267427644,0.6710518689022241,0.9288001733723374,0.5864524992221185,0.9940710818646773,0.9973679804204815,0.6,1.0,2025-08-21 11:12:18,0.10799999999999998,5,1
13,21,1.0,0.1385564745938103,0.7111570400628564,0.6645944304236686,0.9279092725879345,0.6303937747255189,0.9977888718767306,0.9962374293487982,0.75,0.0,2025-08-21 11:12:18,0.11644394110985277,8,1
14,21,0.2528276131045242,0.1027542450015828,0.6874776032844869,0.6326842540989581,0.9571645277041168,0.7045925567853492,0.9544377300713425,0.9952899198791969,0.7,1.0,2025-08-21 11:12:18,0.11386956521739129,4,0
15,21,0.06825273010920437,0.06325087688414269,0.7144603023256312,0.6619283528058654,0.9624858539445303,0.7748199759967996,0.997414242434114,0.9986453163543386,0.75,1.0,2025-08-21 11:12:17,0.09307692307692308,7,1
16,21,0.045826833073322935,0.19500472654364423,0.7075607166093708,0.6477419609542816,0.9750547783596334,0.7475920400497844,0.8354318011532071,0.9924407993358644,0.7,1.0,2025-08-21 11:12:19,0.11272727272727272,5,1
17,21,0.9827418096723869,0.09784180920183827,0.6870927781008048,0.6364888805694713,0.9496039103324829,0.6961455971907365,0.7874995927940841,0.9921316282264653,0.8,1.0,2025-08-21 11:12:18,0.11641705069124425,4,0
18,21,0.31464508580343215,0.09205345298963111,0.730131358596353,0.692763580818122,0.9039512653179208,0.5763171200604527,0.6220762615239275,0.9837297330317358,0.6,1.0,2025-08-21 11:12:26,0.1114041095890411,4,0
19,21,0.08239079563182528,0.12731171244796616,0.7031458623633178,0.6501492352040845,0.9284389973779333,0.8153920522736365,0.8553075219076782,0.9960699891317676,0.8,0.9166666666666666,2025-08-21 11:12:18,0.09265957446808512,3,0
20,21,0.0019500780031201249,0.12966277706604906,0.6369570576962333,0.5478260701117308,0.9661939274341573,0.8812327754811753,0.9905609668697267,0.9975013612757802,0.85,1.0,2025-08-21 11:12:18,0.07666666666666667,5,1
1,22,0.013943057722308892,0.0,0.7261386992126986,0.6984615321434461,0.8245407045394608,0.7734829921767348,0.8048587809883702,0.9863149484561001,0.75,1.0,2025-08-21 11:12:46,0.08449999999999999,4,0
2,22,0.002047581903276131,0.15816424214466562,0.7817392270065858,0.8008510872734355,0.8269967012682206,0.6743906131928702,0.6989160178519074,0.9825082105035556,0.65,1.0,2025-08-21 11:12:46,0.07833333333333332,3,0
3,22,0.3792901716068643,0.15400351310475657,0.7018964634011213,0.6526251310894268,0.9000505646249993,0.6470953071520649,0.8188544483174252,0.9913328812593966,0.65,1.0,2025-08-21 11:12:42,0.1103098591549296,3,0
4,22,0.31318252730109203,0.16094748460928643,0.6977477649820503,0.651834463554374,0.9866846452108134,0.7143778892741255,0.9980942763136463,0.9988204473949862,0.7,1.0,2025-08-21 11:12:40,0.11361403508771929,7,1
5,22,0.09087363494539781,0.21864001470004618,0.6992018016733094,0.6417536539461518,0.8825937251825013,0.689146052807041,0.9961030393849561,0.9977670242972895,0.65,1.0,2025-08-21 11:12:40,0.11827160493827162,4,0
6,22,0.4581708268330733,0.09912634969912579,0.7013142852615029,0.6476106066221157,0.9261515494537381,0.7068268824732187,0.8660496139687918,0.9901526694409298,0.75,1.0,2025-08-21 11:12:47,0.11496350364963505,4,0
7,22,0.39752340093603744,0.14196207029036806,0.7091766282040204,0.6547696966748978,0.9607281307968791,0.674482292083389,0.9936598038896309,0.998723762755231,0.7,1.0,2025-08-21 11:12:39,0.1117983651226158,8,1
8,22,0.01501560062402496,0.3391388224631433,0.7557115576975539,0.7342222066733572,0.9952565553515301,0.6707227630350714,0.8667907287357071,0.9984370049032296,0.65,1.0,2025-08-21 11:12:38,0.08181818181818182,5,1
9,22,0.16994929797191888,0.10222655113940769,0.7084838503044524,0.6525494427271924,0.869759938358944,0.7195028781615327,0.6864473727074307,0.9853311822465907,0.7,1.0,2025-08-21 11:12:48,0.11125786163522011,4,0
10,22,0.10676677067082684,0.20005636729891943,0.7003382061573187,0.6623015255664312,0.9515783390821586,0.7062858381117483,0.9975119718539271,0.9978065771044621,0.7,1.0,2025-08-21 11:12:40,0.1099019607843137,6,1
11,22,0.0,1.0,0.8621391248285871,0.8799999759793281,0.9339288724229113,0.6394762357203183,0.9923404567221552,0.9944977650466569,0.75,1.0,2025-08-21 11:12:43,0.04333333333333334,6,1
12,22,0.12909516380655225,0.13763343865794875,0.7251617145427943,0.6641185421707012,0.9695408249293802,0.5797641074365472,0.9992588852330847,0.9997789437554687,0.55,0.875,2025-08-21 11:12:39,0.11157024793388429,7,1
13,22,1.0,0.1385564745938103,0.7142203072861188,0.669651789172965,0.9566829597205477,0.6248340056451973,0.9977888718767306,0.9988290171698736,0.7,1.0,2025-08-21 11:12:39,0.11079741379310343,8,1
14,22,0.2528276131045242,0.1027542450015828,0.6899821565821234,0.6358609957037284,0.9820615925559933,0.6958712550562298,0.9943276215916865,0.9985086394317756,0.7,1.0,2025-08-21 11:12:39,0.1158849557522124,6,1
15,22,0.06825273010920437,0.06325087688414269,0.7179840396557291,0.6576308531427844,0.9685054537795073,0.7673266157709917,0.8660781183829038,0.9984985314921648,0.75,1.0,2025-08-21 11:12:39,0.09945205479452054,6,1
16,22,0.045826833073322935,0.19500472654364423,0.7032713938958078,0.6288709491921528,0.929065035753882,0.7041668055740766,0.9938023259601916,0.9903517519036986,0.65,0.9583333333333334,2025-08-21 11:12:47,0.10782608695652174,3,0
17,22,0.9827418096723869,0.09784180920183827,0.6901935759922453,0.6358713478384485,0.8315715971121259,0.6552359759078988,0.8063287943447243,0.9856436494232541,0.75,1.0,2025-08-21 11:12:48,0.11341189674523008,3,0
18,22,0.31464508580343215,0.09205345298963111,0.7579064276425949,0.718020309981734,0.9183983048788098,0.539115632084278,0.9327662312278073,0.9909050517284796,0.55,1.0,2025-08-21 11:12:47,0.10459807073954984,3,0
19,22,0.08239079563182528,0.12731171244796616,0.7081735431176943,0.6489552063479352,0.8372781777591285,0.7771008356669779,0.7215810991302082,0.9815624589364953,0.75,1.0,2025-08-21 11:12:47,0.09786516853932586,2,0
20,22,0.0019500780031201249,0.12966277706604906,0.6235092860104812,0.5704347604072612,0.9893814259291152,0.8818078521580656,0.9992588852330847,0.9998015767506842,0.8,1.0,2025-08-21 11:12:38,0.07666666666666666,5,1
1,23,0.013943057722308892,0.0,0.7427714864018616,0.7415384384118593,0.49984349042283127,0.7736066197715252,0.45917353487311463,0.9583240860335083,0.75,1.0,2025-08-21 11:13:22,0.07347826086956522,4,0
2,23,0.002047581903276131,0.15816424214466562,0.7841587376212624,0.8229787442430537,0.8202306710681302,0.6545754711739343,0.800517965925009,0.9893802910119761,0.65,1.0,2025-08-21 11:13:01,0.07833333333333332,3,0
3,23,0.3792901716068643,0.15400351310475657,0.7038671353975452,0.6629826588377098,0.7812477426632236,0.5995931401964707,0.8364294556471317,0.988106470883201,0.65,1.0,2025-08-21 11:13:02,0.10583783783783784,2,0
4,23,0.31318252730109203,0.16094748460928643,0.700708783773671,0.6537615723218941,0.9706725097010828,0.7058323054185003,0.8277478255204092,0.9917947701520454,0.7,1.0,2025-08-21 11:12:57,0.10478964401294495,4,0
5,23,0.09087363494539781,0.21864001470004618,0.69962898720901,0.6395824331634975,0.9203968120227305,0.6812463884073432,0.8667174316708472,0.998588843735209,0.65,1.0,2025-08-21 11:12:54,0.11827160493827157,3,0
6,23,0.4581708268330733,0.09912634969912579,0.7099532212419054,0.6652190298813865,0.9875033107855717,0.7112066331066365,0.997809232172525,0.9988652739097819,0.75,1.0,2025-08-21 11:12:55,0.10641891891891891,8,1
7,23,0.39752340093603744,0.14196207029036806,0.710303655051906,0.6565440029748439,0.9689388649476766,0.6681620049339914,0.9992670293514024,0.999862663863984,0.7,1.0,2025-08-21 11:12:54,0.10883289124668433,6,1
8,23,0.01501560062402496,0.3391388224631433,0.7480268666256396,0.7457777925517824,0.9354217331665933,0.6442963228430458,0.9040419259210998,0.9888942309593884,0.6,1.0,2025-08-21 11:13:01,0.08181818181818182,3,0
9,23,0.16994929797191888,0.10222655113940769,0.7101677396991585,0.6572526592869351,0.8726252678750829,0.6898030848557586,0.867841319998697,0.9843047869004619,0.65,1.0,2025-08-21 11:13:02,0.10786585365853658,3,0
10,23,0.10676677067082684,0.20005636729891943,0.6983397836024938,0.6697234482612066,0.7114926199862679,0.6978388785171356,0.7189016842036682,0.9739125065536804,0.7,1.0,2025-08-21 11:13:10,0.11099009900990098,4,0
11,23,0.0,1.0,0.8643051374126804,0.8400000092983246,0.9751751703577681,0.6558923134195671,0.9975364042088803,0.9979502856371891,0.75,1.0,2025-08-21 11:12:55,0.053497942386831275,7,1
12,23,0.12909516380655225,0.13763343865794875,0.7246825897821247,0.6702814717147968,0.9651585562708295,0.5706101091256612,0.9992588852330847,0.9998881534508286,0.55,1.0,2025-08-21 11:12:54,0.10799999999999998,7,1
13,23,1.0,0.1385564745938103,0.7132360982141364,0.6677300114448815,0.9579109580782001,0.6132067609014535,0.99764634980617,0.9989035082900486,0.7,0.0,2025-08-21 11:12:54,0.11091693635382958,7,1
14,23,0.2528276131045242,0.1027542450015828,0.693493075126361,0.6414204019925303,0.9810262213792106,0.6901809130106236,0.781586962895397,0.9969660799520444,0.7,1.0,2025-08-21 11:12:54,0.1114468085106383,5,1
15,23,0.06825273010920437,0.06325087688414269,0.7168684631832823,0.6647934145700833,0.774987358849917,0.7323101413521803,0.9424088673160244,0.9888087529483321,0.7,1.0,2025-08-21 11:13:03,0.09189873417721518,4,0
16,23,0.045826833073322935,0.19500472654364423,0.7200165316053126,0.6519355053483479,0.9891406419350882,0.7025311708227765,0.9874051210215982,0.9983899810102578,0.65,1.0,2025-08-21 11:12:54,0.10782608695652172,7,1
17,23,0.9827418096723869,0.09784180920183827,0.6970446233859078,0.6494566959879647,0.9590185644556577,0.6456506700893453,0.9984363292829919,0.9988195684437157,0.75,0.20833333333333326,2025-08-21 11:12:54,0.11006600660066006,6,1
18,23,0.31464508580343215,0.09205345298963111,0.7551370668047152,0.7164217420167055,0.9693481977305707,0.538796145041561,0.9669552399257256,0.9956320516612399,0.55,1.0,2025-08-21 11:12:57,0.10596091205211726,5,1
19,23,0.08239079563182528,0.12731171244796616,0.7196569616433804,0.6644775814778768,0.8470058510613077,0.7398583700048895,0.8404852265693716,0.9875575658147725,0.7,1.0,2025-08-21 11:13:02,0.0967777777777778,2,0
20,23,0.0019500780031201249,0.12966277706604906,0.6362487845610101,0.6156522029871526,0.9905131106963327,0.8764279681735343,0.9992588852330847,0.9998710139010538,0.8,1.0,2025-08-21 11:12:53,0.06571428571428571,5,1
1,24,0.013943057722308892,0.0,0.7427248799527999,0.7107692285042543,0.7982711709285822,0.7435178857180959,0.805811642831547,0.9869034063317013,0.7,1.0,2025-08-21 11:13:46,0.07347826086956522,3,0
2,24,0.002047581903276131,0.15816424214466562,0.796684100064509,0.8229787442430537,0.7953336062341934,0.6203674378806063,0.6935897644720983,0.9804182841201192,0.6,0.9583333333333334,2025-08-21 11:13:48,0.07833333333333332,3,0
3,24,0.3792901716068643,0.15400351310475657,0.7185645274060033,0.6762614722196184,0.9295706821765455,0.6008995643863626,0.8148597582825683,0.9935619016813898,0.65,1.0,2025-08-21 11:13:40,0.10498659517426275,3,0
4,24,0.31318252730109203,0.16094748460928643,0.7059455294672972,0.6560099072098879,0.9772940694953386,0.7014469984886873,0.7132415219728312,0.9941187173112529,0.7,1.0,2025-08-21 11:13:41,0.10581699346405228,5,1
5,24,0.09087363494539781,0.21864001470004618,0.7041493499232974,0.6504384130991078,0.6067034263633926,0.6393727496999599,0.9416433201941558,0.9899744620708356,0.65,1.0,2025-08-21 11:13:47,0.10886363636363637,3,0
6,24,0.4581708268330733,0.09912634969912579,0.7153394054030326,0.6665397019185717,0.9825913173370222,0.703746610659199,0.9967667850278529,0.9969449851215524,0.75,1.0,2025-08-21 11:13:40,0.10738636363636363,7,1
7,24,0.39752340093603744,0.14196207029036806,0.714594970010053,0.6575578922890989,0.935084635579889,0.6591246888474019,0.9974020262566374,0.996905871790015,0.7,1.0,2025-08-21 11:13:41,0.10854497354497354,6,1
8,24,0.01501560062402496,0.3391388224631433,0.7764273596055558,0.757333316441377,0.9924153042386061,0.6437462494999333,0.9959483011369189,0.9988731844712163,0.6,1.0,2025-08-21 11:13:39,0.0818181818181818,6,1
9,24,0.16994929797191888,0.10222655113940769,0.7246989905835,0.6731260771648975,0.95328790543235,0.6901461861581545,0.9968156497377594,0.9969225718641546,0.65,1.0,2025-08-21 11:13:41,0.10467455621301777,6,1
10,24,0.10676677067082684,0.20005636729891943,0.7043470047344738,0.6762176461163426,0.886109171468834,0.6908018291327733,0.8299670977619963,0.9896494698385674,0.7,1.0,2025-08-21 11:13:44,0.11556701030927835,4,0
11,24,0.0,1.0,0.8639118602822774,0.9200000046491623,0.9158459945596154,0.6277878717162289,0.9917092875525295,0.9928712657205928,0.75,1.0,2025-08-21 11:13:45,0.053497942386831275,5,1
12,24,0.12909516380655225,0.13763343865794875,0.7269316528045937,0.6710518689022241,0.9548770797844065,0.5624812474996667,0.8660536860279506,0.9977830651579761,0.55,0.875,2025-08-21 11:13:39,0.09782608695652172,4,0
13,24,1.0,0.1385564745938103,0.7185862207359206,0.6753160805632413,0.9390334930613006,0.5981735064675291,0.9980739160178519,0.9969735510378437,0.7,1.0,2025-08-21 11:13:41,0.11127705627705627,7,1
14,24,0.2528276131045242,0.1027542450015828,0.7004180569301499,0.6549217552765038,0.8387951169015404,0.6495268813619595,0.7588852330846663,0.9793848571638264,0.65,1.0,2025-08-21 11:13:49,0.11240343347639485,2,0
15,24,0.06825273010920437,0.06325087688414269,0.7339539326140878,0.6733884138962454,0.9526137102410015,0.7325185024669956,0.8672590155389778,0.9986908020825871,0.7,1.0,2025-08-21 11:13:39,0.09189873417721518,5,1
16,24,0.045826833073322935,0.19500472654364423,0.7161744577390715,0.6456451887572485,0.9844212756763784,0.6945405220696093,0.9992588852330847,0.9988408830120253,0.65,1.0,2025-08-21 11:13:39,0.11534883720930234,6,1
17,24,0.9827418096723869,0.09784180920183827,0.7034910036447763,0.6553231329550194,0.9778719510783124,0.6430503233764502,0.9992588852330847,0.9979751160105809,0.75,0.375,2025-08-21 11:13:40,0.11067907995618839,6,1
18,24,0.31464508580343215,0.09205345298963111,0.7556425737133641,0.7154626508287529,0.9697334521281897,0.5312451382406543,0.8564191940580512,0.9934588446449235,0.55,1.0,2025-08-21 11:13:42,0.10843333333333335,5,1
19,24,0.08239079563182528,0.12731171244796616,0.7356603404097006,0.6967164225827402,0.9453661120752819,0.7396875138907409,0.9984933381112161,0.9988547264945358,0.7,0.9166666666666666,2025-08-21 11:13:39,0.0967777777777778,5,1
20,24,0.0019500780031201249,0.12966277706604906,0.6490464808018181,0.5478260701117308,0.9740916423924955,0.8725566186602658,0.8435922077075936,0.9952257564364503,0.8,1.0,2025-08-21 11:13:40,0.0657142857142857,3,0
1,25,0.013943057722308892,0.0,0.7679370370216647,0.7476923175866788,0.8089860586100842,0.7023832344312576,0.9145152620777275,0.9882007384069623,0.7,1.0,2025-08-21 11:14:03,0.0676,4,0
2,25,0.002047581903276131,0.15816424214466562,0.8143091860460875,0.8008510872734355,0.8483542414126098,0.5790410943681381,0.7832320747955827,0.9895558615282589,0.55,1.0,2025-08-21 11:14:03,0.07833333333333334,3,0
3,25,0.3792901716068643,0.15400351310475657,0.7308382633211548,0.6810418648735312,0.7622980424635889,0.5733875627861493,0.8353299996742353,0.9857034181096483,0.6,1.0,2025-08-21 11:14:05,0.10847645429362882,3,0
4,25,0.31318252730109203,0.16094748460928643,0.7167663153700538,0.6653242869158451,0.8566131323653521,0.6683599479930658,0.8240870443365801,0.984494200899255,0.65,1.0,2025-08-21 11:14:06,0.10939189189189187,4,0
5,25,0.09087363494539781,0.21864001470004618,0.732431576020167,0.6764926905579756,0.9457995232524211,0.6401068753611594,0.9888873505554289,0.9987551852631514,0.65,0.9166666666666666,2025-08-21 11:13:55,0.1052747252747253,5,1
6,25,0.4581708268330733,0.09912634969912579,0.7247576712421633,0.6753439135482071,0.9874551539925968,0.6982382373205318,0.9980942763136463,0.9988470356709189,0.7,1.0,2025-08-21 11:13:56,0.11223277909738717,7,1
7,25,0.39752340093603744,0.14196207029036806,0.7250263827768444,0.6727662939917539,0.9226361031629207,0.6596400353380452,0.9971291982929928,0.9965327569756869,0.7,1.0,2025-08-21 11:13:58,0.11303030303030301,7,1
8,25,0.01501560062402496,0.3391388224631433,0.7815422966479856,0.7631111093805896,0.9923671474321764,0.6391629995110459,0.9980983483728052,0.9989232846936349,0.6,1.0,2025-08-21 11:13:56,0.09,6,1
9,25,0.16994929797191888,0.10222655113940769,0.7313816832479523,0.6866478247741578,0.9697575305224347,0.6846899030981909,0.9529962211291005,0.9979318276605086,0.65,0.8333333333333333,2025-08-21 11:13:56,0.10656626506024097,7,1
10,25,0.10676677067082684,0.20005636729891943,0.7132445904082227,0.6790008826240911,0.7944908622427653,0.6567827099168777,0.9909885330814086,0.9882822611373014,0.65,1.0,2025-08-21 11:14:05,0.11556701030927835,3,0
11,25,0.0,1.0,0.9092197985342664,0.959999971330166,0.9880089571723556,0.6274926934702405,0.9976992865752353,0.9999655011626328,0.7,1.0,2025-08-21 11:13:56,0.053497942386831275,7,1
12,25,0.12909516380655225,0.13763343865794875,0.7403455160850483,0.6833777899792459,0.7942741566586807,0.5302748699826645,0.8350938202430205,0.9864298713347183,0.55,1.0,2025-08-21 11:14:04,0.09642857142857142,3,0
13,25,1.0,0.1385564745938103,0.7293037922702671,0.6851274247245899,0.9446678384896885,0.6000432002044718,0.9980739160178519,0.9977204398799528,0.7,1.0,2025-08-21 11:13:57,0.11007567567567568,8,1
14,25,0.2528276131045242,0.1027542450015828,0.7248372201597544,0.6747766537588487,0.9758493655401467,0.658064130772992,0.9133710134540834,0.9942683587650559,0.65,1.0,2025-08-21 11:13:56,0.11486842105263159,4,0
15,25,0.06825273010920437,0.06325087688414269,0.7410247708698625,0.7020385976166108,0.7834629554001987,0.7017581510868116,0.8219940059289181,0.9850068492277754,0.7,1.0,2025-08-21 11:14:04,0.09428571428571426,4,0
16,25,0.045826833073322935,0.19500472654364423,0.7291095786088272,0.6624193663335135,0.9914521682490435,0.7032013990754322,0.9950443040036485,0.9986626756419311,0.65,0.9583333333333334,2025-08-21 11:13:56,0.11534883720930234,6,1
17,25,0.9827418096723869,0.09784180920183827,0.7140620747692914,0.6694230503878341,0.957116370897687,0.6241262723918746,0.8512191745121673,0.9984477720562933,0.75,1.0,2025-08-21 11:13:56,0.11392333709131904,5,1
18,25,0.31464508580343215,0.09205345298963111,0.7593140993689842,0.7196188159579319,0.9190965784644033,0.5116626661332622,0.8106696094080854,0.9876891887675301,0.5,1.0,2025-08-21 11:14:04,0.10807308970099667,4,0
19,25,0.08239079563182528,0.12731171244796616,0.7396945753217494,0.6907462783019934,0.979388890238664,0.743540110903676,0.9988272469622439,1.0,0.7,0.9166666666666666,2025-08-21 11:13:55,0.09365591397849463,7,1
20,25,0.0019500780031201249,0.12966277706604906,0.6545941776400479,0.5704347604072612,0.9001468782423439,0.8326339345246033,0.8008600188943544,0.9842441392627972,0.8,1.0,2025-08-21 11:14:03,0.06571428571428571,2,0
1,26,0.013943057722308892,0.0,0.7849759804981391,0.7661538311334757,0.976186463122366,0.7110538349557719,0.9931507964947714,0.998459637898445,0.7,1.0,2025-08-21 11:14:16,0.07041666666666667,5,1
2,26,0.002047581903276131,0.15816424214466562,0.814970550877009,0.8229787442430537,0.820278827870075,0.5673631484197893,0.822193536827703,0.9874767022978862,0.55,1.0,2025-08-21 11:14:24,0.07833333333333334,3,0
3,26,0.3792901716068643,0.15400351310475657,0.7484946617529664,0.7060061307340951,0.958320290896974,0.5769929046095035,0.9980942763136463,0.9978379996123825,0.6,1.0,2025-08-21 11:14:17,0.10670299727520437,6,1
4,26,0.31318252730109203,0.16094748460928643,0.7368889516076998,0.6881284899832733,0.9900315427060363,0.6703754945103791,0.997809232172525,0.9988079223393815,0.65,1.0,2025-08-21 11:14:16,0.10721854304635764,7,1
5,26,0.09087363494539781,0.21864001470004618,0.7402381562380083,0.6732359213728248,0.7561821290067825,0.6352402542561231,0.9968237938560771,0.993591126811134,0.6,1.0,2025-08-21 11:14:21,0.10527472527472527,2,0
6,26,0.4581708268330733,0.09912634969912579,0.7348148841297217,0.682827515129488,0.9877200163786263,0.6887835044672623,0.8647424829787927,0.9984660102951562,0.7,1.0,2025-08-21 11:14:17,0.11039719626168223,6,1
7,26,0.39752340093603744,0.14196207029036806,0.7371886334900088,0.685186438091377,0.9564421757332482,0.6497282971062808,0.8805705769293416,0.9925849473442268,0.65,1.0,2025-08-21 11:14:17,0.11241095890410961,3,0
8,26,0.01501560062402496,0.3391388224631433,0.7914940211909924,0.792000012087822,0.9958103585357739,0.6341449693292438,0.9992670293514024,0.9998402506065862,0.6,1.0,2025-08-21 11:14:16,0.0818181818181818,6,1
9,26,0.16994929797191888,0.10222655113940769,0.7403354944910789,0.6889994330540291,0.9740675639982505,0.6758449737742811,0.9258925953676255,0.994828690200001,0.6,1.0,2025-08-21 11:14:17,0.10656626506024099,4,0
10,26,0.10676677067082684,0.20005636729891943,0.7347470673191268,0.6929170651628331,0.9737545448102761,0.6620556351958039,0.9980820601361696,0.9997503778391774,0.65,0.875,2025-08-21 11:14:16,0.118,6,1
11,26,0.0,1.0,0.901215905607854,0.9200000046491623,0.9358069875507575,0.5930394885984798,0.866729647848324,0.9954217625697722,0.7,1.0,2025-08-21 11:14:20,0.053497942386831275,4,0
12,26,0.12909516380655225,0.13763343865794875,0.7604377856855465,0.7126518292913613,0.9686740025571621,0.5286572931946483,0.9897628432745871,0.9996818196400783,0.5,1.0,2025-08-21 11:14:16,0.09642857142857142,5,1
13,26,1.0,0.1385564745938103,0.7421622217853706,0.6972651477117318,0.9579109580871701,0.5972511612659466,0.9976911424569176,0.9987173903585198,0.7,1.0,2025-08-21 11:14:17,0.11055374592833876,8,1
14,26,0.2528276131045242,0.1027542450015828,0.7312438963927167,0.6823215003048204,0.9160145433552099,0.6569855147352981,0.9445711307293873,0.991138413290798,0.65,1.0,2025-08-21 11:14:22,0.11486842105263159,3,0
15,26,0.06825273010920437,0.06325087688414269,0.7573813403907088,0.7149311585946846,0.9667958874293159,0.6978215150909011,0.9978010880542072,0.9987195877366961,0.65,1.0,2025-08-21 11:14:16,0.0918987341772152,6,1
16,26,0.045826833073322935,0.19500472654364423,0.7375212779645297,0.6812903161068117,0.9895499747448921,0.6977701193492467,0.9977970159950483,0.9987195877366961,0.65,1.0,2025-08-21 11:14:16,0.10782608695652175,6,1
17,26,0.9827418096723869,0.09784180920183827,0.7260357464521633,0.6757011551792936,0.8210011798678533,0.5838083966751123,0.7148418412222692,0.9793466227835596,0.7,1.0,2025-08-21 11:14:25,0.11469920544835414,3,0
18,26,0.31464508580343215,0.09205345298963111,0.7776522881696265,0.7410390563920722,0.9185186968859145,0.47105447392985733,0.7943365801218361,0.9897639532415503,0.5,1.0,2025-08-21 11:14:24,0.10426282051282051,3,0
19,26,0.08239079563182528,0.12731171244796616,0.7449418457014116,0.7062686534319351,0.9666995738254262,0.7387735031337512,0.9997149558588787,0.9997215921850685,0.7,0.9583333333333334,2025-08-21 11:14:16,0.09265957446808509,6,1
20,26,0.0019500780031201249,0.12966277706604906,0.6871165441700371,0.6156522029871526,0.9845416676767555,0.8365261201493532,0.9956999055282275,0.9993638590179741,0.8,1.0,2025-08-21 11:14:16,0.07666666666666666,5,1
1,27,0.013943057722308892,0.0,0.7700790018049686,0.7353846212258706,0.9772218343081186,0.7077763146197271,0.9870386356972994,0.999535254515722,0.7,1.0,2025-08-21 11:14:31,0.07041666666666667,7,1
2,27,0.002047581903276131,0.15816424214466562,0.8259454640653285,0.8229787442430537,0.8321254003053397,0.523382284304574,0.9949832231162654,0.992270282789387,0.5,1.0,2025-08-21 11:14:38,0.07833333333333334,4,0
3,27,0.3792901716068643,0.15400351310475657,0.7404586916763796,0.6977732081678111,0.9592593484339873,0.5708476407965507,0.9980942763136463,0.9988923016613498,0.6,1.0,2025-08-21 11:14:31,0.10442666666666668,7,1
4,27,0.31318252730109203,0.16094748460928643,0.7305184778798594,0.6845954365798763,0.9840600996909441,0.6673966251055696,0.9974305306707496,0.9970574908841766,0.65,1.0,2025-08-21 11:14:33,0.10512987012987013,7,1
5,27,0.09087363494539781,0.21864001470004618,0.7328835941802813,0.6830062909171079,0.8977149599167991,0.6302125005556297,0.8278129784669512,0.9939400704655234,0.6,1.0,2025-08-21 11:14:32,0.10764044943820224,2,0
6,27,0.4581708268330733,0.09912634969912579,0.7306072031967477,0.6834878201536653,0.9247309238927912,0.6522591901142374,0.8179300908883604,0.9868458350234833,0.7,1.0,2025-08-21 11:14:40,0.10812356979405037,4,0
7,27,0.39752340093603744,0.14196207029036806,0.7302268052232528,0.6760614342630825,0.9666754954222113,0.6403027348090857,0.9411139525035019,0.9985339092808025,0.65,0.5833333333333333,2025-08-21 11:14:31,0.10854497354497353,5,1
8,27,0.01501560062402496,0.3391388224631433,0.7758554445440986,0.7631111093805896,0.952782259045566,0.6287032715473175,0.8541429129882399,0.9907176153700451,0.6,1.0,2025-08-21 11:14:40,0.08181818181818183,3,0
9,27,0.16994929797191888,0.10222655113940769,0.7339285164028766,0.6860599227041899,0.9776552454942277,0.6665235920344936,0.998037267485422,0.9989410834568626,0.6,1.0,2025-08-21 11:14:31,0.10467455621301774,6,1
10,27,0.10676677067082684,0.20005636729891943,0.7285219067038402,0.6984834761894994,0.889865401742466,0.6556110259145664,0.9883213343323451,0.9942211151342664,0.65,1.0,2025-08-21 11:14:36,0.10990196078431373,5,1
11,27,0.0,1.0,0.9221264041456799,1.0,0.8829308227647208,0.565734459038983,0.8270881519366713,0.984980700427478,0.7,1.0,2025-08-21 11:14:41,0.053497942386831275,4,0
12,27,0.12909516380655225,0.13763343865794875,0.7529645341474369,0.7041777701738146,0.9743324263887649,0.5258645597190736,0.9997149558588787,0.9999411102648763,0.5,0.875,2025-08-21 11:14:31,0.09854014598540146,6,1
13,27,1.0,0.1385564745938103,0.7373096170702157,0.693826131364444,0.9565625677313829,0.5865511234831311,0.8193797439489201,0.9945472060556226,0.7,0.08333333333333326,2025-08-21 11:14:32,0.11212649945474373,7,1
14,27,0.2528276131045242,0.1027542450015828,0.7249310166446752,0.6715998501652477,0.9830488069263462,0.6505520180468507,0.9798514512818842,0.9979335855630496,0.65,0.75,2025-08-21 11:14:31,0.1114468085106383,5,1
15,27,0.06825273010920437,0.06325087688414269,0.7511309446773551,0.7120660968304665,0.9484722255697503,0.6917165344268126,0.957296315600873,0.9976395763630667,0.65,1.0,2025-08-21 11:14:32,0.09189873417721518,4,0
16,27,0.045826833073322935,0.19500472654364423,0.7369240070629095,0.6687096829246129,0.987840408376761,0.6917533448904298,0.9892986285304753,0.9988276987429678,0.65,1.0,2025-08-21 11:14:32,0.11022222222222222,6,1
17,27,0.9827418096723869,0.09784180920183827,0.731980020704754,0.6895952696943213,0.843177385560091,0.5465562074943326,0.9942054598169202,0.9911944464342924,0.65,1.0,2025-08-21 11:14:40,0.10994505494505495,3,0
18,27,0.31464508580343215,0.09205345298963111,0.779521416063302,0.7432769771565154,0.9222749271685164,0.43185549739965323,0.8107062579405153,0.9885637452816797,0.44999999999999996,1.0,2025-08-21 11:14:39,0.10261829652996844,3,0
19,27,0.08239079563182528,0.12731171244796616,0.7411350285272067,0.6871641917335454,0.9567070381237627,0.7324039038538472,0.9953700687363586,0.9988013302048527,0.7,1.0,2025-08-21 11:14:31,0.09467391304347825,6,1
20,27,0.0019500780031201249,0.12966277706604906,0.6741274717070455,0.5704347604072612,0.0,0.8327638129528382,0.8479818874808613,0.9939743495650729,0.75,1.0,2025-08-21 11:14:37,0.06571428571428571,2,0
1,28,0.013943057722308892,0.0,0.7787677036526119,0.7415384384118593,0.7769858659848677,0.7030388774058763,0.833277681858162,0.987949797819234,0.65,1.0,2025-08-21 11:14:56,0.0676,3,0
2,28,0.002047581903276131,0.15816424214466562,0.8255618463026067,0.845106401212672,0.9813873973736148,0.5268070464950882,0.8890200996840082,0.9996580879557747,0.5,1.0,2025-08-21 11:14:46,0.07833333333333332,5,1
3,28,0.3792901716068643,0.15400351310475657,0.7483620869315422,0.7060061307340951,0.9583684476854639,0.5623298384229009,0.9980942763136463,0.9989531690368321,0.6,1.0,2025-08-21 11:14:47,0.10758241758241759,7,1
4,28,0.31318252730109203,0.16094748460928643,0.7384799903305705,0.6942309804174766,0.9846379812739179,0.6635905620749434,0.9980942763136463,0.9979511645884597,0.65,1.0,2025-08-21 11:14:48,0.10865771812080541,7,1
5,28,0.09087363494539781,0.21864001470004618,0.7445070332899794,0.6916910500700638,0.6374033854213119,0.5846091978930524,0.7463595791119653,0.9853179979775332,0.6,1.0,2025-08-21 11:14:54,0.11404761904761905,2,0
6,28,0.4581708268330733,0.09912634969912579,0.748461236316053,0.7024169154501213,0.9269702150240114,0.621591906698671,0.8641846108740268,0.9913717748531162,0.65,1.0,2025-08-21 11:14:55,0.10887096774193546,2,0
7,28,0.39752340093603744,0.14196207029036806,0.7388009429454607,0.6879746337055782,0.9686258457686721,0.6305347657465441,0.9992670293514024,0.9999274865201836,0.65,0.5833333333333333,2025-08-21 11:14:47,0.1108918918918919,7,1
8,28,0.01501560062402496,0.3391388224631433,0.7668822139471962,0.7342222066733572,0.9390334930613006,0.5808656431968707,0.9860939179724403,0.9922920368333319,0.55,1.0,2025-08-21 11:14:53,0.08181818181818182,4,0
9,28,0.16994929797191888,0.10222655113940769,0.7463786565203059,0.6995816703134502,0.961715345167232,0.6569334244565943,0.9151057106557644,0.9944129462490535,0.6,0.8333333333333333,2025-08-21 11:14:47,0.1072121212121212,4,0
10,28,0.10676677067082684,0.20005636729891943,0.7352547677091866,0.7059054608731054,0.9339288724139415,0.6489955605191804,0.8930188617780239,0.991261026993033,0.65,1.0,2025-08-21 11:14:49,0.10990196078431373,4,0
11,28,0.0,1.0,0.9067394842124049,0.9200000046491623,0.9218896727798673,0.5613609592390096,0.6977147604000391,0.986289239131438,0.7,0.9583333333333334,2025-08-21 11:14:52,0.04333333333333334,4,0
12,28,0.12909516380655225,0.13763343865794875,0.7566069408342349,0.7026370377877906,0.9674460041995097,0.5182697970840557,0.9910903345603805,0.9992216886499704,0.5,1.0,2025-08-21 11:14:46,0.10465116279069767,5,1
13,28,1.0,0.1385564745938103,0.7474047027285575,0.7029293771131775,0.7720979509395332,0.5354901486864916,0.9342321725250025,0.9893548014251315,0.65,1.0,2025-08-21 11:14:56,0.11067814854682455,5,1
14,28,0.2528276131045242,0.1027542450015828,0.7348343236071802,0.6874837441555913,0.9780164214706921,0.6448929301684669,0.9644590676613349,0.9983574598132492,0.65,1.0,2025-08-21 11:14:47,0.11288793103448276,6,1
15,28,0.06825273010920437,0.06325087688414269,0.7567172789863097,0.7063360972796918,0.9541547277955982,0.6850080010668089,0.9628017395836727,0.9970814423062978,0.65,1.0,2025-08-21 11:14:47,0.0955263157894737,5,1
16,28,0.045826833073322935,0.19500472654364423,0.752634928348999,0.6959677214860435,0.9930172642158249,0.6852198348668712,0.9980820601361696,0.9989711875378773,0.65,0.9583333333333334,2025-08-21 11:14:46,0.10553191489361702,6,1
17,28,0.9827418096723869,0.09784180920183827,0.7491863529736703,0.7029747529372197,0.9570200573027672,0.543512051606881,0.8208456852461152,0.994785841325564,0.65,1.0,2025-08-21 11:14:47,0.10995647442872686,6,1
18,28,0.31464508580343215,0.09205345298963111,0.791106418939102,0.757024302120543,0.9134140762475254,0.4147143230208473,0.6094203016581425,0.9824066916318126,0.4,1.0,2025-08-21 11:14:55,0.10459807073954984,3,0
19,28,0.08239079563182528,0.12731171244796616,0.7515099339930631,0.6991044802950389,0.9574293901036011,0.7279928990532072,0.9980820601361696,0.9990423825907879,0.7,1.0,2025-08-21 11:14:46,0.09365591397849463,6,1
20,28,0.0019500780031201249,0.12966277706604906,0.6780387911653512,0.638260893282683,0.9038549517297284,0.7896434802418101,0.8538741570837541,0.9883949866377433,0.75,1.0,2025-08-21 11:14:54,0.06571428571428571,2,0
1,29,0.013943057722308892,0.0,0.7847426866449557,0.7538461347726675,0.9715634104765158,0.6968283271102813,0.9936638759487898,0.9987692484834795,0.65,1.0,2025-08-21 11:15:02,0.0676,6,1
2,29,0.002047581903276131,0.15816424214466562,0.8132837033009506,0.8229787442430537,0.8264428980794918,0.48501327954838425,0.9895877447307555,0.993101770691282,0.5,1.0,2025-08-21 11:15:09,0.07833333333333334,4,0
3,29,0.3792901716068643,0.15400351310475657,0.7599555618777458,0.7208784289969182,0.9438010160995305,0.5512971173934302,0.9973775939016842,0.9979665462356935,0.6,1.0,2025-08-21 11:15:03,0.10699453551912566,6,1
4,29,0.31318252730109203,0.16094748460928643,0.7473985851290261,0.7003335328405105,0.9591871132467674,0.6588232597679691,0.8751669544255138,0.9931648354449405,0.65,1.0,2025-08-21 11:15:06,0.10721854304635763,5,1
5,29,0.09087363494539781,0.21864001470004618,0.7683157446058154,0.7155741067462774,0.9164720329445339,0.5837278303773837,0.8373293807212431,0.9957518087718458,0.55,1.0,2025-08-21 11:15:03,0.10764044943820228,3,0
6,29,0.4581708268330733,0.09912634969912579,0.7652348087891694,0.716283568913167,0.9903204834997656,0.6291561097035161,0.9255016776883734,0.9950994071913156,0.65,1.0,2025-08-21 11:15:02,0.110655737704918,5,1
7,29,0.39752340093603744,0.14196207029036806,0.7483057406200685,0.6950719208941936,0.922034143172247,0.6215710705871895,0.9967342085545818,0.9970034353810407,0.65,1.0,2025-08-21 11:15:05,0.10970588235294115,4,0
8,29,0.01501560062402496,0.3391388224631433,0.8088176342825045,0.7977778050270345,0.9955454961452594,0.5758205260701428,0.9056137407564258,0.9976716580844399,0.55,1.0,2025-08-21 11:15:02,0.08181818181818182,5,1
9,29,0.16994929797191888,0.10222655113940769,0.7523653917433285,0.7101639075728713,0.9442825841010393,0.6499693014624173,0.8791697885786884,0.9908301211326693,0.6,1.0,2025-08-21 11:15:04,0.10721212121212123,3,0
10,29,0.10676677067082684,0.20005636729891943,0.7425097577850668,0.7188938565833775,0.9290650357628519,0.6434031481975375,0.9965835423657035,0.9969583891284275,0.65,1.0,2025-08-21 11:15:05,0.10778846153846156,5,1
11,29,0.0,1.0,0.9207079964345866,1.0,0.9240085719129528,0.5379633951193492,0.8159755024921003,0.9889689418173812,0.65,1.0,2025-08-21 11:15:08,0.053497942386831275,3,0
12,29,0.12909516380655225,0.13763343865794875,0.7659788215848129,0.7180444236368603,0.955599431764245,0.5120286871582878,0.9976952145160765,0.998974263867324,0.5,1.0,2025-08-21 11:15:03,0.10074626865671642,5,1
13,29,1.0,0.1385564745938103,0.7630600222794321,0.7207313914905956,0.9359273795488923,0.5289253844957106,0.907600905625957,0.9976439711194192,0.65,1.0,2025-08-21 11:15:04,0.10845991561181434,6,1
14,29,0.2528276131045242,0.1027542450015828,0.7456420291162018,0.7017792983379652,0.9824227685324577,0.6373877628128195,0.981199302863472,0.9980983889262688,0.65,0.7916666666666666,2025-08-21 11:15:02,0.11144680851063832,5,1
15,29,0.06825273010920437,0.06325087688414269,0.7602418816347625,0.722093658033153,0.9733452119915023,0.6779146941814465,0.9980820601361696,0.999038866785706,0.65,0.9583333333333334,2025-08-21 11:15:02,0.09428571428571429,6,1
16,29,0.045826833073322935,0.19500472654364423,0.7567836066443873,0.7148387332481723,0.9928727938144752,0.6779702571453973,0.9978010880542072,0.9990432615420585,0.6,0.9583333333333334,2025-08-21 11:15:02,0.10553191489361702,5,1
17,29,0.9827418096723869,0.09784180920183827,0.7572646029075452,0.7154279990724146,0.9639546362984522,0.5341246888474018,0.9854016679154315,0.9976248539292857,0.65,0.5416666666666666,2025-08-21 11:15:03,0.10924324324324322,3,0
18,29,0.31464508580343215,0.09205345298963111,0.8021335128365827,0.7659760471671463,0.9111988635015802,0.375153492687914,0.7616257288985895,0.986317365572094,0.4,1.0,2025-08-21 11:15:10,0.10165624999999999,3,0
19,29,0.08239079563182528,0.12731171244796616,0.7598021791684416,0.7110447688565326,0.9773422262883136,0.7177213906298618,0.9988272469622439,0.99998242097459,0.7,0.9166666666666666,2025-08-21 11:15:02,0.0926595744680851,5,1
20,29,0.0019500780031201249,0.12966277706604906,0.718024065660558,0.6834782738737438,0.986853194010893,0.7949934991332178,0.9992588852330847,0.9999525366313929,0.75,1.0,2025-08-21 11:15:02,0.06571428571428571,5,1
1,30,0.013943057722308892,0.0,0.7965470779092148,0.7969231030299114,0.9709614504948121,0.6916206883139974,0.9953537804997231,0.9996020548122801,0.65,1.0,2025-08-21 11:15:15,0.07041666666666667,6,1
2,30,0.002047581903276131,0.15816424214466562,0.8496835613786785,0.845106401212672,0.9477980303963417,0.503355308485576,0.8283138417434929,0.9937051707384816,0.44999999999999996,1.0,2025-08-21 11:15:16,0.07833333333333334,3,0
3,30,0.3792901716068643,0.15400351310475657,0.7652694818944082,0.7248620792103738,0.93226746287018,0.5566478308218874,0.9980942763136463,0.9978445917469112,0.55,1.0,2025-08-21 11:15:16,0.10699453551912566,5,1
4,30,0.31318252730109203,0.16094748460928643,0.7563541068851797,0.7125385756977477,0.950518889511131,0.6603158198870961,0.9878408313515978,0.9927552441528865,0.65,1.0,2025-08-21 11:15:22,0.10865771812080538,4,0
5,30,0.09087363494539781,0.21864001470004618,0.7743966184163643,0.7275156350843841,0.6042715080333628,0.5636070920567187,0.8649338697592599,0.990698937655547,0.55,1.0,2025-08-21 11:15:23,0.10764044943820225,4,0
6,30,0.4581708268330733,0.09912634969912579,0.7697302986316776,0.7220063777595853,0.9905853458947651,0.6222156009690182,0.9255994071081864,0.9973240328569564,0.65,0.5416666666666666,2025-08-21 11:15:15,0.11091549295774648,6,1
7,30,0.39752340093603744,0.14196207029036806,0.7565199059066907,0.7031830354082331,0.9312802484998272,0.614336772680802,0.7492425969964491,0.9905365514083216,0.65,1.0,2025-08-21 11:15:17,0.1114945652173913,3,0
8,30,0.01501560062402496,0.3391388224631433,0.8025114355971092,0.8035555359774166,0.9382389058852723,0.5623708161088146,0.9846279766752452,0.9926154909008768,0.5,1.0,2025-08-21 11:15:22,0.0818181818181818,3,0
9,30,0.16994929797191888,0.10222655113940769,0.7577715587213463,0.7201583047511553,0.9585851532695486,0.6423196704004979,0.9996335146757012,0.9988966964177023,0.6,1.0,2025-08-21 11:15:16,0.10852760736196322,6,1
10,30,0.10676677067082684,0.20005636729891943,0.7501358084456833,0.7198215814230168,0.8834364691425347,0.6431211661554874,0.8777201355181288,0.9928422603286663,0.65,1.0,2025-08-21 11:15:20,0.10778846153846156,3,0
11,30,0.0,1.0,0.9430215181281051,0.959999971330166,0.9311357780984775,0.5104444481486421,0.8653410756751474,0.9945770903988197,0.65,1.0,2025-08-21 11:15:20,0.04333333333333334,3,0
12,30,0.12909516380655225,0.13763343865794875,0.7761044751171293,0.7334518714747605,0.9699020009237844,0.5034254567275638,0.9980779880770108,0.9987369470242885,0.5,0.875,2025-08-21 11:15:15,0.09782608695652174,6,1
13,30,1.0,0.1385564745938103,0.7688158181201437,0.7269013877613864,0.955166020569166,0.5307589623060853,0.9973735218425254,0.9978344838073004,0.65,1.0,2025-08-21 11:15:16,0.1091507430997877,8,1
14,30,0.2528276131045242,0.1027542450015828,0.7495919256741843,0.7021763987871653,0.9828080229300767,0.6289588611814909,0.9909478124898199,0.9993159561737317,0.6,0.75,2025-08-21 11:15:15,0.11588495575221237,6,1
15,30,0.06825273010920437,0.06325087688414269,0.7677417165576781,0.7149311585946846,0.971515253670086,0.6695608025514515,0.9950565201811252,0.9995811797196058,0.65,0.9583333333333334,2025-08-21 11:15:15,0.0968,5,1
16,30,0.045826833073322935,0.19500472654364423,0.7597351069341054,0.7085484166570729,0.9931617346171745,0.6697323532026492,0.990841938951689,0.9997323593381321,0.6,0.9583333333333334,2025-08-21 11:15:15,0.10782608695652175,6,1
17,30,0.9827418096723869,0.09784180920183827,0.7634444651131436,0.7202652354840416,0.9423563121757332,0.5199658565586522,0.7796160862625012,0.9926724029956417,0.65,1.0,2025-08-21 11:15:16,0.10971769815418023,2,0
18,30,0.31464508580343215,0.09205345298963111,0.827479029550496,0.8030617949412194,0.9120175290763385,0.3423880128461574,0.800122976186598,0.9899964358525981,0.35,1.0,2025-08-21 11:15:24,0.1010248447204969,3,0
19,30,0.08239079563182528,0.12731171244796616,0.7672258258287719,0.7146268554249806,0.9583202908700643,0.7086305951904699,0.9980820601361696,0.9988433001280193,0.65,1.0,2025-08-21 11:15:15,0.09467391304347826,4,0
20,30,0.0019500780031201249,0.12966277706604906,0.7212511597844301,0.638260893282683,0.9728395656316281,0.7937162454994,0.997418314493273,0.9977905362437753,0.75,1.0,2025-08-21 11:15:16,0.0657142857142857,5,1
1,31,0.013943057722308892,0.0,0.7902473791733217,0.7415384384118593,0.9736582312063864,0.6851344068097969,0.9946981789751441,0.9995486585225972,0.65,1.0,2025-08-21 11:15:31,0.07041666666666667,6,1
2,31,0.002047581903276131,0.15816424214466562,0.8303264904008147,0.8008510872734355,0.8202065926738851,0.4627665633195538,0.84230136495423,0.9882950059307237,0.44999999999999996,1.0,2025-08-21 11:15:39,0.07833333333333332,3,0
3,31,0.3792901716068643,0.15400351310475657,0.7642145582015264,0.7198161264059187,0.8604415978217193,0.5483606147486331,0.9959564452552366,0.9936757258709199,0.55,1.0,2025-08-21 11:15:37,0.10787878787878787,5,1
4,31,0.31318252730109203,0.16094748460928643,0.7526848149583358,0.7077208037789476,0.9389612578606257,0.6514313019513713,0.8624214092582337,0.990352630854969,0.6,1.0,2025-08-21 11:15:40,0.10721854304635763,4,0
5,31,0.09087363494539781,0.21864001470004618,0.7894434782980546,0.7437996049877995,0.9173629337199669,0.5619193670267146,0.8293847933022771,0.994701901479231,0.55,1.0,2025-08-21 11:15:32,0.10191489361702127,3,0
6,31,0.4581708268330733,0.09912634969912579,0.7637826637240812,0.7226666827837627,0.9500373215275619,0.6098486742676802,0.7632260481480275,0.9855968452680999,0.65,1.0,2025-08-21 11:15:39,0.10617977528089886,6,1
7,31,0.39752340093603744,0.14196207029036806,0.7526659188203095,0.6970996995227035,0.8061207290939454,0.5841633051073476,0.8427533635208653,0.9891139687770141,0.6,1.0,2025-08-21 11:15:40,0.11271978021978026,3,0
8,31,0.01501560062402496,0.3391388224631433,0.8278804970197455,0.8035555359774166,0.9797019094266384,0.5612276081255279,0.9970477571098153,0.9966303205667126,0.5,1.0,2025-08-21 11:15:34,0.08181818181818182,6,1
9,31,0.16994929797191888,0.10222655113940769,0.7512294299803379,0.7054606910131286,0.9691796489439459,0.6467577621460641,0.9987213734241132,0.9998094873121187,0.6,1.0,2025-08-21 11:15:32,0.10656626506024094,6,1
10,31,0.10676677067082684,0.20005636729891943,0.7456941293306323,0.7161106200756291,0.9195299896505124,0.6369363137307196,0.997251360067759,0.9957162112453904,0.65,1.0,2025-08-21 11:15:35,0.10990196078431373,5,1
11,31,0.0,1.0,0.9469468235458659,1.0,0.9281259781899589,0.48215387051606884,0.7738256181385803,0.988058348301141,0.65,1.0,2025-08-21 11:15:37,0.053497942386831275,4,0
12,31,0.12909516380655225,0.13763343865794875,0.7710688253844158,0.7334518714747605,0.9605355036160094,0.4935456672000712,0.9982490145616836,0.998785948557619,0.5,1.0,2025-08-21 11:15:32,0.09507042253521127,6,1
13,31,1.0,0.1385564745938103,0.7647740971981419,0.7229566045447537,0.943921408115605,0.5228287382762147,0.821635664722937,0.9934533511994829,0.65,1.0,2025-08-21 11:15:33,0.10834562697576394,6,1
14,31,0.2528276131045242,0.1027542450015828,0.746022346594966,0.6978082938459639,0.9795574390252888,0.6199048762057163,0.9705753005179659,0.9971594492315549,0.6,1.0,2025-08-21 11:15:32,0.11537444933920703,5,1
15,31,0.06825273010920437,0.06325087688414269,0.7660154064399054,0.7249586578085403,0.9426693313547377,0.6612249688847402,0.9974305306707496,0.9977182425017765,0.65,1.0,2025-08-21 11:15:33,0.0968,6,1
16,31,0.045826833073322935,0.19500472654364423,0.7507287527555295,0.7064515824712091,0.9824950037241625,0.6616027970396055,0.9980820601361696,0.9977463689424326,0.6,1.0,2025-08-21 11:15:33,0.10333333333333332,6,1
17,31,0.9827418096723869,0.09784180920183827,0.7590281015908903,0.7163542981689487,0.8400471936803475,0.4865822387429435,0.9960541746750496,0.9908545120304257,0.6,1.0,2025-08-21 11:15:40,0.11153421633554084,3,0
18,31,0.31464508580343215,0.09205345298963111,0.8310606627156332,0.8097756192233795,0.984132334882649,0.3394779026092367,0.9840090236830961,0.9985389632506079,0.35,1.0,2025-08-21 11:15:32,0.09739520958083832,5,1
19,31,0.08239079563182528,0.12731171244796616,0.7576912451038137,0.7122387977126818,0.9530230430328656,0.7112392763479576,0.995260123139069,0.9986622361662958,0.65,1.0,2025-08-21 11:15:32,0.09265957446808509,5,1
20,31,0.0019500780031201249,0.12966277706604906,0.7078557901683484,0.6608695835782135,0.9853362548527839,0.7899768580255145,0.9970192526957031,0.9997560910224357,0.75,1.0,2025-08-21 11:15:32,0.06571428571428571,5,1
1,32,0.013943057722308892,0.0,0.7856786994969457,0.7415384384118593,0.9632322843275837,0.6790245643863626,0.9875842916245887,0.9907641997873817,0.65,1.0,2025-08-21 11:15:50,0.07041666666666666,7,1
2,32,0.002047581903276131,0.15816424214466562,0.8504080139547677,0.8672340581822903,0.954226962996273,0.45879520047117395,0.990483597745708,0.990930101839689,0.44999999999999996,1.0,2025-08-21 11:15:50,0.07833333333333334,5,1
3,32,0.3792901716068643,0.15400351310475657,0.772104450465618,0.7256588216508312,0.9488815583436746,0.5425647030715208,0.9755513568101117,0.9891196819602723,0.55,1.0,2025-08-21 11:15:50,0.10817679558011051,3,0
4,32,0.31318252730109203,0.16094748460928643,0.762341405571317,0.7202470727566586,0.9486889311672898,0.6406534760190248,0.8118138580317295,0.9799581531300114,0.6,1.0,2025-08-21 11:15:56,0.10547231270358307,4,0
5,32,0.09087363494539781,0.21864001470004618,0.7902627134195155,0.7405427738138181,0.6135657701584027,0.5222272691914478,0.7379100563572988,0.9758141176274117,0.5,0.9583333333333334,2025-08-21 11:15:58,0.10644444444444445,4,0
6,32,0.4581708268330733,0.09912634969912579,0.7709411003705147,0.7334518714747605,0.9240085719174378,0.5636355680757434,0.9862527282796364,0.9823491203235947,0.6,1.0,2025-08-21 11:15:58,0.10690045248868779,4,0
7,32,0.39752340093603744,0.14196207029036806,0.7749894419841146,0.7247282453249816,0.9693722761337856,0.5794057263190648,0.8278577711176988,0.9867555227804393,0.6,1.0,2025-08-21 11:15:49,0.11029569892473115,6,1
8,32,0.01501560062402496,0.3391388224631433,0.8212897695850911,0.8093333289166291,0.852495726092831,0.5562901442414544,0.6628864384141773,0.9518194071561575,0.5,1.0,2025-08-21 11:16:21,0.0818181818181818,3,0
9,32,0.16994929797191888,0.10222655113940769,0.7582517902845627,0.7125155158527426,0.9487370879692347,0.6399249066542206,0.9851288399517868,0.9895497088693654,0.6,1.0,2025-08-21 11:15:51,0.10345029239766083,4,0
10,32,0.10676677067082684,0.20005636729891943,0.7538348029281468,0.720749306262656,0.9548289229690068,0.6305403220429391,0.8638710623187934,0.9874266020754676,0.6,1.0,2025-08-21 11:15:50,0.1121,4,0
11,32,0.0,1.0,0.9504274710404484,1.0,0.9157256025704504,0.4591341345512735,0.7288741570837541,0.9783977948870526,0.6,1.0,2025-08-21 11:15:55,0.053497942386831275,3,0
12,32,0.12909516380655225,0.13763343865794875,0.7792338083905946,0.7403851982062835,0.9535768462260793,0.4864863926301285,0.9864237547643092,0.9907187140591333,0.5,1.0,2025-08-21 11:15:50,0.09374999999999999,5,1
13,32,1.0,0.1385564745938103,0.7724203520361582,0.7301381345542344,0.7791047651089833,0.4796313119527048,0.971845782975535,0.9807670080366909,0.6,1.0,2025-08-21 11:15:58,0.10766492146596858,5,1
14,32,0.2528276131045242,0.1027542450015828,0.7539577988766206,0.7049561019315661,0.9754159543540376,0.626622438547362,0.9817123823174904,0.9904484365434538,0.6,0.75,2025-08-21 11:15:50,0.11386956521739132,6,1
15,32,0.06825273010920437,0.06325087688414269,0.7711392582737577,0.722093658033153,0.9735378392172216,0.6658651709116771,0.8837712154282178,0.9905220487123584,0.65,0.9583333333333334,2025-08-21 11:15:49,0.09428571428571429,4,0
16,32,0.045826833073322935,0.19500472654364423,0.7637255728363488,0.7253225942333379,0.9926801666425754,0.6536350680090679,0.9845750399061798,0.9906044503939679,0.6,0.9583333333333334,2025-08-21 11:15:49,0.10122448979591839,5,1
17,32,0.9827418096723869,0.09784180920183827,0.7767464608416403,0.7342622514579628,0.980424261388537,0.4865627917055608,0.9878286151741212,0.9906398281826057,0.6,1.0,2025-08-21 11:15:50,0.11104395604395602,7,1
18,32,0.31464508580343215,0.09205345298963111,0.8260854444019751,0.796028294259352,0.9859863716341899,0.3303120971685114,0.9689098283219859,0.9902935213820279,0.35,0.7083333333333333,2025-08-21 11:15:49,0.09917682926829269,5,1
19,32,0.08239079563182528,0.12731171244796616,0.7681022927037437,0.7241790862741755,0.9847342948733226,0.7060031615326489,0.988716324070756,0.9918971679750589,0.65,0.9166666666666666,2025-08-21 11:15:49,0.09265957446808512,5,1
20,32,0.0019500780031201249,0.12966277706604906,0.703876331920525,0.6156522029871526,0.9704076473083258,0.7841691392185626,0.9879548490080464,0.990803313118919,0.7,1.0,2025-08-21 11:15:50,0.06571428571428573,5,1
1,33,0.013943057722308892,0.0,0.7860698837643512,0.772307710308295,0.8855072114871302,0.6730529348357559,0.8670065478711275,0.9882156805785609,0.65,1.0,2025-08-21 11:16:34,0.07041666666666668,4,0
2,33,0.002047581903276131,0.15816424214466562,0.8454496592871864,0.8672340581822903,0.9670848282095904,0.46206716451082375,0.8646976903280451,0.9983833888757291,0.44999999999999996,1.0,2025-08-21 11:16:29,0.07833333333333334,5,1
3,33,0.3792901716068643,0.15400351310475657,0.7782674691488223,0.7386721368710282,0.9236714743127936,0.5356394741521091,0.9936557318304721,0.9976501237783126,0.55,1.0,2025-08-21 11:16:31,0.11062146892655367,5,1
4,33,0.31318252730109203,0.16094748460928643,0.7696947602080839,0.7231377359079387,0.9100190219413877,0.5931353347112949,0.6310877284425188,0.9830977670682448,0.6,1.0,2025-08-21 11:16:40,0.1116551724137931,4,0
5,33,0.09087363494539781,0.21864001470004618,0.8094910733230275,0.7568267437172335,0.5910043100326663,0.4879907598790949,0.8135770596475226,0.9858280094522419,0.44999999999999996,1.0,2025-08-21 11:16:38,0.10301075268817202,4,0
6,33,0.4581708268330733,0.09912634969912579,0.789628113086544,0.7497396846856769,0.9840600996909441,0.5640779881762014,0.9967993615011239,0.9977868007008758,0.6,1.0,2025-08-21 11:16:30,0.10339168490153172,8,1
7,33,0.39752340093603744,0.14196207029036806,0.7781819837448438,0.7338532491532762,0.7546411114611556,0.5336614326354625,0.979924748346744,0.9875459197104383,0.6,1.0,2025-08-21 11:16:40,0.11059299191374665,4,0
8,33,0.01501560062402496,0.3391388224631433,0.8202993422951639,0.8208889147950543,0.929450290151501,0.5082879106103037,0.6312139622764439,0.9824411904691798,0.5,1.0,2025-08-21 11:16:37,0.08571428571428572,3,0
9,33,0.16994929797191888,0.10222655113940769,0.7710674368503116,0.7230978151009945,0.9622209915540159,0.632549617726808,1.0,0.9988942793017084,0.55,0.8333333333333333,2025-08-21 11:16:30,0.10919753086419755,6,1
10,33,0.10676677067082684,0.20005636729891943,0.7639369922464708,0.739304174988425,0.830560304356498,0.5813664044094768,0.9917133596116885,0.99190354037177,0.6,1.0,2025-08-21 11:16:36,0.11209999999999999,4,0
11,33,0.0,1.0,0.9360385197471811,0.959999971330166,0.9028436589584031,0.45259437369427025,0.8328908362380689,0.9877907076392731,0.6,1.0,2025-08-21 11:16:37,0.04333333333333334,3,0
12,33,0.12909516380655225,0.13763343865794875,0.7848941173570411,0.7457777925517824,0.9480147359804264,0.4774838033960085,0.8243639443593836,0.9936100242634498,0.44999999999999996,0.875,2025-08-21 11:16:30,0.0944055944055944,4,0
13,33,1.0,0.1385564745938103,0.7895906629130968,0.7505699010946898,0.9444992896940938,0.48295189358581136,0.9970111085773854,0.9977859217496052,0.6,0.875,2025-08-21 11:16:30,0.10938297872340424,7,1
14,33,0.2528276131045242,0.1027542450015828,0.7618567266742307,0.7208399959219098,0.9612096987804482,0.6071323398675379,0.975278528846467,0.9971855980318524,0.6,1.0,2025-08-21 11:16:30,0.11288793103448276,6,1
15,33,0.06825273010920437,0.06325087688414269,0.7758859319233423,0.7392837186743076,0.804435241146969,0.6275857614348579,0.8980600710167117,0.9916464471251482,0.6,1.0,2025-08-21 11:16:36,0.09552631578947368,1,0
16,33,0.045826833073322935,0.19500472654364423,0.7718549972952513,0.7441935440066361,0.9854084900377613,0.6537191069920434,0.9978010880542072,0.9978804090111842,0.6,1.0,2025-08-21 11:16:30,0.10122448979591837,6,1
17,33,0.9827418096723869,0.09784180920183827,0.7808398392570537,0.7361147876622003,0.975102935184003,0.4770712483886741,0.9973368733100955,0.9978298693131303,0.6,0.04166666666666663,2025-08-21 11:16:30,0.11128854625550659,6,1
18,33,0.31464508580343215,0.09205345298963111,0.824971658937286,0.7966677090475972,0.9769088151111743,0.3218651375738988,0.9724403036127309,0.9975595917974509,0.35,0.7083333333333333,2025-08-21 11:16:30,0.09798192771084338,5,1
19,33,0.08239079563182528,0.12731171244796616,0.7756322729032978,0.7349253459795198,0.9706484313068378,0.699698848735387,0.9399534156432224,0.9966017546504213,0.65,1.0,2025-08-21 11:16:30,0.08979381443298969,3,0
20,33,0.0019500780031201249,0.12966277706604906,0.7136506259534381,0.6834782738737438,0.9854566468486761,0.7777835655865227,0.9980902042544874,0.9988676910257757,0.7,1.0,2025-08-21 11:16:28,0.07666666666666667,5,1
1,34,0.013943057722308892,0.0,0.8001843329332494,0.7846154066691032,0.9461125424493654,0.6673507856603103,0.8617820959702902,0.9974771901158414,0.65,1.0,2025-08-21 11:16:49,0.0676,5,1
2,34,0.002047581903276131,0.15816424214466562,0.8481832200935977,0.8672340581822903,0.8214105126372926,0.4163839900875672,0.9936516597713132,0.9917655450223012,0.4,1.0,2025-08-21 11:16:55,0.07833333333333334,4,0
3,34,0.3792901716068643,0.15400351310475657,0.7833184128803643,0.7410623022035693,0.945871758435156,0.5264625561185936,0.997385738020002,0.9987921012165125,0.55,1.0,2025-08-21 11:16:48,0.10817679558011047,5,1
4,34,0.31318252730109203,0.16094748460928643,0.781310109597349,0.7420877214403268,0.8938383376360624,0.5625986242610126,0.8171319672932208,0.9859451297090364,0.55,1.0,2025-08-21 11:16:57,0.10686468646864687,4,0
5,34,0.09087363494539781,0.21864001470004618,0.815706695312729,0.7676826616640131,0.048879150522862735,0.48935066342178957,0.5574404664950973,0.9629447328625378,0.44999999999999996,1.0,2025-08-21 11:17:12,0.10301075268817202,4,0
6,34,0.4581708268330733,0.09912634969912579,0.7911201634143651,0.7479788299619836,0.9906094242979799,0.571650525625639,0.8400210118252598,0.9991810371537097,0.6,0.875,2025-08-21 11:16:47,0.10690045248868779,7,1
7,34,0.39752340093603744,0.14196207029036806,0.7897910344214334,0.7439922042846564,0.9537935518101639,0.5515402053607148,0.9272730234224843,0.9940431275019898,0.55,1.0,2025-08-21 11:16:48,0.11029569892473116,4,0
8,34,0.01501560062402496,0.3391388224631433,0.833769129289756,0.8208889147950543,0.9323637764606149,0.48730525181135265,0.9827711176987979,0.99073936941399,0.44999999999999996,1.0,2025-08-21 11:16:56,0.08571428571428572,4,0
9,34,0.16994929797191888,0.10222655113940769,0.7771023280459615,0.7313284440805442,0.9703113337066785,0.6256507812152732,0.9172231814183797,0.9954307718202949,0.55,0.8333333333333333,2025-08-21 11:16:47,0.1072121212121212,4,0
10,34,0.10676677067082684,0.20005636729891943,0.7797333788128562,0.7476538845116703,0.9612819339811229,0.5800058063297329,0.9847908590416001,0.997513227117932,0.6,1.0,2025-08-21 11:16:48,0.10990196078431373,7,1
11,34,0.0,1.0,0.9534045082834738,1.0,0.9348920083810794,0.42106447526336843,0.8649053653451477,0.9946403748902959,0.6,1.0,2025-08-21 11:16:52,0.053497942386831275,3,0
12,34,0.12909516380655225,0.13763343865794875,0.78827996721349,0.7511703868972814,0.7578435385684837,0.44716726119038086,0.9929146170635567,0.9889390574741841,0.44999999999999996,1.0,2025-08-21 11:16:57,0.09574468085106382,3,0
13,34,1.0,0.1385564745938103,0.7924043159765313,0.7530986114637533,0.9106691387295213,0.47752686469307026,0.9978133042316839,0.9970328802486026,0.6,1.0,2025-08-21 11:16:50,0.1091507430997877,7,1
14,34,0.2528276131045242,0.1027542450015828,0.7661958555023997,0.7176632543171395,0.9789314006403701,0.5987562230519625,0.994474215721406,0.9986059832849837,0.6,1.0,2025-08-21 11:16:48,0.11288793103448276,6,1
15,34,0.06825273010920437,0.06325087688414269,0.7919810746826338,0.7464462801016066,0.9688425513527567,0.6231851746899587,0.9556023389907808,0.9968072095099012,0.6,1.0,2025-08-21 11:16:47,0.0955263157894737,5,1
16,34,0.045826833073322935,0.19500472654364423,0.7782399600746136,0.7441935440066361,0.974717680786384,0.6484753522691915,0.669039319803238,0.9888832440685073,0.6,1.0,2025-08-21 11:16:50,0.0992,3,0
17,34,0.9827418096723869,0.09784180920183827,0.7844852041252041,0.7407461591672095,0.9807132022091761,0.46529051095701646,0.8542528585855296,0.9959809953156292,0.6,1.0,2025-08-21 11:16:48,0.10995647442872687,3,0
18,34,0.31464508580343215,0.09205345298963111,0.824553428440373,0.7934706351063708,0.9863475476196242,0.31368488020624974,0.9902352021370167,0.9988085815528345,0.35,0.7083333333333333,2025-08-21 11:16:47,0.10133956386292832,6,1
19,34,0.08239079563182528,0.12731171244796616,0.7806050160039875,0.736119374835669,0.9634489899116683,0.693361892696804,0.836547545362739,0.9981273943181953,0.65,0.9166666666666666,2025-08-21 11:16:47,0.0916842105263158,4,0
20,34,0.0019500780031201249,0.12966277706604906,0.7128996302399082,0.638260893282683,0.9810021429872081,0.7718723607592124,0.9885493696452422,0.9987980341375884,0.7,1.0,2025-08-21 11:16:48,0.07666666666666666,5,1
1,35,0.013943057722308892,0.0,0.7995899397182509,0.7969231030299114,0.68950904146593,0.6453714661954928,0.8531656187901098,0.979984741405944,0.6,1.0,2025-08-21 11:17:32,0.0676,5,1
2,35,0.002047581903276131,0.15816424214466562,0.8591034471742639,0.8672340581822903,0.86694276565372,0.41213272880828566,0.9900397432973906,0.9941103672741831,0.4,1.0,2025-08-21 11:17:25,0.07833333333333332,5,1
3,35,0.3792901716068643,0.15400351310475657,0.7831568599558965,0.7381409545811131,0.7958874094139522,0.5186476252389207,0.8683503273935564,0.98572824848304,0.55,1.0,2025-08-21 11:17:27,0.10670299727520437,4,0
4,35,0.31318252730109203,0.16094748460928643,0.7930936929737281,0.7514021011462839,0.929474368554716,0.5573458405565186,0.8122088477701404,0.9860648868196423,0.55,1.0,2025-08-21 11:17:28,0.1061639344262295,7,1
5,35,0.09087363494539781,0.21864001470004618,0.8093400652082783,0.7557411333259063,0.4046615781040005,0.44695751100146697,0.5356101573443659,0.9791794023043465,0.44999999999999996,1.0,2025-08-21 11:17:33,0.10644444444444444,4,0
6,35,0.4581708268330733,0.09912634969912579,0.7897128539142638,0.746658219913629,0.8928752016644395,0.5326675501177935,0.7111240512102159,0.9749369242594506,0.55,0.9583333333333334,2025-08-21 11:17:33,0.10407488986784141,4,0
7,35,0.39752340093603744,0.14196207029036806,0.7857422299631321,0.7371484514134354,0.8602730490530343,0.5506595323820955,0.8218637000358341,0.9890030011791131,0.55,1.0,2025-08-21 11:17:25,0.11029569892473118,5,1
8,35,0.01501560062402496,0.3391388224631433,0.8516043266420831,0.8382222316238616,0.995786280132559,0.48187466662221634,0.9987050851874776,0.999894965323175,0.44999999999999996,1.0,2025-08-21 11:17:18,0.08181818181818182,6,1
9,35,0.16994929797191888,0.10222655113940769,0.7727096702218925,0.7254494233808658,0.8785244756939853,0.6176247110725875,0.7557375313548556,0.9914064934283011,0.55,1.0,2025-08-21 11:17:26,0.10529761904761908,5,1
10,35,0.10676677067082684,0.20005636729891943,0.7747488432341223,0.7457983728435611,0.8622956345912,0.5724159054540605,0.7064696875916213,0.9899751212842884,0.6,1.0,2025-08-21 11:17:25,0.10990196078431373,5,1
11,35,0.0,1.0,0.9670494669047801,1.0,0.9218896727798673,0.3935101069031426,0.8609473238427208,0.9936746271818317,0.6,0.9583333333333334,2025-08-21 11:17:24,0.053497942386831275,7,1
12,35,0.12909516380655225,0.13763343865794875,0.8054076963779007,0.7727407642792773,0.8388673521111851,0.4489890318709161,0.9917825846173893,0.9928965355696198,0.44999999999999996,1.0,2025-08-21 11:17:25,0.09712230215827336,5,1
13,35,1.0,0.1385564745938103,0.7896665493204421,0.7508733984095952,0.8443090703497333,0.470582188736276,0.879414112128221,0.987057882017492,0.6,1.0,2025-08-21 11:17:25,0.10996791443850266,8,1
14,35,0.2528276131045242,0.1027542450015828,0.765297051339665,0.72163419682031,0.8974019407288247,0.5922546617326754,0.6832141577352836,0.9858049369813913,0.6,1.0,2025-08-21 11:17:26,0.1133766233766234,5,1
15,35,0.06825273010920437,0.06325087688414269,0.7856718373211555,0.749311279876994,0.837133707348809,0.6170336600435613,0.7118570218588136,0.9826694980616927,0.6,1.0,2025-08-21 11:17:25,0.09428571428571429,3,0
16,35,0.045826833073322935,0.19500472654364423,0.770158409856781,0.7337096830214704,0.8965351183476367,0.6044444814864205,0.8235251001726553,0.9816681528267732,0.55,1.0,2025-08-21 11:17:33,0.10122448979591839,4,0
17,35,0.9827418096723869,0.09784180920183827,0.7816113410032235,0.7404373928016982,0.8707712311414817,0.45790272036271507,0.7413061536958009,0.9869849290620404,0.6,1.0,2025-08-21 11:17:26,0.11067907995618839,4,0
18,35,0.31464508580343215,0.09205345298963111,0.8227028747058012,0.7944297262943234,0.9301244853338796,0.3304030815219807,0.8133123758021956,0.9925236404931093,0.30000000000000004,1.0,2025-08-21 11:17:25,0.0985757575757576,5,1
19,35,0.08239079563182528,0.12731171244796616,0.7804572276784654,0.732537288267221,0.7329705521287919,0.644970718317998,0.8348657849301235,0.9834117724096317,0.6,1.0,2025-08-21 11:17:33,0.09168421052631577,3,0
20,35,0.0019500780031201249,0.12966277706604906,0.687036995252446,0.5930434507027916,0.9135585466354201,0.7655499899986666,0.8528235658207642,0.9900502716179164,0.7,1.0,2025-08-21 11:17:25,0.07666666666666667,5,1
1,36,0.013943057722308892,0.0,0.8213170371751078,0.8400000092983246,0.9765957959142301,0.6458152753700495,0.9988435351988794,0.9999439668565054,0.6,1.0,2025-08-21 11:17:43,0.06760000000000001,7,1
2,36,0.002047581903276131,0.15816424214466562,0.854756983263762,0.8672340581822903,0.9686017673609723,0.4133127472551896,0.8808759813662573,0.9927853482339012,0.4,1.0,2025-08-21 11:17:44,0.07833333333333332,4,0
3,36,0.3792901716068643,0.15400351310475657,0.7828194260449002,0.7362819095496563,0.9444511329056038,0.508955360714762,0.8652759227286054,0.9976488053514069,0.55,1.0,2025-08-21 11:17:45,0.1081767955801105,4,0
4,36,0.31318252730109203,0.16094748460928643,0.7909473814749679,0.751723265277927,0.9532397486304051,0.5719012535004668,0.9969215232758901,0.9929787175134117,0.55,1.0,2025-08-21 11:17:50,0.10651315789473685,6,1
5,36,0.09087363494539781,0.21864001470004618,0.8208758858036349,0.780709800393447,0.5781464448328038,0.40832180401831364,0.7440547936280418,0.9836200838607407,0.4,1.0,2025-08-21 11:17:53,0.09979166666666667,3,0
6,36,0.4581708268330733,0.09912634969912579,0.7988749452730162,0.7521608444335474,0.9871662131988674,0.5350706483086634,0.9973124409551422,0.9988832924108271,0.55,1.0,2025-08-21 11:17:44,0.10714285714285714,7,1
7,36,0.39752340093603744,0.14196207029036806,0.785177499056388,0.7401901193562003,0.959355662046847,0.5464089656398631,0.8662735772225298,0.9986213649322174,0.55,1.0,2025-08-21 11:17:44,0.11179836512261582,6,1
8,36,0.01501560062402496,0.3391388224631433,0.8392929191929749,0.8151111218558418,0.9956418097356943,0.48554043316886697,0.9992670293514024,0.9999439668565054,0.44999999999999996,1.0,2025-08-21 11:17:43,0.08181818181818183,6,1
9,36,0.16994929797191888,0.10222655113940769,0.7710209913907112,0.7260373254508337,0.8592858346916513,0.5688619593723608,0.6831408606704239,0.986997454117645,0.55,1.0,2025-08-21 11:17:51,0.10786585365853658,3,0
10,36,0.10676677067082684,0.20005636729891943,0.7720489493488165,0.7439429231642827,0.34665671426738964,0.5411165933235542,0.31632162752060466,0.9436539498531932,0.55,1.0,2025-08-21 11:18:21,0.11099009900990099,3,0
11,36,0.0,1.0,0.9557818145046726,0.959999971330166,0.9630155787345291,0.3938733497799707,0.9961641202723394,0.9958645342722877,0.55,1.0,2025-08-21 11:17:46,0.04333333333333334,5,1
12,36,0.12909516380655225,0.13763343865794875,0.8022174487169957,0.7596444460148282,0.9636416171104778,0.4449864148553141,0.9520962960549891,0.9992118004481773,0.44999999999999996,1.0,2025-08-21 11:17:44,0.09375,6,1
13,36,1.0,0.1385564745938103,0.789078575560215,0.7504687973118853,0.9577424092915755,0.46887084944659285,0.782140762941004,0.9971658216282661,0.6,0.7916666666666666,2025-08-21 11:17:44,0.10732776617954073,4,0
14,36,0.2528276131045242,0.1027542450015828,0.7668405579240711,0.7267965026599117,0.873540247044761,0.5488585978130418,0.9645160764895593,0.9901161929632041,0.55,1.0,2025-08-21 11:17:51,0.11386956521739128,4,0
15,36,0.06825273010920437,0.06325087688414269,0.7840098022458282,0.7392837186743076,0.948255519967726,0.6089360525847891,0.9847664266866469,0.9975936511591829,0.6,1.0,2025-08-21 11:17:44,0.09810810810810812,4,0
16,36,0.045826833073322935,0.19500472654364423,0.7894673852330656,0.7651612659769673,0.9929691074093951,0.6059300962350536,0.9967586409095351,0.998876260800663,0.55,0.9583333333333334,2025-08-21 11:17:43,0.0992,6,1
17,36,0.9827418096723869,0.09784180920183827,0.7829030198227078,0.7400257249772932,0.9470516000222583,0.4611899642174513,0.8428795973547903,0.9951655482744209,0.6,1.0,2025-08-21 11:17:44,0.10983695652173911,3,0
18,36,0.31464508580343215,0.09205345298963111,0.8200814229355398,0.7877159640009939,0.895379355190659,0.2878349057652132,0.774982082939701,0.9839804538816466,0.30000000000000004,1.0,2025-08-21 11:17:51,0.1010248447204969,4,0
19,36,0.08239079563182528,0.12731171244796616,0.7987338782575054,0.7540298696667401,0.9852640196633214,0.6478197092945726,0.9103373293807212,0.9987138745534379,0.6,0.9166666666666666,2025-08-21 11:17:44,0.0926595744680851,6,1
20,36,0.0019500780031201249,0.12966277706604906,0.6888376825013637,0.5930434507027916,0.985047314061297,0.7707305418500245,0.9980861321953285,0.9998989206038923,0.7,1.0,2025-08-21 11:17:44,0.06571428571428571,5,1
1,37,0.013943057722308892,0.0,0.8067663468133079,0.7784615274942838,0.9647492234699956,0.640583327777037,0.9897261947421572,0.997337217126014,0.6,1.0,2025-08-21 11:18:33,0.07347826086956522,7,1
2,37,0.002047581903276131,0.15816424214466562,0.8544852330529978,0.9114893721215268,0.812838602492091,0.38609453482686584,0.842728931165912,0.987584813304158,0.35,1.0,2025-08-21 11:18:40,0.07833333333333334,3,0
3,37,0.3792901716068643,0.15400351310475657,0.7775977529895932,0.7362819095496563,0.9391538850235557,0.5042936280392941,0.9976178453920579,0.9978111915986322,0.5,0.625,2025-08-21 11:18:33,0.10787878787878787,6,1
4,37,0.31318252730109203,0.16094748460928643,0.7793961058913212,0.7318097873506095,0.9308949941111779,0.5550601191269947,0.8643759976544939,0.9879199134760369,0.55,1.0,2025-08-21 11:18:43,0.11127147766323024,4,0
5,37,0.09087363494539781,0.21864001470004618,0.8234983638817125,0.7774530312082961,0.5303749006761862,0.3963347890829888,0.825593706225364,0.9841048254864226,0.35,1.0,2025-08-21 11:18:42,0.10527472527472527,4,0
6,37,0.4581708268330733,0.09912634969912579,0.787105830824476,0.7402751060430335,0.9803038694083421,0.5291872249633285,0.769651757500733,0.9918604717595154,0.55,1.0,2025-08-21 11:18:33,0.10714285714285715,5,1
7,37,0.39752340093603744,0.14196207029036806,0.7787154625724029,0.7353741451134892,0.884182899525588,0.5431717284526826,0.8432379385607714,0.9915064741353207,0.55,1.0,2025-08-21 11:18:37,0.1071279373368146,4,0
8,37,0.01501560062402496,0.3391388224631433,0.8293542347963376,0.8035555359774166,0.9880571139698155,0.4803411288171757,0.9978377365866371,0.9977560374064082,0.44999999999999996,1.0,2025-08-21 11:18:33,0.08571428571428573,6,1
9,37,0.16994929797191888,0.10222655113940769,0.7938588155124917,0.7536687227393221,0.7997640316946889,0.5446351180157354,0.8203936866794801,0.9856153032447804,0.5,1.0,2025-08-21 11:18:43,0.10786585365853656,5,1
10,37,0.10676677067082684,0.20005636729891943,0.7902837024205395,0.7495093961797795,0.839830488087293,0.5032865493176868,0.9904795256865492,0.9909017556612153,0.5,1.0,2025-08-21 11:18:39,0.10883495145631067,5,1
11,37,0.0,1.0,0.9331471490212784,0.959999971330166,0.9324600900510497,0.3601334344579278,0.7921376681760433,0.9882831400885719,0.55,1.0,2025-08-21 11:18:36,0.053497942386831275,3,0
12,37,0.12909516380655225,0.13763343865794875,0.7897912759056255,0.7503999897098541,0.9382389058807873,0.4400357547673023,0.9972717203635535,0.9965202319200822,0.4,1.0,2025-08-21 11:18:33,0.10150375939849625,6,1
13,37,1.0,0.1385564745938103,0.7861294297413692,0.748041252714457,0.9360718499502418,0.45969045872783043,0.8223482750757403,0.993432695844626,0.55,1.0,2025-08-21 11:18:33,0.10845991561181435,5,1
14,37,0.2528276131045242,0.1027542450015828,0.7767775720550468,0.7343413492058833,0.9659531434423728,0.5556553373783172,0.973222138971235,0.9964683737951227,0.55,1.0,2025-08-21 11:18:33,0.11050632911392405,6,1
15,37,0.06825273010920437,0.06325087688414269,0.7833482965491281,0.7421487804385256,0.9515061038904538,0.6109384028981641,0.9969337394533668,0.9977375794297276,0.55,0.9583333333333334,2025-08-21 11:18:33,0.09945205479452054,4,0
16,37,0.045826833073322935,0.19500472654364423,0.7789437456286016,0.7441935440066361,0.9627025595465548,0.5995556351958039,0.853682770303287,0.9929182896135647,0.55,1.0,2025-08-21 11:18:37,0.10333333333333333,3,0
17,37,0.9827418096723869,0.09784180920183827,0.7760177017974599,0.7307629819672748,0.9714189400751662,0.4568623038627373,0.9517135224940548,0.995585027768268,0.55,1.0,2025-08-21 11:18:34,0.1103165938864629,5,1
18,37,0.31464508580343215,0.09205345298963111,0.8277120819194874,0.7985858914235024,0.856251956370948,0.24780873560919237,0.7492914617063557,0.9790264647832791,0.25,1.0,2025-08-21 11:18:46,0.09827794561933535,3,0
19,37,0.08239079563182528,0.12731171244796616,0.7825861120680342,0.7241790862741755,0.8986780958929069,0.6450366993376896,0.9848437958106655,0.9929189488270176,0.6,1.0,2025-08-21 11:18:37,0.09072916666666667,4,0
20,37,0.0019500780031201249,0.12966277706604906,0.7125557165030926,0.7286956544648047,0.9611615419874732,0.7665570687202738,0.9981879336743004,0.9986488321594207,0.7,1.0,2025-08-21 11:18:33,0.07666666666666667,5,1
1,38,0.013943057722308892,0.0,0.8141644967676964,0.8092307993907195,0.8884929330014038,0.6354479208338889,0.8352526305502166,0.9912463045592521,0.6,1.0,2025-08-21 11:19:08,0.07041666666666667,7,1
2,38,0.002047581903276131,0.15816424214466562,0.8653256898555635,0.9114893721215268,0.715272928663115,0.3528019013646264,0.6733231260383751,0.978677960604525,0.35,1.0,2025-08-21 11:19:17,0.07833333333333334,3,0
3,38,0.3792901716068643,0.15400351310475657,0.7873913657578686,0.7445148321159405,0.8411788784072005,0.4935658087745032,0.830960680196762,0.9894306109722124,0.5,1.0,2025-08-21 11:19:09,0.10612466124661245,5,1
4,38,0.31318252730109203,0.16094748460928643,0.7909087842516084,0.754292764297564,0.9594278972430368,0.5470889174112104,0.8547170733296413,0.9920795503636881,0.55,1.0,2025-08-21 11:19:10,0.11089041095890409,8,1
5,38,0.09087363494539781,0.21864001470004618,0.8413909741006946,0.816534447396598,0.44655799283596065,0.36012718362448337,0.7280638173111379,0.9812001112752309,0.35,1.0,2025-08-21 11:19:16,0.10301075268817204,4,0
6,38,0.4581708268330733,0.09912634969912579,0.7967426801047588,0.7499598070233461,0.8976186463218793,0.498126139040761,0.6985128839951786,0.9795694369306318,0.5,1.0,2025-08-21 11:19:16,0.10641891891891893,4,0
7,38,0.39752340093603744,0.14196207029036806,0.7895947077733132,0.7462734552417299,0.6845488911930109,0.4999020702760367,0.569611851320976,0.97163602276308,0.5,1.0,2025-08-21 11:19:18,0.10797368421052629,4,0
8,38,0.01501560062402496,0.3391388224631433,0.8419312144856305,0.8151111218558418,0.9592834268461722,0.4764572776370183,0.8536257614750627,0.9917510423263379,0.44999999999999996,1.0,2025-08-21 11:19:10,0.08181818181818182,6,1
9,38,0.16994929797191888,0.10222655113940769,0.8101108022545065,0.7760090633869307,0.7459728877300043,0.5129176945814998,0.5471259406456657,0.9704305410955864,0.44999999999999996,1.0,2025-08-21 11:19:18,0.1072121212121212,5,1
10,38,0.10676677067082684,0.20005636729891943,0.8085274306547328,0.7745584007718539,0.48332570850837697,0.5056840912121616,0.32606606508779357,0.9530347770254444,0.5,1.0,2025-08-21 11:19:33,0.10778846153846156,5,1
11,38,0.0,1.0,0.9626752926832428,1.0,0.9138956442310944,0.3562863937413878,0.8142326611721015,0.9879190345247665,0.55,0.9583333333333334,2025-08-21 11:19:10,0.053497942386831275,6,1
12,38,0.12909516380655225,0.13763343865794875,0.8019721812726242,0.7650370403603272,0.8792949844712836,0.43336819909321245,0.8660211095546796,0.9942222138233545,0.4,0.9166666666666666,2025-08-21 11:19:08,0.09782608695652174,6,1
13,38,1.0,0.1385564745938103,0.7961435175769678,0.756537627811041,0.6579663384031278,0.41016927256967595,0.7079234127113399,0.9794391324047799,0.55,1.0,2025-08-21 11:19:19,0.10766492146596858,4,0
14,38,0.2528276131045242,0.1027542450015828,0.7844089152442053,0.7442687984470558,0.9262719414473879,0.5536002022491888,0.9667231325536697,0.9919534208563711,0.55,1.0,2025-08-21 11:19:08,0.11288793103448276,7,1
15,38,0.06825273010920437,0.06325087688414269,0.794908668037341,0.7564738413042931,0.8634754761603624,0.6055994965995466,0.8571073720559013,0.9929053250823248,0.55,1.0,2025-08-21 11:19:09,0.10083333333333332,4,0
16,38,0.045826833073322935,0.19500472654364423,0.7916265356413688,0.758870949385868,0.9010618574165069,0.5746245332711029,0.8514838583574942,0.984996521550347,0.5,1.0,2025-08-21 11:19:16,0.10122448979591839,5,1
17,38,0.9827418096723869,0.09784180920183827,0.786222864000002,0.7439366622923861,0.9154366617767211,0.45006000800106694,0.9896284653223442,0.9941918900045222,0.55,0.33333333333333326,2025-08-21 11:19:08,0.10889008620689655,6,1
18,38,0.31464508580343215,0.09205345298963111,0.8430574162625265,0.8155302903287565,0.852038236499022,0.21359514601946927,0.7532535752679415,0.9805455123165244,0.25,1.0,2025-08-21 11:19:16,0.09978527607361963,3,0
19,38,0.08239079563182528,0.12731171244796616,0.7945767681390787,0.7385074325479678,0.8778502805205767,0.6400499233231097,0.9967057041404698,0.9935434437047093,0.6,1.0,2025-08-21 11:19:09,0.09365591397849463,5,1
20,38,0.0019500780031201249,0.12966277706604906,0.7163069520657652,0.6608695835782135,0.8725048758814331,0.7626898864293017,0.7325430823859009,0.9801611908734974,0.7,1.0,2025-08-21 11:19:14,0.07666666666666666,2,0
1,39,0.013943057722308892,0.0,0.8215328837954171,0.8338461301235052,0.7686788182301807,0.6000244477041383,0.9117788383229631,0.9836506274173906,0.55,1.0,2025-08-21 11:20:10,0.0676,5,1
2,39,0.002047581903276131,0.15816424214466562,0.865573362080014,0.8672340581822903,0.7844501697570967,0.31825493399119886,0.7138889793790923,0.98539139040862,0.30000000000000004,1.0,2025-08-21 11:20:10,0.07833333333333332,3,0
3,39,0.3792901716068643,0.15400351310475657,0.7940766543773852,0.7511542078124794,0.92764441020639,0.49396308396675115,0.9889239990878588,0.996672949703332,0.5,1.0,2025-08-21 11:20:03,0.10555256064690026,7,1
4,39,0.31318252730109203,0.16094748460928643,0.7954008128206976,0.7578258177009609,0.9458717584530959,0.5402109170111571,0.9391878685213538,0.9906916863075652,0.5,1.0,2025-08-21 11:20:07,0.10651315789473685,7,1
5,39,0.09087363494539781,0.21864001470004618,0.8468821435143068,0.8154488370052708,0.5680335171419754,0.3175492843490244,0.8198806072254617,0.9842135957061473,0.30000000000000004,1.0,2025-08-21 11:20:10,0.10413043478260871,4,0
6,39,0.4581708268330733,0.09912634969912579,0.8098433585118335,0.7666878029207703,0.9818689653616688,0.49183988420678315,0.893735544189986,0.9929481739567617,0.5,1.0,2025-08-21 11:20:02,0.10690045248868779,7,1
7,39,0.39752340093603744,0.14196207029036806,0.8005068149480224,0.7609749122872574,0.7828850738037701,0.4631909254567276,0.8424398149656318,0.985616182196051,0.5,1.0,2025-08-21 11:20:10,0.10657142857142855,3,0
8,39,0.01501560062402496,0.3391388224631433,0.844477725661632,0.8093333289166291,0.9407671378057368,0.4307407654353914,0.8553848910316969,0.9900874073090951,0.4,1.0,2025-08-21 11:20:08,0.0782608695652174,6,1
9,39,0.16994929797191888,0.10222655113940769,0.815653407801021,0.7789485737367698,0.8123570345130069,0.48537374427701463,0.8522127569469329,0.9810669501577498,0.44999999999999996,1.0,2025-08-21 11:20:11,0.10529761904761903,5,1
10,39,0.10676677067082684,0.20005636729891943,0.8010682656944915,0.7624977918900516,0.800751246056072,0.48417288971862915,0.989827996221129,0.9879005765480859,0.5,1.0,2025-08-21 11:20:10,0.10676190476190475,3,0
11,39,0.0,1.0,0.9563902540501741,1.0,0.9339288724139415,0.3351113481797573,0.851166237743102,0.9885294661821301,0.55,1.0,2025-08-21 11:20:05,0.053497942386831275,5,1
12,39,0.12909516380655225,0.13763343865794875,0.8044217566692086,0.77197036709185,0.779658568302197,0.38729261123705394,0.770861159070919,0.9875237261908582,0.4,1.0,2025-08-21 11:20:10,0.09574468085106384,2,0
13,39,1.0,0.1385564745938103,0.8057966670402126,0.7682707497004728,0.9214562615937583,0.4190475396719563,0.8372886601296543,0.9921799705463429,0.55,1.0,2025-08-21 11:20:03,0.10732776617954069,7,1
14,39,0.2528276131045242,0.1027542450015828,0.7878072216602264,0.7510194440946273,0.9823986901471826,0.5481466973374227,0.9874824901456168,0.9977762532856297,0.55,0.75,2025-08-21 11:20:01,0.11288793103448277,7,1
15,39,0.06825273010920437,0.06325087688414269,0.7973688888620574,0.7536088415289057,0.7893621632101312,0.5590280092901276,0.8470371697560022,0.9874575851077528,0.55,1.0,2025-08-21 11:20:11,0.0968,2,0
16,39,0.045826833073322935,0.19500472654364423,0.8071689613324695,0.7798387333450298,0.9621487563533411,0.5706920644974887,0.8523634231358113,0.9928855486787385,0.5,1.0,2025-08-21 11:20:06,0.10333333333333333,6,1
17,39,0.9827418096723869,0.09784180920183827,0.7933590036060382,0.7497001358117166,0.9746695239799542,0.4392099502155844,0.9980779880770108,0.9970445263529367,0.55,0.0,2025-08-21 11:20:02,0.10807486631016042,6,1
18,39,0.31464508580343215,0.09205345298963111,0.8483647357112735,0.8174485346934922,0.7355710192364766,0.21449387696137256,0.5056968107632668,0.9605544248824073,0.19999999999999996,1.0,2025-08-21 11:20:29,0.09978527607361962,3,0
19,39,0.08239079563182528,0.12731171244796616,0.7956031765736186,0.7492537542421427,0.9454624256702018,0.6337970062675025,0.9950320878261719,0.9968770861359061,0.6,1.0,2025-08-21 11:20:02,0.09467391304347825,5,1
20,39,0.0019500780031201249,0.12966277706604906,0.7296435202810876,0.6834782738737438,0.9874551539881118,0.7564591945592746,0.9978051601133662,0.9994456014861308,0.7,1.0,2025-08-21 11:20:00,0.07666666666666667,5,1
1,40,0.013943057722308892,0.0,0.8363662112803052,0.8215384337626971,0.8748404806120581,0.6031366682224297,0.7926222432159494,0.9859495244653889,0.55,1.0,2025-08-21 11:20:43,0.06760000000000001,4,0
2,40,0.002047581903276131,0.15816424214466562,0.8764934080475362,0.8672340581822903,0.8267077604744912,0.2821980430724097,0.8037186044238851,0.9788359520953979,0.25,1.0,2025-08-21 11:20:45,0.07833333333333334,3,0
3,40,0.3792901716068643,0.15400351310475657,0.7967001788869617,0.7554034801653079,0.8935012400628128,0.48862626127928166,0.8182639997393882,0.9878827777848582,0.5,1.0,2025-08-21 11:20:42,0.10612466124661246,4,0
4,40,0.31318252730109203,0.16094748460928643,0.7980119210180672,0.7575046535693178,0.9478461871938016,0.5351796906254167,0.8665097566537446,0.9886569141163529,0.5,1.0,2025-08-21 11:20:45,0.10686468646864687,5,1
5,40,0.09087363494539781,0.21864001470004618,0.8475539927838989,0.807849688243642,0.5687317907185989,0.2802582010934792,0.825858390070691,0.9811579216142468,0.30000000000000004,1.0,2025-08-21 11:20:48,0.10191489361702127,4,0
6,40,0.4581708268330733,0.09912634969912579,0.8102210397881681,0.7688889023198022,0.9819171221591286,0.484393057963284,0.9877023813401961,0.9946447696466484,0.5,0.8333333333333333,2025-08-21 11:20:40,0.10384615384615385,7,1
7,40,0.39752340093603744,0.14196207029036806,0.8088895764480467,0.7627492185872037,0.8838217235401539,0.4636277892607903,0.8668395934456136,0.9904473378543657,0.5,1.0,2025-08-21 11:20:43,0.10883289124668433,3,0
8,40,0.01501560062402496,0.3391388224631433,0.8588163023462578,0.8266666457454364,0.9322674628656951,0.39381778681602,0.9750138450011402,0.985396664116243,0.35,1.0,2025-08-21 11:20:47,0.0782608695652174,5,1
9,40,0.16994929797191888,0.10222655113940769,0.8178336478287616,0.7860033985763839,0.9550937853684912,0.48589742521225054,0.9876453725119718,0.9957109375377674,0.44999999999999996,0.8333333333333333,2025-08-21 11:20:40,0.10467455621301777,8,1
10,40,0.10676677067082684,0.20005636729891943,0.8115617600223172,0.7791971489477115,0.9447159952871483,0.483915911010357,0.9927843111704727,0.9960073638537442,0.44999999999999996,1.0,2025-08-21 11:20:40,0.10883495145631067,7,1
11,40,0.0,1.0,0.9720387868890685,1.0,0.9341937347954861,0.3087543616926701,0.980612926344594,0.991549762485393,0.5,1.0,2025-08-21 11:20:43,0.053497942386831275,6,1
12,40,0.12909516380655225,0.13763343865794875,0.8169643047374545,0.7765925642499217,0.7553875418442091,0.3549480208472241,0.6361370817995244,0.9719715624105941,0.35,1.0,2025-08-21 11:20:48,0.09374999999999999,3,0
13,40,1.0,0.1385564745938103,0.8067346922604693,0.7671581121789784,0.9306301317206634,0.42040397052940404,0.9956795452324332,0.9946852014050915,0.55,0.8333333333333333,2025-08-21 11:20:40,0.10777777777777779,6,1
14,40,0.2528276131045242,0.1027542450015828,0.78770056614208,0.7458572002438563,0.9708651368909224,0.5417222296306174,0.9813092484607616,0.9956944572014456,0.55,0.75,2025-08-21 11:20:39,0.1114468085106383,7,1
15,40,0.06825273010920437,0.06325087688414269,0.8100093990175367,0.7736639019454478,0.9706484313158076,0.559836450415611,0.8658989477799134,0.999314637746826,0.55,1.0,2025-08-21 11:20:38,0.09428571428571429,4,0
16,40,0.045826833073322935,0.19500472654364423,0.8080931817064153,0.7903225943301955,0.9279815077975793,0.5233940914344135,0.8742548131739258,0.9809118152585061,0.5,1.0,2025-08-21 11:20:46,0.0992,3,0
17,40,0.9827418096723869,0.09784180920183827,0.795000210669803,0.7500089021772279,0.919265127251028,0.42967673467573453,0.9980820601361696,0.9961679921984286,0.55,1.0,2025-08-21 11:20:40,0.10995647442872686,5,1
18,40,0.31464508580343215,0.09205345298963111,0.8466495741136996,0.8174485346934922,0.8054224555173218,0.20642196737342766,0.42089210672052646,0.9562792059026851,0.19999999999999996,1.0,2025-08-21 11:20:53,0.09798192771084338,3,0
19,40,0.08239079563182528,0.12731171244796616,0.7963895698449633,0.7528358408105907,0.9372998483078943,0.6284317075610082,0.9989738410919634,0.9978316272156713,0.6,1.0,2025-08-21 11:20:39,0.09072916666666667,5,1
20,40,0.0019500780031201249,0.12966277706604906,0.7197604778670306,0.7060869641692742,0.9770773639045265,0.7517189791972263,0.9980902042544874,0.9980109332748538,0.7,1.0,2025-08-21 11:20:38,0.07666666666666666,5,1
1,41,0.013943057722308892,0.0,0.8218925946231281,0.8092307993907195,0.9687221593456521,0.5991916977819265,0.9969337394533668,0.9980537821492907,0.55,1.0,2025-08-21 11:20:59,0.06760000000000001,7,1
2,41,0.002047581903276131,0.15816424214466562,0.8701122486441983,0.8672340581822903,0.9802557126108822,0.2853213761834912,0.9987050851874776,0.9994796608478628,0.25,1.0,2025-08-21 11:20:58,0.07833333333333332,6,1
3,41,0.3792901716068643,0.15400351310475657,0.7857368770635422,0.742921347235026,0.9643398906781314,0.4820795550517847,0.994148450988696,0.9978032810371976,0.5,1.0,2025-08-21 11:20:59,0.10758241758241759,6,1
4,41,0.31318252730109203,0.16094748460928643,0.7868755957710584,0.7430512758240868,0.9709614504858421,0.5198130584077878,0.9934847053457992,0.9944676609656422,0.5,0.7083333333333333,2025-08-21 11:21:02,0.10445161290322581,5,1
5,41,0.09087363494539781,0.21864001470004618,0.8451440409184902,0.803507308667164,0.9420914497762489,0.28442750700093344,0.9978377365866371,0.9981462917705111,0.25,0.9166666666666666,2025-08-21 11:20:59,0.10301075268817202,6,1
6,41,0.4581708268330733,0.09912634969912579,0.7995409586746342,0.7583238359664736,0.9900796995079811,0.4796278392674579,0.997613773332899,0.9981895801205833,0.5,0.5416666666666666,2025-08-21 11:20:59,0.10407488986784141,6,1
7,41,0.39752340093603744,0.14196207029036806,0.7967997911161739,0.74830123387024,0.9685536105679973,0.4568470240476509,0.988850702022999,0.9981273943181953,0.5,0.5833333333333333,2025-08-21 11:20:59,0.10769028871391077,5,1
8,41,0.01501560062402496,0.3391388224631433,0.8607191977794522,0.8382222316238616,0.9894777395262775,0.41298423123083083,0.9048481936345572,0.9961387670686843,0.35,1.0,2025-08-21 11:20:59,0.08181818181818182,4,0
9,41,0.16994929797191888,0.10222655113940769,0.8050067521244006,0.7695421406172844,0.9541065709981383,0.47997580232919945,0.9969052350392547,0.995051064871438,0.4,1.0,2025-08-21 11:21:01,0.10405882352941177,6,1
10,41,0.10676677067082684,0.20005636729891943,0.7956706512816082,0.7662087532374393,0.9680479641812133,0.480549489931991,0.9901537609538391,0.997771419053642,0.44999999999999996,1.0,2025-08-21 11:20:59,0.10883495145631067,6,1
11,41,0.0,1.0,0.9647907092981853,1.0,0.9344104404064804,0.2806075532293194,0.9862568003387954,0.9915361387407001,0.5,1.0,2025-08-21 11:21:03,0.053497942386831275,3,0
12,41,0.12909516380655225,0.13763343865794875,0.8138156527286268,0.7735110994778739,0.8051335147325624,0.3383805340712095,0.8282201843828387,0.9837870846021362,0.30000000000000004,1.0,2025-08-21 11:21:06,0.09374999999999999,3,0
13,41,1.0,0.1385564745938103,0.7949771489294641,0.7514802690617446,0.9464496400405547,0.41334886318175756,0.9969174512167313,0.9965327569756869,0.5,1.0,2025-08-21 11:21:00,0.11020364415862809,4,0
14,41,0.2528276131045242,0.1027542450015828,0.7768833421311558,0.7295761438154819,0.9782331270727165,0.5340531515313153,0.8693520539466397,0.9913632050782288,0.5,0.75,2025-08-21 11:20:59,0.11097457627118644,4,0
15,41,0.06825273010920437,0.06325087688414269,0.7914548403808357,0.7564738413042931,0.7655004695260674,0.5302588956305285,0.8587932045476756,0.9863687842214184,0.5,1.0,2025-08-21 11:21:07,0.09189873417721518,1,0
16,41,0.045826833073322935,0.19500472654364423,0.8114201496673744,0.7861290499361292,0.9926801666425754,0.5241559985775882,0.9980820601361696,0.9995354742535396,0.44999999999999996,0.9583333333333334,2025-08-21 11:20:59,0.09920000000000001,7,1
17,41,0.9827418096723869,0.09784180920183827,0.7832137496068021,0.7375556560420329,0.9555271965546003,0.41705352380317373,0.9980779880770108,0.9981623326311978,0.55,0.0,2025-08-21 11:20:59,0.11092206366630077,5,1
18,41,0.31464508580343215,0.09205345298963111,0.8439554758490024,0.8120135399878227,0.8943439840138764,0.17561994377028045,0.9298302765742581,0.9868642930001639,0.15000000000000002,1.0,2025-08-21 11:21:06,0.09798192771084338,3,0
19,41,0.08239079563182528,0.12731171244796616,0.7843952915110383,0.7420895811052465,0.9547566877773019,0.6211369849313242,0.9405316480437828,0.9969739905134789,0.55,1.0,2025-08-21 11:20:59,0.0916842105263158,2,0
20,41,0.0019500780031201249,0.12966277706604906,0.7079013501859113,0.6834782738737438,0.9943415761796095,0.7458543083522248,0.9992588852330847,0.9995326176619105,0.65,1.0,2025-08-21 11:20:58,0.07666666666666667,5,1
1,42,0.013943057722308892,0.0,0.8276643082968309,0.8030769202159002,0.9701909417175137,0.5943486909365693,0.9894207903052415,0.9979392987463078,0.55,1.0,2025-08-21 11:21:15,0.07041666666666667,7,1
2,42,0.002047581903276131,0.15816424214466562,0.858510784595975,0.8672340581822903,0.9656160458511835,0.2936634606836468,0.8289816594455484,0.9941881544616226,0.25,1.0,2025-08-21 11:21:15,0.07833333333333334,4,0
3,42,0.3792901716068643,0.15400351310475657,0.7883398552931133,0.7442492099765676,0.9575738604421614,0.4743632484331245,0.952458709320129,0.9982957134864965,0.5,1.0,2025-08-21 11:21:15,0.10670299727520435,6,1
4,42,0.31318252730109203,0.16094748460928643,0.7875386912386894,0.7485114379950039,0.9742120343906302,0.5111966317731252,0.9970436850506564,0.9948686824828088,0.5,1.0,2025-08-21 11:21:19,0.10411575562700966,7,1
5,42,0.09087363494539781,0.21864001470004618,0.8402335403682961,0.803507308667164,0.9094892971513889,0.2976813575143352,0.9927354464605662,0.9969298232121362,0.25,1.0,2025-08-21 11:21:16,0.10301075268817202,6,1
6,42,0.4581708268330733,0.09912634969912579,0.8012887005144493,0.7614053007385214,0.9885146035546546,0.4714746688447349,0.9140347590969802,0.9967997384241019,0.5,1.0,2025-08-21 11:21:15,0.10641891891891893,5,1
7,42,0.39752340093603744,0.14196207029036806,0.7993983421355579,0.7584401890016201,0.9622209915540159,0.44814933657821043,0.9964532364726195,0.9984003086876863,0.44999999999999996,1.0,2025-08-21 11:21:16,0.10797368421052632,6,1
8,42,0.01501560062402496,0.3391388224631433,0.852754918322374,0.8382222316238616,0.9356384387596478,0.37530351269058093,0.9837932045476757,0.9887632672200837,0.35,1.0,2025-08-21 11:21:23,0.08181818181818182,3,0
9,42,0.16994929797191888,0.10222655113940769,0.8038232582229455,0.7660147281974774,0.9602224844190651,0.47298320331599775,0.9793261556503893,0.9962350122328043,0.4,1.0,2025-08-21 11:21:16,0.10467455621301776,6,1
10,42,0.10676677067082684,0.20005636729891943,0.7959401275162307,0.7606422802219425,0.9620042859519914,0.4739298573143086,0.997023324754862,0.9982416579833606,0.44999999999999996,1.0,2025-08-21 11:21:16,0.11323232323232325,6,1
11,42,0.0,1.0,0.98149083536048,1.0,0.9768606583137145,0.28202163066186614,0.9981309248460761,0.9983073595908306,0.5,1.0,2025-08-21 11:21:16,0.053497942386831275,7,1
12,42,0.12909516380655225,0.13763343865794875,0.8303657718293849,0.7927703472864186,0.8006308540669071,0.2970528014846424,0.9895144476658957,0.989856902338406,0.30000000000000004,1.0,2025-08-21 11:21:23,0.0944055944055944,4,0
13,42,1.0,0.1385564745938103,0.7964604454553241,0.7573468300064606,0.9535768462171094,0.4043969751522426,0.9980739160178519,0.9983950349800632,0.5,1.0,2025-08-21 11:21:16,0.10903499469777307,6,1
14,42,0.2528276131045242,0.1027542450015828,0.7757114193472355,0.733150047858283,0.872504875885918,0.4947444381473085,0.6685221682900608,0.9793332187766844,0.5,1.0,2025-08-21 11:21:23,0.11192307692307692,4,0
15,42,0.06825273010920437,0.06325087688414269,0.817104285074101,0.7765289017208351,0.7851002865317754,0.49667664021869584,0.7119343909828322,0.979413862555753,0.44999999999999996,1.0,2025-08-21 11:21:22,0.09075,3,0
16,42,0.045826833073322935,0.19500472654364423,0.8059911423095272,0.7756451889509636,0.9919578146537671,0.5274362970618305,0.9890950255725315,0.9970847383735622,0.44999999999999996,1.0,2025-08-21 11:21:16,0.10122448979591839,7,1
17,42,0.9827418096723869,0.09784180920183827,0.7854336332894009,0.7451717277544315,0.9848787652567325,0.39974149331021913,0.9475111574420954,0.997728570179205,0.55,0.0,2025-08-21 11:21:15,0.11265328874024527,5,1
18,42,0.31464508580343215,0.09205345298963111,0.8574739420319712,0.828957876904246,0.954684452585597,0.17821403964973104,0.9684171091637619,0.9946383972499373,0.15000000000000002,1.0,2025-08-21 11:21:18,0.09887537993920971,3,0
19,42,0.08239079563182528,0.12731171244796616,0.7887014979943606,0.7480597253859933,0.7935277262845972,0.588677795928346,0.8464385770596475,0.9888272109250127,0.55,1.0,2025-08-21 11:21:23,0.09467391304347826,2,0
20,42,0.0019500780031201249,0.12966277706604906,0.6979834938008367,0.6834782738737438,0.9423803905565233,0.7401139596390631,0.9894207903052415,0.9948480271279521,0.65,1.0,2025-08-21 11:21:18,0.07666666666666666,3,0
1,43,0.013943057722308892,0.0,0.8213188885539134,0.8276923129375164,0.9552382557698408,0.5892674578832734,0.9939489200899111,0.9982946147974083,0.55,1.0,2025-08-21 11:21:37,0.0676,7,1
2,43,0.002047581903276131,0.15816424214466562,0.8448279582348059,0.8672340581822903,0.7841130721659075,0.2669161443748056,0.8791616444603707,0.9798489434346516,0.25,1.0,2025-08-21 11:21:46,0.07833333333333334,3,0
3,43,0.3792901716068643,0.15400351310475657,0.7819908937820461,0.7418590446440265,0.9036623245511012,0.4657190403164867,0.8095335049027592,0.9897426386732406,0.5,1.0,2025-08-21 11:21:39,0.10442666666666665,5,1
4,43,0.31318252730109203,0.16094748460928643,0.7802299709300826,0.7372699495215266,0.8356167682063971,0.5025649253233765,0.6822368635371534,0.9569028218291064,0.5,1.0,2025-08-21 11:22:06,0.10182389937106918,5,1
5,43,0.09087363494539781,0.21864001470004618,0.8267031207178218,0.7893945595464029,0.9432472129332266,0.29328702160288045,0.9977725836400951,0.9985275368840913,0.25,0.9166666666666666,2025-08-21 11:21:36,0.10191489361702127,6,1
6,43,0.4581708268330733,0.09912634969912579,0.796069844774716,0.7585438963153123,0.9882738195628701,0.46364376361292625,0.9980942763136463,0.9984326101468771,0.44999999999999996,1.0,2025-08-21 11:21:37,0.10407488986784141,8,1
7,43,0.39752340093603744,0.14196207029036806,0.7902769609868453,0.7495685955130585,0.936023693152782,0.4430299039871982,0.947523373619572,0.9965773637526649,0.44999999999999996,1.0,2025-08-21 11:21:38,0.10684895833333333,4,0
8,43,0.01501560062402496,0.3391388224631433,0.8625826105472497,0.8613333413918813,0.99294502902412,0.3792436213717385,0.9974101703749552,0.9985099578586814,0.35,1.0,2025-08-21 11:21:36,0.08181818181818182,6,1
9,43,0.16994929797191888,0.10222655113940769,0.7922065001758936,0.7530808206693542,0.9576220173024106,0.46413549584389036,0.9777584128742223,0.9952613539629056,0.4,1.0,2025-08-21 11:21:38,0.1034502923976608,5,1
10,43,0.10676677067082684,0.20005636729891943,0.7831448058699776,0.7532203575271671,0.9716838024746505,0.46721854580610755,0.9977644395217774,0.9998224518433586,0.44999999999999996,1.0,2025-08-21 11:21:36,0.11099009900990098,6,1
11,43,0.0,1.0,0.9698898039714339,0.959999971330166,0.9020009149893998,0.24856855914121878,0.7713050135192364,0.98556630171145,0.5,1.0,2025-08-21 11:21:44,0.053497942386831275,4,0
12,43,0.12909516380655225,0.13763343865794875,0.8314276180691049,0.7896888825143707,0.9327490308447791,0.3019180335155799,0.8645796006124377,0.9970438671394839,0.30000000000000004,1.0,2025-08-21 11:21:38,0.09375000000000001,4,0
13,43,1.0,0.1385564745938103,0.7875942527265389,0.7458159776714682,0.9064554188575953,0.3956395574965551,0.9976911424569176,0.9944410726897095,0.5,1.0,2025-08-21 11:21:40,0.10845991561181435,5,1
14,43,0.2528276131045242,0.1027542450015828,0.786960839690845,0.7410919948534548,0.8626327321823892,0.4745820276036806,0.7889492458546438,0.9778772359970977,0.44999999999999996,1.0,2025-08-21 11:21:44,0.10822314049586777,3,0
15,43,0.06825273010920437,0.06325087688414269,0.8139014198641626,0.7808264633727467,0.7591919289422108,0.4535757545450505,0.8580683780173959,0.9841259203169147,0.44999999999999996,1.0,2025-08-21 11:21:47,0.09075,2,0
16,43,0.045826833073322935,0.19500472654364423,0.7949890017785562,0.7651612659769673,0.994702752189711,0.522361314841979,0.854334299768707,0.9982880226628795,0.44999999999999996,1.0,2025-08-21 11:21:37,0.0992,5,1
17,43,0.9827418096723869,0.09784180920183827,0.7792887460442814,0.7341593499990692,0.9844212756763784,0.4016598046406188,0.9977929439358895,0.9973369973881963,0.55,0.25,2025-08-21 11:21:37,0.11031659388646288,6,1
18,43,0.31464508580343215,0.09205345298963111,0.8442249722073076,0.8132923695643133,0.9475572464000723,0.17894816531093038,0.8043334853568753,0.988832924108271,0.15000000000000002,1.0,2025-08-21 11:21:40,0.09827794561933535,4,0
19,43,0.08239079563182528,0.12731171244796616,0.7985822463085934,0.7516418119544414,0.9765476391167702,0.5889132439880873,0.9899501579958954,0.9997040131596584,0.55,0.9166666666666666,2025-08-21 11:21:36,0.09072916666666667,6,1
20,43,0.0019500780031201249,0.12966277706604906,0.6801813999065003,0.6834782738737438,0.9874069971884094,0.7408098857625461,0.8603487311463661,0.9995965613668395,0.65,1.0,2025-08-21 11:21:36,0.07666666666666666,4,0
1,44,0.013943057722308892,0.0,0.8186643333256611,0.8030769202159002,0.9111988635105501,0.5832159565719874,0.9899501579958954,0.9949121905706987,0.55,1.0,2025-08-21 11:22:25,0.07041666666666667,6,1
2,44,0.002047581903276131,0.15816424214466562,0.8669570061292964,0.8229787442430537,0.9485926175634001,0.26605352935947024,0.9978133042316839,0.9974367583573983,0.19999999999999996,1.0,2025-08-21 11:22:24,0.07833333333333334,6,1
3,44,0.3792901716068643,0.15400351310475657,0.7852859858296573,0.7415934844934843,0.7372324288340575,0.4168604425034449,0.9437485747792944,0.9849941044343531,0.44999999999999996,1.0,2025-08-21 11:22:33,0.10555256064690026,4,0
4,44,0.31318252730109203,0.16094748460928643,0.7812667229375143,0.7433724399557299,0.6066071127684727,0.4730818275770102,0.0,0.890478496676905,0.44999999999999996,1.0,2025-08-21 11:23:24,0.10651315789473685,4,0
5,44,0.09087363494539781,0.21864001470004618,0.820939617506648,0.7850521799699249,0.8513640413256134,0.28849332688802953,0.7720094797537218,0.9957612574980037,0.25,1.0,2025-08-21 11:22:25,0.10413043478260868,5,1
6,44,0.4581708268330733,0.09912634969912579,0.7946095697418295,0.7532613941330633,0.9823505333407527,0.45527320309374575,0.9911106948561749,0.9973754515062808,0.44999999999999996,1.0,2025-08-21 11:22:24,0.10205183585313175,6,1
7,44,0.39752340093603744,0.14196207029036806,0.7899950684400159,0.7437387319560926,0.9368423587275403,0.4318228541583322,0.9980942763136463,0.9974835625125525,0.44999999999999996,1.0,2025-08-21 11:22:24,0.11,7,1
8,44,0.01501560062402496,0.3391388224631433,0.86240000825071,0.8382222316238616,0.989718523518062,0.3754570053784949,0.9962862820471056,0.997504437605227,0.30000000000000004,1.0,2025-08-21 11:22:23,0.08181818181818182,6,1
9,44,0.16994929797191888,0.10222655113940769,0.7960182275286697,0.761311449648904,0.9486648527685599,0.4569928768280216,0.995683617291592,0.9963567469837689,0.4,1.0,2025-08-21 11:22:24,0.10405882352941177,6,1
10,44,0.10676677067082684,0.20005636729891943,0.785104751943539,0.763425516729691,0.8403120560618921,0.45909454593945864,0.8045167280190246,0.9881778856739293,0.44999999999999996,1.0,2025-08-21 11:22:30,0.10778846153846153,4,0
11,44,0.0,1.0,0.9863451053103758,1.0,0.9196985384461069,0.220143241321065,0.992283447893931,0.9921593151914861,0.44999999999999996,1.0,2025-08-21 11:22:28,0.053497942386831275,6,1
12,44,0.12909516380655225,0.13763343865794875,0.8299418463302767,0.7904592797017981,0.7735667332844851,0.25959641841134373,0.6966112323679838,0.978172783361804,0.25,1.0,2025-08-21 11:22:32,0.09574468085106382,3,0
13,44,1.0,0.1385564745938103,0.7909889570033624,0.7527951761376785,0.9204690472323752,0.38771419522603023,0.8289816594455484,0.989621563135729,0.5,1.0,2025-08-21 11:22:25,0.10961620469083157,5,1
14,44,0.2528276131045242,0.1027542450015828,0.8070811818286667,0.7665062996246015,0.847872673424556,0.43054629506156383,0.593645144476659,0.9788933036657981,0.44999999999999996,1.0,2025-08-21 11:22:32,0.10518072289156627,4,0
15,44,0.06825273010920437,0.06325087688414269,0.8354651130177462,0.8152065846550562,0.7434687342172395,0.4340592634573499,0.8726748542202821,0.9797913721264336,0.4,1.0,2025-08-21 11:22:32,0.08853658536585365,3,0
16,44,0.045826833073322935,0.19500472654364423,0.7905274203413455,0.7525806327947686,0.9447159952781785,0.4825303095968352,0.9366957683161221,0.9862971496928724,0.4,1.0,2025-08-21 11:22:32,0.09920000000000001,3,0
17,44,0.9827418096723869,0.09784180920183827,0.7803319980012152,0.7375556560420329,0.963978714710637,0.3969633451126816,0.9973938821383197,0.9973605093346822,0.5,0.04166666666666663,2025-08-21 11:22:24,0.10971769815418023,6,1
18,44,0.31464508580343215,0.09205345298963111,0.8418082990318874,0.8148908755405111,0.6554140280839331,0.13003539360803673,0.08039873603283709,0.9341019469210117,0.09999999999999998,1.0,2025-08-21 11:22:56,0.09652818991097924,3,0
19,44,0.08239079563182528,0.12731171244796616,0.7963610143392559,0.7444776388175453,0.9759216007408215,0.5844056985375827,0.9977155748118709,0.9974481847239148,0.5,0.9166666666666666,2025-08-21 11:22:24,0.08887755102040815,6,1
20,44,0.0019500780031201249,0.12966277706604906,0.6930838399156012,0.638260893282683,0.8963665695587695,0.7046106147486333,0.8511988142163729,0.9870178897346842,0.65,1.0,2025-08-21 11:22:30,0.07666666666666666,2,0
1,45,0.013943057722308892,0.0,0.8329554281810291,0.8338461301235052,0.9465941104419042,0.5759128994977109,0.997906961592338,0.9983515268921733,0.55,1.0,2025-08-21 11:23:34,0.0676,7,1
2,45,0.002047581903276131,0.15816424214466562,0.8748081804279326,0.8672340581822903,0.9811466133818303,0.2610639751966929,0.9989819852102811,0.9998422282469449,0.19999999999999996,1.0,2025-08-21 11:23:32,0.07833333333333334,6,1
3,45,0.3792901716068643,0.15400351310475657,0.811287454103854,0.77240038361013,0.8792468276917635,0.4246725952349203,0.9971129100563573,0.9944661228009188,0.44999999999999996,1.0,2025-08-21 11:23:37,0.10555256064690029,7,1
4,45,0.31318252730109203,0.16094748460928643,0.8087864626980501,0.7709944149419582,0.8834605475457497,0.4369096435080234,0.8546519203830993,0.9789805395793955,0.44999999999999996,1.0,2025-08-21 11:23:48,0.10512987012987013,5,1
5,45,0.09087363494539781,0.21864001470004618,0.8434496670851135,0.8100208470374657,0.5050685030414155,0.24114117993510242,0.731985210281135,0.9818678945029948,0.19999999999999996,1.0,2025-08-21 11:23:44,0.1008421052631579,3,0
6,45,0.4581708268330733,0.09912634969912579,0.8145174862853959,0.7737312218155432,0.976138306329391,0.46999599946659554,0.8317913802651725,0.9919079351281225,0.44999999999999996,1.0,2025-08-21 11:23:35,0.10617977528089888,5,1
7,45,0.39752340093603744,0.14196207029036806,0.808207182368736,0.764270052558586,0.9351809491837787,0.4249781915366494,0.9966609114897221,0.9960236244522486,0.44999999999999996,1.0,2025-08-21 11:23:34,0.10941333333333332,8,1
8,45,0.01501560062402496,0.3391388224631433,0.8694537916854226,0.8497777555134561,0.9693241193408106,0.37052857047606347,0.8559631234322572,0.992661635842578,0.30000000000000004,1.0,2025-08-21 11:23:37,0.08181818181818183,4,0
9,45,0.16994929797191888,0.10222655113940769,0.8129345976540062,0.7765969654568985,0.835279670606238,0.44910710316931146,0.8258258135974199,0.9795404315387053,0.4,1.0,2025-08-21 11:23:46,0.10405882352941177,3,0
10,45,0.10676677067082684,0.20005636729891943,0.8018618431205493,0.769919714584827,0.8189304375142878,0.4221139207449882,0.9812481675733785,0.9882712742464201,0.4,1.0,2025-08-21 11:23:41,0.10778846153846153,3,0
11,45,0.0,1.0,0.9800225561328118,1.0,0.9194577544588074,0.22763173978752727,0.8360385379678796,0.9877893892123674,0.44999999999999996,1.0,2025-08-21 11:23:38,0.053497942386831275,4,0
12,45,0.12909516380655225,0.13763343865794875,0.8495903082331897,0.8135703894698179,0.7509811947824434,0.23804146108370017,0.7093201290028341,0.9830738156461236,0.25,1.0,2025-08-21 11:23:43,0.09507042253521127,3,0
13,45,1.0,0.1385564745938103,0.8096131435820986,0.7704960247434617,0.9227805735463305,0.3754410310263592,0.8860882170896178,0.9954180270268727,0.5,1.0,2025-08-21 11:23:35,0.10857444561774025,5,1
14,45,0.2528276131045242,0.1027542450015828,0.8237822285494434,0.7931118437545178,0.8480171438259055,0.39740020891674455,0.90903834250904,0.9836576590275546,0.4,1.0,2025-08-21 11:23:42,0.10822314049586777,4,0
15,45,0.06825273010920437,0.06325087688414269,0.8489526289767698,0.82809914563313,0.9375647107163486,0.4308713384006756,0.9978010880542072,0.9972249311012072,0.4,1.0,2025-08-21 11:23:34,0.08962962962962961,6,1
16,45,0.045826833073322935,0.19500472654364423,0.8244101075724034,0.7945161387242617,0.9912354626828986,0.4805932457661022,0.9977074306935532,0.9971761493056944,0.4,0.9583333333333334,2025-08-21 11:23:34,0.10122448979591837,8,1
17,45,0.9827418096723869,0.09784180920183827,0.8004598462726726,0.7617417141225066,0.9235992391300586,0.3914070487176069,0.9519985666351761,0.9961732659060515,0.5,0.375,2025-08-21 11:23:34,0.10842274678111588,6,1
18,45,0.31464508580343215,0.09205345298963111,0.8613799085906869,0.837270207162604,0.8726493462693279,0.08839025758990082,0.7736953122454964,0.9827255312051872,0.09999999999999998,1.0,2025-08-21 11:23:42,0.09857575757575758,3,0
19,45,0.08239079563182528,0.12731171244796616,0.8153146457269687,0.7707462736528311,0.9424044689552533,0.5762935058007734,0.9975119718539271,0.9972737128967202,0.5,0.9166666666666666,2025-08-21 11:23:34,0.09365591397849463,5,1
20,45,0.0019500780031201249,0.12966277706604906,0.7471060270303821,0.751304344760335,0.9781849702685292,0.703143057963284,0.9897139785646806,0.9984972130652591,0.6,1.0,2025-08-21 11:23:33,0.07666666666666667,5,1
1,46,0.013943057722308892,0.0,0.8390103826883001,0.8092307993907195,0.9769569719176042,0.5696884584611283,0.993525425937388,0.9973668817313933,0.55,1.0,2025-08-21 11:24:01,0.06760000000000001,7,1
2,46,0.002047581903276131,0.15816424214466562,0.8726793161620464,0.845106401212672,0.972430232848734,0.254699932213184,0.9981024204319641,0.9975200389902784,0.19999999999999996,1.0,2025-08-21 11:24:01,0.07833333333333334,6,1
3,46,0.3792901716068643,0.15400351310475657,0.8150162718840332,0.7771807762640428,0.9144494473973983,0.4255421556207495,0.9853650193830016,0.9938313002457987,0.44999999999999996,1.0,2025-08-21 11:24:04,0.10641304347826086,6,1
4,46,0.31318252730109203,0.16094748460928643,0.8213614098953933,0.784805464423903,0.9610652283880684,0.43691103258212205,0.9154436915659511,0.9918892574136243,0.4,1.0,2025-08-21 11:24:04,0.10547231270358307,5,1
5,46,0.09087363494539781,0.21864001470004618,0.8616715007525628,0.8328183553111826,0.5895836844851743,0.20176301284615727,0.7638857217317654,0.9810796949511721,0.19999999999999996,1.0,2025-08-21 11:24:10,0.09979166666666668,3,0
6,46,0.4581708268330733,0.09912634969912579,0.8182040242082872,0.7732909771402046,0.9044569117136746,0.4284717128950526,0.8406236765807733,0.9785230454430991,0.44999999999999996,1.0,2025-08-21 11:24:13,0.10546875,4,0
7,46,0.39752340093603744,0.14196207029036806,0.8134807544016468,0.7726346394011895,0.9335917748317222,0.4167055607414323,0.997809232172525,0.9950427148343682,0.44999999999999996,1.0,2025-08-21 11:24:03,0.10970588235294118,6,1
8,46,0.01501560062402496,0.3391388224631433,0.8637448639016475,0.8497777555134561,0.9455105824631767,0.32855908565586533,0.6890046258592044,0.9871035874835581,0.30000000000000004,1.0,2025-08-21 11:24:08,0.08181818181818183,4,0
9,46,0.16994929797191888,0.10222655113940769,0.8209531204977191,0.7765969654568985,0.9434639185352509,0.44114284682402105,0.8780499723099977,0.987812461683218,0.4,1.0,2025-08-21 11:24:04,0.10592814371257483,3,0
10,46,0.10676677067082684,0.20005636729891943,0.8220316693940546,0.7940410563260929,0.9756567383503071,0.4220264090767658,0.9992588852330847,0.9988775792275688,0.4,0.875,2025-08-21 11:24:01,0.10676190476190475,6,1
11,46,0.0,1.0,0.9814910441436876,1.0,0.9353254195671885,0.2014963106191937,0.8238467928462064,0.9881873344000872,0.44999999999999996,1.0,2025-08-21 11:24:05,0.053497942386831275,4,0
12,46,0.12909516380655225,0.13763343865794875,0.8580084974765531,0.8220444485873646,0.7635501191885766,0.20779853980530738,0.7645779717887742,0.9860532407153081,0.19999999999999996,1.0,2025-08-21 11:24:11,0.09310344827586209,3,0
13,46,1.0,0.1385564745938103,0.8153045033909034,0.7754522177211228,0.9092003563666294,0.367060052451438,0.8370443365801219,0.9899823726322701,0.5,1.0,2025-08-21 11:24:04,0.10688149688149688,4,0
14,46,0.2528276131045242,0.1027542450015828,0.833934083116595,0.8022451540861206,0.9786424598556107,0.39961647664133004,0.9694880607225462,0.9966397692928706,0.4,1.0,2025-08-21 11:24:01,0.10822314049586777,6,1
15,46,0.06825273010920437,0.06325087688414269,0.8490970767709689,0.82809914563313,0.9479425007887214,0.4232599068764724,0.998823174903085,0.9978281114105894,0.4,1.0,2025-08-21 11:24:02,0.09075,6,1
16,46,0.045826833073322935,0.19500472654364423,0.8281846866069723,0.8070967719064605,0.9966771808945372,0.4745646641774458,0.9975364042088803,0.9991340132607378,0.4,0.9583333333333334,2025-08-21 11:24:01,0.10122448979591839,8,1
17,46,0.9827418096723869,0.09784180920183827,0.8065215824610031,0.7635942503267441,0.9220100647690321,0.3859222896386185,0.9892864123529986,0.9951692838173205,0.5,0.04166666666666663,2025-08-21 11:24:03,0.11055798687089714,5,1
18,46,0.31464508580343215,0.09205345298963111,0.8729492049321637,0.8522963617031222,0.8601767354581145,0.07469815419833747,0.7515433104212138,0.9805912177825905,0.050000000000000044,1.0,2025-08-21 11:24:12,0.09710447761194031,3,0
19,46,0.08239079563182528,0.12731171244796616,0.8187950768919626,0.7814925333581754,0.9876718595811663,0.568966834466818,0.9971088379971984,0.9987813340634488,0.5,0.9166666666666666,2025-08-21 11:24:01,0.09072916666666664,5,1
20,46,0.0019500780031201249,0.12966277706604906,0.7475267126165805,0.7739130350558654,0.9920782066474169,0.6991036304840645,0.9992588852330847,0.9990938012401124,0.6,1.0,2025-08-21 11:24:00,0.07666666666666666,5,1
1,47,0.013943057722308892,0.0,0.8394169213255822,0.8400000092983246,0.9625821675573899,0.563284132328755,0.8757940515359807,0.9917936714629573,0.5,1.0,2025-08-21 11:24:31,0.0676,5,1
2,47,0.002047581903276131,0.15816424214466562,0.8753398984332581,0.8672340581822903,0.9574534684978461,0.24952910388051752,0.9616819233149819,0.9958924409751261,0.19999999999999996,1.0,2025-08-21 11:24:32,0.07833333333333332,6,1
3,47,0.3792901716068643,0.15400351310475657,0.8149342075061085,0.7753217312325861,0.9164479545682287,0.42074498822065176,0.9969296673942079,0.9947082738759422,0.44999999999999996,1.0,2025-08-21 11:24:34,0.10442666666666664,7,1
4,47,0.31318252730109203,0.16094748460928643,0.819425853725227,0.7809511849000322,0.981315162177425,0.4268312163844068,0.9980942763136463,0.9948825259653192,0.4,1.0,2025-08-21 11:24:33,0.10411575562700964,7,1
5,47,0.09087363494539781,0.21864001470004618,0.8687346014523514,0.8447599456381201,0.5622306229179928,0.1680390718762501,0.8214483500016289,0.9809885037568574,0.15000000000000002,1.0,2025-08-21 11:24:41,0.09676767676767678,3,0
6,47,0.4581708268330733,0.09912634969912579,0.8286524817342993,0.7944211718356925,0.9541065710026232,0.42423850957905496,0.7745504446688601,0.9838993706269428,0.4,1.0,2025-08-21 11:24:38,0.10453539823008848,6,1
7,47,0.39752340093603744,0.14196207029036806,0.8110448832329602,0.7706068607726796,0.8152945992208507,0.41703060408054404,0.8382211616770369,0.9837013868532621,0.44999999999999996,1.0,2025-08-21 11:24:40,0.10912234042553191,5,1
8,47,0.01501560062402496,0.3391388224631433,0.8840127931281648,0.8786666582206885,0.933712166825372,0.2895518013512913,0.8551772160145943,0.9858537187769042,0.25,1.0,2025-08-21 11:24:40,0.07826086956521738,3,0
9,47,0.16994929797191888,0.10222655113940769,0.8176712899569869,0.7760090633869307,0.9568515085161424,0.4336057307641019,0.982278398540574,0.9961117393171164,0.4,1.0,2025-08-21 11:24:32,0.1034502923976608,6,1
10,47,0.10676677067082684,0.20005636729891943,0.815332877783467,0.7856913468028476,0.9208783800062995,0.4157325143352447,0.9978010880542072,0.9931345116261082,0.4,1.0,2025-08-21 11:24:34,0.10575471698113209,4,0
11,47,0.0,1.0,0.9834730231343114,1.0,0.9306782885181234,0.1763568475796773,0.6818785223311724,0.9833390391919977,0.4,1.0,2025-08-21 11:24:36,0.053497942386831275,3,0
12,47,0.12909516380655225,0.13763343865794875,0.8655308809858995,0.8351407668518137,0.7850762081375304,0.1680439336355959,0.8633457666872985,0.9861725583502787,0.15000000000000002,1.0,2025-08-21 11:24:40,0.09310344827586206,3,0
13,47,1.0,0.1385564745938103,0.8138858642574593,0.7735304399930394,0.8131516216845502,0.3589388307329867,0.8244983223116266,0.9837642318691031,0.5,1.0,2025-08-21 11:24:39,0.10777777777777779,4,0
14,47,0.2528276131045242,0.1027542450015828,0.8272390345109838,0.7907293030481477,0.6448917676012407,0.3928412677245856,0.11141968270515035,0.9367765956371495,0.4,1.0,2025-08-21 11:25:00,0.10912499999999997,4,0
15,47,0.06825273010920437,0.06325087688414269,0.8423669324627828,0.8066115853288942,0.9501095567192669,0.41637357203182657,0.9904632374499137,0.9980098345857656,0.4,1.0,2025-08-21 11:24:32,0.08962962962962961,6,1
16,47,0.045826833073322935,0.19500472654364423,0.8240444803819877,0.7882258221331624,0.9970624353100961,0.4654363637373873,0.9985910675310291,0.9994023131360585,0.4,0.9583333333333334,2025-08-21 11:24:31,0.10122448979591839,6,1
17,47,0.9827418096723869,0.09784180920183827,0.8063386179381753,0.7651380201654703,0.9763068551294707,0.37678148753167096,0.9980820601361696,0.9966777839353197,0.5,1.0,2025-08-21 11:24:32,0.10971769815418023,6,1
18,47,0.31464508580343215,0.09205345298963111,0.8777999482066717,0.8602889535729422,0.8821843923906373,0.04405587411654899,0.7726569371599831,0.9804558592869332,0.0,1.0,2025-08-21 11:24:40,0.09739520958083832,3,0
19,47,0.08239079563182528,0.12731171244796616,0.8168458567412639,0.7755223890774285,0.9490019503597491,0.560022586344846,0.9914364595888849,0.9963204902438606,0.5,1.0,2025-08-21 11:24:32,0.09168421052631577,5,1
20,47,0.0019500780031201249,0.12966277706604906,0.7448187290108418,0.6834782738737438,0.9930172642180674,0.6930729652842602,0.9966527673714044,0.9993297996562421,0.6,1.0,2025-08-21 11:24:31,0.07666666666666667,5,1
1,48,0.013943057722308892,0.0,0.8451014793296449,0.8338461301235052,0.959837230021446,0.5694030037338311,0.8795159136071928,0.9966454824761288,0.5,1.0,2025-08-21 11:25:07,0.0676,6,1
2,48,0.002047581903276131,0.15816424214466562,0.8639416433326277,0.845106401212672,0.9695408249338652,0.24469373694270347,0.9985992116493468,0.998506661791417,0.19999999999999996,1.0,2025-08-21 11:25:07,0.07833333333333334,6,1
3,48,0.3792901716068643,0.15400351310475657,0.814272721933091,0.7747906109315017,0.9445715248588891,0.41540191469973775,0.9287063882464084,0.99479638874081,0.4,0.625,2025-08-21 11:25:08,0.10583783783783782,4,0
4,48,0.31318252730109203,0.16094748460928643,0.8164091527036608,0.7796664663846291,0.9726469384417885,0.4282821042805707,0.7092468319379743,0.9928303944865144,0.4,1.0,2025-08-21 11:25:10,0.10581699346405231,5,1
5,48,0.09087363494539781,0.21864001470004618,0.8774996927994068,0.8512734840084217,0.7852206785299102,0.16342317864604172,0.8677476626380428,0.9912414703272643,0.15000000000000002,1.0,2025-08-21 11:25:11,0.09676767676767677,3,0
6,48,0.4581708268330733,0.09912634969912579,0.8238332622086924,0.7880381199539276,0.9747899159780888,0.4205664921989598,0.9893800697136528,0.9961071248229463,0.4,1.0,2025-08-21 11:25:10,0.10453539823008848,7,1
7,48,0.39752340093603744,0.14196207029036806,0.8103627708852068,0.7723811670726257,0.9403337266196278,0.41629439480819674,0.9980942763136463,0.9961794185649451,0.44999999999999996,1.0,2025-08-21 11:25:09,0.1094133333333333,6,1
8,48,0.01501560062402496,0.3391388224631433,0.8957733248260464,0.8728888652814759,0.9891647203338182,0.30628875516735576,0.8564029058214158,0.9967913883870321,0.25,1.0,2025-08-21 11:25:08,0.07826086956521738,5,1
9,48,0.16994929797191888,0.10222655113940769,0.8175935722945187,0.7765969654568985,0.9621487563533411,0.42486428746055027,0.9852469296673942,0.9979667659735111,0.4,1.0,2025-08-21 11:25:08,0.10529761904761906,6,1
10,48,0.10676677067082684,0.20005636729891943,0.8110909262189072,0.7727029510925754,0.9139919578260142,0.4093768057963284,0.992283447893931,0.9945860996493424,0.4,1.0,2025-08-21 11:25:11,0.10676190476190475,4,0
11,48,0.0,1.0,0.9858614904530105,1.0,0.9296669957445556,0.14802390318709158,0.88847037169756,0.9917549976070552,0.4,1.0,2025-08-21 11:25:12,0.053497942386831275,3,0
12,48,0.12909516380655225,0.13763343865794875,0.874903013282511,0.85131848789948,0.9594278972475218,0.1698879295017114,0.8654306609766427,0.9972277876928364,0.15000000000000002,1.0,2025-08-21 11:25:07,0.09246575342465756,5,1
13,48,1.0,0.1385564745938103,0.8121236333661224,0.7699902578741167,0.9441862705061195,0.35963475685646984,0.9992588852330847,0.9985956556075553,0.44999999999999996,1.0,2025-08-21 11:25:08,0.10524053224155577,6,1
14,48,0.2528276131045242,0.1027542450015828,0.8204189373412666,0.788346700352947,0.8645108473281752,0.3491479419478153,0.9442290777600417,0.9870976545624822,0.35,1.0,2025-08-21 11:25:15,0.10958158995815898,4,0
15,48,0.06825273010920437,0.06325087688414269,0.8380018440839706,0.7994490239015952,0.9552382557877807,0.40847043494688184,0.9977807277584129,0.9985156710419396,0.4,0.9583333333333334,2025-08-21 11:25:07,0.09189873417721518,5,1
16,48,0.045826833073322935,0.19500472654364423,0.8153952209523759,0.7798387333450298,1.0,0.45829860648086407,0.997516043913086,0.9984978722787119,0.4,1.0,2025-08-21 11:25:07,0.10122448979591837,6,1
17,48,0.9827418096723869,0.09784180920183827,0.8040502131160882,0.7615358492158888,0.9446919168839335,0.363290799884429,0.9913102257549598,0.997331284204938,0.5,1.0,2025-08-21 11:25:08,0.10995647442872687,5,1
18,48,0.31464508580343215,0.09205345298963111,0.8867936948980553,0.8676421926433476,0.8935253184391181,0.04358081077476994,0.7557212431182201,0.9824178982605115,0.0,1.0,2025-08-21 11:25:17,0.09710447761194028,3,0
19,48,0.08239079563182528,0.12731171244796616,0.812177665454089,0.7707462736528311,0.9550456285710313,0.5666081866471084,0.9977970159950483,0.9974980652085158,0.5,0.9166666666666666,2025-08-21 11:25:08,0.0926595744680851,4,0
20,48,0.0019500780031201249,0.12966277706604906,0.7433878546783349,0.6834782738737438,0.979629674223721,0.697038771836245,0.8874808613219533,0.9936957220123238,0.6,1.0,2025-08-21 11:25:07,0.07666666666666667,3,0
1,49,0.013943057722308892,0.0,0.8339671664509031,0.8215384337626971,0.8036647323876105,0.533853819398142,0.8622666710101965,0.9839356273668509,0.5,1.0,2025-08-21 11:25:40,0.0676,4,0
2,49,0.002047581903276131,0.15816424214466562,0.8684150776189307,0.845106401212672,0.9676867881868092,0.23844915433168867,0.9977196468710298,0.998527756621909,0.19999999999999996,1.0,2025-08-21 11:25:32,0.07833333333333332,6,1
3,49,0.3792901716068643,0.15400351310475657,0.810848496213792,0.7673544308056749,0.9295947605887304,0.4083683380006222,0.9973531615467309,0.9973717159633811,0.4,1.0,2025-08-21 11:25:33,0.10414893617021276,6,1
4,49,0.31318252730109203,0.16094748460928643,0.8107074291982813,0.775812248849589,0.8878428162177552,0.3997116282170957,0.6229395380656091,0.9809759787012529,0.4,1.0,2025-08-21 11:25:43,0.10721854304635761,3,0
5,49,0.09087363494539781,0.21864001470004618,0.8596077667856353,0.8339039657025098,0.6140473381330018,0.15010612526114597,0.7670293514024171,0.985630245416379,0.09999999999999998,1.0,2025-08-21 11:25:40,0.09979166666666664,4,0
6,49,0.4581708268330733,0.09912634969912579,0.8175056519249372,0.7750518318638978,0.9865883316158937,0.40833430568520246,0.9263160895201485,0.9936144190198023,0.4,1.0,2025-08-21 11:25:32,0.10570469798657717,5,1
7,49,0.39752340093603744,0.14196207029036806,0.8048796509446623,0.7670582481727872,0.9303411909269341,0.40931915922122963,0.997613773332899,0.9962253437688288,0.4,1.0,2025-08-21 11:25:34,0.11000000000000001,6,1
8,49,0.01501560062402496,0.3391388224631433,0.8797978173602231,0.8671111343310939,0.931858130073831,0.2652666188825177,0.6213432908753298,0.9861855228815187,0.19999999999999996,1.0,2025-08-21 11:25:40,0.08181818181818182,3,0
9,49,0.16994929797191888,0.10222655113940769,0.8129286611676189,0.771305846827188,0.9669885146101856,0.4390578466017693,0.9992670293514024,0.9985815923872272,0.35,0.8333333333333333,2025-08-21 11:25:32,0.10529761904761906,6,1
10,49,0.10676677067082684,0.20005636729891943,0.8126549992070011,0.7801248737873507,0.9653030266632092,0.40293011290394276,0.9977033586343942,0.9984721629540497,0.4,1.0,2025-08-21 11:25:32,0.10575471698113209,6,1
11,49,0.0,1.0,0.9966149903073025,1.0,0.8900098721617554,0.11791780570742771,0.8322311626543311,0.9842527090376846,0.4,1.0,2025-08-21 11:25:41,0.053497942386831275,3,0
12,49,0.12909516380655225,0.13763343865794875,0.8651762715117451,0.8397629640098855,0.8033276347784813,0.12404362248299772,0.855612926344594,0.9903860310032482,0.15000000000000002,1.0,2025-08-21 11:25:39,0.09310344827586206,3,0
13,49,1.0,0.1385564745938103,0.8092058804922404,0.7698891540913122,0.957525703689551,0.36154334466817806,0.816635176075838,0.9940123642075221,0.44999999999999996,0.0,2025-08-21 11:25:32,0.10751847940865894,5,1
14,49,0.2528276131045242,0.1027542450015828,0.8533280709903154,0.8221000525684655,0.9110303147149554,0.34318742498999866,0.8006727041730463,0.9868961549837196,0.35,1.0,2025-08-21 11:25:38,0.10392857142857144,4,0
15,49,0.06825273010920437,0.06325087688414269,0.8284814908026595,0.7951515242385142,0.9576220173024106,0.4004422811930479,0.9973979541974786,0.9986510295375969,0.35,1.0,2025-08-21 11:25:32,0.09189873417721518,6,1
16,49,0.045826833073322935,0.19500472654364423,0.8171012665217007,0.7861290499361292,0.9994461968067863,0.4628075410054675,0.9945312245496303,0.9983923981262517,0.4,1.0,2025-08-21 11:25:32,0.0992,6,1
17,49,0.9827418096723869,0.09784180920183827,0.7979929242616275,0.7570074411586037,0.9811706917715903,0.3546250611192603,0.9980820601361696,0.9985708252341636,0.5,1.0,2025-08-21 11:25:32,0.10819057815845826,6,1
18,49,0.31464508580343215,0.09205345298963111,0.8740673471741507,0.8478204581854052,0.869735859964699,0.0,0.7659787601394273,0.982881764793519,0.0,1.0,2025-08-21 11:25:42,0.09681547619047617,3,0
19,49,0.08239079563182528,0.12731171244796616,0.8119749394748801,0.7719403025089805,0.9606799740083891,0.5618554696181713,0.9956347525816855,0.9984574405202689,0.5,0.9166666666666666,2025-08-21 11:25:31,0.09072916666666664,5,1
20,49,0.0019500780031201249,0.12966277706604906,0.7266092110371859,0.7060869641692742,0.9863475476218667,0.693329249455483,0.9965387497149558,0.9984756787591318,0.6,1.0,2025-08-21 11:25:31,0.07666666666666667,5,1
1,50,0.013943057722308892,0.0,0.8547321204538243,0.8646154020199409,0.9775589318993079,0.5311131762012713,0.9981757174968238,0.9997982806834198,0.5,1.0,2025-08-21 11:25:49,0.0676,7,1
2,50,0.002047581903276131,0.15816424214466562,0.8784298697834226,0.8672340581822903,0.9800390070178276,0.2324698848735388,0.990813434537577,0.9919384786847725,0.19999999999999996,1.0,2025-08-21 11:25:49,0.07833333333333332,6,1
3,50,0.3792901716068643,0.15400351310475657,0.8213184659565773,0.7816956087674135,0.9692037273561308,0.4025474229897319,0.9943072612958921,0.9996176561973316,0.4,1.0,2025-08-21 11:25:50,0.10758241758241759,7,1
4,50,0.31318252730109203,0.16094748460928643,0.8302646905713378,0.7957257267769065,0.8995208398574253,0.3542618182424324,0.807615565038929,0.9724165314912858,0.35,1.0,2025-08-21 11:26:03,0.10478964401294495,4,0
5,50,0.09087363494539781,0.21864001470004618,0.8809603524461782,0.849102325214598,0.9207820664203497,0.14771275058896738,0.9975282600905626,0.9987479339151698,0.09999999999999998,1.0,2025-08-21 11:25:50,0.0958,5,1
6,50,0.4581708268330733,0.09912634969912579,0.8267196623849759,0.7878179976162583,0.9846139028707029,0.4001311285949237,0.9795745512590807,0.9894270951671303,0.4,1.0,2025-08-21 11:25:51,0.10249457700650759,4,0
7,50,0.39752340093603744,0.14196207029036806,0.8152606538863674,0.7741554733725718,0.9691314921464861,0.40533251655776326,0.8877292569306448,0.9904833748564563,0.4,0.5833333333333333,2025-08-21 11:25:50,0.11089189189189189,4,0
8,50,0.01501560062402496,0.3391388224631433,0.9003759531550852,0.8902222440991137,0.9315932676878015,0.23110998133084415,0.8850539140632635,0.9875714092972828,0.19999999999999996,1.0,2025-08-21 11:25:58,0.07826086956521738,3,0
9,50,0.16994929797191888,0.10222655113940769,0.8188390471385947,0.7765969654568985,0.9678553369824038,0.4365491787793928,0.9867495194970193,0.9897173688242137,0.35,1.0,2025-08-21 11:25:51,0.10467455621301777,4,0
10,50,0.10676677067082684,0.20005636729891943,0.817333835922308,0.7894023081502353,0.9606799739994192,0.39507350980130684,0.9837036192461804,0.9895615747115172,0.4,1.0,2025-08-21 11:25:51,0.10778846153846156,3,0
11,50,0.0,1.0,1.0,1.0,0.972887722429088,0.11893599702182522,0.9457927484770499,0.9897898823040301,0.4,1.0,2025-08-21 11:25:51,0.053497942386831275,4,0
12,50,0.12909516380655225,0.13763343865794875,0.8770415067305544,0.8451555583553844,0.9587055452587134,0.1203056240832111,0.9870589959930938,0.9907200324860389,0.09999999999999998,1.0,2025-08-21 11:25:50,0.09121621621621623,5,1
13,50,1.0,0.1385564745938103,0.8176112408879022,0.7771717258947667,0.9552623341640858,0.35467298417566795,0.9875598592696355,0.9898089994941636,0.44999999999999996,1.0,2025-08-21 11:25:50,0.10567317574511818,5,1
14,50,0.2528276131045242,0.1027542450015828,0.8543969605189696,0.8209087512208652,0.9631841275211539,0.3380902175845668,0.9827303971072092,0.9969331192794005,0.35,1.0,2025-08-21 11:25:51,0.10603238866396758,5,1
15,50,0.06825273010920437,0.06325087688414269,0.8398152293766525,0.8094765851042816,0.9690111001304115,0.39322673578699385,0.9986887969508421,0.9998277255509815,0.35,0.9583333333333334,2025-08-21 11:25:50,0.09075,5,1
16,50,0.045826833073322935,0.19500472654364423,0.8255908244056502,0.7966129109212948,0.9977366304745348,0.45694217562341655,0.8525914584487083,0.9856649639915638,0.4,1.0,2025-08-21 11:25:53,0.09920000000000001,5,1
17,50,0.9827418096723869,0.09784180920183827,0.8087253269501011,0.7689460560216695,0.9857696660411354,0.34659551829132773,0.9864237547643092,0.9907356338710903,0.5,1.0,2025-08-21 11:25:50,0.10877287405812704,5,1
18,50,0.31464508580343215,0.09205345298963111,0.889229747179886,0.8695603750192529,0.9791962630398545,0.0007195403831622427,0.9763291201094569,0.9906259847000952,0.0,1.0,2025-08-21 11:25:50,0.09624260355029586,5,1
19,50,0.08239079563182528,0.12731171244796616,0.8142659201283489,0.7743283602212792,0.9878885651742209,0.5577646463972974,0.9874947063230934,0.99062554522446,0.5,0.9166666666666666,2025-08-21 11:25:50,0.08979381443298969,4,0
20,50,0.0019500780031201249,0.12966277706604906,0.7411678100062749,0.6834782738737438,0.9912354626716863,0.6883855347379652,0.9883864872788872,0.9916895157374027,0.6,1.0,2025-08-21 11:25:49,0.07666666666666666,5,1
